text,candidate
"यो हत्यारा <br>एसको कहिले पाप निस्किने हो !!!<br>यो उखान टुक्के<br> देश लुटेर, खोक्रो बनायो, देश तईले बनाउँछस?? <br>यतिका वर्ष के गर्दै बसिस त??<br>यो oli को हत्या गरेको पाप एसलाई मात्र होइन यसका झोले लाई पनि 7 पुस्ता सम्म लागोस्!!",KP Oli
लुट्ने ठग्ने  मार्ने उद्देश्य किन चाहियो एमाले का झोले हरु संग छ त,KP Oli
आफु गतिलो भएको भए  अरु लाई जब पायो त्यही भनी दैन के पि बा,KP Oli
Sala gali garne sabda pani chaina talai.tero ghamanda ra ahankar le yamale ko patta saf garayo,KP Oli
"Yo manxe le 40 barsha dekhi rajniti garo euta nagar ko mayaer le purai desh nai banai deenu parne 40 barsha ma ba le chai purai kayapalat gare jasto furti lagauxa prashna naya lai sodhna pani laaz hunu parne janta jhukyaune,bharstha manav taskar bhanda aru khasai garya xainau.",KP Oli
kepi bajeko gaf kehi chalden 😊,KP Oli
उखानले देश चल्ला र?,KP Oli
ए एमाले मुझी  बतासे  अन्डा त त होस  आफैले  आफुलाई   किन  प्रश्न गर्दैछस,KP Oli
Budo jindagi nasudrine vo,KP Oli
हेर्दै जा वलि तेराेहाल भाेलि,KP Oli
"बतासे,हावा,झुटो,गफाडी, उखान- टुक्के, खाली आलोचना गर्ने बानी ले भरिएको बुढो गिधी 👈",KP Oli
Himali bhegma manxe nahunu chai terai Karan le manxe bidesh lagnu pareko!,KP Oli
त जस्तो अपुताली ले देश चलाएकाे भएर देश  खाली भएकाे पहाडी भेगमा मानिस नभएको हाे ।,KP Oli
हो कुरा त शहिछ,KP Oli
हो हइ,KP Oli
Yesle ta yamaraj lai ni thagxa marepaxi kasto fataha ho yo aputali thukka ali kati laaj ghin saram kei xaina,KP Oli
Bolyo Ki Polyo Oli Ba. Ab ki bar Balen Sarkar.,KP Oli
😂😂😂😂😂,KP Oli
पहिला 46 सालमा तिमिपनी बताले अन्डा थियौ होला। तेइ भयर देश धोस्त बनायौ बिगारेउ। तर बालेन तिमी जस्तो बतासे होइन। उ लाई मौका दिने हो भने देश लाई केही बनाउछ। तिमी जस्तो 8 class faill होइन बालेन। उ एउटा इन्जिनियर हो। यो कुरा  याद गर्नु सुद्दो 8 फेल र इन्जिनियर मा कस्को दिमाग हुन्छ भनेर। बखम फुसे कुरा  गरेछ बसेछ झापा जानू सुद्दो भोत माग्न।,KP Oli
थुक्क अपुत्राे,KP Oli
Balen ❤❤,KP Oli
ए माले पाटिले अब कमेडी शो चलायो भने चल्छ अब,KP Oli
Yeha 👏 👏 garne haru lai k vannu?,KP Oli
Ye dargaya.😅😅,KP Oli
Giri bandu Chor fatale k bhanchaa,KP Oli
"झापा 5 मा बालेन मात्रै त होइन होला नि, अरुको केही कुरै छैन,",KP Oli
j bolxas ni aba 1 mahina ho tespaxi gunddu ma bas..,KP Oli
Yetii bhanera jhan harne vayau buda,KP Oli
Aru ko khedo khanne matra tero kam xaen.,KP Oli
Yes kp oli,KP Oli
Aaputo kp,KP Oli
NARAN GOPAL KO GEET KO SABDA <br>KO SAHI THOU MA LAGAU,KP Oli
यो अहंकार ले अब देश नै छाडि भाग्ने दिन आउन सक्छ केपि लाई।,KP Oli
Dekho Choor Ka Sardar kya bol Raha hai😅😅😅😅😅,KP Oli
tero adhin hune adalat sadhai muji hatyara,KP Oli
Yeslai jel na kochera thulo galti vayo sarkarko,KP Oli
Amle aspali 10/15 site hola dherai vaya topani kini,KP Oli
Herata jhole harule tali bajako gu khane harule,KP Oli
तिमीहरुको संगठन त छ तर लुट्न !,KP Oli
Abako antim bikalpa vnekai sram saskriti party mato  ho jay harka sampang jat desh🇳🇵🇳🇵🇳🇵🇳🇵🇳🇵🇳🇵🇳🇵,KP Oli
यो फर्किए आउने हो कि होइन के थाहा छैन भन्ने शब्द कुन प्रकारको बनेको यसले यसलाई चाहिँ कारबाही हुनुपर्छ यो शब्दले गर्दा,KP Oli
"उही पुरानो कम्युनिस्ट विचारधारामा आधारित षड्यन्त्र सिद्धान्तहरू मात्रै फैलाइँदै छन्। तपाईं हाम्रो युवाहरूको हत्याका जिम्मेवार हुनुहुन्छ, र निर्वाचनपछि जनताले तपाईंलाई तपाईंको वास्तविक स्थान देखाउनेछन्।<br>तपाईंको भाषण हेर्नुहोस्—तेस्रो दर्जाको स्तरको छ। तपाईंलाई ताली बजाउने र समर्थन गर्ने मानिसहरू तपाईंका षड्यन्त्र सिद्धान्तहरूले अन्धा बनाइएका छन्।",KP Oli
yo aputuo ho,KP Oli
त्यस्सैले हेलिकप्टर चढेर भाग्नु परेकाे छ। अझै ठुलाे कुरा गर्छ ।,KP Oli
"यो अपराधीलाई भोट हाल्नेहरुको नर्कमा बास हुन्छ। अरु त परै जाओस्, एमालेकै सज्जनहरुले पनि यस्ता चोरलाई भोट दिनुहुन्न।",KP Oli
यो देशको लागि अब मात्र हर्क साम्पाङ चाहिएको छ अरु सबै झुसे घुसे हो। जय माटो जय देश❤,KP Oli
😂,KP Oli
अब हत्याराको अन्तिम भुकाईजस्तो छ गयो हत्यारा गयो चित्रगुप्तलाई भेट्न,KP Oli
Tw gadha kin lagdaina yamraj le xito laija ylll kati boleko yo gadha,KP Oli
Machikney  dar le gu niskiyo oli ko,KP Oli
तेरो वाऊ,KP Oli
जेन्जी हरुले नछोडेको भय हुनेथियो भदोै  चोैबिसमा गल्ती गरेछन किन बक बक गरेको होला,KP Oli
herdai garula Fata chor,KP Oli
Vote halne manchae chaina bhamera chunab nagarau... Oli lai pm forever....,KP Oli
Vrast gran janya xain. Jay bale .jay ghanti.,KP Oli
"<a href=""http://www.youtube.com/results?search_query=%23ripkpoli"">#ripkpoli</a>",KP Oli
बतासे अन्डा त केपि ओलिको हो,KP Oli
Tero din gaisakyo,KP Oli
हर्क साम्पाङ जस्तो मान्छे चाहिन्छ यो देश लाई 👍💪🙏💯🙏,KP Oli
जय माटो जय देश जय हर्क साम्पाङ जिन्दाबाद 💯🙏👍💯🙏👍💪🙏,KP Oli
"राबणकाे दम्भ मान्छे काटेर आउने चाहिँ अर्जीनल अन्डा,बालेन बतासे,दुर्याेधनकाे दम्भले दुर्याेधन सकियाे,रावणकाे दम्भले रावण सकियाे,केपि आफ्नै दम्भले सकिने भयाे।",KP Oli
आफै बतासे भएको थाहा छैन😂😂😂😂,KP Oli
budo vayrw ni dimaakh kohile aahunxa hola yo budo ko,KP Oli
Kp oli lai bharast chari garnu matrai jane xa,KP Oli
Ta ho batase tehi vayara xora xori na vayako mula k p batase anda,KP Oli
हेर  ताली  dhokeka,KP Oli
KO Chor अण्डाको कुरा नगर तँ सुद्रे   बालेन  must pm,KP Oli
Ukhane Bahadur paagal hattyara Khate,KP Oli
Thukk kukur laj pacheko,KP Oli
फेरि हेलिकप्टरबाट बाट भागने छुट छैन  मुजि,KP Oli
Terima Baula?,KP Oli
No vision and no plan for development.  Just talking bad for others. <br>What he is going to achieve.,KP Oli
Pataha Oli hitalar ho,KP Oli
Kp ko pachadi basya chor jasto dekhine haseko dekhda Daya lagyo 😢,KP Oli
Talai aputa kasko lagi chunap ladxas chor,KP Oli
Khanxa aspali kp le,KP Oli
Rip kpoli,KP Oli
बतासे अन्डा 😂usaiko छ छोरा छोरी  pako छिन् 😂😂😂😂aru लाई 😂😂😂😂,KP Oli
त्तहिले गर्दा हो,KP Oli
अबकि बार यमाले पत्तासाफ,KP Oli
जय घण्टि जय बालेन जय नेपाल,KP Oli
Budho sabae hunxa thulo kura nagarnu motra,KP Oli
Jay balen,KP Oli
Rip hatiyara,KP Oli
त्यही भएर त! बाजेको चल्लै भएनछ 😂😂😂 बतासे बुढा😊,KP Oli
के गर्नु एउत गफदि,KP Oli
उखानले गोरु चोर को काम नै अरु लाई गालि गर्ने बाहेक के जानेको छ र,KP Oli
yo sudhridaina... Aba yeslai media ma block garnu paryo...yeslai dekhda nai ghin lagcha,KP Oli
त्यसो भए तिमि नै हो बतासे अण्डा नभए तिम्रो चल्ला खै काहा छ 😂😂😂😂,KP Oli
Sahi ho balen batase anda ho 😂😂😂,KP Oli
8 fail joker,KP Oli
Budo darayo jasto xa,KP Oli
Pagal,KP Oli
Thukka radical moron !!! Tero hawa gaf chahi kole patyeuchha mula??? Please vote for 🔔 vote for Balen ❤❤,KP Oli
जेन्जीले  ल्याएको  परिवर्तन हो   त  बुढोले  बोलेर  केही हुनेछैन,KP Oli
Kam se Kam cheli beti lager France wa Europe country ma bechdain ni,KP Oli
तपाईं काे यस्तै घमण्ड ले हाम्रो एमाले सक्कियाे बा,KP Oli
Khusket katti kheddho khaneko aruko kura nakati khana pachdaina,KP Oli
केपि बा अब २०८२ देखि आरम गर्नुस जेल्मा बसेर 😂😂😂,KP Oli
Galat kament garne kukur haru,KP Oli
हत्यारा को पार्टी    मुर्दाबाद,KP Oli
आफु नि सन्तान  अरुलाई बतासे,KP Oli
"<a href=""https://www.youtube.com/watch?v=joFg8u9kbmc&amp;t=545"">9:05</a> aafu le chai k ramro garyo rw .  Afno neta party xaderw gayo vanerw herw na k vanye .. Ali ber parkheko vaye hunthiyo ne palai palo pauthiyo ni Rey .. 🤦 yesta xan desh banaune vision.. k vanu rw khai abo janta le k garxan chunab ma herum .. yo UML ko top 3 partys ma ni aayo vane tha hunxa Nepali janta sachai veda nai hunn.. ani kei hune bala xaina yo desh KO",KP Oli
केपी बालाई black power ले बहकाइ रहेको छ,KP Oli
"Raswapa le uthayeka sahi maang awaz dabako harek bharsthachar ma ,seting ma aafai misiyeko desh ko bacha bacha lai taha <a href=""http://xa.ma/"">xa.ma</a> emale thiye aaba patasaaf parxau hami timi lai chai",KP Oli
"Ti party xodne le tero paap ko bhagidar huna bata bache, tee budhimani rahe xan ajai damnha ghamanda 40 barsha dekhi desh lootne le ajai jhuta kura gare ra janta jhukyauna khojdai xau, ani oripari basera tali pitne jiuda  lash haru sudhera bellai ma xora nati ko bhavishya banauna laaga yo aputra ho aafna nani babu haru xainan yo aparadhi le feri kanda machauxa. Okahldhunga ma sunita le pani ghanti mai vote halne hare ta.",KP Oli
KP Chor hatera bacha bachi nahune Bodo Chor,KP Oli
Corrupted politician are so good on making dramas and illusion.. Hats up,KP Oli
2/3जना हेरन बुढा जनता सबै घन्टि बझाउने भइसके।,KP Oli
Oli le anda Parera bijok xa,KP Oli
Hatyara party jungle vagnumatrai Baki xa.,KP Oli
"अपुतलिले नेपाली जनतालाई टुक्का सुनाएर मख्ख पार्ने दिन गईसक्याे ,भ्रष्टाचार फाईल खुल्छ रासपाकाे सरकार बनेपछि भन्ने नेपालिल  जनतालाई अहिले लागेकाे छ 🇳🇵🇳🇵🇳🇵🇳🇵🔔🔔🔔",KP Oli
Oli tanashai ho but yi jholeharu haseko talibajako dekhda achamma lagxa,KP Oli
"Kina Daraunu bhako baa, Cunab dekhi....k bhayo k...",KP Oli
"Currupted gas pipe, rail and view tower useless",KP Oli
"<a href=""https://www.youtube.com/shorts/D8x8JIt_Gtw"">https://youtube.com/shorts/D8x8JIt_Gtw?si=coNa8BAdUk6kiyZl</a>",KP Oli
Darpok harxu vanera,KP Oli
Sala hatyara ta mareko din nepali janta chain nindra le sutxa.,KP Oli
Ta jasta tukele desh banaudaine,KP Oli
Jay balen jay ghanti,KP Oli
Ya  shing vhacniyako goru ta sakkal n dhekha kukur hatyara,KP Oli
Jai ghanti,KP Oli
JAY balen jay ravi Jay ghanti jay Nepal jay rasopa Vote for ghanti 🔔🔔🔔🔔🔔🔔🔔🔔❤️❤️❤️❤️❤️❤️❤️,KP Oli
Yo kaput le nepal lai barbaad banayo gorkhali ko apamaan garayo thukka machikne kp oli Randi ko xora,KP Oli
Yo kasto creation ho,KP Oli
Yo Kabila morchha,KP Oli
😅😅😅😅😅,KP Oli
Ta jasto li tw kukurla Pani xodnu prxa,KP Oli
kati hasnu,KP Oli
😃😃😃😃😃😃😃,KP Oli
Goli haia rubber ko goli tero bau le chapayo ki tero kisney ferne bela bechis.xori maxeko ko kidey rakehe dekhe dekhi naiyo xakka bahi sako,KP Oli
"This creep and corrupt KP Oli can give only oily speech, he is the most arrogant and hated political leaders of Nepal. He should be kicked in jail or hell.",KP Oli
Thukka laaj navako jhole,KP Oli
aba janta le yemale lai zero seat dinu parcha ..yesta apradhi aru pani chan hai yes party ma !!,KP Oli
Oli jasto pagal ko pani kura garne ??<br>Napal ma Pani Jahaj lychu bhanne. Ghar ma gas pipe lyuchu bhancha bahula Oli le.,KP Oli
जय घण्टि,KP Oli
"We want a forensic report episode for the blast that was done by the protestors, we’re really not interested for this sort of political stunts 🙏🙏",KP Oli
Medias.. and news personas are fourth most powerful factors of nation .... so they shouldn&#39;t be bias to one side...,KP Oli
machikney unpad khatey,KP Oli
Nautaki debate yemale kangres,KP Oli
5 mahina paxi sradanjali pani deko rey k olile,KP Oli
"नेपाली दाजुभाइ तथा दिदीबहिनीहरूमा हार्दिक अपिल (Heartfelt Appeal to Nepalese Brothers and Sisters)<br>विषय: अबको भोट देश बनाउनेलाई, अबको भोट &#39;घण्टी&#39; लाई।<br><br>आदरणीय नेपाली बुबाआमा, दाजुभाइ तथा दिदीबहिनीहरू,<br><br>आज म एउटा सचेत नागरिकको हैसियतले, मुटुमा देश दुखेको पीडा र आँखामा भविष्यको सपना बोकेर तपाईंसँग दुई शब्द राख्न चाहन्छु। हामीले वर्षौंदेखि राजनीतिलाई केवल भाषण र आश्वासनमा सीमित देख्यौं। तर आज देश एउटा यस्तो मोडमा उभिएको छ, जहाँ हाम्रो एउटा निर्णयले हाम्रा सन्ततिको भविष्य कोर्नेछ वा फेरि उही पुरानो अन्धकारमा धकेल्नेछ।<br><br>हामीले के बिर्सने? त्यो भदौ २३ को पीडा? इतिहास साक्षी छ, हामी पटक-पटक झुक्किएका छौं। पुराना दल र तिनका नेताहरूले सत्ताको लागि जे पनि गरे। भदौ २३ को त्यो कहालीलाग्दो घटना र निर्दोष जनताको पीडालाई आज सत्ताको खुड्किलो चढ्दा कसरी बिर्सन मिल्छ? हिजो जसको नेतृत्वमा जनताले आँसु र रगत बगाउनुपर्यो, आज चुनाव आउँदा तिनै नेताहरू सामाजिक सञ्जालमा भ्रम छरेर फेरि &quot;मसीहा&quot; बन्न खोज्दैछन्। केपी ओली जस्ता पुराना नेताहरूले हिजोका गल्ती स्वीकार गरेको नाटक गर्नु वा नयाँ जाल फ्याँक्नु भनेको फेरि हामीलाई फसाउनु मात्र हो। के हामी फेरि उही नियति भोग्न तयार छौं? के हामी फेरि हाम्रा दाजुभाइको रगतको अवमूल्यन हुन दिने?<br><br>होइन! अब हामी सचेत भइसक्यौं। उनीहरूले हिजो जे गरे, मौका पाए भने भोलि पनि त्यही दोहोर्याउन सक्छन्। शक्तिमा टिकिराख्न उनीहरूले जस्तै हथकण्डा पनि अपनाउन सक्छन्। त्यसैले, अब उनीहरूको गोहीको आँसु र गुलिया भाषणमा नफसौं।<br><br>बालेनले काठमाण्डौंमा बालेको आशाको दियो तपाईं-हामी सबैले देखेकै छौं, काठमाण्डौंमा बालेन शाहले कसरी काम गरेर देखाए। वर्षौंसम्म फोहर र बेथितिले गाजिएको शहरलाई एउटा व्यक्तिले इच्छाशक्ति भयो भने कसरी बदल्न सक्छ भन्ने उदाहरण उहाँले पेश गर्नुभएको छ। बालेन एक्लैले त यति गर्न सके भने, यदि रवि लामिछाने र राष्ट्रिय स्वतन्त्र पार्टी (घण्टी) ले संसदमा स्पष्ट बहुमत पाए भने देशको मुहार कति छिटो फेरिएला?<br><br>बालेनको भिजन र रविको आँट—यी दुवै एउटै सिक्काका दुई पाटा हुन्। यी नयाँ पुस्ताका नेताहरूलाई काम गर्न &quot;पावर&quot; र &quot;समय&quot; चाहिन्छ। बालेनले एक्लै लड्दा कति अवरोध सहनुपर्यो, त्यो हामीले देखेकै छौं। त्यसैले अबको संसदमा रवि लामिछानेको टिमलाई, &#39;घण्टी&#39; लाई बहुमत दिएर पठाऔं, ताकि उनीहरूले कसैको दबाबमा नपरी स्वतन्त्र रूपमा देश बनाउन सकून्।<br><br>यो अन्तिम मौका हो पुराना दलहरूले हामीलाई पटक-पटक धोका दिए। अब पनि हामीले &quot;फेरि एकपटक&quot; भन्दै उनीहरूलाई नै भोट हाल्यौं भने, देश बन्ने सपना सधैंको लागि मर्नेछ। यो चुनाव मात्र एउटा भोट खसाल्ने दिन होइन, यो असल र खराब, सत्य र भ्रम, अनि विकास र विनाश बीचको लडाइँ हो।<br><br>देश बनाउने जिम्मा अब हाम्रो काँधमा छ। आउनुहोस्, यसपालि जात, धर्म, र पुरानो झण्डा बिर्सेर, केवल देशको लागि, हाम्रा छोराछोरीको भविष्यको लागि &#39;घण्टी&#39; मा भोट हालौं। पुरानाले देश सिध्याउन लागिसके, अब नयाँलाई देश बनाउने मौका दिऔं।<br><br>सचेत बनौं, संगठित बनौं, र देश बचाऔं।",KP Oli
"kp oili bhat khanchha ki GAJA , kinaki bolima youta pani truth chaina",KP Oli
"people in jhapa 5 be careful kp oili is the real killer of the country, don&#39;t rust him at all and vote Balen Shah . he is writing this on social media now who banned social media in the country to hide his corruption and killed the people while he was prime minister of the country",KP Oli
this one is only for election winning strategy oli trying to fake on Nepalese . please don&#39;t trust this killer and vote Balen Shah,KP Oli
यो निर्वाचन साना नानी बाबुहरुको हत्यारालाई जिताउने कि देश जलाउनेलाई जिताउने दुईमा एक ठाउँमा मतदान गर्नु छ जनताले ।<br>मान्छे मार्नु ठिक कि देश जल्नु ? दुबै गलत भए पनि मतादान गर्नैपर्छ ।,KP Oli
गरिबि सुन्य मा झारेको रे थुक्क पाटकि बुढा।।देश रिमिट्यासन्सले  चेलिराको छ यस्ले गरिबि निर्मुल पारेको रे😢,KP Oli
Pm ko haisiyatle balbacha marirax kina jel nahaleko,KP Oli
Khulla manch ma uttar dine hoena talae khulla manch ma lagera tero xala karnu parne hatyara lai,KP Oli
Olile ramro kam gsreko natija falgun 23.24 ma paudae x,KP Oli
If Oli get one vote then the voter also has blood of the kids in their hands.<br>I fail to understand how people still supports him?,KP Oli
"जो,, चोर, उसैको ठूलो स्वर",KP Oli
Nalayak sarkar ab Des  cahena. Vot for 🔔🔔🕉️🇳🇵🫡👍👍🇳🇵🇳🇵,KP Oli
Nalayak sarkar ab Des  cahena.,KP Oli
Omg <br>Charam garibi <br>0 ma jhare ko ree omg <br>Hey buda khada hoo <br>Rest garam abo xodi deu <br>Marera lanu k xa tyatroo corruption ko paisa <br>Please guys convince your parents and grandparents <br>Please help them to get relief,KP Oli
Chunav ma Harla vanera kati janeko kati janeko thukka  narapisaach,KP Oli
Jan Mara  kp  bagera ra kina moreko ha namara ko baye . Yesta lai vote dine harue sapai Veda harue ho janta gue khai hun cha janmara ko baye,KP Oli
नरपिशाच भ्याम्पियर राक्षस नालायक थुक्क उखाने खुनखाने डाँका,KP Oli
गाेहीकाे आँसु,KP Oli
gohi ko aasu,KP Oli
यसको करङ भचनु पर्छ,KP Oli
चुनावको लागि भोट कुम्ल्याउन अहिले गोहीको आँशु झार्दैछ यो अपुताली किर्ते,KP Oli
🔔१००% जित्ने पक्का छ।जित्नु पनि परो माटोलाई पनि समर्थ छ है।,KP Oli
🔔🔔🔔🔔,KP Oli
Yo KP Oli kahily sudhrindaina Pani mathiko ovano Vanna khojxa vot magnako lagi,KP Oli
त पर्धानमन्तिरी भए पछि कस्ले लिन्छ जिम्मेवारी 😡😡,KP Oli
"old history  halnuna hjr ko boli bhanako anandha  lagxa ❤❤❤❤❤❤❤present  ma vairako feel  huxa  <br>raja , ranaa  ko bara ma.ajaa dharai post garnuna sir ❤❤❤❤ plz ani  ❤❤",KP Oli
gagan thapa &gt;  KP Oli,KP Oli
Kp 😂😂😂😂😂,KP Oli
ओली जत्तिकै रास्वपा बालेन प्रचण्ड साझा विवेकशीलका नेताहरुकाे पनि हत्यामा हात छ । बालबालिकालाई आन्दाेलनमा लाग्न उक्साउने प्रचण्ड बालेन रास्वपा साझा विवेकशीलका नेताहरु हुन् ।,KP Oli
Thyo din vagya hoena Rey yeso mutna gako Rey. Helicopter ma jhundera basna Pani na Pali😂😂😂,KP Oli
Hatyara oli lai yespali harayera 75 jana sahid genz lai स्रद्धन्जलि हुने छ,KP Oli
Kp Chor 😊,KP Oli
Aru k ni hoina nepali janta ra bal bacha haru lai hepeka hun.<br>Mo vageko jasto garxu .. 2/4 din ma tehi bacha haru lai lalipop dera fakai halxu veri raj garxu.. Ghamand jo rahexan 👹😠,KP Oli
"यो वलीले अस्ति भर्खर बिधान सभामा भनेका छन् &quot;एमालेलाई छोयोकि देश ठप्प  हुन्छ&quot; यही दम्भ र नियतलाई हेरेर मैले आंकलन गर्दैछु, भदौ २४ गते आफुले राजिनामा दिएर आफ्ना झोलेहरुलाई सबैतिर आगो लगाएर देश ठप्प पारेका हुन सक्छ। साम्य नभएसम्म   लुकेर बस्यो अहिले खोकेकै छ।",KP Oli
"Kuna desh jane, airport samma jane haisiyeta pani ta hunu paryo ni, senako helicopter ma gayera dulo vitra lukethis vanne sabailai thah xa",KP Oli
"Desh chalaune kp haina  arunai thiyo, aadesh maile haina kanun palana garda vako re, sarkarko daitow, santi suraksha dina nasake kina deshko pramukh hune, yo felar patra aba aaunu hudaina, yeslai kanun anusako kada karbai hos, 19 haina 76 ko hatyara bachha haruko yo crur hatyara ho, yo gala garera jyan jogauna sutukka vagera 4-5 din gumnam vako sabailai thah xa",KP Oli
Army lai paap lagxa yesto manxe bachako ma,KP Oli
ओलि जस्तो फटहा को अब पत्याउनु देशकै ठूलो भुल हुने छ अरुलाइ खिसिटिउरी गर्ने आपराधिक सोच भएको हराम हुन ओलि,KP Oli
"<a href=""https://www.youtube.com/watch?v=fjkMTREcjCQ&amp;t=735"">12:15</a> uniharu ko Jyan bachauna Haina afno chai Jyan bachauna helicopter maa vageko ho ni. Natra sher Bahadur Le jhai Janata ko laat khanththyo.",KP Oli
"Oli hatyara nai ho ,Hatyara ho",KP Oli
चुनावी गफगाफ मा ओली,KP Oli
"<a href=""https://www.youtube.com/watch?v=fjkMTREcjCQ&amp;t=108"">1:48</a> hatya garna lagayeko ho. Natra helicopter maa vagne parne k badhyata thiyo ra?",KP Oli
के पि ओलि हार्ने दरले बल्ल घैतोमा घाम लागेछ,KP Oli
यस्तो बकम्फुसे कुरा na garnus आनन्द जी यस्ता हत्यारालाई साथ na dinus😡😡😡,KP Oli
५ महिना पछि कुरा मिलाईयो तुरुन्त किन आएन …,KP Oli
pradip bhattrai ko status dami xa,KP Oli
Timi media kaam xaina … balen jitauna jor gara…. Tara media swatantra hunu parthiyo… desh tesai ta dubi sakeko xa,KP Oli
Aba janta lai sabaat bat mantri hai prataxya nirbachan r stir sarkar chahiyako ho,KP Oli
Yesko mukh ma thukna parxa,KP Oli
"गोलि चल्यो, बालबालिकाहरुले ज्यान गुमाए, यो कुरा सत्य हो। तर, त्यो घटनाको योजनाकार‌, अर्थात् त्यो अवस्थाको सिर्जना गर्ने बालेन, दुर्गा प्रसाई, ज्ञानेन्द्र हुन्। यिनीहरुलाई उचाल्ने भारत हो। नेपालमा‌ माक्र्सवादीले राज गरेको भारतलाई मन पर्दैन। त्यसैले, जब जब केपि ओलि प्रम बन्छ, भारतले केहि न केहि खेल खेलि हाल्छ। <br>खेल खेल्ने भारतीय हुन् भने पैसामा बिग्ने, बालेन, दुर्गा, ज्ञानेन्द्र, लगायत केहि नेपालीहरु हुन्।",KP Oli
Yo narapisach le ma rajinama dinxu timi haru sinhadarbar jalaunu karyakarta khata ko ho yo chor bharsthachari lai jail kochnu parxa.,KP Oli
😂😂😂,KP Oli
सुइकारेको होइन आफुलाइ शुद्ध छु भनेर भनेको छ।,KP Oli
भाग्या त होनी के पी बा तिमी,KP Oli
Yo Gagan ko masterplan ho congress kabja garnu lai gen z lai wukasawni nai kangress nai ho,KP Oli
Ta vagera talai army le bachayo natra tero halat shere arju vanda ni khattam hunthyo tara aba tero ghamanda le sima nagyo  ra swam vagwan Balen KO rup ma tero ghamanda todna aaunu vo jay Budhasubba vagwan jai Pathivara Mata yo Oli ko ghamanda chaknachur pardinuhos Balen sir lai jitaidunuhos please god,KP Oli
Kp ko vani 😂😂😂😂😂,KP Oli
"बाउ बाजेको नाम , गाउ नभको मान्छे लाई जिताएसी एस्तै हो, लाज पनि लाग्दैन , जे गर्दे नि भयो, जे भन्दे नि भो ! कसै को डर नभको भगौडा चोर  !",KP Oli
a veda janata haru aana ta aankha kholera ysto hatyara harulai vote halera desh lai pachadi dhakalne kaam na garnu hola vote jashlai dinus tara hatyara ani desh drohi hatyra lai haina binti cha,KP Oli
Hutihara,KP Oli
Rip kp muji😡,KP Oli
Yo oli vanne jantu le garda makasam ragat tatera aoucha yeslai ta,KP Oli
केपी गुखानेलाई  यो चुनावले बडारेर  जेल कोचनु पर्छ,KP Oli
Hatyara brastchai Lai karbahi kahile huncha hola,KP Oli
KP daka hatiyara ho😮😮😊,KP Oli
"हत्यारा हो भन्ने थाहा छ त, निकम्मा सरकार जेल हाल्न सक्दैन।,",KP Oli
"Kasto prasna ho yo <br>Dhilaii vaye pani shradanjali dida pani kina birod vairako xa vanera <br>Is this a valid question 🤔 I was not accepting this from your channel <br>Qns should be <br>aafno galti ko jimmeywari naliney ,  yesto manxey lai chunab maa uthney mawka dinu parney ho r ?? Oli laii investigate garnu parney hoina ra",KP Oli
कारबाही किन नगरेको हाेला 😡,KP Oli
Nabhage helima kahagaeko,KP Oli
"देखेउ बालेन भन्या बालेन हो न्यालय लाई ख्याल सम्जिने ले बालेको जवाब दियो झुटै भय पनि ,, जेहोस पहिलो चोटि बा लाई धक्का लाग्यो",KP Oli
जम्मा २३ जना हो र जेन्जीहरू मरेका?,KP Oli
KP oli lai sabrajanik fasi dino hos,KP Oli
Harek sarkari Goli ko hisab dinu parne huncha. Mathi bata order na aaye Goli chaldaina. Sushila Karki sarkar le jyanmara lai jogaye.,KP Oli
अहंकारी खडक ओलि बल्ल गल्दैछन !,KP Oli
5/10 बर्ष पछि बन्ने देशको योजना को जस लिन हानथाप गर्ने किड्नि पन्चर बा कलिला जनता मर्दा 5 महिना लाग्यो त्यो पनि चुनाबको मुखमा कुर्सिको लोभले,KP Oli
Kp ba 🤛🤛,KP Oli
यो केपि मान्छे होइन अराजक फैलाउने देश कै लागि कुलङ्गर हो,KP Oli
तेसो भए तेस्तरी कोक्रो मा चढेर भागेको हो त,KP Oli
Kahile marxa kp oli😢😢😢 where are yumraaj😊,KP Oli
अरु केही हैन चुनाब आउँदैछ त्यही भएर भनेको यति कुरा पनि नत्र त जेन्जी भनेको त आतंककारी हो भन्छन्। एउटा उमेर समूह हो त्यो कुरा  भए ती उमेरसमुह सबै आतंककारी ।,KP Oli
mass manipulation! wake up ppl!,KP Oli
Jaymara nalayak pasu ko pani dimag huncha Yesko bhandha 😡,KP Oli
😂😂,KP Oli
कहाँ भागेको हुनु नि हेलिकप्टरमा झुन्डिएर हिडेको हो नि,KP Oli
Pahile nai rajinama kina na Deko ta natak chunaav aayo haena ava,KP Oli
"<a href=""https://www.youtube.com/watch?v=fjkMTREcjCQ&amp;t=219"">3:39</a> that statement he agreed. The law states that they have to use necessary force (Guns) in that case. KP Oli didn&#39;t learn lesson from RaPraPa protest few months earlier so he kept that law of using force the same as it is. It was not revised and looked after. So the both Prime Minister and the Home minister are accountable.....aba tyo law malai thaha thiyena bhannu paudaina...afulai status lekhe pachi !!",KP Oli
Kp bye bye,KP Oli
Aaba oli lai jail halnai parxa,KP Oli
Tyo vidma ani bhatbhaenima arajak ta bhayekai ho singhadurbar jalaywra deshlai ta nangai banaune Jo bhaye ni tyaslai paap lagera kuhiyera bachnuparos😢,KP Oli
"How KP Oli Govt M*rdered 19 Children That Day? <a href=""https://www.youtube.com/watch?v=8MSs6d_4rh4"">https://youtu.be/8MSs6d_4rh4</a>",KP Oli
Wake up Nepali peoples you  and your family could be the next victims so please wake up  in time,KP Oli
Yasto video nai khojeko ho maile make it more viral best one good job,KP Oli
Share this video as much as you can,KP Oli
"&quot;Genz - terrorist&quot; - Kp Oli, Mahesh Basnet<br>Never forgive",KP Oli
Boost,KP Oli
Ko chro MC,KP Oli
"Yeto vandaema kasle manne tetikherko unko ahankar yerda thok 3, 4 janalae thoke paxi vagihalxan ni vanne socheko hunu parx",KP Oli
Rip Kpoli,KP Oli
Aafu sarkarma huda taukama goli handa kehi paxuto namanne aj bahir deshko aatankarilae mare jasto thanne ani ewako paxma yeuta statat lekhnedaema usle aago lagako hune yestalae kasaele vot dinu hudaena,KP Oli
Yeslai tadpai tadpai marnu parcha 👍,KP Oli
Respect,KP Oli
Everyone comment and like this video so that the algorithm will push this video to Jhapa-5 residents and voters.,KP Oli
Video sabbai samu pugnu paryo,KP Oli
....,KP Oli
...,KP Oli
Wow finally ❤<br>Yo video ko clip facebook ma aaunu paryo please <br>Sabbai jhapa 5 ko voters samma yo video pugnu paryo,KP Oli
Respect your Ability love you Daju❤,KP Oli
Last minutes of the video was so lit 🔥 so powerful ❤. I hope you makes these kind of video without any fear and heritage,KP Oli
"We should comment this on every OLI , Mahesh, and every Jholey post.",KP Oli
"Thank you so much for the video brother, aba yo video lai ghar ghar ma pauryaune kaam hamro..",KP Oli
"Unfortunately, yo video jo sanga pugnu parne, tyo janta samma pugdai ppugdaina. Manxe haru purai kura nabujhi kana tyo din goli chalaaeko legal thiyo vandai xan. You have done a great job creating this video. Plz expose them more. I wish this video was viral in fb, tiktok, all over social media.",KP Oli
म त्यो दिन समुद्रपारि कति रोएको थिए। अझै आत्मा रोएको छ। अब यो जनमत संग्रहमा जनताले मान्छे चिन्न जरुरी छ,KP Oli
"Yo Budo le ek dujana lai lada na marde bhanne thado aadesh diye ko prastha hunxa yo vdo bata mero shatta jasri pani jogauna chanthe , swaisfurta sinhadarbar gate bhanda tadha raheko balak lai takera tauko ma haanne lai yo desh ma basna pani layak xaina.",KP Oli
Jhapa ma basne janata sabailey yo video herna jaruri cha . Yo video herera pani feri yemalelainai vote halnu bhaneko aafu pani hatyaralai Saat deko bhanne bujincha yani hatyaranai ho.,KP Oli
"I rarely comment, but I’m leaving this comment as an endorsement for this video💙",KP Oli
.,KP Oli
.,KP Oli
Khatra explanation. Respect 🫡🫡,KP Oli
Jay balen,KP Oli
Jay balen,KP Oli
"Big respect EON , make this content viral",KP Oli
Ati vayera pani ajhai Nepali Janta party ko paxi lagxa..sarai Mann dukhera aauxa,KP Oli
मान्छे मारेर 14 वर्ष जेल बसेको हत्यारा हो यो नेपालको सबैभन्दा ठूलो र पुरानो अपराधी हो।,KP Oli
Tara pani Veda Nepali ajhai sudriyako xoinan ajhai Tei KP kai Jay jaykar Garera Hidexan 😢,KP Oli
Rip KP oli,KP Oli
Kp ba I love you 😗❣️,KP Oli
Boost up guys salute to the Eon🫡❤️,KP Oli
Kp murderer oli,KP Oli
केपी ओलीले सबै झुट बोलेका छन्। सारा नेपालीलाई भ्रममा राखेर सबै झुट बोलेका हुन्। सबैजना सचेत बनौँ। सबैजनाले अहिले भोट परिवर्तन गर्ने बेला आएको छ।,KP Oli
Kp oli hatyara,KP Oli
Khoi ajhai ni murkha haru kp bhanxan. Khoi ini haru lai laj ni xaina ajhai ni .... xi kp baru rajinama diyeko bhaye sahnubhuti tw pahune thiyo ki?,KP Oli
Brp very very misleading yaar. Atti propogandish,KP Oli
केपी ओली लाई मारेर जेन्जी ले जबसम्म बदला लिदैन तब सम्म आरामदायी आरामीको स्वास फेरिन्न ?,KP Oli
Kp mareko din party garnu parxa,KP Oli
Boost .!!!!!!. We want this video to be spread everywhere and have to reach everyone’s phones,KP Oli
Ek bottle rakshi ma bikney haru lai esko k matlab?,KP Oli
😢,KP Oli
Jawaab dine ta Haisiyat nai na vayeko abastha...😡😡,KP Oli
Subscribed Brother 👍,KP Oli
पुराना दललाई भोट किन?<br>1. एक एक वर्षमा सरकार बनाउन!<br>2. संसदमा कुर्सी हानाहान गर्न!<br>3. सत्ताको लागि जस्तो पनि गठबन्धन गर्न!<br>4. एउटा सरकारले बजेट बनाउने अर्को सरकारले कार्यान्वयन    गर्न!<br>5. 9/10 महिना सम्म निरन्तर संसद अवरोध गर्न!<br>6. सत्ता र शक्तिको चरम दुरुपयोग गर्दै जथाभावी राजनैतिक नियुक्ति गर्न!<br>7.बिधिको शासनको धज्जी उडाउन!<br>8. कार्यकर्ता पोस्न!<br>9.नेताको प्रभाव क्षेत्रको आधारमा बजेटको असमानुपातिक बितरण गर्न। <br>10. भ्रष्ट र अपराधीहरुलाई राजनैतिक दलको आस्थाका आधारमा संरक्षण गर्न<br>11.देशैभरी भ्रष्टाचारको जालो फैलाएर देश लुट्न!<br>12. .............. थप्दै जाँउ!,KP Oli
Guys the video is shadow banned. I can’t see it in my other account. Wow,KP Oli
"ओहो! क्या गज्जबले तपाईंले ओलिले छरेको भ्रम चिरिदिनु भएकोमा धन्यवाद !🙏ओलि सारै दम्भ,घमण्ड ,क्रुर दानव प्रबिर्ती का रहेछन् ,केही गरि ओलि फेरि जितेर सत्तामा गएभने छानीछानी मान्छे मार्न बेर लाउदैनन,जेलमा कोच्ने छन।त्यसैले यो पटक नो भोट  ओलि,नो भोट एमाले ।",KP Oli
😞😞,KP Oli
ओलि र एमाले दुबै देश का शत्रु र देश बेच्ने दलाल हुन यही चुनाव बाट यिनलाई सक्काउने प्रण गरौं,KP Oli
Dai yo video ko link uskai post ma paste handinu na herera k tha buddhi palauxa ki,KP Oli
"Please harka suppoters vote Balen, for the country, cuz samir won&#39;t win ever just cut votes",KP Oli
bichara tyo vai 😔RIP,KP Oli
Kina yo budo lai tapai bhandai sambodan dai you muge ole lai don&#39;t respect,KP Oli
"Say what u want, oli is responsible for everything. That SOAB.",KP Oli
Video boost hanna help. Oli chor,KP Oli
"ओली महामुर्ख रहेछ । एन कानुन केही नहेरी प्याच्च &quot;मैले गोली हान्ने आदेश दिएको थिएन&quot; भन्ने । <br>स्थानीय प्रशासन एन 2020 ले स्वत्स्फुर्त , भिड अनियंत्रितभै उचसृखल भयो भने प्रहरीले CDO को आदेशमा गोली चलाउन सक्ने छ । उल्लेख छ । हो 2082 भाद्र २३/२४ मा प्रहरीले अनियंत्रित रूपमा गोली प्रहार गरेकै हो । त्यसमा सम्बन्धित प्रहरी कमाण्ड जिम्मेवार छ । भिड नियन्त्रण गर्दा <br>1/2 जना गोली लागी ढलेको खण्डमा cease fire/फायरिङ बन्द हुनुपर्छ ।<br>कतै न माओवादी माथी फायरिङ गरे जस्तो गोली प्रहार गर्ने हैन प्रहरीमै तालिम दिइन्छ &quot;minimum force maximum effects .",KP Oli
"He is a creep and an old virus for all Nepalis. This old arrogant and selfish, greedy KP Oli should be in jail or hell by now.",KP Oli
.,KP Oli
😭😭😭jAnta le Nya dinu porxa yo vrasta cahi jyan mara lai pata sab garum,KP Oli
यो ज्यानमाराले केहि पनि स्विकार गर्दैन …….<br>अव यसलाई पुरै देशले अस्विकार गर्नु पर्छ ….<br>तर झापा क्षे नं ५ का जनताले के गर्छन ….???…<br><br>ति जिउंदा लास र दास हुन कि होईनन अव हेर्न बांकी छ …???,KP Oli
A really most watch video <br>Kasari boost garne Facebook TikTok ma kasari viral garaune sathi horu garanunu paro aam Nepali especially jhapa 5 ka la herna jaruri xa,KP Oli
👍👍👍👍👍👍👍👍👍👍,KP Oli
❤️❤️,KP Oli
"Bro huge respect to you keep it up, we are with you❤️",KP Oli
100%,KP Oli
Boost this video,KP Oli
Daaa boost garum sabai ma puram yo video Yo kp lai aba chodnu hunaa 😔😔😔🥺🥺,KP Oli
Yes really is a murder,KP Oli
Emale congress ra kp oli sakeko din yo desh banx,KP Oli
Maile  oli lai dm ma pathaue hai uo video.,KP Oli
ओलि लाई जेल हुनुपर्छ,KP Oli
🥺🥺🥺🥺🥺,KP Oli
Share this on platforms. Please....,KP Oli
Please lets share this post as much as possible. We shall never forget and KP oli must rot in jail as soon as new government is formed. RIP to all the martyrs.,KP Oli
thank you for making people aware and not letting it forget 🙏,KP Oli
Is this the only video in this topic 😔😕🤔,KP Oli
oli#😅papi,KP Oli
"Not just KP Oli, Keep exposing Prachande, Shere and Oli until they cry to the death like Aftaf Alam. SAY NO TO OLI. MAKE THEM REMEMBER BHADRA 23 EVERY SECONDS OF THEIR LIFE",KP Oli
How can a true Nepalese vote for him now?? Absolutely disheartening to see our brothers murdered like this.<br>KP oli is a murderer,KP Oli
"Naramro rw weak point ko responsibility kailey lina nokhjney ani katai road, bridge banyo vanii hamiley hoo kp oli ley gareko hoo vanxan. Kasto hypocrisy hoo jholey haru koo?",KP Oli
👍,KP Oli
चुपचाप घण्टीमा छाप। यो पालि घण्टीलाई बहुमत।,KP Oli
Fuck damn KP oli,KP Oli
hoina goli haneko kp le ho ki police le?,KP Oli
..,KP Oli
cfbr,KP Oli
Yeti derai annaya 😢😢😢,KP Oli
hatyaara budo,KP Oli
...,KP Oli
Aago,KP Oli
Ramesh lekh lai pani fasi,KP Oli
Hattyra kp oli lai fasi hos,KP Oli
Ist true 😢,KP Oli
Dai you have to see that post what kp oli post today he said that i did not give permission to shots people or he is doing just politics. I request that make a video about that post which kp oli  post  pinned comment please,KP Oli
"<a href=""http://www.youtube.com/results?search_query=%23ripkpoli"">#ripkpoli</a><br>pinda khau aba desh ko khusi khojne khusi hunchan",KP Oli
Hasya kalakar,KP Oli
Tero bau le deko vaye ta ramro kam garthis hola aafai ra janta le gareko vayera desh bigareko chor ho,KP Oli
Chup.   Mota.   KPO li potty,KP Oli
Jholey randikochora,KP Oli
तेरो बाउ अमेरिकाले देको भन्न खुलेर सक्छस भने। वाइयात देश्द्रोर्ही  अमेरिकन-इन्डियन बिर्य...,KP Oli
Vision ta rakhnu parxa natra kasaiko Kam xain,KP Oli
Natak ta khatara Garxa yo jyas le sala hatyara,KP Oli
Yo msg kahile marxa 🤔,KP Oli
Aani nepali ko lage k  garne vayo kp ba vanu ta kura ta ramro  thik garnu vayo tara nepali ko lage k garnu vayo,KP Oli
Ho but tero buddhi aayean kahile ni,KP Oli
He still thinks he&#39;s fucking selling it. What a load of crap,KP Oli
Neta jasto nabol  Hai abo Pradhan mantri  hoinas ni aba ta suhaaudaina yesari bolna,KP Oli
Ho pahile 99% janata uneducated thiye ABA aaja ko din ma Sara janata educated vaisake vanne kuro chal pauda paudai Pani timi le educated nepali upper tyahi purano natak munchan garna ko tito parinam ho yo.,KP Oli
"जति नै देवत्वकरण  गर झोले पत्रुकार , जनताले चिनिसकेको छ। योहत्यारा केपी ओलीलाई",KP Oli
Ser bhadur le k Sochne hola video herera 😅,KP Oli
Just one words from all NEPALESE - बिशेस Gen- Z बाटा  : थुक्का.  😂. त्यति 😊,KP Oli
यो अन्तरवार्तम लिने पत्रुकार ओलि दाहिने गेडा हो,KP Oli
kp oli chor ho,KP Oli
Yo budo ko kura sunara  basnee hami ra tyo prasna sodhna manxe gadha ho..,KP Oli
Kukurko muuttt,KP Oli
Ho  mula taila pani janata  lai  thagais ani aila ayara,KP Oli
Flash him nonsense,KP Oli
"Talai kasle chai vote diyo kya PM huna bhanera. Achamma cha. Kati sajilo cha hai blam game khelna, hijo sabai ghuspetiya lyaune main patra timi nai ho buda ba.",KP Oli
"machikney jantako naam linchhas muji. k garis deshko lagi,, sigapoore, UAE  kasto banaye leader ley dekhekai holas",KP Oli
Return huna paryo pheri🎉,KP Oli
Right but you only fullfil your hunger oli baula budo,KP Oli
Jun din bachcha mariyo tyo din ko aadhesh pm kp oliko thiyn aadhesh grihako thiyo girihamantri le rajinama dihi sakeka thiy Ani deshlai kharabau kharab ko xeti puryaune gari kin tod fod ra aaglagi gariyo yasko jabaf ahileko sarkarle dinu prx,KP Oli
"Dear Ex PM KP Sharma Oli .. Your poor decision making has killed about 70 innocent young Nepali citizens, more than 1000 People injured and lost government properties of billions  NRS. Always respect human being and their requirement. Please accept your irresponsible actions and Surrender to Government for punishment. Say extremely sorry to Nepali citizens especially parents of innocent children who lost their lives due to your dictatorship attitude as a Prime Minister. You will be remembered as a murderer of innocent children..",KP Oli
पहिलो कुरो मिडिया झोले छ दोस्रो <br>हेया म मेरो आमा को कसम खएर भन्छु<br>इनि हरु हामिलाइ पागल बनाउदै छ 😡😡,KP Oli
"सेप्टेम्बर ८/९ मा नेपाली जनताले बगाएको रगत, आँसु र बलिदान अझै पनि यो भूमिको नसा–नसामा धड्किरहेको छ। अर्को दिनको तिम्रो राजिनामा इतिहासको सबैभन्दा कायर क्षणका रूपमा दर्ज भएको छ। देशलाई गलत बाटोमा धकेल्ने, प्रणालीलाई विष बनाउने, अनि जनताको विश्वासलाई बेच्ने तिमी जस्ता नेताप्रति मेरो होइन, सम्पूर्ण नेपालीको भावना  शून्य सम्मान र असीमित घृणा मात्र हो !!आजको पुस्ताले तिमीलाई नेता होइन, अपराधीको रूपमा सम्झनेछ। आज प्रत्येक नेपाली नागरिक तिमीलाई घृणा गर्छ, ओली। इतिहासले क्षमा गर्दैन !!!",KP Oli
बच्चालाइ गडिले ठक्कर दिदा सामान्य हो भन्ने त कुन जनताको सम्बोधन गर्दैछस?,KP Oli
Yo kahile ko video hooo hummm 🤔🧐🧐,KP Oli
Chup chor maku ri,KP Oli
Are aapko to yah Janata Jo Ajanta bahut badi galti kiye hue Hain Magar kya kijiega Janata jisko Janardan kaha jata Hai yah ulta samajh ke aapko paper se hata Diya bahut Ham logon se yad kar,KP Oli
यो पुरानो भिडियो हो यो <br>यस्ले बोले जस्तो अहिले गरेको भयेत देश काहा बाट काहा पुगिसक्थ्यो,KP Oli
Tapai neta haina pandit huna parne manchhe ho mero sujhab tapai lai,KP Oli
Bro this video makimhim inosent,KP Oli
Fasaiyo purai,KP Oli
Actor भन्दा बढी talent बूढो,KP Oli
Balla buddhi aaye jasto cha buda ko ..maya lagyo nauro aajuhar delhda,KP Oli
Teso ho vane swiss bank ma vayeko nepal janata ko niji sampati sabhai firta lyaijaa . Sakchas ?,KP Oli
Chor ta kp ba tapai saral vasama,KP Oli
Kp daka xito niski hadae Sama ko karbai hununparx yeslai,KP Oli
yo kukur lai janta le hoina hoina yesko bharaute jhole harule deko ho yo jasto nirghini manxe xaina nepali itihaash maa. tero dosh hoina talai upachar garni tyo khatte doctor bhete bhane poila tyo marxa,KP Oli
Chor ahile aayer nirdosh  😡😡😡,KP Oli
Vitra auta kura garo bahira arko kura,KP Oli
Aayo pheri fakauna muji,KP Oli
Tw chor lai des bata nikalnu parxa,KP Oli
"Thukka yoh Manche aajai freely move gareko chaa, tetro students maarera Pani, Janata KO laaghi kahile kaam garayoh yesle,",KP Oli
Hage  paxi doilo dekheraw k garnu!,KP Oli
😢😢,KP Oli
"के गरीस जनता का निम्ति??? भ्रष्ट लाई संरक्षण गर्दै, जनता लाई गोली को नाल बाट तर्साऊदै तेरो रानिति बचाईस खप्रे??? अब जनता लाई  पार्टी भन्दै दोषारोपण गरेर सुरक्षित रहुंला भनेर बक्वास नबोल। चेतना भएन? पश्चाताप छैन??? अझै आर्मी प्रयोग गर्दै थिईस् जनता मार्न। अपराधि, दम्भि शासक लाई यो देश मा बस्न छुट दिनै हुन्न।😡😡",KP Oli
Salute✊✊✊✊✊,KP Oli
त मुला को गोही को आँशु<br> जनताको तलाई १% पनि माया भको भए आज यो अवस्था आउने नै थिएन। <br>आतंककारी होस तँ ।,KP Oli
Full interview kata x,KP Oli
Full video link plz... makeup ali badhi vayexa..,KP Oli
😢,KP Oli
नापीस् बूढ़ा,KP Oli
Where can I get full interview ?,KP Oli
पहिला बाट प्रस्ट बन्नु पर्थ्यो कार्यकर्ता लाई सहि शिक्षा दिनु पर्थ्यो एउटा जिम्मेवार दल को लिडर भएसी ढिलो भयो सबै कुरा तपाईं सहि भएनि समय ले गलत प्रमाणित गरि सक्यो,KP Oli
"Astisamma teenager jasto provocative sentence haru bhannu, bhrasta ra criminal lai save garne, desh ko sensitive time ma pani majak garera jokes garera udaune, desh ko lagi k gareu ???? Ukhane buda, afno khamba lai dosh nadeu, self judge gara aru lai. Dori ma Timro hinai nai gatilo bhayena, khamba lai dosh. Nachna najanne aagan tedo 🤔",KP Oli
muji hatyara hos mahesh bansnet jasta balatkari ko snangarchays ho pu lic  m aayer delha randi ko baan,KP Oli
Where is the full video,KP Oli
केपी बा गलत हैन उहाँलाई समय र परिस्थितिले गलत बनायो।केपी बा ले नेपालको लागि कति गर्नु भएको छ कति कुरा घुमाउनु भएको छ पुरै हिस्ट्री चेक गर अनि नराम्रो भन केपी बा लाई।भिडेहरु कुरै नबुझी भ्रष्टाचारीहरुको पछि लागेर को राम्रो को नराम्रो छुटाउनै सकेनौं।आफ्नै देशलाई खरानी बनाइस झोलेहरु।केपी बा ले पनि गरे होलान कुनै गलत काम तर तहरुले जस्तो आफ्नो देश कहिले जालाएनन् बुझिस् नी पापीहरु। एउटा कुरा याद राख जति केपी ओलीलाई गलत भन्छौ नी तिमीहरू त्यो भन्दा गिरेको छौ।हाम्रो देशको सार्वजनिक भवनहरू भत्काउन तिमीहरुलाई कसले आधिकार दियो?सिंह दरबार किन जलाएउ त्यो तिमीहरुको आफ्नो सम्पत्ति थिएन हामी सबैको हो।यो देशको शान मान थियो राजा नभएनी राजाहरूको इतिहासले भरिएको हाम्रो सिंह दरबार जलाउने आधिकार तहरुसंग थिएन।आन्दोलन गरेउ देश बनाउन भनेर तर सबै खरानी बनाइदिएउ किन?घरबाट देशको विकास गर्ने भनेर निस्कियौ तर सबै विनाश गरेर फर्कियौं किन?आन्दोलनको नाम मा कति लुटपाट गरेउ सुन पसलहरु फोडेर लुटेउ साना देखि ठूला ठूला मार्केटहरु लुटेउ अनि नेताहरुले भ्रष्टाचार गर्यो भनेर किन गुनासो गर्छौ? तिमीहरूले पनि त पाएउ भने त छोरदैन रैछौ नी अनि नेता चाहिँ किन असल खोज्छौ?,KP Oli
"नेपाली भेडा जस्ता जनतालाई भर्खरै मान्छे नै मारेर आएको व्यक्तिले दुई थोपा आँसु झार्दै मात्र पनि “लु, तैले माफ पाइस” भन्ने खालका देखिन्छन्। यति अशिक्षित र गोबर-ग्वार्चे भए पनि के राम्रो र के नराम्रो छुट्याउन नसक्ने भए नेपालीहरू। झन् यो दस–पन्ध्र वर्षको अवधिमा जब प्रचण्डे र उसका छौराहरूले देशको विद्या–लय नष्ट पारेर राखे, नेपालीहरू भेडाबाट गधा भइसके जस्तो देखिन्छ।<br><br>ए भगवान्, अलिकति बुद्धि देऊ नेपालीहरूलाई, ताकि उनीहरूले के सही र के गलत छुट्याउन सकून्। भावनामा बगेर होइन, विवेक प्रयोग गरेर निर्णय गर्न सकून्।😢😢😢",KP Oli
Kalakaar ho yo aanek janechha.,KP Oli
Full video Kun channel ma xa ??,KP Oli
गधा हो यो। manuplate garxa jatho,KP Oli
युगले जन्माएको  राजनेता <br>हजुरको महत्त्व धेरै छ नेपाल देश लाई <br>केही जमात ले गाली होहल्ला  गर्दैमा केही फरक  पर्दैन  आफ्नो देशको अस्तित्व जोगाउन सक्ने  ल्याकत भएको  देश र जनताको  अंगरक्षक  हुनुहुन्छ   ❤️🙏🙏,KP Oli
Be strong kB baa❤,KP Oli
अपुतो कति आमाको कोख रित्यस राडिको छोरो,KP Oli
😢😢😢aasu aayo,KP Oli
Kuri kuri  😅😅😅😅😅😅😅,KP Oli
उखान ले सबै को मन जित्न खोज्छ 😡,KP Oli
Yo mula interview line ni eskai jhole jastoxa. Background music emotional rakhera pida dekha hola jatha,KP Oli
Gen z ko najarma Pani tapai harule gareko  Bhrastachar ati laaj lagdo thyo Gen x Gen Y ta tapai haruka jhole bhaera hide Tara innocent Gen z pusta Le bidroh gare Tara Janata ta sab masu Ra raksima bike Ani innocent bachha harule bidroh gare hai kp ba Bhrastachari harulai karbahi garera harek kand lai ramro sang suljhyaunu bhaeko bhae tapai ramro manchhe ho Tara tapaiko ghamand chulieko thyo janat bhitra ko hunu Gen z Hun Jo sab hamro pratek gharma chhan abo kaslai ghuspet bhanne hamra nani baby haruko najarma Pani tapai haru Dosi thaharainu bho uni harule tatkalin sarkar bata kehi asha dekhenan nirash bhae bhabisya andhakar dekhe Bhrastachar Le desh dubeko dekhe bethiti Le desh Khai sakeko dekhe Ani school dress ma bidroha gare tapai ramro imandar manchhe desh lai Maya garne manchhe ho Tara tapaile sabai Bhrastachariharulai support garnu bho Bhrastachar Le desh dubeko dekhnu bhaena Khali uni harulo pransasa garnu bho tyai bhaera tapai yo desh ko pm huna deserve garnu hunna abo,KP Oli
Chup mug 19-20 Jana bachha mareko harami,KP Oli
"Jantale biswas matrai ta garyo NE ani aafule tyo biswas ma ubhinu parena desma kei Vikas garnu parena,",KP Oli
Ali Badi aham vo ki,KP Oli
Dherii aama kakah reteyoo kati ko sapana tuiyoo affu no le gareko galti lai lukauna lai ghoheko aashu najar aaja tye amma ko aakha maan mutu roi rako chha.. ani putaraka jo lai aanya vako ushlai interview le mula yesta narpechass ko anuhar media ma naleee,KP Oli
Sala hatyara bharstachari ajai thula kura gardaixas daka,KP Oli
Khate,KP Oli
Full video kaha chha yesko,KP Oli
Janta haina jholeko nimti matraii vayeo k😂😂😂,KP Oli
"Yo chikne aaghai mareko xaina ,, papi",KP Oli
"अपुतोले सोमबार नै मेरो कोही छैन भनेर........,मङ्गलबार भाग्यो",KP Oli
नेता भयर पनि जनता सङ्ग जान नसक्नु मुख्री कमजोरी भयो घमन्ड बढ्यो।,KP Oli
"यो देश बरबाद बनाऊने  चुतिया नेता लाई  जेल चलान गर्नु  पर्छ,",KP Oli
Machikney tetro mero sathi vai lai maris ta mugi lai kahiley ramro hunna,KP Oli
Yo full interview kata xa ?,KP Oli
Cmt ma chada bolne  bolna najanne ani neta chai sahi khojne ..veda lai rest in peace😂😂😂rest in peace ❤jaba janata surdinam taba samma desh bandainw😢😢😢jaya Shree Ram ❤❤❤,KP Oli
प्रस्त देखिन्छ हजुरको आखामा कति छतपताहत छ भन्ने देशको यो अवस्था हुदा😥😥always salute you respected great leader❤❤,KP Oli
😢😢😢😢😢,KP Oli
Aaja ta muji ko bolai nai fark x ta,KP Oli
Radiko xoraa,KP Oli
always support you kp baa❤,KP Oli
तपाइले गल्ति अथ भस्टचार  गर्नुभो त म भन्न सक्दिन तर पनि गल्ति भस्टचार गर्ने लाइ सम्रक्षण गर्नुभएको ले आज यो दिन आएको भने पक्कै हो है ।,KP Oli
"हो त्यही भएर मन्त्रीले गाडी ठोक्दा नी यस्तो सानो तीनों कुरा हो र मान्छे मार्ने आदेश दिएको मानव जाती , धरती, जनताको पक्षमा भएर खुब कुरा घुमाउँछ झापाली को बेजती",KP Oli
गल्ती त मरीगय मन्दैन बै राणा बान ले,KP Oli
😅😅,KP Oli
"Marera khaldo ma purni bhaneko holani,,sampati lai....",KP Oli
Gadda ramro ho,KP Oli
kura ta sahi ho,KP Oli
यो केपी चोरकाे सम्पूर्ण सम्पति जफत गरेर😮 आजीवनजेलमा हाल्नुपर्छ। स्कुलले बच्चारको हत्या गर्ने हत्यारा,KP Oli
यह बडि अछ्छी बात है😁😁😁🤣😃😀,KP Oli
Galat vaneko raina xa,KP Oli
Ta bhagyamani hos tesaile tolai khalto mai purnu parxa😅,KP Oli
"Ko ho asti galti bolne yar xya,<br>Gadnu agadi paila tukra tukra parera katney, tyas paxi gadne honi yar, ko ho sedai gadne vanne,",KP Oli
"आफै लाई सोध न मैले जनता ले चाहे अनुसारको काम गरेको रहेछु या गरेको रहेन छु भनेर , आफ्ना भरौटे हरुलाइ पोस्ने बाहेक ,देश र जनता को हकमा के गरेउ?अझै बुझ पचायेर पानी माथी ओभानो हुने प्रयास गर्दैछौ,जनता अब लाटा छैनन् ।",KP Oli
"KP woli gold Hun tesaile KP lai aagole polnu ,katkut garnuparcha",KP Oli
Aaba vote magne Sympathetic tarike <br>Na sakenevayo Ba lai,KP Oli
Thik vanecha,KP Oli
Tero jastai raixa mansaya jasto aaphu testai chapu,KP Oli
बच्चामा हुने गुण 80 बर्ष सम्म हुदा पनि नगएको रुन्चे स्वभाव भन्न सकिन्छ ।😂😂,KP Oli
Ho sahi vaneko ho chor aparadhi gadnu parxa hadi rakhera ab aaune bachanlai dekhaunu parxa,KP Oli
Raamro hota chhito gaadaam,KP Oli
"<a href=""http://www.youtube.com/results?search_query=%23ripkpoli"">#ripkpoli</a><br>tmi mara desh ko pragati huncha",KP Oli
"Tetro manxey lai marne ani thulo Kura garne,tero ghar ta hola ni teta basnu ni milxa, tara uniharu ko jindagi firta auxa,thak",KP Oli
तेरो काम हो यो बालेन ले भनेको हो तर तैले जलायर बालेन को बदनाम फर्दैछस,KP Oli
Tapai pm hunuhunthyo<br>Dos mayor lai matra lagaune<br>Mayor thulo ki  Pm?,KP Oli
Ho ho ho haina vanna sakidina paisa ma bigyo sabai,KP Oli
Sanka haina 100% ho,KP Oli
76 jana bacha kasle maryo,KP Oli
Yo narapisach kahileanxe na banne ho tyo shihadarbar tero aakado pat lulupta bhayera jogauna lai goli kanda machais ani bholipalt terai karya karta lagayera jalauna lagais ani naya lai laxit bhashan gardaixas ni daka...,KP Oli
Shala Apute marchhas ta Mero Haat Baata,KP Oli
"कम्निष्ट त पिसाच नै हो क्या ! यिनको झट्केलो बाउ स्टालिनले २ करोड , ठुलो बाउ माओले ७ करोड मारेको जानकारी छ ! गरिवको नाउमा कम्निष्ट ब्राण्ड को दोकान हो यिनको। कन्मिष्ट लाई सपोर्ट गर्नु भन्दा आफैले हगेको गू खाए हुन्छ।",KP Oli
Oi!! Ta mujai lai jaghani aapradha gareko chhu. Bhane pachatap bhako chhain. Tuka mujai ta rawan rahe chha. Paapi maha paai hos..,KP Oli
Tero Karan le jaleko ho muji,KP Oli
❤❤❤,KP Oli
Kp oli le jalako ho,KP Oli
chor darii nabol chup lag,KP Oli
Yasto mansiktako kahile sudharne bala xaina.yas lay jaldi smatanu parx,KP Oli
Yo ajhai bacheko xa?? desh ko kulangar,KP Oli
देश लाई माया गर्ने ले देशवासी माथी बन्दूक को गोली चलाऊंछ त,KP Oli
This incident occurred due to corrupted autocratic leaders.,KP Oli
ए काका जहिले तिम्रा बुद्धि धुन्धुकारीकाे मात्रै आउँछ हैन??? अझ हामीले गलत गरेछाै भन्ने त हाेईन। 40.50 बर्ष देखि देश दाेहन गरेर खाएर पुगेन ??? फेरि पनि उहीँ दिमाग चलाकाे छ।,KP Oli
"याे भनाईलाई सहयाेग गर्ने आधार १, पहिल्यै देखि भनेकाे २, आगाे लाग्दा बारुणयन्त्र नपठाउनु , ३, यतिका बिध्वंश पश्चात् पनि कुनै बक्तब्य नआउनु ।",KP Oli
Taile goli chaplain adesh kin diis pahila asfule ramro gareko talai anuvuti X ukhan tikka garer ramra manchhe lai parti ma karbai garis ab feri jurmuran lagis talait Kalo koktharima Bana garnu parthyo abhibekti din kachhas,KP Oli
chor haru Le Garda ho,KP Oli
"यत्रो युवाहरुलाई माय्रो तं लाई चिन्ता छैन, सिंहदरवार जलाउदा फेरी अर्को बनाउन सकिन्छ। तेरो बाउ मर्दा अर्को बाउ बानाउन सकिन्छ,?",KP Oli
Ki timi aafaile ho ki balen le ho.tesma pani timi parti nai badi sanka lagxa.aru lai dos lagauxa fokat ma aafaile jalayera.ta aafaile ho ghuspet gareko vaye.janata le ta aandolan gardai thiye sarkar ko birudda ma.,KP Oli
"नेपाली दाजुभाइ तथा दिदीबहिनीहरूमा हार्दिक अपिल (Heartfelt Appeal to Nepalese Brothers and Sisters)<br>विषय: अबको भोट देश बनाउनेलाई, अबको भोट &#39;घण्टी&#39; लाई।<br><br>आदरणीय नेपाली बुबाआमा, दाजुभाइ तथा दिदीबहिनीहरू,<br><br>आज म एउटा सचेत नागरिकको हैसियतले, मुटुमा देश दुखेको पीडा र आँखामा भविष्यको सपना बोकेर तपाईंसँग दुई शब्द राख्न चाहन्छु। हामीले वर्षौंदेखि राजनीतिलाई केवल भाषण र आश्वासनमा सीमित देख्यौं। तर आज देश एउटा यस्तो मोडमा उभिएको छ, जहाँ हाम्रो एउटा निर्णयले हाम्रा सन्ततिको भविष्य कोर्नेछ वा फेरि उही पुरानो अन्धकारमा धकेल्नेछ।<br><br>हामीले के बिर्सने? त्यो भदौ २३ को पीडा? इतिहास साक्षी छ, हामी पटक-पटक झुक्किएका छौं। पुराना दल र तिनका नेताहरूले सत्ताको लागि जे पनि गरे। भदौ २३ को त्यो कहालीलाग्दो घटना र निर्दोष जनताको पीडालाई आज सत्ताको खुड्किलो चढ्दा कसरी बिर्सन मिल्छ? हिजो जसको नेतृत्वमा जनताले आँसु र रगत बगाउनुपर्यो, आज चुनाव आउँदा तिनै नेताहरू सामाजिक सञ्जालमा भ्रम छरेर फेरि &quot;मसीहा&quot; बन्न खोज्दैछन्। केपी ओली जस्ता पुराना नेताहरूले हिजोका गल्ती स्वीकार गरेको नाटक गर्नु वा नयाँ जाल फ्याँक्नु भनेको फेरि हामीलाई फसाउनु मात्र हो। के हामी फेरि उही नियति भोग्न तयार छौं? के हामी फेरि हाम्रा दाजुभाइको रगतको अवमूल्यन हुन दिने?<br><br>होइन! अब हामी सचेत भइसक्यौं। उनीहरूले हिजो जे गरे, मौका पाए भने भोलि पनि त्यही दोहोर्याउन सक्छन्। शक्तिमा टिकिराख्न उनीहरूले जस्तै हथकण्डा पनि अपनाउन सक्छन्। त्यसैले, अब उनीहरूको गोहीको आँसु र गुलिया भाषणमा नफसौं।<br><br>बालेनले काठमाण्डौंमा बालेको आशाको दियो तपाईं-हामी सबैले देखेकै छौं, काठमाण्डौंमा बालेन शाहले कसरी काम गरेर देखाए। वर्षौंसम्म फोहर र बेथितिले गाजिएको शहरलाई एउटा व्यक्तिले इच्छाशक्ति भयो भने कसरी बदल्न सक्छ भन्ने उदाहरण उहाँले पेश गर्नुभएको छ। बालेन एक्लैले त यति गर्न सके भने, यदि रवि लामिछाने र राष्ट्रिय स्वतन्त्र पार्टी (घण्टी) ले संसदमा स्पष्ट बहुमत पाए भने देशको मुहार कति छिटो फेरिएला?<br><br>बालेनको भिजन र रविको आँट—यी दुवै एउटै सिक्काका दुई पाटा हुन्। यी नयाँ पुस्ताका नेताहरूलाई काम गर्न &quot;पावर&quot; र &quot;समय&quot; चाहिन्छ। बालेनले एक्लै लड्दा कति अवरोध सहनुपर्यो, त्यो हामीले देखेकै छौं। त्यसैले अबको संसदमा रवि लामिछानेको टिमलाई, &#39;घण्टी&#39; लाई बहुमत दिएर पठाऔं, ताकि उनीहरूले कसैको दबाबमा नपरी स्वतन्त्र रूपमा देश बनाउन सकून्।<br><br>यो अन्तिम मौका हो पुराना दलहरूले हामीलाई पटक-पटक धोका दिए। अब पनि हामीले &quot;फेरि एकपटक&quot; भन्दै उनीहरूलाई नै भोट हाल्यौं भने, देश बन्ने सपना सधैंको लागि मर्नेछ। यो चुनाव मात्र एउटा भोट खसाल्ने दिन होइन, यो असल र खराब, सत्य र भ्रम, अनि विकास र विनाश बीचको लडाइँ हो।<br><br>देश बनाउने जिम्मा अब हाम्रो काँधमा छ। आउनुहोस्, यसपालि जात, धर्म, र पुरानो झण्डा बिर्सेर, केवल देशको लागि, हाम्रा छोराछोरीको भविष्यको लागि &#39;घण्टी&#39; मा भोट हालौं। पुरानाले देश सिध्याउन लागिसके, अब नयाँलाई देश बनाउने मौका दिऔं।<br><br>सचेत बनौं, संगठित बनौं, र देश बचाऔं। जय नेपाल!",KP Oli
"Hahahahaha, Oli! You fled in a helicopter because of the protests and your weak leadership. Now you’re living a thug life, surrounded by your gang of thugs in Gundu.",KP Oli
बिचरा,KP Oli
केही नजान्ने बालेन?जो बिज्ञ छन।जय बालेन।मधुरो बोलीले भनिसक्यो।,KP Oli
यो नालायक भ्रष्टाचारी बोलेको लाज सरम भन्ने छाईना र छ नि,KP Oli
सकिन्न बुढा संगगफ गर्नमा😀,KP Oli
Yaslai fari YouTube ma dhekhanu parana Mero durvaghaya 😅,KP Oli
Mero k he bigareko xaena butponi kina ho kina maloi yo manxe kati mn pardainw <br>Hamro des khatam paryo yo mujile,KP Oli
"धरहरा कसले बनायो, होला।।",KP Oli
"अपराधि बूढो ,राम्रो  गरेको भयपो राम्रो  भन्छन् त , राम्रोकाम नर्नु छैन जनतालाइ नराम्रो  भन्न कसरी सकेको होला , बोल्न पनि कति जानेको",KP Oli
केपी शर्मा ओली ज्यू नमस्कार तपाईको जित पक्का छ❤ निर्धक्क बन्नुहोस्,KP Oli
"तिमी के,पि, भाइ अपरनधी भनुकी  साच्चो सत्य ब्यक्ती भनु  मलाई काउकुती लाग्यो  बाई के,पि भाइ 😅😂🙏🌽🙋‍♀️😯",KP Oli
"रविले फसाको हैन बालेन अाफैले हिम्मत गरेका हुन, हारेपनि जितेपनि अाँट गर्नु ठूलो कुरा हो। अाफै हार्ने डरले उमेदवारी झिक्दिए हुन्थ्यो भन्ने मनसायले जनतालाई रनभुल्ल पार्दै छन अझै। हारेपनि बालेनले भिडनैपर्छ, ल है झापाली जनता सचेत भएर अाफ्नो मताधिकार प्रयोग गर्नुहोला🙏",KP Oli
याे के पि जस्ताे दृष्टि बिहिन् मान्छे अरुु काे हालार उल्लाई मईले एसाे गराे भने एस्काे परि नाम ठिक् हन्छ या बे ठिक् हुन्छ केही था छैन उल्लाई सबै एमाले हुनुपराे सबैकाे आँखा पट्टि बाँधे पनि वा के पि बा भन्नू पर्ने एसताे दुसात् बाेकेकाे मान्छे हाे।,KP Oli
ओलि बेकुफ ले केही गरेको छैनस सिरफ तुक्के गधाहा होस!,KP Oli
सरमगर बुढा तेरो हार देख्छस,KP Oli
Biks ksrihunx to balen sang siknu prxa,KP Oli
Kp back out,KP Oli
Kep chorho phathaho,KP Oli
"केपि ओलि सपना देख्ने र त्यसलाइ मुर्तता दिनसक्ने भिजनरी नेता त थिए तर देशलाइ सुसासन दिने भन्दा जसरी पनि सत्तामा टासिइरहने ३ दलिय मौसमी गठबन्धनले भ्रस्टाचार, बेतिथि र सुचनाको दुरुपयोग दुरुत्साहन को कारण किशोरहरुको आन्दोलनमा अर्को शक्ति हाबि भएर आयो तर पनि देशले स्थायी राजनितिक परिवर्तन खोजेको छ्।",KP Oli
Bahumat  hoena  50 set jitera dekhau,KP Oli
🐕🐕🐕🐕🐕🐷🐷🐷🐷🐨🐨🐨🐨🐨🐨☝️☝️☝️☝️☝️☝️☝️🐨☝️,KP Oli
Jaya ghanty,KP Oli
"Esko pattasaf hunxa,yo ghamandi ho,bikas gareko aafai dawa garxan.Samaya anusar hune bikas Pani aafaile garxa.",KP Oli
Ggalt bakmfuse ukhane chutiyakurogarekochhi budo vayra lajsarmpanichhina ystakokurokasariptuyayka,KP Oli
Xi,KP Oli
रहर ले लहर ले हाेईना  बिकाश लाई हेर्नू  परयाे,KP Oli
Kura sunda😂😮😅,KP Oli
Ta salakukur l,KP Oli
Kukur kuKP chor aputtri Sala ku,KP Oli
KP chor aputtri Sala murdabad,KP Oli
Kukur Sala aputtri KP chor,KP Oli
Jai ghanti Jai rabi jindabad,KP Oli
Kp chor aputtri Sala murdabad,KP Oli
KP chor aputtri Sala murdabad,KP Oli
ओलिकाे अन्तर्वार्ता पुरै हेरेछु अचम्म लाग्याे।<br>बुढाले जिते भने नी प्रधानमन्त्री अर्काेलाई बनाउछन् कि के हाे।,KP Oli
Vote yemela,KP Oli
Ajai jotna sakxu jasto lagxa yo pidi lai budo mg laaj saram xaina alikati pani xya,KP Oli
Balen pani Kasai gatilo xaena RONB jata Ali Ali Kam gareko că tei camera lagera dekhako xa Sabău eutai khun,KP Oli
Randeko xoro  boleko vasa her,KP Oli
Kp oli lai jel hunu parcha hai,KP Oli
Yo pali plz jhapa basi yasko jhuto boli ma nafasnu hola 🙏,KP Oli
Hatiwar ko kura garcha bhane esle nai parichalan garcha prachanda sanga milera janta sachet hau,KP Oli
Kp oli lai vote no dinu hola amale lai vote dinu bhaneko pap ho USA,KP Oli
Kp oli le hareko hernu man chha USA,KP Oli
उहाँको मत 100000 काट्छ नेपालमा सबै भन्दा सभ्य मान्छे उहाँ मात्र हो,KP Oli
पूर्व पश्चिम रेल कुस्मा मा रेल स्टेशन अनि  पानि जहाज अनि ग्याँस को पाइप लाइन  घर घर सबै भइसक्यो होइन त अब बाँकी केही छैन होइन त बनावटी कुरा गरेर केही फाइदा छैन,KP Oli
सबै झुट,KP Oli
Dherai.n.bhasea.huncha.k.p.g.har.nishchitsh.jay.ghati,KP Oli
Timi janchhau khaldo ma kp,KP Oli
"Kathai, Kantipur ko Quality.",KP Oli
धनुषा महोतरि तेेरै पाटि जितेर गएको हैन,KP Oli
Tero ghamad aafu khaldoma pareko ta thaha xaina arulai dekhau hatyara,KP Oli
Kun teru bahule  linx jimba apoto aslai jantale xodinna yo manxe nepali nepali ko lagi katra ho  aslai  jantale hesab kinx,KP Oli
हँसाउनु पनि कति हँसाको हो,KP Oli
Yo video maile purai hernai sakina …. Amamama Anxiety le haanla jasto laagyo .. 😡,KP Oli
Tero bau,KP Oli
Vedaa haru lai k thaha china sanga vukampa paxii ko simaanaa kholna rah china sanga sambandh bistaar garna rah india lai size maa lyaauna kati thulo vumika cha vanerah hola aru kura maa uni chukey hola tara rastriyata ko kura maa uni jati ko neta aheley samma raja mahendra paxadi ko beykti kp nai dekheko chu,KP Oli
aduniktako kura garne ho bane adhunik nita chaiyo ni hoina🙏,KP Oli
Girbandhu Oli,KP Oli
Ta mantri bayesi ta jimawari naline ta kukur KP k Khana baseki mantri padh ma pagal khuskeko hateyara,KP Oli
ma dhanusha ko manchhe ke hahile jahile ghuha ne balhe ho thukka  tero dimag timiharureleai khana khuyeko bekar bhayo,KP Oli
afailaii bhot halna paunuhnxa,KP Oli
Mukha I kalo vayako xa,KP Oli
Mato le kulit banako herney man xa jhapa xetra no. 5 Ma,KP Oli
Ravi le sai samayama sai manxe lai patayxa❤❤❤,KP Oli
Aba khulkyaudain,KP Oli
पूर्व प्रधानमन्त्रीज्यू तपाईं आफ्नै घमण्ड र अहंकारले <br>आफैँ पतन हुनुहुनेछ,KP Oli
Laaj pacheko sala kukur,KP Oli
Jasari boleu tesari nai kehi gareko vaye kina lakhathey ho janata ley laaz sharam xaina yrr,KP Oli
Thukka laj lagnu parne ho !!,KP Oli
"Talai randikoban oli ,kasaile hariyo baasma laija yolai",KP Oli
बाटो  पुल बिकास मैले बनायेको भन्ने ले किन  भदौ 23 गते मैले गोलि चालाउन order  दियेको किन भन्न न सक्ने?❤❤❤❤❤,KP Oli
Bharastchari hatyara KP woli jindabad,KP Oli
Question grnu nskne ley k interview liyeko mula pturkar 😡😡😡😡😡😡😡😡,KP Oli
Hona yo buda lai jel kina nhaleko tirro manxe maryo r pni lukdai vukdai x yo fuli bude ley k greko ho pm hunu vnda aagadi t jel halnu prx vndai thiyo thauma puge pxi chup chap,KP Oli
Nonsense hawa kura garcha sunna pani pressure badne,KP Oli
"अेालि एउटा कुकुर हेा,भन्दा अनुयुक्त नहेाला",KP Oli
आशा त केही छैन तर यो अन्तरवार्ता गर्ने मुन्छे बुज्ने झै लागेथो तर रहेनछ। झोले,KP Oli
४ पटक प्रधानमन्त्रीको विचार यस्तो हुन्छ?,KP Oli
कस्तो मानसीक्ता भयको मान्छे हामीले भोगीराछौ,KP Oli
😂😂😂😂chor yoo,KP Oli
बोल्न पनि रतीभर लाज लाग्दैन रहेछ,KP Oli
धन्यवाद केपि बा जनताको मनमनमा बस्नु भएको छ । केही अराजक तत्वले घृणा गर्दैमा केही फरक पर्दैन हामी जस्ता युबा तपाईंको साथमा छौ । ❤️🙏,KP Oli
Kp chor shale phata thuka,KP Oli
Thuka chyal gu khayaea chuas ral ha ha ha,KP Oli
"सुन्नुहोस् यीनका जालीझेली कुरा, सतर्क हुनुपर्छ सबैजना।",KP Oli
74 जना जेन्जिको रगत पिउने केपी ओली नरपिचास हुन् ।,KP Oli
7 भाई मध्येको एक भाइले सुन पानी छर्किदै छ । Hehehe,KP Oli
यी ओलिको भोट भक्तपुरमा दिन्छकी झापा ५ मा निर्वाचन आयोगमा स्थाई ठेगाना भक्तपुरको छ,KP Oli
❤❤❤❤❤,KP Oli
Yesta mancha ko interview leara pohkat ma time loss garako,KP Oli
एउता बुधी लाई ब्याउनी बनाउन नसक्नी ले देश बनाउन सक्छ,KP Oli
बाहिर र भित्र त चुनाब पछि थाहा भैहाल्छ नि तेरिमाचिक्नी आँदे चोर,KP Oli
Jutta chappal samma Kiner laune hyisiyat navayeka netaHaru ...ahile janata Becher saukh garera bilasi jiwan bitairaheka xan...thukka<br>Ab aakha kholau....imandar byakti rojau...vrastachari lai bahiskar garau,KP Oli
Yo sab aakros Nepali Janata ma tesai aaeko hoina ni...nepalka nalayak varsta netaharu  ko kusasan le Garda vayeko ho....purana party ra teska netaharulai  boycut garau...vote magna aauda khedau.....new ra sahi person lai jitayer  pathau ...,KP Oli
यो कान्तिपु भन्ने पत्रुकार हरु सबै ओलि को हलि हो कि के हो यस्ता अपराधी लाई सधै बुइमा बोकेर हिंड्छ,KP Oli
Kanun ta kp khalt maa hunxa tasai ko lagi bhot change garnu parxa,KP Oli
हत्यार बलत्कारी हिम्सक अहंकारी चोर गुण्डा लुटेर भ्रष्टाचारी के पी बोली ।,KP Oli
We luv u k.p ba we need u again vote for k.p ba.,KP Oli
KP Oli jiu Kati choti  pradan mantri honu vayo  Tara sukum basi bebasta garnu vayko ki ukhan tukka mattrai janta ahe dinu vayko  ho.,KP Oli
काे बाहिर काे बालेन पनि नेपाल काे हाे 😂😂😂,KP Oli
"Interview line tarika k ho yesto,,, hawa management podcast ho ki interview",KP Oli
Bhadari mara papi kp balhatyara kalo kp,KP Oli
Antim time ko chatpathaat,KP Oli
Aru desh ko kura garera example dine yo khate le tee desh kaa leader haru ko guu khaa na muji jathaa,KP Oli
Yo khate kahilai sudrine haina yo vanada ta khet jotne goru pani sajilai sudrinxa,KP Oli
Mula pahile America jasto bana desh ani balla America ko example de<br>Ani aarko kura singhadurbar janta le aafno mahasus huney gari kaile kam gareu timiharule <br> j boleni vaxa,KP Oli
Pm  ko lga mli hruo 3 days pachi 🇳🇵 bhawana devi aid krishana god sathi cover ♥ hanro shuma grula fum ckamndo❤🚩🇵🇰🇳🇵🇮🇳🎉,KP Oli
Kriykam xa bhani la lara audixen mann athethi bbr kabi kabita shanti karti asnati❤🗣🤹🧘‍♀️🧖‍♂️🧖‍♀️🧖🤺🏇🏿🧗‍♂️🏂🎉👅🙏💯🖤🤎💜💜💙💙💚💛🧡💖💗💓❣💔💔💝💘💌💋😝🤪😜😛🍎🍊🍋🍍🍯🍺🍻⚽️🏓⛳🚩🇮🇳🇳🇵tyar hi deye 3 arun bhandari dahandi bishiw dai neuoani thrtha axharya kathmandu model institute bicc paxdi samgenuho by teik kpi olidai bhawana daevi riamal kraishana god bibek bhattarai baburaja samjna thpili sumpakoxu bat hako xena❤🚩🇳🇵,KP Oli
Aja❤bide arju buju nearni Lara party ko smbad adebsan ko barma Kota meeting garnhoki Berlin hunuxa bhanalago excited garna divs setup jump higum lugm cesium bol bomb Shiva om 🕉🕉 kp oli ba ko ba ko  hom sure ma thna tan 💖 ksri pdukna thatauna cdkuna sdkuna 🔫❤🚩🚩🇮🇳⛳🎿🤿🎣🇮🇳🇳🇵🇰🇳🇭🇳🇭🇳🇭🇳🇬🇷🇬🇸🇬🇶🇲🇵🇲🇵🇳🇺🇳🇺🇵🇰🇵🇰🇵🇬🇵🇫🇵🇦🇳🇮🇴🇲🇵🇼🇵🇼🇵🇹🇸🇻🇸🇴🇸🇴🇸🇷🇸🇸🇹🇬🇹🇬🇹🇫🇸🇿🇹🇦🇹🇴🇹🇷🇹🇲🇹🇴🇹🇻🇺🇳🇺🇳🇺🇿🇻🇳🇻🇳🇻🇳🇻🇳🇻🇳🇺🇾🇺🇾🇼🇫🇼🇫🇼🇸🇽🇰🇲🇪🇲🇪🇪🇦🇪🇦🇧🇧🇧🇧🇧🇧🇧🇧🇧🇧🇧🇧🇧🇧🇧🇧🇦🇶🇦🇶🇦🇷🇦🇿🇦🇿🇦🇴🇦🇬🇦🇬🏴‍☠️🏴‍☠️🏴‍☠️🏴‍☠️🏳️‍⚧️🏳️‍⚧️🏳️‍⚧️🏳️‍⚧️🏳️‍⚧️🏴🏴🏴🏴🏳️‍⚧️🏳️‍⚧️🏁⚽️🎾🏓🌍🌎🌏🌅🌅🌄🎠🚆🚆🚅🚄💒💒🏨🚁🚁🪂🛫🛬🛩✈🛰🛸🚀🚡🚠🛎🚟🕗🕗🕗🕗🕗🕗🌘🌗🌖🌕🌕🌔🌓🌒🌚🌛🌜🌡☀️🌝🌞🪐🌟🌠🌌☁️⛅🌤🌬🌬🌬🌬🌬🌬🌬☃️⛄☄🔥💧🌈🌈🌈🌈🌈🌈🌪🌪🌪🌪🌪🌠🌠🌠🌌🏓🏓🏓⚽️⚽️⚽️⛳⛳⛳⛳♦️♦️♥️♠️🪆🖼🖼🎴🗂✒✏🗳🗳📮📬📭📨📦📩📥📪⚔⚔⚔⚔⚔⚔🪝🪝💊🩸💉🩹🚬🚬🚬🚬🚬🚬🚬🚬🚬🚬🚬🚬🚬⚱🗿🪧🇨🇰🇨🇾🇨🇾🇨🇾🇨🇾🇨🇾🇨🇾🇨🇾🗿🗿🗿🗿🗿🗿🗿♣️♣️♠️♠️♠️♣️♠️♠️♣️♣️♣️♣️♣️♥️♥️♦️♦️🪆🪅🪅🪅🪅🪅🧸🪅🪅🪅🍺🍻🍻🍺🍯🍹🍯🍺🍯🍻🍯🍺🍯🍺🏺🏺🍻🍻⚱⚱🚬🧋🔪🥄🍽🥢🧃🏺🗣🗣🗣🗣🗣👤👤👤👥🫂🫂🦲👣👣🧘‍♂️🧘‍♂️🧘‍♀️🧘🤹‍♀️🤹‍♀️🤹‍♂️👭👭💏🤸‍♂️🤸‍♂️🤸🤼‍♂️🤼🚣‍♀️🏊🚣🏊‍♂️🚣‍♂️🏄‍♀️⛷🏄🏂🏊🚣🤺🏇🏿🏇🏿🧖‍♂️🧖‍♀️🧖🧖‍♂️🧖🧗‍♂️🧖‍♂️🧗‍♂️🧖‍♂️🧖🏂🧖‍♀️🧖‍♂️🧖‍♂️🧖🧖‍♂️,KP Oli
त हरामिले बालबालिका मारेपछी जलाउने काम  भएको हो धेरै घुमायर कुरा नगर हत्यारा भ्रष्ट,KP Oli
सम्बृद्ध नेपाल र सुखि नेपाली बनाउन नै नेपाली जनता प्रत्येक नेपालि जनताको टाउकामा झण्डै लाख रुपैया राज्यको ॠण पुगेको l हरेक नेपालीले नेतापाल्न लाइ त्यत्रो पैसा तिर्नुपर्ने भयो l उखाने कुरा कति सुन्नु हौ l,KP Oli
Kp Oli jyu sachikai mahan ho sabai le bujhnu parxa.,KP Oli
Yasto manche   Desko pm banyo ! Dhikkar chha !,KP Oli
Both look shit 😂,KP Oli
Brainless shit !,KP Oli
Kasto poor sound,KP Oli
तपाईकाे  पार्टीमा लाेकतन्त्र छैन ?,KP Oli
"पार्टी चाहिँ सक्ने नै भए यपनले , पक्का हाे ?",KP Oli
तपाईले जे गरे पनि ठिक भनिदिए हुने हाे ? यस्ताे अतिवादी अडानले हाे देश बन्ने हाे ?,KP Oli
"थुक्क बुढा ! कस्ताे ढिट ? अाफ्नाे रत्तिभर कमजाेरी नदेख्ने अनि प्रधानमन्त्री हेलि चढेर भाग्नु पर्ने अबस्था अायाे , फेरि पनि सरकार  दुरुस्त थियाे ? कस्ताे ढिट ?",KP Oli
कस्ताे कुतर्क ? भुकम्प र विद्रोह एउटै कुरा हाे र ?,KP Oli
अान्तरिक कारण चाहिँ पटक्कै थिएन !,KP Oli
कुतर्क अाेलीकाे ! गैरजिम्मेवार प्रस्तुतीकरण !,KP Oli
kati lamo question suru mai ?,KP Oli
Jhurrrrrrrrrrrrr audio,KP Oli
यो पत्रकार हो कि तलुवा हो,KP Oli
शुभशंकर कडेलले ओलीको अलिक चाकडी गरे।,KP Oli
एस्लाई टुडी खेल मा लगेर झुन्ड्याउनु पर्छ । साथै नेपाल सबै पार्टिको टप १० नेता हरु लाई जिउदै जलाए पनि फरक पर्दैन । कम्ती मा जन्म कैद चाइ हाल्नु पर्छ । देश खत्तम बनाएको हुनाले आम कार्बाइ गर्दा पनि हुन्छ । अब देश ले नयाँ बाटो लिनु पर्छ । भ्रस्ट्चार बाट कमाएको अकुत सम्पती कम्ती मा ३ पुस्ता र नाता गोता सम्म को सम्पती मा गम्बिर छान्बिन गर्नु जरुरी छ । स्रोत नखुलेको अवस्थामा सबै सम्पती जफत गरी रास्ट्र को ढुकुटी मा तानु पर्छ । समलग्न परिवार सद्स्य वा नाता गोता सबै कानुनी दायारा मा ल्याउनु पर्छ । एस्त हरामी नेता हरु लाई फेरी फेरी चुनाब मा भोट हाल्ने गोबर लोबी पापी जनता लाई पनि मुख मा गु किच्नु पर्छ ।,KP Oli
देश र जनताको हितको लागि फेरि पनि एमाले फेरि पनि केपी ओली,KP Oli
"डिस्ट्रवेन्सलयत्राे छ के हेरेर प्रडक्सन गरेकाे,,गाँजा काे झ्उाप मा ईडिटिङ्ग गर्या हाे कसाे,,आईन्दा यस्ताे भयाे भनी बन्द हाेला है च्यानल😂",KP Oli
"Ek number corrupt muji kukur oli,",KP Oli
"Yesto machikne kukur neta re, thuikka muji kukur, We dont wanna see ur face....you fuckn kukur oli",KP Oli
भदौ २३/२४ निमतिनु को मुख्य बेक्ती।,KP Oli
यो पत्रुकार यो मादर्चुत ओली यो रन्डीको औलात पत्रुकार छी,KP Oli
Good and straight questions.,KP Oli
वलिले जति कुरा गरे पनि वलि कति जीम्मेवारहिन मान्छे हाे भन्ने कुरा जेन्जि आन्दाेलनमा भागेर आफ्नाे हैसियत देखाइहाल्याे।,KP Oli
Record ramro bhauena hajur,KP Oli
"Yasta kamjor patrakar,hansera lalakluluk bhaera gambhir rupma eutapani prasna sodhna sakena.Thukka Yasta pani patrakar",KP Oli
बच्चाको आवाज अन्तरबार्ताकारले नसुनेझै लाग्यो।,KP Oli
"स्टुडियो हो कि गुन्डुको नवनिर्माण दरबार ? मसिनको आवाजले प्रभावित गर्यो , फेरी अध्यक्ष का प्रत्यासी।",KP Oli
"Autai party ko manche haru ko gaf chaldai racha yeta, thukka yesto pani interview aray",KP Oli
खुराफातमा व्यवस्थित एमाले यसका नायक ओली।ऋण बोकाएर भाबि सन्ततिलाई बोझ थप्ने नायक।,KP Oli
Yo kukur lai kina interview liyako sala napaugsak nalayak,KP Oli
"Thukka paji , medicine ko double dose khayecha ki kya ho yesle ? 2 tihahi ler aune re . Hahahahaha",KP Oli
प्रतिक्रान्ति र आतंक पक्कै हो । सरकार बाहिर भित्र कतैबाट पनि देशद्रोही र बिधन्सका मतियारहरुलाइ कानुनको कठघरामा उभ्याउन ढिला गर्नु हुदैन ।,KP Oli
भान्सा मा भात पकाइराको मान्छे लाई टाइ लगायर पत्रकार बनायछ्न 😂,KP Oli
Chor kp,KP Oli
यत्ति को महाघमन्डी मान्छे जगतमा कोहि छैन होला ।<br>यहि घटना अरु प्रधानमन्त्री र पाटिको पालामा हुन्थ्यो भने यिनले  बाँङ्गा अौला ठडाएर कति कुर्लन्थे होला। अहंकारी मान्छे।,KP Oli
यो नालायक कैले मर्छ यार <br>यो नेपालको लुपन्मुख ब्यक्ति हो छिट्टै माटोमुनी गाडेर राख्नु पर्यो,KP Oli
Tero ta dhad bhachna Baki cha,KP Oli
👌👌👌👌,KP Oli
Sala fata bolni kehi tha xoina vnyarw,KP Oli
देशको प्रधानमन्त्री को बोली कति गैरजिम्मेवार  !!!!!!,KP Oli
Randi ko ban chor,KP Oli
यो असक्ष्यम र सपना जस्तो अहङ्कार मात्र भको छिट्टो ठेकान लाउनु पर्छ सबै भडकाउनु लाग्यो,KP Oli
sarbocha ma pheri aago lagna sakxa sansad punarsthapana bhayena bhane kina bhane sarbocha ko purba ko najeer bhanda bahira gayera phaisala garyo bhane.,KP Oli
parda ko paxadi bata ko ko thiye ra desh ma bipaksha ko jimmewari k hunxa.aago lagaune,KP Oli
parchand RSP ko sadyantra inquri hunu parxa.,KP Oli
भ्रष्टाचारिको नाइके हत्यारा ओलि,KP Oli
Yesko gamabdale dwsh karani vako ho,KP Oli
Kp fataha ho,KP Oli
यो केपि ( खड्गे) र पत्रकार दुबै गान्धिमाक्सका विर्य हुन- देश वेचिसके- यिनिहरु कथित राजनितिको नाममा अपराध गरेर आएका दलाल हुन् । यिनिहरुको( गान्धिमाक्सको) समुल अन्त गरि हाम्रा मौलिक नेपालवाद( बिभुति) को सिदान्त सहित राजासंस्था स्थापना नगरे देश विदेशीले खान्छ- हामीलाई तातो गोली र बुठ हान्छ । हान्छ हान्छ ।।,KP Oli
"फटाहा , मुजि  , हुति हारा , भ्रष्ट  ,  कुकुर",KP Oli
हतेर हो यो केपि,KP Oli
केपिवलिनेपालि।कोभगवानहो।,KP Oli
Solty karyakram pura naani sutechha aba daal dadyo hola kati sitty lagi sakyo local bhale jasto lagyo,KP Oli
Chor gaddar bharastra chari ko interview line media pani jhole nai ho,KP Oli
"कस्तो लन्ठु पत्रकार रहेछ ,घरि बच्चा रुन्छ घरि कुकरले सिट्ठी बजाउँछ । विचरा केपी बा बालकोट दरबारको राज बाट आज गुण्डाको भान्सामा सरण लिन परेको छ त्यैपनि म नै एमाले हुँ र एमाले नै म हो भन्ने अहंकार जस्ताको तस्तै छ । त्यसमाथि प्रतिस्पर्धामा रुझेको बिरालो जस्तो ईश्वर पोखरेल । सकिन्छ एमाले आगामी चुनावमा । ६ लाख कार्यकर्ता छन् भन्छन् पाँच लाख भोट देसभरमा आउला जस्तो छैन । २०४५ साल देखि रगत र पसिना बगाएको पार्टी आज यो अवस्थामा पुग्दा दया लागेर आयो । ६४ मा माकुनेले जस्तो हालतमा एमाले लाई पुर्याएको थियो आगामी चुनावमा ओली ले त्यो भन्दा दयनिय बानएर छोड्ने भयो । के गर्नु युवा जति विदेसमा एमालेको नेतृत्व लिने आँट भएको कोहि युवा रहेनछन् देसमा ।",KP Oli
dislike kti aako hola,KP Oli
Asti darayar questions sodi ratho yo jhole aaj kp ko chhauro rhx..ke sodheko ..ali timepass greko...loser ke kura sunnu ...boycott kp jhole,KP Oli
यो के पि चोर लाई देशको भन्दा महाअधिबेशन को चिन्ता छ साले भगुवा फुट,KP Oli
नेपालमा रहेकाहरू  धेरैजसो निम्न वौद्भीकता भएका भेँडाहरू झुण्ड हो । हावामा  कुद्छन । गाली गलोच र पर पीडामा रमाउँछन ।  यीनिहरूलाइ कुराको चुरो वुझाउन एकदम गार्हो छ ।,KP Oli
प्रचण्ड सग प्र मन्त्री आलाेपालो भन्ने बेला प्रचण्ड सेरे भन्दा ओलिनै ठिक भन्ने जमात थियो रबि अभियान्ता ज्ञानेन्द्रले त हामी साथ दिन्छौ भन्थे  बिस्लेसक डाक्टर हरु ओलि नै ठिक भन्थे  य्यहि भयर संसद बिगठन गरेकाे,KP Oli
राजाबादिलाई लाग्याे यति गरेसि राजा आउछ रास्वपालाई लाग्यो रबि छुट्छ प्रचण्डलाई लाग्याे मेरै पालो,KP Oli
Chhi chhi,KP Oli
केपि छिटो छोड पार्टी,KP Oli
Yasko mukh maa laamo kochnu parne.hoina kate ghamanda ho?,KP Oli
"ए तोरी पत्रुकार, कुरो सधारण छ, अहिलेको सरकार अबैधानिक हो भने ६२/६३ को आन्दोलन पछि बनेको सरकार पनि अबैधानिक होला नि।के देश त्यो भन्दा अगाडि लगेर पहिलेकै संविधान ल्याएर राजा ल्याउने?अच्चम छ, देशलाई अगाडि बढाउने सोछ राख्नु छैन आफू सहि अरु गलत भन्ने प्रबृतीले नै यो अवस्था आएको हो। जहाँ पनि खुरापत गर्ने कस्तो बिडम्बना हो?",KP Oli
सिंहदरबार जलाउने तोडफोड गर्ने कुत्ताहरू र हार्दिक श्रद्धाञ्जली यो घमण्डीलाई सत्ताबाट बाहिर फालौँ छिटो।,KP Oli
यिनको छोराछोरी भएको भए उनले पनि यिनको कुरा मन पराउने थिएनन् होला? अष्ट लक्ष्मी शाक्य ले कुन्नी?,KP Oli
Intervew of 🐵DAD &amp; SON 😎This interview is very bad in time.,KP Oli
Intervew of 🐵DAD &amp; SON This interview is very bad sad.,KP Oli
Both are Nonsence! Wahiyat gaf...,KP Oli
बाउ छाेरा भेट भएछ,KP Oli
Emale vanekai vrastachari parti ho 😂😂😂😂😂😂,KP Oli
Pressure kukar po adkinxa hola he ai😂😂😂,KP Oli
"जेन जी ले मात्रै २४ गतेको बिध्वंस भएको होइन रहेछ,जहाँ कंग्रेस ,एमाले ,माओवादी लगायत धेरै पार्टीका नेता कार्यकर्ताहरु संलग्न भएछन् भने सरकार  वा प्रतिपक्षका शीर्ष नेताहरूले आफ्नो कुनै गल्ती नै छैन भनेर लाजपचाउन मिल्दैन ।पहिले तीनकुने घटनामा एउटा निश्पक्ष स्वतन्त्र छानबिन आयोग बनाउनु पर्छ भन्दा पर्दैन भन्ने कंग्रेस एमालेको पूर्व सरकारले हालको सरकारले बनाएको छानबिन आयोगलाई अबैध भन्न लाज लाग्दैन  ?",KP Oli
भरस्टचारि चुपलाग,KP Oli
Kp oli jindabad vision vayeko neta salute cha.,KP Oli
यो द्रोही चोरको अनुहार हेर्न। मन छैन भन्छन् त ।,KP Oli
Hoina tyo cooker ma chai k pakako hau...vaisi Ko kutta ni ho ki k ho...10 city lagisako ta...ajai pakena😂😂😂,KP Oli
यस्तो घटिया मान्छे नेपालि राजनितिमा अर्को देखिन।,KP Oli
"Hatyara oli lai marnu parcha 😡😡Arajakta ko jad yehi fataha,",KP Oli
Rip kp,KP Oli
हैन यत्रो जलाउने थाहॅा थियो भने किन होसियार साथ protection तिर नलागेको त? तुरुन्तै सेनालाई Road मा २४ गत्तेको बिहान नै army किन नझारेको ? आफै भन्छ मलाई सुचाना नै भएन पनि भन्छ कस्ता भएर प्रधानमन्त्री बसे छ नी ?,KP Oli
Yo Kukhyaat Dalal Lootera deshdrohi hattyara Khate ukhane Bahadur paagal lai pakrau garna kina dhilaa 😅 ???????,KP Oli
Rasta ghati hattiyara kp oli bade rip rip,KP Oli
A chor vasta Dalal hattiyara oli madar chud yo sabai taile 4osal dekhe sikako hoina ra gunda ko Nike ta hosni main,KP Oli
Potato,KP Oli
"Hajar barsa ma yestu chutiya paida huncha, badluck Nepal ... U will shock in this election",KP Oli
बाको कुटि अर्को आन्दोलनको लागि तयार गरियोस 😅,KP Oli
gahan ra gambhir bhayera sabai nepali le sochnai parne ra bujhnai parne mahatwapurna kura garnu bhako xa kp oli le hola katipaye  jawaf chitta nabujhdo bhayepani samagra ma uha ek rastrabadi neta ho ra 23 ra 24 ko aandolan ko  sahara liyera aafno udeshye pura garna deshi bideshi shakti haru lageka hun kp oli lai villian banayer  kp oli sarkar dhalera sampurna jimma kp oli ma thoparera ra kp oli ra amale party lai sidhauna khojiyekai ho bhanne bujhinxa jasko lagi nirdosh zenz yuba haru ko ragat ko kholo bagaune batabaran srijana gariyekai ho bhanne nai bujhinxa,KP Oli
पत्रकार कथा सुन्दै हुनुहुन्छ,KP Oli
हत्यारा,KP Oli
"Oli should be held accountable for the deaths of young people during his tenure as Prime Minister.<br>It is deeply concerning that the media continues to offer him a platform to speak. Given his track record, he should be facing legal accountability, not media attention.<br>Oli’s actions during the protests—when young citizens tragically lost their lives due to police violence—warrant serious investigation. As the leader at that time, he must take responsibility.<br>His recent attempts to censor social media reflect a broader pattern: suppressing dissent, limiting freedom, and keeping the public uninformed. His approach appears rooted in outdated, authoritarian ideals. It is vital for a democratic society to hold such leaders accountable and uphold truth, transparency, and justice.",KP Oli
"मैले त्यो इन्टरभ्यू हेरेँ…<br><br>त्यो इन्टरभ्यूमा एउटा कुरा धेरै स्पष्ट देखिन्थ्यो—<br>पत्रकारको भूमिका प्रश्न गर्ने भन्दा पनि समर्थन गर्ने जस्तो देखिन्थ्यो।<br>कुनै पनि पत्रकारको पहिलो जिम्मेवारी हो:<br><br>✔️ प्रश्न गर्न<br>✔️ चुनौती दिन<br>✔️ सन्तुलित कुराकानी गर्न<br><br>तर यहाँ त सबै कुरा पहिले नै तयारी गरिएको स्क्रिप्ट जस्तो महसुस भयो।<br><br>पत्रकारको आवाज तटस्थ हुनुपर्नेमा,<br>यो इन्टरभ्यूमा पत्रकार नै एउटा पक्षको प्रचारक जस्तो लाग्यो।<br>यस्तो इन्टरभ्यूले जनता भ्रममा पार्छ,<br>किनकि मिडियाको मूल्य नै स्वतन्त्र र निष्पक्ष हो।<br><br>र यस्तो घटनाले केही ठूलो समस्या देखाउँछ:<br>नेपालमा मिडिया र नेता बीचको दूरी घट्दै गएको छ।<br>पत्रकारले सत्ता होइन, सवालको पक्षमा उभिनु पर्छ।<br>इन्टरभ्यूले नेताको छवि बनाउने काम गर्नु हुँदैन,<br>जनताको आवाज प्रतिबिम्बित गर्नुपर्छ।<br><br>अन्त्यमा एउटै कुरा:<br><br>पत्रकारिता प्रश्न सोध्नु हो, प्रशंसा होइन।<br>इन्टरभ्यू संवाद हुनुपर्छ, स्क्रिप्ट होइन।",KP Oli
"Na cheteko vaneko yei ho <br><a href=""https://www.youtube.com/watch?v=1qhQ4BPE9No&amp;t=4588"">1:16:28</a>",KP Oli
पत्रकार  गतिलो भएना,KP Oli
"आन्दोलन  हाईज्याक भयो भन्छन, फेरी बालबालिका युवाहरुलाई गोली टाउकोमा ताकी ताकी किन हानेको ? मर्न त हाईज्याक गर्नेहरु मर्नुपर्ने होईनर? यो त ओलीजीको कुन्ठा र असफलताको पराकाष्ट लाग्यो ।",KP Oli
Yo Mula patrukar raixa qst sodhana ni darai darsai has era sodherako cha,KP Oli
dislike kti aayo hern millne banaunu paro ....waha gaphadi.......ukhan tukkka....kin ahile  samm jiudo x yo.....80 jana marne lai kohi t maree diu n.....,KP Oli
Jocker😂,KP Oli
Kp ba sahi neta hun,KP Oli
KP Oli Go Back from uml party. Crupted and criminal . Plzz arrest to kp oli as soon as possible.,KP Oli
Gunduma basera gundagardi garnapani ramraihola ta?,KP Oli
Kp,KP Oli
He is mentally sick.,KP Oli
फन्टुस तर्क नगरौ न हो! यत्रो powerful PM भएको मान्छे!,KP Oli
I love you kp baa ❣️❣️,KP Oli
Yesto kukur lae  interview lene kasto patrukar?,KP Oli
महान नेता केपी ओली जिन्दाबाद,KP Oli
Good kp Oli,KP Oli
je hos euta samajik sanjal niyaman tarika janena bhaneko baye. ..kuro gatlagdo chha,KP Oli
हत्यारा badi bolxas jatha,KP Oli
Marni bela hariyo bas,KP Oli
Desh nai sohaa parne pani pradhan mantri hunxa😂,KP Oli
गरिब जनताको पसिना बगाएको पैसाको खाएर मौलाएको केपी ओली आजभोलि आफ्नै पैसाले खानुपरेको छ। चेरा परिवर्तन भइसक्यो गरिब जनताको चुसेर खाएको रगत बिस्तारै विस्तारै निस्किँदैछ,KP Oli
यस्ता मुझे नेताको इन्टरभ्यु लिनुभन्दा गरिब जनताको इन्टरभिउ लिनु राम्रो होला जस्तो लाग्छ।,KP Oli
नेपालीहरुले चिन्न नसकेको हिरा केपी हुन् 🙏,KP Oli
Nepal’s only visionary and witty leader: kp oli,KP Oli
तिमिहरुले देशै लुटेर खाने जनताको खुन चुसेर खाने जनताको हत्या गर्नेहरु चाहिँ क्रान्तिकारी हुन सक्ने स्याऊ सुन्तला चोरेर खाने चाहिँ क्रान्तिकारी नभएर अपराधि हुने??,KP Oli
Long live kp baa ❤❤,KP Oli
सेरेलाई गर्नु पर्ने भौतिक र शारीरिक लात त यसलाई गर्नु पर्ने गल्ति गरेको हो के केटाहरुले,KP Oli
Yo muji media kp ko jhole ho,KP Oli
गोदि मिडीया 😅😂😂,KP Oli
"&quot;निर्णायक राष्ट्रिय शक्ति निर्माणको संकल्प : समृद्ध नेपाल र सुखी नेपाली हाम्रो गन्तव्य&quot;<br><br><br>देशलाई अगाडि बढाउने, स्वाभिमान उठाउने र राष्ट्रिय हितलाई सर्वोपरि राख्ने शक्ति आज आवश्यक छ। यही संकल्पसहित नेकपा एमालेले ११ औँ राष्ट्रिय महाधिवेशनमा समृद्ध नेपाल, सुखी नेपाली को मार्गचित्र कोरेको छ—कागजमा होइन, व्यवहारमा।<br><br>तर देश विकासको बाटो हिँडिरहँदा भदौ २३–२४ गते  GenZ नामको नारा लगाएर केही नक्कली GenZ नकावधारि विदेशी दलाल–शरणार्थीहरूले<br>सिंहदरबारदेखि सर्वोच्च अदालत, राष्ट्रपति कार्यालयदेखि सरकारी संरचना र ब्यक्तिगत सम्पत्ति <br>जलाउने, तोडफोड गर्ने,<br>लुटपाटको संस्कृति ल्याउने<br>दुई दिनको नाङ्गो खेल देखाए।<br><br>व्यंग्य त के भन्नु —<br>त्यतिबेला &quot;कानुन–कानुन&quot; भन्ने शुसिला कार्की सरकार आजसम्म पनि ती अपराधीलाई कानुनी दायरामा तान्न नसकेर उनीहरूलाई अझै शिर ठाडो बनाएर हिडाउन व्यस्त छ!<br>यो हो हाम्रो न्यायको विडम्बना।<br><br>यद्यपि नेपाली जनताले यस्ता नाटक धेरै देखें।<br>देश चलाउने जिम्मेवारी लिनेलाई जनताले कामको आधारमा हेरिरहेका छन्—<br>त्यही कारण केपी शर्मा ओली प्रति आज पनि विश्वास उस्तै छ।<br>किनकि उनका काम बोल्छन्—<br><br>• कोरोना महामारीमै निजामतीदेखि स्वास्थ्य संरचना विस्तार<br>• प्रत्येक स्थानीय तहमा अस्पताल, पूर्वाधार र सडक विकास<br>• तुइन मुक्त नेपाल अभियान<br>• राष्ट्रिय गौरवका आयोजना अघि बढाउने साहस<br>• विद्युतीय उत्पादन, रेल, जलस्रोत र डिजिटल नेपालतर्फ ठोस कदम<br>• राष्ट्रिय स्वाभिमानमा सम्झौता नगर्ने दृढता<br><br>यी कामले एमालेलाई एउटा नारा मात्र होइन—<br>निर्णायक राष्ट्रिय शक्ति को रुपमा उभ्याइरहेको छ।<br><br>आज प्रश्न उठ्छ—<br>देश जलाउनेहरू किन अझै स्वतन्त्र?<br>देश बनाउनेहरू किन सधैँ निशानामा?<br><br>उत्तर सरल छ :<br>राष्ट्रिय शक्तिलाई लक्ष्य बनाउनेहरू बाहिर–भित्र दुवै खाले छन्।<br>तर जनताले मनमा राखेको दिशा स्पष्ट छ—<br>विकास, स्थिरता, स्वाभिमान।<br><br>त्यही भएर —<br>समृद्ध नेपाल, सुखी नेपाली<br>अब केवल नारा होइन,<br>नयाँ पुस्तादेखि पुराना पुस्तासम्मको साझा राष्ट्रिय आकांक्षा हो।<br><br>-नेकपा एमाले जिन्दावाद ।।",KP Oli
डेमोक्रेसिमा सबै हुनु तर सुसिला कार्कि जस्तो प्रधानमन्त्री नहुनु😅😅😅😅😅,KP Oli
Jenji le kehi huana Pani ko Pani ho Pani boknere aaja aayra teshto😢😢😢😢,KP Oli
Juna jogi aaya Pani kanchireko kp oli Lai bichar garnu parcha hoiii,KP Oli
Yo patrukar oli ko jhole ho,KP Oli
देशमा यी जनताबाट तिरस्कृतहरुको राम्रो सुशासन ल्याएको भए देशले क्षती व्यहोर्दैन थियो।,KP Oli
Muji pata papi buda,KP Oli
🙏🙏🙏💞💞,KP Oli
❤❤❤❤,KP Oli
"तिम्रो मुस्कान हेर्दा, मौसमले नै आफ्नो रंग फेर्छ,<br>मौन रातहरू पनि अचानक कविता बन्छन्।<br>ओली, तिम्रो नजरमा एउटा यस्तो जादू छ—<br>जहाँ पुग्नासाथ मनका सबै तुफान हराउँछन्।<br><br>तिमी बोल्दा हावाले पनि सुनिन्छु भन्न खोज्छ,<br>शब्दहरू तिमी वरिपरि फूलझैँ झर्छन्।<br>नजिक हुँदा एउटा अनौठो धड्कन चल्छ—<br>जसले भन्छ, “यही नै हो हृदयले खोजेको स्पर्श।”<br><br>तिमी टाढा हँुदा पनि, मन भने नटाढिने,<br>तिम्रो यादले रातभर बत्तीझैँ बलिरहन्छ।<br>जस्तै कुनै सुरक्षित काख—<br>जसमा हृदयले आफूलाई शान्त भएर हराइदिन्छ।<br><br>तिमीलाई हेरेर म बुझ्छु,<br>प्रेम शब्दमा होइन—<br>कसैको उपस्थितिले<br>जीवन नै न्यानो हुने रहेछ।",KP Oli
बृद्धवालक,KP Oli
"&quot;त्यत्रो ७० जना मरेपछि २३ गते नै राजीनामा दिएको भए, भोलिपल्ट त्यो घटना हुँदैन थियो। २३ गतेको मात्र होइन, २४ गतेको घटनाको सम्पूर्ण जिम्मेवार पनि केपी नै हुन्, बुझिस् कुकुर! त्यत्रो मान्छे मर्दा पनि बालुवाटारमा मस्ती गरेर बसेको नतिजा होइन र यो? यो कुरा जोकसैले बुझेको छ। केपी सरकारले त्यत्रो मान्छे मारेपछि भोलिपल्ट त्यसको नतिजा देखिन्छ भन्ने कुरा स्पष्ट थियो। यसको जिम्मा लिने मात्र होइन, ओलीलाई त &#39;इन्काउन्टर&#39; नै गरिदिनुपर्छ, नत्र यिनलाई ज्ञान आउँदैन।&quot;",KP Oli
"राम्रो काम को जस आफुले लिने , दोष जति अरुलाई बोकाउने केपी ओली को पुरानै रोग हो निको कहिल्यै हुँदैन।",KP Oli
"Congress chai chuikka boldo Rainxa ...j kurama...pani chor parti raixa , ma congress thiya aba haina",KP Oli
"KP Ba You are great leader, go ahead we always with you.",KP Oli
Worthless interview,KP Oli
Raj sasta is most important in nepal,KP Oli
K khaalko patrukaar ho yo? Guff gareko ho ki interview liyeko hos????? Kina question garnu nasakeko?????,KP Oli
"यि पत्रकार पार्टीको दासहरुले जनताको प्रस्न गर्छन भन्ने भ्रममा नपरौ,यिनीहरुले त यिनीहरुको मालिकलाइ जनताको नजरमा छारोहालेर चोख्याउना ल्याएका हुन्,तर तिमीहरूको दाल गर्ने वाला छैना,अस्ती भर्खर काङ्ग्रेसको नेता सुनील शर्माले सार्वजनिक सुनुवाइमा भनेको छ कि सबै न्यायलयमा काङ्ग्रेस,एमालेको बफादार माहा झोले हनुमानहरुलाइ न्यायाधीश बनायको छ भनेर अनी यो पार्टी को भन्दा अरुले न्याय पाउछ??? थोरै सम्मान चाहाने भय अब कति बाच्छौ घरमा आरम गरेर बस थोरै भयपनी पाप कट्टी हुन्छ।",KP Oli
"एउटा कथा पढेको थिय मैले,जस्मा दुइजना नेता हुन्छन,एकजना पढेलेखेको बुद्धिजीवी हुन्छ र अर्का माहा मुर्ख हुन्छ,पढेलेखेको ले भन्छ मलाई नेता बनाउ म सबैलाई लुट्ना,भ्रष्टाचार गर्ने सबै अपराध गर्न छुट दिन्छु र अर्का बुद्धिजीवीले भन्छ मलाई जिताउ म तिमीहरूलाइ क्षमता अनुसार काम दिन्छु तर सबै लुटेराले मुर्खलाइ जितायछन्,त्यो मुर्ख केपी ओली हो,,,न यस्को पढाइ लेखाइ छ,न स्वास्थ्य राम्रो न उमेर छ,न भविष्यको चिन्ता छ,अपुतालीलाइ केको मतलब? न यो राम्रो संस्कारमा हुर्केको हो,अनपढ,गवार,बुद्धि विवेकहीन,बृद्वा,हत्यारा,अपराधीले देशको बिकास जनताको हित गर्नु र गोरु ब्याउनु एउटै हो,यस्लाइ साथ दिने सबै लुटेरा,भ्रष्ट,अपराधी,बलत्कारी,माहा मुर्ख,दृशद्रोहीहरु हुन्,जुन व्याबाहारमा छर्लङ्ग छ।",KP Oli
"Jhole patrakar ,",KP Oli
Oli ba tapaiko jun sukai interview heryo jhan janta aakrosit hunxan itehaas kai jhur pm maa ganenu hunxa,KP Oli
Long live KP Oli 🤘,KP Oli
Great leader❤,KP Oli
केपी बा I love yo धेरै राम्रो लाग्यो यो अन्तरवार्ता,KP Oli
Does Ex-Prime Minister Khadga Prasad Oli think that the vicious cycle of the institutionalized bribery at every agency of the state was constitutional according to the constitution of the federal republic of Nepal ?,KP Oli
He is a great leader,KP Oli
नेपाल र नेपालीको सुन्दर भविष्य निर्माण गर्ने एक राष्ट्रनाय के पी ओली।,KP Oli
कानुन सबै तिमिगरुको कब्जामा छ के कानुनि उपचार खोज्नु,KP Oli
ठिक त केपी ओली रैछन्। केपीको बहिर्गमन पछि विदेशी चलखेलले प्रमाणित भयो। केपी आउ देश बचाउ।❤❤❤,KP Oli
oli lai tel lagauna gaako ki interview lina gako?,KP Oli
kp ba jindabad❤❤❤❤,KP Oli
"<a href=""https://www.youtube.com/watch?v=1qhQ4BPE9No&amp;t=3213"">53:33</a>",KP Oli
"<a href=""https://www.youtube.com/watch?v=1qhQ4BPE9No&amp;t=2636"">43:56</a>",KP Oli
आतंककारी हुन साला चोर हरु यिनिहरु लाई जेल कोच्नु पर्छ ।,KP Oli
Dalal patrakarita,KP Oli
Aba ta chor lai nai marnu parne,KP Oli
Chor rip,KP Oli
केपी बा बाचुन्जेल एमाले पार्टी जिवित हुन्छ ❤❤,KP Oli
Kp oli ❤❤,KP Oli
"भदौ। २३ ,२४ को रगत को होली कस्ले  खेलेको, निर्दोष बिधार्थी  कस्ले मारेको ,यस्तो नर्सहार कस्ले  गर्न सक्छ बिचार गर्नु होस, छानबिन समिति बनेको छ,छान बिन गर्छ  होला ,तर दिमाग लगाउनुस त यो अपराध, लुटपाट, भाटभटेनी माथि  तारगेट , लुटपाट, जेन्जी हत्या, प्रहरी हत्या कस्ले गर्न सक्छ, त्यो काहालीलाग्दो, हत्या कस्ले गर्न सक्छ, सोच्दै जानु,को होला त्यो अपराधी,। यो काम जस्ले गरेको छ त्यो मान्छे रगत खाने ले मात्र गर्न सक्छ, हजारौं मान्छे को रगत खाने ले मात्र गर्न सक्छ,त्यो मान्छे साधारण मान्छे होईन, जस्ले निर्दोष,जनता मार्यो, निर्दोष को रगत खायो, देश खरानी बनायो, परिबार छिन्न भिन्न बनायो , देश को भौतिक सम्पत्ति खरानी बनायो, उस्बेला गर्न  नसकेको  काम अहीले  गरेर देखायो । उसैले २३,२४ को घटना गरायो,।उस्बेला गर्न नसकेको काम गरायो, जस्तै सिंहदरवार जलाउन उहिले सकेन अहीले जलायो, अदालत बाँकी थियो जल्न अहीले जलायो, देश को राजधानी बाँकी थियो जल्नरगत अहीले जलायो, जिल्ला जलायो, अंन्चल जलायो, मिडिया हाउस जलायो,जल्न बाँकी सबै जलायो,  जनता, लाई पार्टी, लाई सेना, प्रहरी,झुक्याउन सफल भयो । उ आफै   सेना को सरणमा लुक्यो, तेती पनी नबुझ्ने , बुझेर पनी बुझ्पचाउने अहीले का लोभिपापी हरू ,पत्रुकार हरू सुरक्षा कर्मी हरू धन्न तिमी हरू । अब त बुझ , देश को लागी बुझ , जनता को लागी बुझ, त्यसलाई जनताको अगाडि ल्याएर झुन्ड्याउने काम गर।",KP Oli
जनता का नेता नेपालीका भविष्य राज नेता के पि ओलि,KP Oli
यो सही कुरा हो। छेपारो ले गरेको छ १००%<br>छेपारो 🦎 Raw को इसारामा चल्ने प्राणी हो।<br>यो लुटपाट र आगजनी गर्न सबै मावोवादी हुन्<br>आगजनी गर्ने माओवादीका को कार्यकता हुन सबै<br><br><br>Love you kb baa,KP Oli
नेपाल मा कानुनी उपचार सर्बसाधारण को पहुँच मा छैन।किनकी न्यायमुर्ती हरु दलको कोटामा नियुक्त छ्न।,KP Oli
RIP OLI the terrorist murderer..,KP Oli
भ्रष्टाचार विरुद्धमा आन्दोलन गरेका विद्यार्थीलाई टाउकोमा ताकेर गोली हान्ने जस्तो घृणित काम अरु केही पनि हुन सक्दैन। निष्पक्ष छानबिन हुनुपर्छ। हत्यारालाई कुनै पनि हालतमा छोड्नु हुँदैन।,KP Oli
Yo chor ho,KP Oli
सिपाहिले  बिना आदेश गोलि चलाउदैन।किन भने त्यो संगठन सिस्टम र कमान्ड कन्ट्रोल ले चल्छ।,KP Oli
नेपाल ओलीका बाउको बिर्ता हो र ?,KP Oli
Terrorist,KP Oli
Murderer,KP Oli
सभ्य र सालिन संवाद🙏🙏,KP Oli
Yesto pani patrakar toit,KP Oli
Gafadi ukhane,KP Oli
Pagal oli tukke,KP Oli
Thoit,KP Oli
एमाोले रहने हेा भने येा वुडेा जानुपर्छ,KP Oli
KP baa iloveyou,KP Oli
Kutarka matra garchha ta,KP Oli
❤❤❤,KP Oli
"एक मात्र आशा आगामी चुनाव बाट। यसपालीको चुनावमा कुनै दल ले मासुभात, पेट्रोल तथा नोट वितरण भएन। जित हार जो कोही जिते नि त्यति आशालाग्दो नहुन सक्छ ।",KP Oli
रास्ट्र्वादी नेता के पि ओलि ❤❤❤,KP Oli
कुर्सी अली सानो भो की प्रभु ?,KP Oli
yasta maanxe lai media maa nalyaau,KP Oli
kasto hawa 8 class fail chor raixa KP OLi...Pahila goli chalera maanxe mareko kaaranle hoo testo aago laageko. Aago lagera hoina goli chaleko. Janata lai goli haanesi desh maa aago nalaagera k laagxa ta? Janata lai goli haaneko kura chai gardaina...khaali aago aago vaniraaxa. Janata lai Real goli haanesi aago laagxa desh maa jahilei yaad garess chor KP OLi.,KP Oli
Khali arule yesto garyo testo garyo matra vanxa aafule chahi k garyo vannu paryo ni<br> K view tawar banayera desh banxa,KP Oli
Sathaci arba ko galthi garni chai ko ni sun leaune ko,KP Oli
Rabi Lai kasari kudayao Yaad Gara To din haru Aba chai timi Pani kudxau......,KP Oli
Yo choar Lai kina liyaunu Paro,KP Oli
Yo sallla kp ley ukhan tukha ley matrw desh chalako rahicha vanne parmadit vyo 😅,KP Oli
Yo hatyara apradhi lai jogaune mission khorma nahali dis bandina.,KP Oli
आचि भन्दा बाहेक यस्को दिमाग म केही छैन हुन त  अब किडनि त आफ्नो छैन दिमाग काहा बाट हुनु😂😂😂😂😂😂😂,KP Oli
के पि चोर का के कुरा सुन्नु,KP Oli
Yo suita ko anuhar herda kukur ra chyal jastolagchha,KP Oli
सस्कार बिना काे प्रस्न येा नेपाल<br>हाम्रेा हाेइन केपि मात्र हाे भन्ने हिसाव ले,KP Oli
रविका झाेले  जस्ताे बाेलेर के<br>सेाधे काे येा धमाला ले,KP Oli
उखान दीये पछि हासने नेताहरूलाई के भन्छ राम राम।,KP Oli
रबि लाई थुनेर ओली ले गुन्डु मा बस्ने मौका पाए।,KP Oli
Chor radiko xoro kp,KP Oli
याे मुजिले २०८२| ५ | २३ २४ काे आन्दोलन अगाडि जे जस्तो सानो तिनाे भ्रष्टाचार गरे पनि २०८२|११|२१ काे चुनावमा बहुमत लिएर आए पनि भ्रष्टाचार गर्न नपाउनेभयो भनेर  एमालेको पत्तासाप हुने भयो केपी ओलिलाई कानुन नलाग्ने साेजाे जनतालाई कानुन लाग्ने देश चलाउने प्रधनमन्त्रिलाई कानुन नलाग्ने जय जेनजि नेपालकाे कानुन गरिब दुखि  र साेजाे जनतालाई जानुन छ जना नेताले नेपालकाे बजेट भ्रष्टाचार गर्न पाउन जय  <br>ग्रेटर नेपाल,KP Oli
Desh ka nirdos janta marne ahangkari ghamandi pagal budo,KP Oli
Sala  goro karung rail ghar ghar mas bhutwa,KP Oli
"Maanxche jasto bhaye pani Oli jasto bhrashta nahos , Oli ko paalaama samuchai administrative dhaacha nai bhrashta bhayeko xcha , desh barbaad huda pani jockey tukka sunaaune nikrishta charitra ko sarvesarva K.P. Oli 😅",KP Oli
76student.marna.paincha.kp.ji,KP Oli
खुबठुलाेकुरागरे््भनेकाेहाेला,KP Oli
भंडयाआेलिघमनडिकेभनछ,KP Oli
Desh lootuwa chor ho kp oli,KP Oli
"Yeslai ke KO realisation ho bhane Kura chai euta Kalo Kotha ma Layera hath khuta badera nagai Parera sisnu Pani le handai sodnuparcha  ani Bala ke KO realisation ho bhane sabai Kura bhancha ,talai Jyan mara chor fata",KP Oli
Digri padheko le question sodhna sakeko xina..8 pass vayeko lai xixixixixi.. hamro desh..!,KP Oli
मैले नैमेरै पार्टीका साथीहरुले गरेको काम राम्रो रामौ आफैं के भन्दै होइन अरुले भन्नु राम्रो हुन्छ भनेर मलाई चु हिडौ भनेर चुप्प लागेर बसेको तो त चिया खानु भनेर दिऐको थोरै रकम के कुरा गन्नुर,KP Oli
Iaj mardo,KP Oli
Jhole hari hase tara,KP Oli
Teso vaya loktantra mati part le vanako,KP Oli
केपी वली राडीछोरो माचिने चोर लाइ झुन्डा,KP Oli
यो बहुलाई  सङ्ग के सोधी राको    एस्को औकात छैन,KP Oli
Pakalamthu bahun,KP Oli
मा ठास्न्या केपी,KP Oli
एमराज कहाँ जानपनी ५मिनेट ढिलो भयो  क्यार होइन त्यस्तै भनेको सुनिएको थियो,KP Oli
Rip oli kikur,KP Oli
Arabou   khrabou   taile   khyeko   karanle   tyo   ghatna   gateko  ho   kambodiyama   rakheko   paisa   tero  baule  kamayeko ho,KP Oli
Patracarjyu   satte   kurako  satte   jawaf   kina   dedaina  jyanmarale  thttama  panchhau   yes  bare   hajur  harule  shahi  jawaf   napaye   samma   nachhodnu   hola  jyanmarasanga,KP Oli
Yaslai mati tyllai aaglagaunahau,KP Oli
Damalajiko parsnako jawap Kai mukma aaudaina budyskalma jyljanu parxavanyr honi jyl lagaunu ra jylbasnu parakxa dhxa kukurlai aani jawip didaina,KP Oli
Aapai cutoxa kybujnu kuro,KP Oli
Aysko shi kuro sunnalai giccukma hannuparxa,KP Oli
kp oli good,KP Oli
Ysako palama kamisan thiyoni tehivayra muda authena,KP Oli
एस्ता गुन्डा को कुरा सुनेर हुन्छ योत नेपाल बिकास हुननै चाहादैन,KP Oli
Unpaad ko udharan,KP Oli
Kam xaina kp reply dina nasakne,KP Oli
😂😂😂,KP Oli
"देशमा, लुटेरा, तस्कर, माफिया, भ्रष्ट, दलाल, बिचौलिया, पाल्ने चोरहरु को नाइके के पि ओली।",KP Oli
के पि ओली को upcoming हरफहरू <br>टोल टोलमा airport बनाउछु।<br>पैसा फल्ने रुख रोप्छु।<br>टुडिखेलमा तेलको कुँवा खन्नेछु।,KP Oli
ओलीत चोरै हो झोले हरू कसरी हासेको,KP Oli
"Namskar,hajur",KP Oli
याे केपी कहिले सुध्रिदैन है,KP Oli
Talai herne chai ko ta aafai vanta vrastachari desh bechera khane daka ta pradhan mantri huna yogya xas talaita asti nai marnu parne thiyo alikati 5 minute dhilo vako vaye hunthiyo tero sas tehi janthiyo ani tehi helicopterma talai jhundayera kunai jungle ma fyakdinu parthiyo tara aajai pani jantaharuko ris mareko xaina tyo kura chai hekka rakh taile feri alikati galti matra gareko thaha vayo vane yo pali chai talai turdikhelma lagera jhundahinxa herdaija daka chor,KP Oli
भ्रस्टाचार को छानबिन यस्ले बाचुन्जेल खोल्दैन,KP Oli
Kp chor😂,KP Oli
महेस बस्नेत उत्तराधिकारी छ त।,KP Oli
जबाफ दे न उखाने खाते,KP Oli
यहाँ भनदा कति जवाफ चाहिने हाेर?,KP Oli
मर्न नसकेको बुढो,KP Oli
सत्तामा बसेर देशमा आगो लगाउने यस्तो पनि नेता हुन्छ केपिको बोली सुन्यो कि दिमाग सन्किन्छ,KP Oli
जनताको गु खाने मन्त्री फटाहा,KP Oli
"<a href=""https://www.youtube.com/shorts/4-O8mekSB9c"">https://youtube.com/shorts/4-O8mekSB9c?si=dtnGYPwGzvIKdc9C</a>",KP Oli
Vadhi.  Janne.  Bhayar. Nai. Helicopter. Ma. Jhundinu. Pareko. Ho.   Hain. Ra,KP Oli
Kukur vukdei6,KP Oli
Kura Sunda pani kan ko rong thado vyo ho uff,KP Oli
Ram Ram Amale aba siddiyo,KP Oli
Jay shree hari jay nepal Aama,KP Oli
Tai vayera Nepal ma real gureko ho hahaha 😅,KP Oli
Ukhan tukka mai jindgi gayo jantalai kun disa tarfa lagaune thaha rahenaxa.,KP Oli
Kasle rokyo,KP Oli
Khadka oli jan mara gafadi pagal tera din gaya,KP Oli
थूक तेरे ज़िन्दगी नेपाली लाई ऊखान टूका मै खैईश,KP Oli
kp aafno gard le marne chha,KP Oli
लुटेराको नाइके तइहो,KP Oli
Yo jatho kp pagal ho jpt bolxa,KP Oli
Jai Mato....Mato le matra Desh bachauncha ra banauncha,KP Oli
जुन मान्छेको अनुशासन बुद्धि नेत्रज्योति नै छैन उहीँ केपि ओलिका ठुला कुरा,KP Oli
Gafadi oli chor..Sabai Hawa.,KP Oli
🎉🎉🎉🎉,KP Oli
ऋषि धमला ले गर्नु भएको प्रश्न को जवाफ नै दिन न सकेर अन्तिम अन्तिम भनेर भाग्न खोज्दैछ ओलि चल्लाको ढेल पोलि,KP Oli
यलाई यहि बेला पछाडी बाट गोलि ठोक्न मिल्दैन भन्या😂,KP Oli
गफ गर्न मात्र सिपालु छ यो उखाने।,KP Oli
यो कोलि बौलायो क्याहो काम कुरो एकातिर कुम्लो बोकि थिमीतिर,KP Oli
risi sir le gajapko koesan sodno vho tar k p ko cak dhoyera hinne cakadi garne haru le hasoma udayo ni koesan thehi ho vhanera sakyo ghar kharca nacalne janatako karan le pani ho nepal sakkeko sudharma aaw janata,KP Oli
Jasta questions ko testai  jawaph rastra badhi neta good,KP Oli
Kp ba 🙏♥️👍🇳🇵,KP Oli
कुरा बुझ्दा 2 कार्यकाल खाएर गैजाउला सोचेर पहिला त्यो बिधान बनाउनु भए छ अनि किट्नी अलि कडै परेर अर्को कार्यालय पनि खान सकिन्छ भन्ने ठानेर उनले बिधान संशोधन गर्न सकिन्छ भन्दै भारत चीन आदि देशको उदाहरण दी 😂😂😂😂,KP Oli
त चोरले जति रङ्ग बदल्ने अरुको छर नेपाल मा थुक्क उखाने भष्टचारि रक्त पिपसु७६जानकलिलानानि को रगतखायर पनि नअघाउने चोर,KP Oli
Rabi ko chhoraa keboleko laajalaabaen,KP Oli
Ukhane ...... kahile politics bata vishram line ho. युवालाई पुस्तान्तरण गर्ने बेला भयो तर पनि अझै आफूलाई नै अध्यक्ष प्रधानमन्त्री खानु छ कहिले सुधार्ने हो आफूलाई,KP Oli
उखाने ले के जवाफ दिनु😂,KP Oli
😂😂😂😅😅😅,KP Oli
Yo pusta namari desbandaina,KP Oli
Dhamala ko ans yestai ho oli baa ?,KP Oli
मलाई त याे पापिहरुकाे जन्म भयाे अब देस र जनता खानेछ अब लाग्थ्याे बुडा बा आमा चाहिँ केपिले दिये हामिलाई भत्ता भनेर रमाउन बा आमा आज देख्दै हुनुहुन्छ सपना  भताले सता र नानि बाबू खायाे  आँखा अगाडि तेसैले कसैले केही दियाे भने किन र केकाे लागि दियाे भनेर पहिला गहिराई ले साेचौ,KP Oli
Aalu Aalu Aalu,KP Oli
Gafhadi KO  gafhee Chopilo,KP Oli
Kuhe KO  kaju,KP Oli
important.,KP Oli
Xixixi astale k desh chalaix,KP Oli
एस्तो दलाल लाई पनि  नेता मान्नुपर्ने नेपालीको भाग्य पनि कस्तो यार,KP Oli
Ho hamle PM banai sayau. Ta Mula Buda Nepal ko khattam hos. Talai ta jail ma rakni nai ho. Bolni dherai Kam 0000.  Aru ko kina chinta garya aafno Hera. Comedy garera desh vandai. Logic nai chaina yesle boleko. Yesle marya ho student.,KP Oli
"यदि नेपाल नभएको भए वा इस्लाम भएको त मुहम्मद ओली हुन्थेस, तलाई कोरा हानेर, वा घाँटी काटेर मारिएको हुन्थ्यो (हलाल)। झापामा त ले आफ्नो जग्गाधनी र ती ७८ जना बच्चाहरूलाई कसरी हत्या गरेको थिस? नेपालमा कुनै पनि ब्राह्मण मारिएन त्यसैले त बचाइएको छ र कुकुर जस्तै हिँडिरहेको छस? <br>पृथ्वीपथले यो देश बचाए, बचत गरियो आफ्नो पुर्खाको बाटो, पहिचानलाई माया गर्ने मानिसहरू बचाइएको छ,? विदेशीहरू, विदेशीहरूको कठपुतलीहरू, ईसाईहरू, मुस्लिमहरू, वामपन्थी/कम्युनिस्ट जे सुकै झुटा घृणा प्रचार, अफवाहहरू, घृणा कीर्तिपुरेको नाक काट्ने, राई, लिम्बूको हत्या गर्ने, हुम्ला, जुम्लाका महिलाहरूलाई बेच्ने, पर्वतका रानीहरू, २२,२४ राज्यहरू हराएका राजा रानीहरू ,छोरीहरूलाई बलात्कार गर्ने, सबै नक्कली घृणा हुन्, घृणा दासहरू जे सुकै भनून्, फस्टाउन, फहेलाउन उनी किराँत, गोपाल, लिच्छवि, खस, मैथिली युग पछिको आधुनिक नेपाल एकीकरणकर्ता हो? यो उत्तम हो किनभने यो पहिलो आधुनिक इतिहासको मानवीय सिद्धान्त हो, युरोपले पनि त्यो उत्कृष्ट सिद्धान्त विकास गरेको थिएन?<br><br>किन सबैले एकै समयमा लुकाउँछन्, नेपालको दक्षिण, उत्तर-पूर्व, दक्षिण-पश्चिम बौद्ध, हिन्दू, प्रकृतिपूजकहरूलाई के भइरहेको थियो, मुस्लिम, बेलायती, युरोपेलीहरूले आसम, नागाल्याण्ड, कलकत्ता, बिहार, मुम्बई, हैदराबाद, महाराष्ट्र, पञ्जाब, कश्मीर, लाहोर, अफगानिस्तान, तिब्बत, चिनियाँ प्रान्तमा चिनियाँ साम्राज्यहरूले के गरिरहेका थिए सबै लुकाउँछन्, युरोप, अमेरिका, अष्ट्रेलिया भित्र पनि के भइरहेको थियो? शत्रुको गतिविधि कसरी सुक्षमा हिसाब देख्छ र नेपाल र नेपालीलाई एकताबद्ध गर्ने आवश्यकतालाई,महत्वहीनता कसरी कार्यान्वयन गर्छ नेपाली जनताको लोप हुने समय कहिले हुनेछ,तब उनीहरूले बुझ्न सक्छन्?",KP Oli
😂😂😂dherai karaunu aab timi kashi jau atti vayo,KP Oli
Mother cud saiko budo,KP Oli
Yo budo chunap samma rahecha hola ra yesto pressure le kidney le kam garna chadcha hola eti nepali haruko ragat chusecha Kira parera flat huncha hola,KP Oli
तिमि के पी ओली तिम्रो र तिम्रो पार्टीको पत्ता साप हुने वाला छ हेर्दै जा चुनावमा,KP Oli
कुत्ता के पिल्ला कुत्ता होता हे शेर नहीं केपी तू कुत्ता के पिल्ला हे अपने के शेर समजते हे,KP Oli
Kati घमण्ड हो के,KP Oli
"Yo Chor, dalal, Hathiyara party ko din gayo? Ajhai churi fure gardai xa.<br>Aba yesta lai gaun ghar Tira aayo vane janta le vatta Hannu parxa.",KP Oli
Lado MA sala,KP Oli
Aba yobuda loyal hunx,KP Oli
Pura neta pura party sab lai bidae garnu jaruri x nepal 🇳🇵🇳🇵🇳🇵🇳🇵ma neta harule lutia ko des nepal ho sara nepali le yo kura bujnu jaruri x,KP Oli
Timi kahile morchhau,KP Oli
Ta kip chor 70/80 jana marera pugen yas lai goli hanu parxa,KP Oli
Ghamandako parakastha,KP Oli
Aba dherai tukka nadiya hunchha kple,KP Oli
😅😅😅😅,KP Oli
Sakieo ho sakieo aba gafi baaa KO guff,KP Oli
"Oli Kai boli le emale sakine vo . Kasto damv ,ghamanda xi k sunnu.",KP Oli
Hitalar papi hos oli,KP Oli
येस्ता हत्यारा बाघ रे तेरिमा भ्रष्टाचार को नाइके तैले बोल्दा ताली बजाउनी ती नेपाली होइनन् कि तिन्का बच्चा त्यो जेन्जी आन्दोलन मा ज्यान गुमायेका छैनन् ज्यान गुमायेका भये ताली बजाउदेन्थे तेरि मा जोकर बिशाल रे तेरो घमण्ड अझै गाको छैन है त राक्षस होस मान्छे होइनस हेरदै जा तेरो तालु बाट पसिना आउँछ तेरो भ्रष्टाचार ले जनता पिल्सिय्को हुनाले आगो लगायेको हो अझै येस्तै बोल्दै गरिस भनी कुन दिन जेन्जी ले मान्छे लाई आगो लगाउछ्न हेरदै जा,KP Oli
😆😆😆,KP Oli
sala,KP Oli
Hahahahahaha,KP Oli
Hoina oliko Mukh ta chaladai xa ta khutta Matrai po nachalera hola aayogma bayan dinu nagako? Aba yo mukh pani kati din challa ra?,KP Oli
केपी बा अब तपाईंका दिन गए अब जति तपाईंले ढाटे पनि जनताले पत्याउँदैन,KP Oli
"जुन दिन हतकडी लगाऐर चन्द्रगडीको कारागार मा केपी सवारी भऐको दिन हेर्न आतुर😂 <br>समय धेरै छैन, बुडाको फुरफुर र घमन्डको अन्तिम बिदाई,<br>तेती खेर सबै मिडीयाहरुले कभर गरेको हुनुपरेउ है। 🤝",KP Oli
23 ko kurai gardaina sala chorle 24dekheko x kali,KP Oli
Testa ko ni k kura garnu aatankakari,KP Oli
2 zivrea KP oli hattyra,KP Oli
Ta muji 36 sal samma ka the eesa yar pagal taro napal banauena bechara x ke xaina,KP Oli
Nakato,KP Oli
यो बुढेसकालमा राम नाम गाएर बस बाजे ् एकदिनमर्न  नै पर्छ किन देसका युवाहरूसंग जोरकातोड गर्छौ ?,KP Oli
कतिको हिम्मत छ हेरु एकलै लद्छ कि गठ बन्धन  मा जान्छ आगोमा सलाइ कोर्ने  आफै,KP Oli
"जनताले त बनाइसके ,के गर्छौ त अपराधी, भ्रष्टाचारी, ज्यान मारा,यस्ताको कुरा सुनेर तालि बजाउने पुच्छर देख्दा दिग्दार लाग्छ",KP Oli
जिम्मेवार पदमा बसेर जनता मारेर मैले हैन अझै लाज लागदैन,KP Oli
मरनेबेला  हरियो  काँक्रो  अोली बुढो    ३०  ३५  बर्षा    के  गर्यो  ३  ४  पटक   मन्त्री   बनेर,KP Oli
Thukkaa bhrastachari chorr haraam khorr desh ra jantako lagi gaddari xexe xexe tero anuhar herdai. purai sarir..ko ragat umlinxa,KP Oli
Zen z Lai jasari goli hanera mare talai Pani kanchetma goli thoknu parxa sala hatyara radiko ban,KP Oli
"आफुले गठन बन्धन गर्दा  मिल्दा भने कुखुरा बाख्रा संग को मिलन नहुने अरुले गर्दा भने आत्तयर यतिको डाड किन गर्नु , महासय ?",KP Oli
यो झोले हरुको 👏👏👏 थुक्का,KP Oli
जनता साथ मा छैन ! 10/20 जना आउरे बाउरे को साथ मा बेतुके टुक्का हान्यो बस्यो 🎉🎉🎉🎉 काम गर्ने लाइ पनि भुलाउदै छ ! बिचरा जेन्जि को हत्यारा त गयो बरै लै लै !!,KP Oli
Haha oli baa ko dimagle kaam garn xodo aba😂😂,KP Oli
Ta muji chor ko Pura kasla sunca jhapa ma aaija,KP Oli
हाँसौ,KP Oli
Kuro Chae ramrae garyo yo khate le pani sabae Vanda thulo 2 dalmildaramro aaru milda baulayo,KP Oli
त चोरको दिन सकियो अब २०८३ मा पकै पनि केपि पर्च्न्ड सेरे जेल्मा 100% ठोक्वा,KP Oli
कार्यक्रम पछि प्रसारण समाप्त 😅,KP Oli
😅,KP Oli
अहिले हासो र मजाकको टिका र टिप्पणी गर्नु तपाईको बहसमा छ बा तर २ मैना पछी कृतीपूरको गगन जीको डाडोमा बसेर उडायो सवै सपना हुरीले गित गाएर वस्तु होला😂😂,KP Oli
"ताली बजाउने कति जना होलान।१५,२० जना होला।सुन्ने र ताली बजाउने मान्छे हरु देखाउनु पर्‍यो।",KP Oli
Manxe ta Really  kura garne ho...bujdai jada gahiro...xa ......,KP Oli
tero patta saph hunxa,KP Oli
थुइक्क यस्तो हत्यारा चोर भ्रस्टचारी बोल्दा नि ताली ठोक्ने हातहरु किन कुहियर नझरेका होलान थुइक्क नेपाली हो 1 छाक मासु भात मा बिक्ने वाला अलि कती सोच बदल तिमिले त देस बनेको देख्न पायानौ आफ्नो आउने पुस्ताले त हाम्रो देस भन्ने गर्भ गरून् तेस्ता नेता चुन मासु भात हरु,KP Oli
Let&#39;s see 👍,KP Oli
Yesta ko kura diner tali Marne vaneka kasta holan,KP Oli
तेरो दिन गयो हत्यारा अझै भुक्दैछ पापि,KP Oli
"Balla talla jyan bachayera vagne vagoda Bagh re ukhane le tukka lei sakiyo desh chor,dalal  papi oli😡😡😡",KP Oli
तँ तेरि माकि चुत रण्डिकाे छाेराे,KP Oli
Churifuri nagar baje sakinxan timra din ab,KP Oli
Aba vot hoina lati kanxas aba tahile ta,KP Oli
Taro pata saf hunxa hardai gar sala chor kukur 😡😡😡,KP Oli
Taro pata saf hunxa hardai gar,KP Oli
Ta marrna,KP Oli
"KP OLI LAI FASI KO SAJA DINU PARXA, HE IS THE VICTIM OF GENZ DEAD CASE.",KP Oli
"मान्छे चाहिँ देखिदैन त??!अहिले ओलिले तेस्तै गर्दै छ रे भन्ने समाचार छ।घर कम्पाउन्ड भित्र कार्यक्रम गर्ने र स्रोता नदेखाउने,दुई चार जनाले ताली बजाउन लगाउने र हल्ला गर्ने ठुलो कार्यक्रम गरेको धेरै  जनता आएको जस्तो भ्रम बनाउने।",KP Oli
Tr vrateharulai nasta garna vyana teams dukhixu ju ju vasanle matryai hudaina 😂😂😂😂😂😂😂😂😂😂😂😂😂😂.        😢😮,KP Oli
केछ झाेले हाे अज पनि मासु भात😂😂,KP Oli
Hawa chatake mukhma ram 2 bagalima xura,KP Oli
Mc tyo aandolan ma tero nati xora xori ko mritu vako vaye. ksto feel garthis...socheko xas,KP Oli
खेलौनाहरु खेल।,KP Oli
Aajw yo din tmiharu ley garda vako vako ho Nepal banaunw sakni vaye etro barsha luterw basdainw sabai becherw khaisakyo ajai janta laai jhuto aas dhekhaudai xa,KP Oli
जति सकतिसलि भयरनि पुलिस ले छाठि दिय खतम,KP Oli
"Hali Gothala haru Le jimmewari Lidainan sabai dosh Goru ,bastu Lai dinchhan .",KP Oli
Kaile morcha yo...hatiyara 😂😂feri sweet bhasan dedy cha ..ufff thake ho 😂😂😂..desh ramro istethe mai cha,KP Oli
Good,KP Oli
Good come back..KP ji..please now do something better and make history 🙏👍,KP Oli
माधर्चोद रिप रिप रिप रिप रिप केपि रिप रिप रिप रिप रिप रिप रिप रिप रिप रिप,KP Oli
यो भ्रष्टाचारी को नाईके उखानेको गु खानि कुकुर हरु को पारा हेरन नेपाली जनताहो 😅😅😅😂😂,KP Oli
"पार्टीका उपाध्यक्ष ज्यूहरु उपस्थित हुनुभएन कि क्याहो, सम्बोधन गर्दा एकैचोटी &quot;पार्टीका महासचिव ज्यू&quot; भनेको सुनियो !?🤔",KP Oli
धेेर रमराे भयाे,KP Oli
Sala kukur daka choor vrasta janmara kutta,KP Oli
Purana neta thyagau naya lai rojau. Aba e  purana netale desh banauxan bhannu ra saade ko khoi ke jharxa ra syal le khanxu bhanejastai ho sathi ho. Tesaile belamai buddhi purau.,KP Oli
Kp ba mawobadi ra anaya parti ka sathi haru lai  aauna aatur hunuhunaxa aahawan garnu hola..,KP Oli
अब तलाई जलाउनु छ,KP Oli
थुकना नालाय भतुवा हरु।,KP Oli
Hatyara varastachary dalal fataha  kp olii  lagayat sabai varastchari haru lai jail hunnu jarury chha,KP Oli
Kidney fel bhayeka marna nasakeka😂😂😂,KP Oli
ए   सेकेन्द   नेताहो   यसै को  बोलि  सुनी  र     पछि  लाग्ने   कि    यो  मोर्दा  को   दिन   कोले   अग्ग्दी   बधौला   कसैले  वाद  बिबाद  गर्दै  नौ  के  पि   ले  जे  ब्प्ल्छ  तेसैमा  ताली  बजाउने  ।।थुइक्क   ।।।पाजी    पाजी।।।।।हो  थुइक्क।।।,KP Oli
सार्वभौमसत्ता राष्ट-राष्ट्रियतामा भनेरअ लेखिदीएकाेभयए खाेलानुहायएर कमन्डलुबाेकेरअ कुटिझुपराझापराे टहराे बााशहुन्थ्याे आगाेतअलाऊनुपर्दैनथ्याे हाेलानीिंँ।-Gen-zZ,KP Oli
उखाँने लाई टाइम पास गफ बाहेक केही आउँदैन बिचरा,KP Oli
राजनितिकाे पनि कुनै भरसाे हुदाे रहेनछ जनताले चाहेमा सबै लाेकताउने रहेछन केकार रहेछ   जतिसक्ति सालि भयपनि पुलिसले हात  झिकिदियसि खेल खतम🎉,KP Oli
Kp oli budo vayo yesko dimag khuskiyo kidni ferne bela vayo,KP Oli
Rando ta  rando bhayo bhayo aaru sabei rando bhayera muluk Lai rando banaune ukhane 🦠🖕tero gumale thuikka 🦠🦟💩🐖🐏 agadi pare tero khopadi Bata gidi nikalera tehi gidiko tero kuttalai Tika lagayera morne man xa bujirakh 🐖🐖🐖🐖🐖💩🦟🦠🖕ramrajjyeko kura garna tero rando aaukatle na Milla vik mag Indian sanga Malai ghumne rahar Pura garde ma tero pauko jalpani khanxu bhanera Yeo sarkar le ki yes Lai karbhai gar natra Malai gar namarda sarkar chaideina natra Karantiko paribhasha sikauna na paros teriaamako kaput khadge rando Sala bhanchoo bhanna chaye darle kamera kina runxa hijo nihatyha yek jana marda 14 barsha basne aja tero ijaat ta lilam garis bancheka aaruko k bijok banauxax yesko kurama Tali thokne sab yehi randako banharuko Palo kuri bas thuikka Khana payo bhandeima gu khane kaput tero khatepate Hun bhushidike aaulat haru amale 🦠🖕🖕🖕🦠🦠🦠🦠🦠🦟🦟💩💩💩💩,KP Oli
Fuck up kp rando tero bauaamako banssha dhanna na sakne bhanxa tan kaputlai Yeo Des khel khelne thalo banako yesko parama thuikka hijo aathraibata aato dhindo Khana na payeko kutta aahile yekxak kalho ko lagi bhukirako xa aaru paxi lagnelai tehi kalho Pani Milne waka xaina thuikka 💩🐏🐖🐈🐕,KP Oli
Kp ko loka tantra ra amale ko boka tantrama samel hunejati yeta Des bhandma jaye ham fir wapash Aaye ka nara lagayne aawastha yr yehi halko sarkarle gareko xa jail ma hune kutta railma xa Yeo k ???😡,KP Oli
Rando ra randioko Milan aanfei gharma feri 😆🦠💩🐖🐏🐕ko bathan ma k nata k kutumba guys yeoharulai pir k ko hola 😏??? guys what the fuck kp n amale amazing guys 😆,KP Oli
UML ka yuva haru mridubhasai ra sahansil hunchan rey.....<br>Mahesh Basnet is the biggest example..🤣🤣🤣🤣,KP Oli
कपोली ओलि    को  ब्लु फिलिम को बोली घर फर्किने  जति त्यो लास हो जुन सतिगती गरेको  मुर्दा को आत्म भोलिपल्ट  चिच्याउदै रुदै घर फर्किन्छ अरे...  किन कि घोडा को घोडा चढ्नु  बादरको घोडा कहिलै न चढ्नु  kp ओलि त्यो बादर हो  जस्को   बाउ ले कन्दम न पाएर  दिक्क भएर  निकालेको हो,KP Oli
काल गतिले त मर्दैनस जनताले झापाको भुत घर टावर्मा झुन्न्यौनु पर्छ,KP Oli
संविधान वनाउछु भन्दै जनता हंसायर उखान मात्र हाल्ने हंसाउने उखाने बुढाको फटाहा कुरा मात्र हो,KP Oli
संविधान बचाउछु  भन्दै जनता लाई पागल बनाउँदै    आफै संसद विघटन  भस्टचार  गरेर    आज जनता मारेर अझै आस देखाउँदै छ  जनता उस्तै पागल  भेडा हुन,KP Oli
we love oli ...... कसैलाइ केही भन्नू छ ।।।। ओलि को बिरोध गर्ने हरु ले देस लाई माया गर्नै सक्दैनन ।।।,KP Oli
यो सबै तिमी हरु को कारण हो,KP Oli
येस्का उखान सुन्दा सुन्दा वाक्क लागेको फेरि उखान हान्दैछ सकिने बेला😮😮😮,KP Oli
थुक्क कुकुर,KP Oli
"जबसम्म मेरो घरमा नि:शुल्क उपचार, नि;:शुल्क शिक्षा र जनताबाट प्रत्येक्ष निर्वाचितको ब्यबस्थापन हुन्न, र मेरो नेपाली बजार भित्र बिहारी फिल्म र बिहारी गितहरुमा प्रतिबन्ध गरिन्न, तबसम्म म मेरो आफ्नो घर फर्किन्न, र म बाहिरी ब्रह्माण्ड भित्रै रुमली रहनेछु। धन्यवाद!&quot;O&quot;M´science",KP Oli
पहिला बुद्धि आएन बुढेसकालमा छाेरा नातिहरू चाहिने रहेछ भन्ने बुद्धि  बल्लबल्ल जेनजी भाईबहिनीहरूले गर्दा पलाएछ ।,KP Oli
आफ्नै देशमा काम गरेर खान पाए गुईठा नै बालाैला,KP Oli
Ho tyo pakkai aparadh ho ra tyo aparadhi bhaneko K.P S Harman Oli ho Kina Bhane aafule khai pani aayeko subhida aaru laai dinna bhanera ho . Kina bhane yu  aafule  rajye bata  upachar marphat karadau rupiya linchha tara yesta sadharan  bidhuwa le aafno upachaar garaauda pakho Bari bechen parne hunchha  . Wah kya ganatantra lyachhau badhaai,KP Oli
"Sama thapa jyu laai mero prasna yedi bechen jha pakraau pachhi oli sidhai sher bahadur deuba ko saran ma gayer  sarkaar dhalnu parne Karan  k rahechha spasta parading hunchha ki, ma ta Kiran pare malaai k thahah hazoor haru ko kanuni bhasa?",KP Oli
Balen sanga bahas garna ramrari padheko hunu parcha <br>Aaukat chaina kp muji ko,KP Oli
Balen le thik garyo,KP Oli
Zen z आन्दोलन क्यू हुआ ? किसने मारा ? जनताको सब पता है । बलेन शाहने ठीक किया  है ।,KP Oli
१ . गगन थापाको &#39;सक्कली कागजात&#39; कहाँ हरायो? रबि लामिछाने विरुद्ध &#39;सक्कली कागजात छ&#39; भन्दै मञ्च थर्काउने गगन थापा अहिले जिम्मेवार पदमा छन्। खै ती प्रमाण?   २.तनहुमा mid term  elections हुदा स्वर्णिम वाग्लेलाई टुरिस्ट नेता भन्ने ले  अहिले उनि मधेस मा चुनाब लड्ने नैतिकता  कस्तो ? कि त्यो केवल चुनाव जित्ने &#39;सस्तो स्टन्ट&#39; र जनतालाई झुक्याउने प्रपञ्च मात्रै थियो? अब प्रमाण देखाउने कि माफी माग्ने?&quot;,KP Oli
ओली हत्यारा गगन मतियार भए बालेन् के नी?? रवि के नी??,KP Oli
Chup chor😮😮,KP Oli
"Gu lie chalayo bhane afno mukh ma pani gu parcha, KP oli sanga debate garnu vaneko tehe ho. 30 barsa samma desh lutera khane, 23 gate ma kehe vayeko chaina jasari 24 gate matra dekne sanga debate garera kehe kaam chaina. Debate vaneko afno standard ko sanga garnu parcha. Dhanyabad.",KP Oli
"He addressed this entire scenario as culture used terms as advance. He means people get killed, big money etc. And still people of Nepal are gonna vote for this person? I don&#39;t support anyone but the first 40 seconds of the video is explanatory.",KP Oli
Her her kattee hepdo rahecha jai balen,KP Oli
"Gagan le ma pani garchu, prachanda le ma pani garchu bhannu paryo ni ... bhanchan ?",KP Oli
Kp ra gagan le genz ko aama buwa sanga debate garnu paryo balen desh banaun aako debate garna aako hoina jay balen 🔔 prime minister balen shah jay ghanti 🔔🔔🔔🔔🔔🔔🔔🔔🔔,KP Oli
हत्यारा सङ्ग बहस गर्न जरुरी छैन,KP Oli
छैन।,KP Oli
येकदम सहि जय बालेन हत्यारा दलालचाेर सग तिम्ले बहस गर्न सुहाउँदैन,KP Oli
Aru ko bacha marna paincha hatyara,KP Oli
Hatyara oli 76 bacha ko khun garne oli tero haar nischit cha,KP Oli
"Regarding televised public debate, it is actually HS’s demand. Why patrakar ju doesn’t mention this? If HS is there in the debate, janta will be clear who is a true and honest leader for this country in the current situation.",KP Oli
"Oli ko bhanaima arka ko ghar jalaune annaya bhayo bhanyo. Yes I agree to some extent but can he prove, that ghar is built my his clean money?? Same question goes to Gagan. How they managed to build such lavish houses with their under 1 lakh salary per month.",KP Oli
oli vs balen rap battel lets go,KP Oli
Oli aafu bolera jitxu sochirako<br>Kina ki vote maa jitna sakdina thaa xa teslai<br>Hatyara sanga kina garnu paryo debate?<br>pahila kina garena?<br>ahile kina?,KP Oli
Oli is murderer! He should admit he/his leadership killed 76 innocent school kids.,KP Oli
Ta jatha sanga k ko debate,KP Oli
Vision vakosanga po debate garni???,KP Oli
KP Muji UML  ko jhole muji haru,KP Oli
sulfey balen ley 1 hajar vote ni kataudaina.,KP Oli
उखाने संग डिबेट गर्दिनभन्नु  बालेनको कुराले एकदम मन छोयो,KP Oli
Oil is lossing Gagan is lossing guess gonna be election 😂??,KP Oli
Ghar ta naya banauna sakxa kp oli tara mareko genz haru lai jiundo banauna sakxa,KP Oli
Very Good Reply🎉🎉🎉🎉🎉🎉🎉Upcoming PM,KP Oli
Arkako chora chori chai marna paincha ghar chai jalauna painna,KP Oli
यो चोरसँग बहस गराउनु जरुरत छैन।,KP Oli
Veda janta xan sabai.,KP Oli
"<a href=""https://www.youtube.com/watch?v=OpXO11Rdq38&amp;t=430"">7:10</a> bahas garnu hudaina galat ho yo hateyara ho brastachari ho ateychari pashu Chor pagal ho manapta harako abaradhi ho KP Oli ❌",KP Oli
"<a href=""https://www.youtube.com/watch?v=OpXO11Rdq38&amp;t=490"">8:10</a> ta 76 Jana marne hateyara talai no 3 carod jantale xodne wala xaina ta 76 jana KO ragat ma Holi khelirako xa",KP Oli
ओलि rip,KP Oli
"<a href=""https://www.youtube.com/watch?v=OpXO11Rdq38&amp;t=31"">0:31</a> yo hateyara  sanga bahas garnu hudaina kinaki yo 23 gate 19 student road ma goli Hanne Adesh dine hateyara 76 Jana marne hateyara sanga bahas nagarau yo KP Oli hateyara laj saram pachera khullam khulla bolirako xa  yo jell janu parne ho yo hateyara",KP Oli
बालेन❤,KP Oli
Testo hoina. Balen must do public debate with KP Oli a.k.a. The Culprit. Debate garda duita faida huncha: 1. Balen ko agenda jhan mass ma pugcha ani arko xhai 2. Balen can publicly place KP Oli as culprit for that murder.,KP Oli
Balen did right ❤ still oli said that no rights to burn others house but he will never open his mouth for 76 innocent lives,KP Oli
Kp oli rip 🪦,KP Oli
"केपी सँग वहस गर्न हर्क, गगन, प्रचण्ड र कुलमानहरू तयार भए भैहाल्यो ।<br><br>गफाडीहरूको debate मा देश हाक्ने राजनेता सुहाँउदैन ।",KP Oli
nice informative video,KP Oli
बिदेह राज्यका इक्ष्यकु बंशका माहान दार्शनिक राजर्षी(प्रतापी राजा) जनकको पबित्र भुमिबाट नया &quot;जेलेनेश्की&quot; को उदियमान प्रार्दुभाब !,KP Oli
Balen sanga janta sanga bolne desh banaune azenda nai xaina,KP Oli
Balen lai aaba bhagwan bishnu ko 10 sau aavtar kalki ho vanna matra baki xa,KP Oli
Kp Oli मरेपछि debate garda vaihalyoo ta,KP Oli
Mornu lako budha taile j bhaney tei huncha justo laag cha ajhai pani?????? Jail haalnu parney manchhe kassari chunaab ladnu payo tiyo achammmako kura ho,KP Oli
Jdndd,KP Oli
जस्ले आफ्नो नेतृत्वमा हुँदा  पावरमा हुँदा  भयका त्यत्रो विध्वंसको जिम्मेवारी लिन  सक्दैन त्यसलाइ जनता सामू अनुहार देखाउन लाज  हुनु पर्ने हो  उल्टै ठूला कुरा  सुन्नु परेको छ  । ति स्कूले बच्चाहरूलाई ताकि ताकि गोलि हिनेको सम्झदा बहस त के अनुहार हेर्न पनि घिन लाग्नु पर्छ,KP Oli
बालेनले के पि संग वार्ता गर्न आवश्यक छैन।,KP Oli
Nakh ma sugne nasa tanne pachi matra kalo chasma layera confidence aucha balen ko 😂 ..natra vele  haru yestai ho darcheruwa indian dalal...nepal ko chuche naksa nikale pachi oli lai hataune sadayantra ho yo india ko..,KP Oli
Balen mayor hunu vanda aagadi ktm kasto fohor thyo jata paye tetai fohor thyo teti bela ni pradhanmantri tima haru nai hunthyo,KP Oli
"Easo garum na ta, oli lai tala vui ma rakhum, balen, gagan ra aru lai stage ma rakhera debate garum😂.",KP Oli
Prakar sama ji: Balen KP sangai uveyeko hoina<br><br>Paapi hatyara kP ko against ma utreko ho<br>Tesma jamin asman ko farak cha..,KP Oli
Murkha sanga debate maha murkha le garxan ..tara balen maha murkh ta pakhai haina..baula oli,KP Oli
भ्रष्टाचारी हत्यारा एमाले मुर्दावाद!,KP Oli
Last breath of KP Oli.,KP Oli
Oli lai 75 jana balbalika mareko Pir rainacha uni haru ko kaaryakarta ko ghar jaleko ma chai chinta raicha. Antim ma tha bhayo,KP Oli
कायरता हो सार्वजनिक बहस गर्दिन भन्नु । मान या नमान मै तेरा मेहेमान हो ओली। ओलीले गरेको कामको क्षम्य छैन तर पनि एमालेको नेता हो। भोली कुनै न कुनै रूपमा संम्बाद नगरी निकास निस्कन्न ।,KP Oli
America aayara gaidaas and daaphes bhanera bolyau yauta student le sodheko question ko answer Dina sakena arkako kidney bokera k ko furti lauxau baa,KP Oli
ओली र महेश बस्नेतलाई एउटा माईक दी live दिनभरी बोल्न दिनु राति जनतालाई दिक्क लागेर इनिहरुलाई बेलुका जलाउन निस्किन्छन,KP Oli
"पपुलिजम मात्र भएको,भिजन नभएको बालेनले देशको बाघडोर सम्हाले युक्रेन हुनेछ देश,मतदाता होशियार",KP Oli
यो भन्दा अगाडि ३ पल्ट चार चार पल्ट प्रधानमन्त्री बन्नेहरूचाहिँ  के हेरेर  बसेको थियो। अहिले आएर डिफेट चाहियो।,KP Oli
परेन हेरियाे देखियाे अब जेनजि ल्याईन्छ🎉,KP Oli
Ani bacha haru lae taki taki goli hane lae chai karbahi hunu parcha ki nai tyo pani bhanu hola..,KP Oli
हाेत हत्यारा भ्रष्टे दलाल संग केका छलफल 🎉🎉बनाउने भए त पहिले बनाउथ्याे आठ फेलले के गर्लाखै🎉🎉🎉उखान टुक्काले देश बन्ना त🎉🎉🎉,KP Oli
Chaina jaruri chunab ta  uthnata nahune ho k p oli le,KP Oli
मान्छे मार्नेलाई छुट दिने ! के बोल्छ गोरु हो कि मानव........,KP Oli
😂😂😂😂😂😂 KO sanga debate gayra xa ra aaja Sama yo tapay lay,KP Oli
Oli pashu ani pagal ho raxa,KP Oli
अनि हत्यारा लाई के गर्ने <br>घर बन्ला <br>मारेको लाई लाई ल्याउन सकिन्छ,KP Oli
"Yo video ko last ma bajne musik hataunu paryo, video play garera nidauxu tyo last ko musik le uthaidinxa jahilei.. tei vayara play garna man huda hudai pani aru video play garera nidaunu parya xa 😢😢😢",KP Oli
k.p. oli sachikai neta ho bhane ti 19 jana balbalika ko ama buwa sanga debet garnu ....ma yemale lai vote halxu,KP Oli
terima chikney khatey unpad Ukhaney,KP Oli
हत्यारा लाई कारगार लैजाने हो बहस गर्न लाउने होइन,KP Oli
Marne bela kati bolnu parne. Manxe marne lai chai karbahi hunna hajurba,KP Oli
तेस्तो मुला उखान टुक्का र झुट फटाहा बाहेक केही नबोल्ने बोलिको ठेगान नभको लुटेरा चोर ओलि सङ केही बहस गर्नु को औचित्य छैन,KP Oli
OP oli: Ghar jalaunah payenxa? <br>aye teso vaye aarkao ko bachha chai marnah payenxa vanerah question kina garrenah tho so called patrakaar leh!? <br>orri pari patraakaar hau pani jhole haru xan. question pani testai sodhxan.,KP Oli
23 24 ko ghatna ma sarkar le oli lai bayan dina bolauda chi teha na jane ani balen sang k ko bahas ho,KP Oli
छैन,KP Oli
Tauko katera aauda 14 barsa ko jail bhayo ….. 76 jana ko hisab chahiyo …,KP Oli
Ani harka sampang sg garda voigo tah dam xa vane,KP Oli
यो पहिलाको सरकारको हत्यारा सरकारलाई चाहिँ कारबाही कहिले कहिले गर्छन् होला नेपाली जनताले हेरेर बस्न बाहेक केही पनि छैन।,KP Oli
नेपाली जनताका छोराछोरी चाहिँ मार्न पाइन्छ केपी ओली,KP Oli
"anand ji sabailai question garne aat garnu hos hai, natra tapai pani baised journalist vako bujincha",KP Oli
हत्यारासित किन बहस गर्नुपर्यो? हत्या गर्ने खुसी हुने मान्छेलाई त हत्या गर्नै दिनुपर्छ,KP Oli
के पि वलि सँग बहस गर्नु जरुरी छैन,KP Oli
बालेनले जे गरे ठिक गरे 👍️👌🙏जय बालेन 🙏🙏🔔🔔🇳🇵🇳🇵,KP Oli
केपि ओलि सङ कुनै बहस गर्नु जरुरी छैन,KP Oli
"Thukkkkaa KP Desko ex-PM. Tann to ekdam low ghatiya level ko manchhe rahichha—ahile prasta vo. I don’t know how he even became PM in previous years. Desh bigreko yestai netaharu chunera ho rahechha.<br>Bin him in this upcoming election, please. I don’t want to see his miserable face again.. Balen ko chheuma KP nowhere near kya",KP Oli
Tik banue bayo balene saha le yesto jan mara sage mug nalagda jan mara ho kp,KP Oli
"Balen brother le thik decision linu vayo cha...murkha, ghamaat, chor ani chothalaay haru sanga kaile jitna sakkidaina vanchan.... bitter truth..balen ko yo buddhi mani ho😊❤ samaye le bataucha....",KP Oli
Yo..kp.Lushifar.baa.m.dibayt.garxau.8.kalas.fal.sag.ok,KP Oli
