text,candidate,source,channel
❤❤ Best wishes Meena Dijju❤❤❤,mina kharel,yt:Mina Kharel,comment
पावर र पैसाले सबैलाई समाजमा रुपान्तरण गर्ने दल भनेकै नेपाली कांग्रेस हुन।,mina kharel,yt:Mina Kharel,comment
best interview meena didi ❣️🌳,mina kharel,yt:Mina Kharel,comment
Mina Kharelle Rajnitikaran Aastha,mina kharel,yt:Mina Kharel,comment
"शुभकामना ।
जय नेपाल । 🌳🌳🌳",mina kharel,yt:Mina Kharel,comment
Jay mina kharel,mina kharel,yt:Mina Kharel,comment
Mero Chitawanlai Mathi Uthauchhu Saharamatha Jati,mina kharel,yt:Mina Kharel,comment
"जनताकी छोरी र सवैकी दिदीलाई यसपटक सवैले माया र साथ दिनुहुनेछ ।
हार्दिक शुभकामना ! !",mina kharel,yt:Mina Kharel,comment
तपाईंको जित सुनिश्चित छ दिदि,mina kharel,yt:Mina Kharel,comment
Kun party ko k ho bujhina maile ta!,mina kharel,yt:Mina Kharel,comment
खातेकि दिदी 😥भन्ने शव्द हटाउनु होला। सडक बालबालिका लेख्नु होला । Its a humble request,mina kharel,yt:Mina Kharel,comment
"राम्रो समाजसेवी,त्याग तपस्या गरेको व्यक्ति तर के गर्नु बुझेर हो कि नबुझेर हो हुइँया चलेको छ  देशमा!!",mina kharel,yt:Mina Kharel,comment
"Best of luck Didi तर तपाईंले मतदाताले यी यी कारणले मलाई मत दिनुहोस् नभन्नु होला है, असली सुनलाई कसी लगाउनु पर्दैन तपाईं असली सुन हो तपाईंलाई मत नदिन कारण नै छैन त्यसैले अरु जस्तो कारण मत माग्न रोइकराई र झुटा आश्वासन गर्न  आवश्यक छैन । तपाई भुई मान्छेको साहारा हो र खोला तर्ने लाठी हो त्यसैले तपाईंले नै त्यो ठाउँमा पुगेर ति भुई मान्छेको आवाज सुनाउने र निर्णय गराउन सक्ने ठाउँमा पुग्न आवश्यक छ तर तपाईले बाटो,पानी,बिजुली रोजगारी दिने ठाउँमा जाने ठाउँ त्यो हैन त्यहाँ त नीति निर्माण गर्ने ठाउँ हो त्यसैले तपाईंले आफ्नो अधिकार क्षेत्र पर्ने कुराको मात्र बाचा गर्नु होला । ३३ कोटी देउताको आश्रीबाद रहोस् दिदीलाई लामो आयु रहोस् अनि जितको शुभकामना छ ।",mina kharel,yt:Mina Kharel,comment
नमस्कार कतारमा बस्ने हामी नेपाली श्रमजीवी युवाहरू🙏🙏🙏🙏🙏🙏🙏🙏🖐️,mina kharel,yt:Mina Kharel,comment
तत्कालिन चितवन प्रहरी प्रमुख सुरेन्द्र बहादुर शाह र डि.एस.पि. धिरु बस्नेत काे पालामा म पनि जिल्ला प्रहरी कार्यालय चितवकाे सामुदायिक प्रहरी सेवामा कार्यरत रहदा मिना खरेल सँग सँगे काम गरियाे एकदमै सबल र सक्षम महिला हुन।,mina kharel,yt:Mina Kharel,comment
बानियाँ जी सही व्यक्ति ल्याउनु भो धन्यवाद 🎉,mina kharel,yt:Mina Kharel,comment
"जाग, बुझ चितवनवासी, अब तपाइहरुको विवेक पुरा नेपाल र विश्व ले हेर्नेछन।",mina kharel,yt:Mina Kharel,comment
चितवन का जनताले त नाम सुनेकाछैन हाेला झन नेपाल अधिराज्य भरि कसले चिने? जय🔔🔔🔔🔔🔔🔔,mina kharel,yt:Mina Kharel,comment
वाह दिदी ❤ 🌳,mina kharel,yt:Mina Kharel,comment
रेणु र यिनी चितवन न्याय गरोस्!,mina kharel,yt:Mina Kharel,comment
तपाईको यात्रा शुभ रहोस । अनि मनकामना पुरा होस ।,mina kharel,yt:Mina Kharel,comment
साहासि ब्यत्तित्व ।।,mina kharel,yt:Mina Kharel,comment
अग्रिम  शुभकामना  दि,mina kharel,yt:Mina Kharel,comment
"नेपालले नै सम्मान गर्न पर्ने नारी हुनुहुंदो रहेछ । यति सक्षम, यति अब्बल महिला  बाफरे सम्मान ।",mina kharel,yt:Mina Kharel,comment
देशले खोजेको महिला नेतृ जितको शुभकामना छ मिना दिदि,mina kharel,yt:Mina Kharel,comment
"❤❤धेरै धेरै राम्रो बरिस्ठ ,पत्रकार  राजेन्द्र ❤❤
भुइँ  मुन्छे का कुरा ❤❤❤",mina kharel,yt:Mina Kharel,comment
"""म आलोचना गर्न राजनितिमा आको होईन"" वाउ 🌳🌳🙏🙏",mina kharel,yt:Mina Kharel,comment
जनता ले जिताउनु पर्ने  उमेदवार वहानै हो।हेरौ चितावन ले समाजसेवी लाई जिताउछन कि सहकारी ठग लाई ।,mina kharel,yt:Mina Kharel,comment
रवि दाई ❤️‍🩹❤️‍🩹🇳🇵🔔💖,mina kharel,yt:Mina Kharel,comment
कस्तो बौद्धिक अन्तर्वार्ता यार❤❤ आजै चिने मिना खरेल लाई तर आजै मन नित्यो बाफ्रे शसक्त हुनुहुदरहेछ❤अगृम शुभकामना,mina kharel,yt:Mina Kharel,comment
"राजेन्द्रजी न्यायोचित सेवा र विकास, महिलालाई हेर्ने विसयमा अध्ययनको कमि देखियो!",mina kharel,yt:Mina Kharel,comment
खातेको दिदी र खाते दिदी को अर्थ आकाश-जमिनको हुन्छ ।,mina kharel,yt:Mina Kharel,comment
well done dd,mina kharel,yt:Mina Kharel,comment
"राजेन्न्द्र  सर  ले आज  बल्ल  सुन्न  मनलागेको  माञ्छे  संग  साक्षत कार  गराउनु  भयो। पिडित  भुइँ  मान्छेहरुकी  सुख दू ख कि  साथि  मिना  दिदि  का  कुरा  सुन्दा दूख  नि  लाग्यो  खुसि  नी  लाग्यो  , दुख  यसकारण की  राज्य को  नजर  यस्ता समस्या  तर्फ  अझै सम्म छैन र  खुसि  यसकारण  कि राज्य को नजर नपरे पनि  कोहि न कोहि  त यी भुइँ मान्छे  हरु को समस्या समाधान  गर्न  कोशिस  गरि  रहेको  छ। 

मलाई लाग्छ  चितवन  २ का  बुद्दि जीबी मत  दाता  हरु  अहिले  धर्म संकट  मा  हुनहुन्छ। अन्तर मन को  आबज  सुनेर  मत दान गर्ने कि एउटा भाबआबेश  लाइ  सम्झेर मतदान  गर्ने  , आसा  गर्दछु  तपाई हरु अन्तरमनको  आबाज   का साथ  मिना  दिदि  लाई  मत दान  गर्नु  हुनेछ जसले  मिना दिदि लाई  काम  गर्न  अरु  मद्दत  गर्छ।",mina kharel,yt:Mina Kharel,comment
"Full goosebumps in my body❤. Har jit aafno thauma xa tara uhako tyag, samarpan ra samajsewa Aru sanga tulanayogya xainw. Best wishes dijju.❤",mina kharel,yt:Mina Kharel,comment
म जन्मिएको चितवन मा हो। तर यी दिदिको अहिलेसम्म कहिल्यै पनि नाम पनि सुनिन र देखिन पनि।,mina kharel,yt:Mina Kharel,comment
उहाले भनेका वास्तबिक समस्या समाधान गर्न नेतालाई भट्ने परिपाटि र अवस्था तिनै पूराना पार्टिले ल्याएका हून मिना दिदि जस्तो योगाय व्यक्ति तिनै पूराना भ्रष्ट पार्टिहरूमा नजोडिएको राम्रो हून्थ्यो।,mina kharel,yt:Mina Kharel,comment
यो चुनाव मा रबि जि लाई जित्न  गाह्रो छ र चितवन ले रबि लाई हरायकै ठिक छ,mina kharel,yt:Mina Kharel,comment
यस्ता सच्चा समाजसेवी उमेदवारको आम मतदाताले कदर गर्न सकुन।धन्यबाद ।जय नेपाल ।,mina kharel,yt:Mina Kharel,comment
great leader,mina kharel,yt:Mina Kharel,comment
सहि    हाे     गाराे      छ    बहिनि,mina kharel,yt:Mina Kharel,comment
कमसे कम लोक हसाउने काम नगर्नुस आमै।,mina kharel,yt:Mina Kharel,comment
"न कसैलाई गाली छ, सालीन ब्यक्तित्व असल समाजसेवी मीना दिदीलाई हराउनु भनेको विवेक गुमाउनु हो । चितवन २ का मतदाताले विवेक गुमाउदैनन भन्ने विश्वास छ ।",mina kharel,yt:Mina Kharel,comment
हैट आँखाबाट आँसु बगिरह्यो । मिना दि जित्नैपर्छ ।,mina kharel,yt:Mina Kharel,comment
रवि जितेर संसद भवन छिर्न पाउँदैनन् कृपया चित्वनबसी यि दिदीलाई जिताऊ।,mina kharel,yt:Mina Kharel,comment
"पार्टी भित्र सबै नराम्रो ब्यक्ति हुदैनन् , मिना बैनीको सहयोग हेर्ने हो भने धेरै धेरै छन , महिला या पुरुष पिडितहरु र बिदेशी पिडित हरुलाई समेत आफ्नो बलबुतो ले भ्याए सम्मको सहयोग गर्दै आउनु भएको छ, समाजमा आई परेको कयौं सेवा गर्दै आउनु भएको छ, वहाँ लाई चितवनका २ नम्बर क्षेत्रका जनताले बिर्सनु हुदैन, वहाँको योग्यताको कदर गर्दै , पार्टी लाई हैन, वहाँको कामलाई प्रसंशा गर्दै अत्याधिक भोट दिएर "" चितवन कि चेली "" लाई जिताउन म आग्रह गर्दछु, 🙏मिना बैनी बिजयी भव🙏🙏🙏🙏🙏🙏🙏🙏🙏🙏🙏🙏🙏🙏🙏🙏🙏 🙏जय नेपाल 🙏",mina kharel,yt:Mina Kharel,comment
Jay ghanti...........suvakamana,mina kharel,yt:Mina Kharel,comment
"मैले प्रतक्ष कुनै कार्यक्रमका क्रममा देखें होला त्यति थाहाँ छैन। नेपाली काग्रेस ले योगदानको आधारमा मूल्याङ्कन गरी मिनादिदिलाई चिनेछ। एक शिक्षित, सक्षम महिलालाई पार्टीले (गगन थापाले) टिकट दिनुभो असाध्यै राम्रो निर्णय।
शुभ अनी विजय भव दिदी।
राजेन्द्र बानियाँ सरको भन्नु भएको महिला किन उप मात्रै हुने प्रमुख किन नहुने भन्ने महत्त्वपूर्ण शब्द लागू भएछ । यो अभियानमा",mina kharel,yt:Mina Kharel,comment
jitnu parxa hai dd suvakamana 🎉🎉🎉,mina kharel,yt:Mina Kharel,comment
यो चित्र चितवन जिल्लाका जनताले बुझ्नुपर्छ हो हजुर,mina kharel,yt:Mina Kharel,comment
Mina Didi Lai agrim shubhakamana🎉,mina kharel,yt:Mina Kharel,comment
"चितवन बासीले यस्तो बौध्दिक ,सामाजिक ब्यक्तिलाई जिताउनुहुने छ।",mina kharel,yt:Mina Kharel,comment
Best of luck sister ❤❤❤,mina kharel,yt:Mina Kharel,comment
Mina kharel jyu 🙏🙏🇳🇵🇳🇵❤️❤️😭😭,mina kharel,yt:Mina Kharel,comment
जय नेपाल 🌳🌳🌳🌳,mina kharel,yt:Mina Kharel,comment
देश लाई नभई नहुने नेतृत्व मिना खरेल ❤,mina kharel,yt:Mina Kharel,comment
म मतदाता हैन तर ऊहाँलाई सुन्दा बुझ्दा   रविले ल्याऊने भनेको सुनामिको छाल शायद रोकिएला ...रोकिएन भनेपनि धेरै ठुलो क्षति गर्दैन यति बुझियो लौ....मिना दिदिलाई शुभकामना।,mina kharel,yt:Mina Kharel,comment
जय नेपाल दिदी,mina kharel,yt:Mina Kharel,comment
"हाेनहार समाजसेवी दिदी ❤❤❤,जय नेपाल ।",mina kharel,yt:Mina Kharel,comment
"आधा मात्रै सुनेर कमेन्ट गरेको हो, रविजस्तो बहुरूपीयालाई भोट हाल्नुभन्दा यी दिदीलाई भोट दिए चितवनका जनताले सुख पाउँछन्, म चितवनमा भइदिएको भए ५० जनासँग हात जोडेर भएपनि दश पन्ध्र भोट चाहिँ यी दिदीको लागि पक्कै जुटाउथे, यीनमा कुनै स्वार्थ देखिदैन... मात्र त्याग!!",mina kharel,yt:Mina Kharel,comment
Good luck dd,mina kharel,yt:Mina Kharel,comment
All the best,mina kharel,yt:Mina Kharel,comment
"Mahan Nari hunuhudorahechha, Maile paile rabiko barema socheko thiya tara waha jasto byektilai vote nadiye paap lagchha.",mina kharel,yt:Mina Kharel,comment
Wow दिदी हजुरको कुराले मन छोयो जितको सुभकामना दिदि🙏,mina kharel,yt:Mina Kharel,comment
जय घन्टी जय रबी 🔔🔔🔔🔔🔔🔔🔔🔔🔔👍️👍️👍️👍️👍️👍️👍️👍️👍️👍️,mina kharel,yt:Mina Kharel,comment
Congratulations 🎊 👏 MINA JI,mina kharel,yt:Mina Kharel,comment
Didi good,mina kharel,yt:Mina Kharel,comment
🌲🌲🌲🌲🌲🌲🌳🌳🌳🌳🌳🌳🌳🌳🌳🌳🌳🌳🌳Jay Nepal,mina kharel,yt:Mina Kharel,comment
सोद्धै नसोधी 🙏धेरै कुरा बुझ्न पाए धन्यवाद राजेन्द्र दाइ 🙏🙏,mina kharel,yt:Mina Kharel,comment
"दिदीले  समाज का लागि गरेको योगदान  प्रेरणादायी छ त्यस्का  लागि नमन  र शुभकामना ।
तर यो समय देशसेवा लागि हो पुस्तान्तरन को हो परिवर्तनको लागि हो।  स्थिर सरकार को लागि हो त्यस्का लागि घण्टी बजौउन जरुरी छ चाहे त्यो चितवन् होस या देश भारी यो समय घण्टीको हो ।",mina kharel,yt:Mina Kharel,comment
"Hats off for your incredible works. Best wishes, respected Didi.",mina kharel,yt:Mina Kharel,comment
Wow diii Rajendra ji tapaile yo karyakm yak CHOTI hajur le panihernush na hai .....,mina kharel,yt:Mina Kharel,comment
Best wishes.,mina kharel,yt:Mina Kharel,comment
मान्छे चाहिँ नयाँ पार्टि रास्वपाबाट उठ्नुपर्ने व्यक्ति रैछ।अब चुनाव पछि रास्वपामा जेाडिनु हेाला।प्रदेश अनि स्थानिय निकाएमा भनेपनि लडेर जनताकेा सेवा गर्नुपर्छ तपाईले।हिजेा तपाईलाई कसैले चिनेकेा थिएन।अब रवि लामिछानेसग लडिरहदा राजेन्द्र बानिया सरले सबैमाझ चिनाउने अवसर दिनुभयेा।अब तपाईलाई जनताले राम्रेासग चिन्ने अवसर पाए।Go ahead Madam,mina kharel,yt:Mina Kharel,comment
Jay.ghanti,mina kharel,yt:Mina Kharel,comment
"बाल बालिका,महिलाकाे बारेमा धेरै काम गर्नु भाकाे छ।नगरेकाे चाहिँ सहकारि ठगेकाे छैन।❤❤❤❤❤❤",mina kharel,yt:Mina Kharel,comment
Manxe ta ramro man patinai  khara no bhot jay ghanti jay chitwan,mina kharel,yt:Mina Kharel,comment
Heart touching,mina kharel,yt:Mina Kharel,comment
जित हुनु पर्छ ❤❤❤❤🎉🎉🎉,mina kharel,yt:Mina Kharel,comment
❤❤❤❤,mina kharel,yt:Mina Kharel,comment
Wah sir you also..,mina kharel,yt:Mina Kharel,comment
सुभकाममा 🌳😊,mina kharel,yt:Mina Kharel,comment
"I saw you for the first time on YouTube. If you get 5 thousands Votes, that is too many votes for you.",mina kharel,yt:Mina Kharel,comment
Please vote for  Tree and make Meena didi  win 🙏🙏She deserves victory 🎊,mina kharel,yt:Mina Kharel,comment
राजेन्द्र सरलाइ धन्यबाद मिना दिदिलाइ विजयको शुभकामना,mina kharel,yt:Mina Kharel,comment
रुखलाई जरै देखि ओखलेर फालने हो ।जय घन्टी जय नेपाल,mina kharel,yt:Mina Kharel,comment
Mina dd 🌳,mina kharel,yt:Mina Kharel,comment
❤🎉,mina kharel,yt:Mina Kharel,comment
Jay ghanti🔔,mina kharel,yt:Mina Kharel,comment
चितवनले दुई दिदी लाई सांसद मा पुर्याउनु पर्ने देखियो रेनु दिदी र मिना दिदी लाई।🙏🇳🇵,mina kharel,yt:Mina Kharel,comment
Nice🎉🎉🎉🎉🎉🎉,mina kharel,yt:Mina Kharel,comment
Jaya Nepal,mina kharel,yt:Mina Kharel,comment
भुसको पहाड हो है राजेन्द्रजी।,mina kharel,yt:Mina Kharel,comment
Ramro manxe huda hudaini rabi pratiko purano ko badala vote ghanti ma ho,mina kharel,yt:Mina Kharel,comment
जीतको लागि अग्रिम शुभकामना ।,mina kharel,yt:Mina Kharel,comment
"राजेन्द्र बानियाँले अन्तर्वार्ता लिन कहिले सिक्ने हौ, के सारो बटारिएको !",mina kharel,yt:Mina Kharel,comment
जय नेपाल  दिदी जितकाे शुभकामना,mina kharel,yt:Mina Kharel,comment
अन्तरबार्ता  लिने दिने दुबैलाई हार्दिक नमनः ।  मिना खरेललाईअर्को पटक अवस्य संसदमा ल्याउनुपर्छ ।,mina kharel,yt:Mina Kharel,comment
Jay nepal,mina kharel,yt:Mina Kharel,comment
Best Of Luck DiDi.,mina kharel,yt:Mina Kharel,comment
"मीनाजी ! चितवनमा तपाईंले अद्भूत सेवा गर्नु भएको छ, तपाईं महान् हुनुहुन्छ । तपाईंको योगदान चितवनका सचेत नागरिकले पक्कै पनि बुझ्ने छन्। तपाईंलाई शुभकामना ।",mina kharel,yt:Mina Kharel,comment
Congratulation !!!,mina kharel,yt:Mina Kharel,comment
Wow ! Best wishes,mina kharel,yt:Mina Kharel,comment
राम्रो प्रस्तुति,mina kharel,yt:Mina Kharel,comment
पूरै कार्यक्रम हेरियो ।,mina kharel,yt:Mina Kharel,comment
"खातेकि दिदी कि सडक वालवालिका कि दिदी,शव्द फेरौँ।",mina kharel,yt:Mina Kharel,comment
Didi le jitnu bho bhane kati khusi hune the..chitwan ka janata plz choose wisely 🎉🎉🎉🎉❤❤❤❤,mina kharel,yt:Mina Kharel,comment
🎉🎉,mina kharel,yt:Mina Kharel,comment
शुभकामना दिदि🎉🎉🎉,mina kharel,yt:Mina Kharel,comment
She is the best candidate for better democracy,mina kharel,yt:Mina Kharel,comment
Best wishes Didi and Jay Nepal.,mina kharel,yt:Mina Kharel,comment
🌳🌳,mina kharel,yt:Mina Kharel,comment
दिदिले नि जितेन भने चितवने जन्तालाइ पापै लाग्छ!,mina kharel,yt:Mina Kharel,comment
"Best candidate, thug lai vote bata jawaf diyau",mina kharel,yt:Mina Kharel,comment
Perfect candidate for Chitwon 2 and she deserves to win this election.,mina kharel,yt:Mina Kharel,comment
Ghanti IT CELl  le yo video bhetayako chaina ki kyaho... 😂😂😂😂😂😂 ..,mina kharel,yt:Mina Kharel,comment
best wishes did great thinking  great leader ❤❤❤,mina kharel,yt:Mina Kharel,comment
🇳🇵🏝️🏝️🏝️👍👍👍,mina kharel,yt:Mina Kharel,comment
Jit dhukha cha Jaya ghanti Jaya balen Jaya rabi Jaya RSP 🔔🔔🔔😊,mina kharel,yt:Mina Kharel,comment
सहज रुपमा जित्छ्न् ।,mina kharel,yt:Mina Kharel,comment
🔔🔔🇳🇵,mina kharel,yt:Mina Kharel,comment
🇳🇵🇳🇵🇳🇵🔔🔔🔔🔔रबि जे बोल्छन् एकदम सही र सत्य बोल्न छ्न रबि को घाउँ नबिसाएको भए रबि चुप बस्ने राज नेता होइन उनि बोल्न जनता को चिन्तन मनन् गरिरहेने सच्चा देश भक्त नेपाल आमा को बहादुर छोरो हुन्।,mina kharel,yt:Mina Kharel,comment
Bless everyone god 💙💕❤️,mina kharel,yt:Mina Kharel,comment
"जय रवी,जय घन्टी,अब देशले परीवर्तन चाहेको छ।",mina kharel,yt:Mina Kharel,comment
रबि को जित पक्का पक्की छ !🔔✅,mina kharel,yt:Mina Kharel,comment
Jay rabi jay ghanti jay nepali,mina kharel,yt:Mina Kharel,comment
💡💡,mina kharel,yt:Mina Kharel,comment
बिचरा उठ्ने कोही नभए पछि समाजसेवा गरेर बसेको मिना दिदी लाई सहीद बनाउने भय,mina kharel,yt:Mina Kharel,comment
Satya Aakhira Satya Nai Ho Dhulo Chado Prashta Hunchha Tyahi Satya Dhakna Khojne Bhrashtam Bhayera Nashta Hunchha Satya Ho,mina kharel,yt:Mina Kharel,comment
हाइलाट ले रबिलाइ मतलब हुदैन। रबि जनताको हेडलाईन बदल्न आएको निलो क्रान्ति सर्बोच्च कमान्डर हुन रबि लामिछाने 🔔🔔🔔✊✅,mina kharel,yt:Mina Kharel,comment
No rabi and balan we need king Jay desh jay neresh jay Nepal 🇳🇵👑👑👑👑👑👑 make king news,mina kharel,yt:Mina Kharel,comment
"मिना खरेल राम्रै नेतृ हुनुहुन्छ होला तर वहाँ को सङ्गठन राम्रो छैन ! 
तसर्थ रबि लामिछाने ( घण्टी ) नै बिजयी हुनेछन ! 
जय घण्टी 🔔",mina kharel,yt:Mina Kharel,comment
"म स्वयॅं त्रि.वि शिक्षण अस्पतालमा गएर भेटेर आएको,खुट्टा fracture भएको रहेछ-टिकाराम यात्री
खुट्टाको छालामा सॅंक्रमण-शिलापत्र",mina kharel,yt:Mina Kharel,comment
रविलाई घरि घरि जिताएर बालुवामा पानी खन्याउँछन्? मिनाले जित्नु राम्राे। ठगीकाे मुद्दा खेपेकाे रविभन्दा पढेकी निस्वार्थ समाजसेवी मिना कयाैँ गुणा गतिली।,mina kharel,yt:Mina Kharel,comment
jay nepal om शान्ति अगृम बधाई  तथा  हार्दिक  शुभकामना ❤❤❤❤❤,mina kharel,yt:Mina Kharel,comment
"Balen prime minister
Ravi home minister
Harka defense minister 
Kulman Transport minister. ❤ you all.",mina kharel,yt:Mina Kharel,comment
Khai ma pani ctn 2 ko basinda ho maileta pahila namai suneko thiyanata,mina kharel,yt:Mina Kharel,comment
Nice joke😂😂😂,mina kharel,yt:Mina Kharel,comment
Joke of the week !! 😆😆,mina kharel,yt:Mina Kharel,comment
Rabi sita k vidthi haso lagxa,mina kharel,yt:Mina Kharel,comment
Mawabadi ko reports herda haso lakxa 😂,mina kharel,yt:Mina Kharel,comment
ALL OLD POLITICAL PARTIES ARE OUT OF DATE,mina kharel,yt:Mina Kharel,comment
Aba congressle jitnu parcha,mina kharel,yt:Mina Kharel,comment
"Joke garne ni euta sima hunxani rabilai chunauti rey😂😂😂 kati hasnu 
Pahilo choti kati vote lyako thaha raixena shilapatra owner lai",mina kharel,yt:Mina Kharel,comment
Oe vai rabi le na ho jitne,mina kharel,yt:Mina Kharel,comment
yo pali rabi ko 60k vote dhukka hou timi,mina kharel,yt:Mina Kharel,comment
No doubt he will win this time as well 🔔🔔🔔🔔🔔,mina kharel,yt:Mina Kharel,comment
Rest ma hunuhun xa,mina kharel,yt:Mina Kharel,comment
मीना खरेलको जमाना जफत हुन्छ जित रविको पक्का छ।,mina kharel,yt:Mina Kharel,comment
Bro cellulitis is not simple 😂,mina kharel,yt:Mina Kharel,comment
वाड सदस्य हुने हैसियत छैन यो आईमाई,mina kharel,yt:Mina Kharel,comment
Ra sa pa hijack vayo😂😂😂,mina kharel,yt:Mina Kharel,comment
म लेखेर दिन्छु मिना खराेल को जमना जफ्त हुन्छ लेखेर राख्दा हुन्छ,mina kharel,yt:Mina Kharel,comment
अब 65 हजार ल्याउछ रबि ले,mina kharel,yt:Mina Kharel,comment
Meena kharel ✅️🌳🌳🌳,mina kharel,yt:Mina Kharel,comment
Jhole patrakar,mina kharel,yt:Mina Kharel,comment
रविसँग चुनाव भिड्न चरि जुरेली उठाएछन् । हास्यास्पद ।,mina kharel,yt:Mina Kharel,comment
BAG 🎒,mina kharel,yt:Mina Kharel,comment
Rabiko yspali jamanat jafat hunuparcha.sahakari tagliatelle kasle bhote dincha.pahila sahakariko paisa tirnu ani chunab janu,mina kharel,yt:Mina Kharel,comment
🌳🌳🌳🌳,mina kharel,yt:Mina Kharel,comment
ए शिलु त्यो नटवरलाल ले पाएको भोट चै उसको गोजि को हो ??? उसलाई हराउनै असम्भव छ भने जसरी कुरा गर्छे त ? नटवरलाल ले पाएको अधिकांश भोट NC कै हो जुन अब मिना दिदी लाई जान्छ । हुन त चिताउने को के भर भो र रास्ट्रबैक का गभर्नर लाई हराएर त्यो जगल्टे सुकुल गुन्डा जस्तो हरि ढकाल लाई जिताउने जिल्ला हो चितवन हेरौ तिनिहरु चेतना कत्तिको छ,mina kharel,yt:Mina Kharel,comment
Meena kharel le जित्नुपर्छ ❤❤❤,mina kharel,yt:Mina Kharel,comment
65 crore pahisa rabile tirnu parcha,mina kharel,yt:Mina Kharel,comment
Best wishes 🙏🙏❤,mina kharel,yt:Mina Kharel,comment
जय नेपाल❤,mina kharel,yt:Mina Kharel,comment
जय नेपाल,mina kharel,yt:Mina Kharel,comment
Good प्रस्न 🙏🌹🌹🌹,mina kharel,yt:Mina Kharel,comment
चितवनबासीले रास्ट्रीय रुपमा कामका आधारमा दिदी बनिसकेकी मिना जिको न्यायको निम्ति भोटबाट जिताउन जरुरी छ्👏👏👏,mina kharel,yt:Mina Kharel,comment
यो दिदीलाई नेता बन्नु भन्दा पहिला म कुन पाटि मा अबद्द भए भन्ने सोच कहिल्यै सोचेन ?,mina kharel,yt:Mina Kharel,comment
शुभकामना जय नेपाल,mina kharel,yt:Mina Kharel,comment
🔔🔔,mina kharel,yt:Mina Kharel,comment
ववा सर ववा तपाईकाे पत्रकारीचै मानै परछ सर🎉🎉🎉🎉🎉🎉🎉🎉🎉🎉🎉🎉🎉🎉🎉🎉🎉🎉🎉🎉🎉🎉🎉🎉🎉🎉🎉🎉🎉🎉🎉🎉🎉🎉🎉🎉,mina kharel,yt:Mina Kharel,comment
Salam mina didinlei🌳🌳🌳🌳🌳,mina kharel,yt:Mina Kharel,comment
यत्तिको मान्छेले चुनाब जितेन भने नेपाल कहिले बन्दैन,mina kharel,yt:Mina Kharel,comment
🙏🙏,mina kharel,yt:Mina Kharel,comment
❤,mina kharel,yt:Mina Kharel,comment
जय नेपाल❤❤,mina kharel,yt:Mina Kharel,comment
वहाँ अति राम्रेा व्यक्ति तर पार्टी नै खराब,mina kharel,yt:Mina Kharel,comment
Good luck ♥️ 👍,mina kharel,yt:Mina Kharel,comment
Let Thug go and break politics of hatred.,mina kharel,yt:Mina Kharel,comment
Good❤,mina kharel,yt:Mina Kharel,comment
"सबै कुरा थाहा पाउदा त दिदि महान रहिछ्न ! ! उहा सङग त रबि को तुलना नै गर्न नमिल्ने रहेछ नि  ! ! 
Great DD🙏🏻🙏🏻",mina kharel,yt:Mina Kharel,comment
निर्भिक र सालिन ब्याक्तित्व समाजसेवी ब्याक्तित्व मिना खरेल दिदि लाइ भोट दिन जरुरी छ।सम्पुर्ण चितवन बासि दाजुभाइ दिदिबहिनी हरु यो अन्तरबार्ता हेर्नुहोला।,mina kharel,yt:Mina Kharel,comment
best of luck❤😊,mina kharel,yt:Mina Kharel,comment
उहाको कामको लागी सम्मान छ तर अहीलेको समयमा रबी नै जीताउनु पर्छ।पाटीको हीसाबले  ३० बर्स नगरेकाले अब के आसा अनि अहीले बहुमत आउदैन  जीतनु कुनै अर्थ लाग्दैन  । माफ गर्नु होला🙏 अब नयाको परीक्षा लिनु पर्छ  लिनु छ जय 🛎️ जय देस,mina kharel,yt:Mina Kharel,comment
"दिदिको चरित्र रविको मात्रै होइन समकालीन धेरै नेता भन्दा माथी रहेछ! जित हार जे होस् , दिदिलाइ शुभकामना छ 🙏",mina kharel,yt:Mina Kharel,comment
Didi lai jitau hai sabai milera..balla politics of value huncha,mina kharel,yt:Mina Kharel,comment
चितवनको 2 चुनाव को सम्मान पाउने र बदनाम उपनाम पाउनेको बीचमा सहकारी दाइ भन्दा खातेको दिदी को जितको लागि अग्रिम शुभकामना मिना दिदी लाई,mina kharel,yt:Mina Kharel,comment
Jay nepal ❤️,mina kharel,yt:Mina Kharel,comment
हजुरलाई निरको लागि लडाउनुपर्ने व्यक्ति हुनुहुँदो रहेछ।,mina kharel,yt:Mina Kharel,comment
शुभ कामना ।।,mina kharel,yt:Mina Kharel,comment
Wish you all the best dd,mina kharel,yt:Mina Kharel,comment
❤❤❤,mina kharel,yt:Mina Kharel,comment
मिना खरेल जी ले जित्नु पर्दछ र जित्नु पर्छ अनिमात्रै चितवनका जनताको जित हुनेछ ! 👏,mina kharel,yt:Mina Kharel,comment
चितवन  क्षेत्र नं.२ का मतदाताले मिना खरेललाई बिजय गराउनु पर्दछ । रबी लामिछाने बिबादीत नागरिक हुन । उनलाई मत हाल्नु पनि अपराध हुन्छ । अत: गहिरिएर बिचार गर्नुस् है,mina kharel,yt:Mina Kharel,comment
मीना दिदीले जिताेस् 🎉🎉🎉🎉,mina kharel,yt:Mina Kharel,comment
राजनीतिमा पाईने निकै कम पात्रहरू मध्ये उहाँ हुनुहुँदोरहेछ।,mina kharel,yt:Mina Kharel,comment
हजुर यहि कार्यामा पबित्रका साथ लाग्नुस यता तिर आएर दुसित नहुनुस ल😊😊,mina kharel,yt:Mina Kharel,comment
राजेन्द्र जि मत तपाई लाई धेरै राम्रो पत्रकार सम्झन्थे तर तपाई जति खेर पनि रबि रबि भनेको सुन्दा अलि उदेक लाग्यी ।,mina kharel,yt:Mina Kharel,comment
तंपाईलाई बल्ल फेरिएको कांग्रेसले चिनेछ । सुनामी मौषमी हुन्छ ।तंपाईले सुनामीको लहरलाई शान्त पार्न सक्नुहुन्छ ।शुभकामना दिदी ।,mina kharel,yt:Mina Kharel,comment
मीना दिदी हजुरलाई  मेराे काेटिकाेटि प्रणाम छ। हजुरकाे राजनीतिक  सफलता र बिजयकाे शुभकामना  छ।,mina kharel,yt:Mina Kharel,comment
Dami interview मीना जी,mina kharel,yt:Mina Kharel,comment
चितवनका विवेकशील नागरिक ले  समाजसेवी मिना खरेल दिदि लाई भोट दिनु हुन्छ,mina kharel,yt:Mina Kharel,comment
🔔 🔔 🔔,mina kharel,yt:Mina Kharel,comment
Good luck❤,mina kharel,yt:Mina Kharel,comment
यो पटक घण्टि मा भोट हालौ🔔🔔🔔,mina kharel,yt:Mina Kharel,comment
शुभकामना  सबै कुरा सुने राम्रो लाग्याे तर प्रधानमन्त्री गगन भन्नु भयाे कता कता चिप्लियाे कि?,mina kharel,yt:Mina Kharel,comment
हेर्नुस् त  कम्मेन्ट मा  लेखिइएका शब्द रा स्वा पा को ?,mina kharel,yt:Mina Kharel,comment
🔔,mina kharel,yt:Mina Kharel,comment
कति राम्रो कुरा । यस्ता खालको मान्छे ले जित्नैपर्छ ।शुभकामना,mina kharel,yt:Mina Kharel,comment
रबि दाइ ले धेरै अन्तर ले जित्नुहुन्छ कांग्रेस एमाले र माओबादी ले यिनीहरु त के साक्षत भगवान नै आएपनि जित्दैण,mina kharel,yt:Mina Kharel,comment
❤❤❤❤❤ great didi,mina kharel,yt:Mina Kharel,comment
चितवन 2 मा मिना दिदिले नै जित्नु पर्छ ।चितवन देवभुमि हो मिना जि आध्यात्मिक  नारी हो ।,mina kharel,yt:Mina Kharel,comment
Jitnarayan hoina harnarayan pakka ho!,mina kharel,yt:Mina Kharel,comment
"मेरो समर्थन छ प्यारी मिना दिदी 🙏🇳🇵
  म रुकुम(पूर्व) देखि 🇳🇵
यदि मिल्ने भय मेरो एक भोट हजुरलाइ🇳🇵",mina kharel,yt:Mina Kharel,comment
❤❤❤❤❤❤❤❤❤❤,mina kharel,yt:Mina Kharel,comment
"१०,००० भोट मा कमि हुँदैन।",mina kharel,yt:Mina Kharel,comment
अहिले सम्म सबैभन्दा राम्रो लाग्यो !,mina kharel,yt:Mina Kharel,comment
what a energetic lady? rellay impressive.,mina kharel,yt:Mina Kharel,comment
वाह मिना दिदि,mina kharel,yt:Mina Kharel,comment
दुख नपाऊ दीदी १० हज़ार भोट लाई धेर खर्च नगरनु होला,mina kharel,yt:Mina Kharel,comment
गजब पहिलाे पटक देखे र चिने मिना ज्यु अर्थात खातेकि दिदी लाई अब चितवन बासिले पार्टी भन्दा माथि रहेर उहाँ लाई जिताउनु पर्याे,mina kharel,yt:Mina Kharel,comment
🔔🔔🔔🔔,mina kharel,yt:Mina Kharel,comment
❤️👑🙏🏻,mina kharel,yt:Mina Kharel,comment
Vote for sun ❤❤❤❤❤,mina kharel,yt:Mina Kharel,comment
Jay nepal didi❤❤❤,mina kharel,yt:Mina Kharel,comment
so sweet talk didi bot for mina kharel❤️🙏🍀,mina kharel,yt:Mina Kharel,comment
धेरै पछी राजनीतिमा यत्तिको सेवाको पवित्र मन भएको ब्यक्ति लाई सुन्न र देख्न पाइयो। जितको शुभकामना मिना खरेललाई ।।,mina kharel,yt:Mina Kharel,comment
wow man paro,mina kharel,yt:Mina Kharel,comment
दिदी तपाईं जति राम्रो भए पनि तपाइँ को पार्टी नै खराब छ । माफ गर्नुहोला जीत त रास्वपा कै हुनुपर्छ ।। जय घण्टी ।।।,mina kharel,yt:Mina Kharel,comment
जियोज्यान लगाउदा पनि बाँनिया सरको केही चल्दैन😂😂😂,mina kharel,yt:Mina Kharel,comment
🛎️🛎️🛎️🛎️🛎️🛎️🛎️🛎️🛎️🛎️🛎️,mina kharel,yt:Mina Kharel,comment
शुभकामना दिदि❤❤❤,mina kharel,yt:Mina Kharel,comment
चितवन 2 ले जनताको रगत चुस्नेलाइ कि जनताको सेवा गर्नेलाइ भोट हाल्छ हेर्न बाकि छ,mina kharel,yt:Mina Kharel,comment
भुइन्माञ्छे गरिबकालागि तेत्रो मनै देखि काम गर्नु भएको व्यक्तिले आफ्नै पार्टी सरकारमा भएका बेला चाहिं के हेरेर बस्नु भएको थियो। नेताहरु अलमलिनु भएको थियो भनेर ढाकछोप गर्न खोज्ने वहाँलाइ कसरि बिश्वाश गर्ने।  आफ्नै नेताहरुलाई खबरदारी गर्न नसक्ने व्यक्तिलाइ कसरि जनताले बिश्वाश गरेर पठाउनु नीति निर्माणको तहमा। मिना जी को तर्कमा खासै दम देखिएन। मेरो बिचारमा त वहाँले समाज सेवालाइनै निरन्तरता दिंदा जनताको माया पाइरहनु हुनेछ। रबि प्रति भएको अन्यायको बिरुद्ध अलिकति बोल्नु भएको भए वहांको उचाइ अझै बढ्थ्यो होला जनताको नजरमा।  तपाईंपनि आर्को बिरोधि पार्टीको  जनप्रिय नेत्री हुनुभएको भए र बेथिति र भ्रस्ट नेताहरुको रविलेझैँ कडा बिरोध गर्नु भएको भए पक्कै रविको हालमा पुग्नु हुनेथ्यो होला।  wish you all the best for your social works in the days ahead!,mina kharel,yt:Mina Kharel,comment
"बौद्धिक र उचित पात्र लाग्यो, साहासी महीला मीना खरेल जीलाई जिताउनु पर्छ, वहाले गरेका अति महत्वपुर्ण सामाजिक कार्य, कसैलाई आरोप आक्षेप लगाउनु भएन। रवि रजनितिमा आउनका लागि उहाका सबै  अभियोग मेटाएर शुद्द भएर आउनु पर्छ । यसै अभियोग लगाईएको त पक्कै पनि होईन यो कुरा चितवन वासी जनताले बुझ्नु पर्दछ।",mina kharel,yt:Mina Kharel,comment
"मिना खरेल सामाजिक सञ्जालमा भाइरल भएकी पात्र होईनन् । उहाँ त नेपालैभरी विशेषगरी चितवन जिल्ला भरी नै दुःखी, पिडित, गरिब, निमुखा व्यक्तिहरुको मात्र अहोरात्र काम गर्ने समाजसेवी हुन् । अब दिदीलाई जनताले उचित न्याय गर्ने समय आएको छ । जय नेपाल दिदी ।",mina kharel,yt:Mina Kharel,comment
बानियाँलाई एमालेकाे साख गिर्छ थाहा छ त्यहि भएर ने का नि सानाे दल हाेस भन्ने चाहाना राख्छन्,mina kharel,yt:Mina Kharel,comment
पत्रकारज्यूले रविकाे खिल्ली जति उडाएपनी जनताले माया गरेभने कसकाे के लाग्याे र ?,mina kharel,yt:Mina Kharel,comment
Didi le thug lai haraunai parcha,mina kharel,yt:Mina Kharel,comment
"वा ! कहां चटके जस्ता रवि , कहां यति भद्र शालिन मिना ! कसलाई विजय गराउने तेहांका भोटरको परीक्षा हो अैले ।",mina kharel,yt:Mina Kharel,comment
"नेताको भाशरण एस्तै हुन्छ ,,बुझेका छौ,,र चिनेकाछौ",mina kharel,yt:Mina Kharel,comment
शुभकामना हजुरलाई,mina kharel,yt:Mina Kharel,comment
🔔🔔🔔🔔🔔🔔🔔,mina kharel,yt:Mina Kharel,comment
"बेस्ट  उम्मेदवार ,  हो  !  चितवन २  ,  रबि  को  झोला न  बोकौ  !!!",mina kharel,yt:Mina Kharel,comment
काङ्ग्रेसले यस्ता यस्ता व्यक्तिलाई पछि पारेको थियो। भाउजुका नजरमा यस्ता मान्छे जहिले घृणाका पात्र थिए। आज युवाको काँधले उहाँलाई जिम्मेवारीको काँधमा सुम्पेको छ। जितको अग्रिम शुभकामना🇳🇵🇳🇵♥️♥️,mina kharel,yt:Mina Kharel,comment
"Dd lai salute xa, Mahan ho hajur, Tara Rabi dai is next Level person, I love him🔔🔔🔔 jay ghanti.. Rabi dai vaneko bides ma bechiyeko cheli ko uddar, bides ma alapatra pareka ko varosa ho.. Rabi is future PM of Nepal 🇳🇵 jay ghanti🔔🔔🔔",mina kharel,yt:Mina Kharel,comment
"चितवन को जनताले राम्रो सँग चिन्तन गरेर पार्टी, हो हल्ला मा नलागेर काम गर्न सक्ने र दुःख सुख मा साथदिने लाई भोट हाल्नु होला कुरा सुन्दा र उहाँको योगदान चितवन बासीले राम्रो सँग नियालेर उचित हुन्छ भनी मौका दिन सजिलो छ।",mina kharel,yt:Mina Kharel,comment
राम्रो बोल्नुहुदो रहिछ,mina kharel,yt:Mina Kharel,comment
❤❤,mina kharel,yt:Mina Kharel,comment
Congratulations di,mina kharel,yt:Mina Kharel,comment
didi namaste ❤❤❤,mina kharel,yt:Mina Kharel,comment
एउटा सक्षम महिलालाई काङ्ग्रेसले बलि चदायो अन्त कतैबाट टिकट पाएको भए सम्भब हुन्थ्यो चितवन २ बाट काङ्ग्रेसको जमानत जफत हुने निश्चिति छ...,mina kharel,yt:Mina Kharel,comment
K ho yo caption khate ki didi. Kati ris ho rabi sanga 😅😅😅,mina kharel,yt:Mina Kharel,comment
Gagan Kumar thapa jasto Congress  party ko lagi chunab ma vote 🗳 dinu vane ko am nepali janta haru 🇳🇵 lai dherai dhukha pida ho hunexa Mina kharyel didi le Dhulo galti garnu??? vayo ko xa jai ghanti jai RSP party jai rabi ju,mina kharel,yt:Mina Kharel,comment
Suvakamana,mina kharel,yt:Mina Kharel,comment
She is undoubtedly one of best candidates and she deserves to win.  But I am concerned she is being made a sacrificial lamb by Nepali Congress.  She would have been a great contender had she chosen any other new party including RSP and not a highly toxic Congress.  I hope she will save her dignity with a fair share of votes but cannot see that happening 🙏🔔🙏,mina kharel,yt:Mina Kharel,comment
शुभकामना दिदि,mina kharel,yt:Mina Kharel,comment
🔔🔔🔔🔔💪,mina kharel,yt:Mina Kharel,comment
"राजेन्द्र दाइ खरो बहस का लागि धन्यवाद ,",mina kharel,yt:Mina Kharel,comment
what a hidden character.,mina kharel,yt:Mina Kharel,comment
❤❤🎉🎉🎉🌳🌳🌳🙏🙏❤️❤️,mina kharel,yt:Mina Kharel,comment
Best of luck,mina kharel,yt:Mina Kharel,comment
Asal manxe ❤,mina kharel,yt:Mina Kharel,comment
राम्रो मान्छेको कुरा सुन्न पाईयो राजेन्द्र् जी,mina kharel,yt:Mina Kharel,comment
Congratulations dd,mina kharel,yt:Mina Kharel,comment
आदर्श नारी,mina kharel,yt:Mina Kharel,comment
Timle bkaam gareu  hola didi tara timro party congresh  dusit  xa kina vot dine  yar,mina kharel,yt:Mina Kharel,comment
You can win now,mina kharel,yt:Mina Kharel,comment
Title 😢,mina kharel,yt:Mina Kharel,comment
🔔🔔🔔🔔🔔,mina kharel,yt:Mina Kharel,comment
Jaya ghanti,mina kharel,yt:Mina Kharel,comment
Naya party ma vay harahari pgthin hola congress ko party huna le dherai  aay 15 . 20,mina kharel,yt:Mina Kharel,comment
असल मान्छे🙏🏻,mina kharel,yt:Mina Kharel,comment
Why not RSP ?,mina kharel,yt:Mina Kharel,comment
मिना दिदीको काम प्रति सम्मान छ तर अहिले लाइ काङ्रेस लाइ भोट दिना सकेन  अहिले लाइ मात्र RSP 🔔🔔🔔🔔🔔🔔👍👍💪💪💪,mina kharel,yt:Mina Kharel,comment
"सहकारी ठग हारेको दिन यत्ति खुशि लाग्थ्यो नि
हाम्रो पसिना खाएर मोज गरिराछ
 पुरानो भ्रष्ट भए यिनिहरु दलाल र ठग",mina kharel,yt:Mina Kharel,comment
राम्रो हुनू हुँदो रैछ दिदी tara sorry ल यो पाली next ठाउँ बाट भएको भए 100%  hjr कोे जीत निसित हुने थियाे,mina kharel,yt:Mina Kharel,comment
Jantaharule kasailai pahad Ra kasailai sanudekhane galtile garda des sudridain  minale k garen rabile k gryo,mina kharel,yt:Mina Kharel,comment
🌳🌳🙏🇳🇵💕jay Nepal 🇳🇵 Suvkamana di,mina kharel,yt:Mina Kharel,comment
Khas jitnu parnee minaa dd lee ho aba voters ko haat xaa sabaai,mina kharel,yt:Mina Kharel,comment
दिदि लाइ जय नेपाल🎉🎉,mina kharel,yt:Mina Kharel,comment
Didi subhakamna,mina kharel,yt:Mina Kharel,comment
Gathabandan Garera Yauna Pipasuko Drabya Pichasha Bhrashtaharule Dhwastapareko Sangathan Puna Nirmana Garnuchha,mina kharel,yt:Mina Kharel,comment
🔔🔔🔔🔔🔔🔔,mina kharel,yt:Mina Kharel,comment
दिदिलाइ चितवनको जनताले न्याय गर्ने छ यो पाली।,mina kharel,yt:Mina Kharel,comment
राजेन्द्र जि गए गुर्जेको भन्ने शब्द गलत छ है  सच्याउनु पर्छ,mina kharel,yt:Mina Kharel,comment
"Ekdum ramro yogdaan raixa DD ko but hjr ko top level tier kaa manxi alli naramro ho ki jsto lagxa. People might vote for you but not for congress or so congres seniors.
Toughest fight i guess but best of luck!",mina kharel,yt:Mina Kharel,comment
Khoi k khoi k bhane jasto puraskar ta party ka vijilante banepachhi milihalchha ta.,mina kharel,yt:Mina Kharel,comment
शुभकामना,mina kharel,yt:Mina Kharel,comment
Nikai ramro layo bahas❤❤,mina kharel,yt:Mina Kharel,comment
love you didi,mina kharel,yt:Mina Kharel,comment
😂😂😂😂😂👎👎🙏👍👍👍🔔🔔🔔🔔🔔❣️❣️,mina kharel,yt:Mina Kharel,comment
"Dhanayabad Rabindra Jee, thula media, thula naam ko paxadi lagda, sunnai parne manxe lai lyaunu bhayo. Dhanyabad.",mina kharel,yt:Mina Kharel,comment
जय 🔔🔔🔔🔔🔔,mina kharel,yt:Mina Kharel,comment
चितवनका दाजुभाई दिदीबहिनीहरूले यतिको उमेदवारलाई हरायो भने चाहिँ तपाईँ लाग्छ यदि चितवनका जनताले साँच्चिकै परिवर्तन चाहेका हुन् भने यिनी दिदीलाई जिताउनै पर्छ,mina kharel,yt:Mina Kharel,comment
चितवन बासीले सही रूपमा निर्वाचित गराउन पर्छ ्,mina kharel,yt:Mina Kharel,comment
दीदी जित को हकदार हुनुहुन्छ ! रबी सग त तुलनै हुदैन ! Best wishes,mina kharel,yt:Mina Kharel,comment
देउबाको घरभरि पैसा डडेको बारेमा के भन्छिन यी भलादमि दिदी।,mina kharel,yt:Mina Kharel,comment
Shuvakaamana xa mins ji tara espaali chaai ghanti le nai jitnu parxa,mina kharel,yt:Mina Kharel,comment
जितनारायण श्रेष्ठ  2.0 हुनेवाला छ । जय घण्टी 🔔,mina kharel,yt:Mina Kharel,comment
12 families,mina kharel,yt:Mina Kharel,comment
Aafu lai ramrai patrakar thanne haru le vasa ko minimum standard pni maintain nagareko dekhda daya lagyo. What do you mean by 'Khate'?,mina kharel,yt:Mina Kharel,comment
Yauta nari lai k khisi turi garako Dai ki ramro question garara natra caption sudara…,mina kharel,yt:Mina Kharel,comment
चितवन  का  जनताले  पक्कै  जिताऊछन  दिदीलाई,mina kharel,yt:Mina Kharel,comment
Yo karyakram here dherai roy deshma ramra manxe Pani xan,mina kharel,yt:Mina Kharel,comment
Ho ho sabai la dhuka gara KO Vaya rava ra ho Nepal asto Vaya ko😮 personaly she very good 👍,mina kharel,yt:Mina Kharel,comment
"If she doesn’t win, it’s not just her loss, it’s a loss for all of Nepal and a loss of hope for every Nepali. All the Best🎉",mina kharel,yt:Mina Kharel,comment
Good luck rsp🙏🙏♥️♥️🔔🔔🌹🌹,mina kharel,yt:Mina Kharel,comment
नालापानि होइन काङ्ग्रेसको ब्याज खान पाइन्छकि भनेर हो,mina kharel,yt:Mina Kharel,comment
खाते भन्ने शब्द हटाईहाल्नुस।,mina kharel,yt:Mina Kharel,comment
दिदी लाई सुने एकदमै राम्रो लाग्यो पुरानोले पार्टी लाई ध्वस्त बनायो कस्तो अफ्टेरो मा परे म त भोट उहाँलाई हालुम भने पार्टी ध्वस्त बनैसक्यो पुरानो ले त्यो बेला हाथ 2 ओटा मा एउटामा जान्छ तपाईं की घण्टी।,mina kharel,yt:Mina Kharel,comment
प्र्स्न लाई थेग्न सक्ने माहान सोचाइ हो वाहाको सछम हो वाहा❤❤❤❤❤❤,mina kharel,yt:Mina Kharel,comment
vote for mina gi jay nepal 🌲🌲🌲🌲🌲🌲🌲🌲,mina kharel,yt:Mina Kharel,comment
यिनि दिदि 1000भोट आउला,mina kharel,yt:Mina Kharel,comment
Harnuhuncha jitna sakne bela ma diyenan ticket  harnenishchit cha Jun thau ma hunu hunthyo tehi best  thiyo,mina kharel,yt:Mina Kharel,comment
देश बिग्रेको नैतपाई जस्ता बौद्धिकहरुले  गर्दाहो तपाईं साच्चै नै नेपाली जनताको हितको लागि राजनितिमा आउनु हुन्थ्यो भनी माहवीर पुन जसरी ब्यक्ती स्वतन्त्र बाट आउन सक्नुहुन्थ्यो यो उमेदवार नै तपाईको लागि भोलि साढेगोरुको घाटिमा जातो झुन्डयदियको जस्तै हुनिछ र आफैमा पछुतो हुनिछ !,mina kharel,yt:Mina Kharel,comment
जितको शुभकामना दि,mina kharel,yt:Mina Kharel,comment
sachai khate ki didi nai hora😂😂,mina kharel,yt:Mina Kharel,comment
KhatA kina lakhako,mina kharel,yt:Mina Kharel,comment
मिना दिदिले जित्नुपर्छ भन्ने एक हौ !🎉,mina kharel,yt:Mina Kharel,comment
सही सक्षम नेत्री,mina kharel,yt:Mina Kharel,comment
Great lady❤,mina kharel,yt:Mina Kharel,comment
शीर्षक अलि राम्रो राख्न सकिन्थ्यो कि ?,mina kharel,yt:Mina Kharel,comment
Aja ko new party nai Gagan ko team ho Jay Nepal 🌳🌳🌳🌳🌳🌳🌳🌳🌳🌳🌳🌳,mina kharel,yt:Mina Kharel,comment
"चितवन को मतदाताको विवेक हेरौं न,काम गर्नेलाई रोज्ने कि गफाडी ठगलाई🤗",mina kharel,yt:Mina Kharel,comment
Ashika tamang binita kathyat sundai holan ne best of luck didi,mina kharel,yt:Mina Kharel,comment
"यस्तो ससक्त , जुझारु र बिबेकसिल महिला लाई छोडेर रबि लामिछाने लाई vote नहाल्नुहोला,चितवन बासी हरु लाई मेरो अनुरोध छ।",mina kharel,yt:Mina Kharel,comment
good luck ❤didi,mina kharel,yt:Mina Kharel,comment
Great lady,mina kharel,yt:Mina Kharel,comment
केपी लाइ नि ल्याउनु पर्याे सर,mina kharel,yt:Mina Kharel,comment
विचारा कस्तो खालडोमा हाल्दिएछ गगनले,mina kharel,yt:Mina Kharel,comment
Great thought,mina kharel,yt:Mina Kharel,comment
Rajendra dai 🙏🙏🙏🙏🙏,mina kharel,yt:Mina Kharel,comment
चितवनका न्याय प्रेमि जन समुदाय चितवनकि चेलि लाई न्याय गर्छनकि अपमान गराउँछन हेर्न बाँकी  छ चितवनमा कस्ताे निर्णय हुँदाे रहेछ झन महिला दिदी बहिनीले  त झन महिला लाई सम्मान गर्नु अात्म सम्मान पाउनु हाे,mina kharel,yt:Mina Kharel,comment
Yo British senako ladai hoina ...,mina kharel,yt:Mina Kharel,comment
जितकाे शुभकामना दिदी,mina kharel,yt:Mina Kharel,comment
पाको र काचोमा यहि फरकहो कति राम्रो बोलि,mina kharel,yt:Mina Kharel,comment
"Back off Populist, these are opportunists and selfish. You people step back and think once. I don't  think the populists are good for people and the country. Your vote????",mina kharel,yt:Mina Kharel,comment
I wish I could be the voter of her,mina kharel,yt:Mina Kharel,comment
Hoina hjr hjr ramro Manche ho Tara hjr ko palti nai brastrachari ko palti ko name di sakeko xa,mina kharel,yt:Mina Kharel,comment
चितवन basi न्याय प्रेमी जनता ले yasto भगवान जस्ती दिदी lai विजय गराउनु पर्छ ❤❤❤,mina kharel,yt:Mina Kharel,comment
Best of luck Didi ...kasaialia harauni hoina Didi Lai jitauni ho,mina kharel,yt:Mina Kharel,comment
Dami Didi...best of luck. You will win,mina kharel,yt:Mina Kharel,comment
मिना नानि शुभकामना ❤❤❤❤,mina kharel,yt:Mina Kharel,comment
Patrakar kunai partyka jhole hun ki? Unko  prasan sodhai k ho?,mina kharel,yt:Mina Kharel,comment
yaspali chi jay 🔔🔔🔔🔔🔔🔔🔔. jay Ravi,mina kharel,yt:Mina Kharel,comment
By no,mina kharel,yt:Mina Kharel,comment
जीत को शुभकामना  दिदी 🎉,mina kharel,yt:Mina Kharel,comment
हुँदै हुन्नँ रवि जस्तो मान्छे हराएर नयाँ बोतल कोे पुरानो बीस पिउँन सकिन्नँ जय रवि,mina kharel,yt:Mina Kharel,comment
मिना खरेल चितवनको माटोमा जन्मेको हुर्केको र तेहिका जनताका लागी समर्पित नाम हो । उनलाई माया गर्नु चितवनका जनताको कर्तव्य हो।,mina kharel,yt:Mina Kharel,comment
"मिना दिदी असल व्यक्ति हुनुहुन्छ, त्यसमा कुनै दुईमत छैन। तर यहाँ देश परिवर्तनको मुद्दा प्रमुख छ र जेन्जीको सपना पूरा गर्नुपर्ने आवश्यकता छ। कांग्रेसको बिल्ला भिरेरभन्दा स्वतन्त्र उम्मेदवारका रूपमा उठ्नुभएको भए रविलाई केही प्रभाव पर्थ्यो होला, तर पुरानो पार्टीको ट्याग लागेपछि जित हासिल गर्न गाह्रो देखिन्छ।",mina kharel,yt:Mina Kharel,comment
Sabaile mina dd lae vote deu hwe chitwan 2basika Janta haru aaba sochne parne din aako xa,mina kharel,yt:Mina Kharel,comment
Good wishes,mina kharel,yt:Mina Kharel,comment
यसपालि चाहिँ घन्टी नै घन्टी🔔🔔🔔🔔🔔🔔🔔🇳🇵👍️ सरी दिदी,mina kharel,yt:Mina Kharel,comment
मिना दिदी हाइहाइ❤,mina kharel,yt:Mina Kharel,comment
"रबिले चुनावमा100% जित्छ्न किनकी खहरे खोलो उर्लिएको छ ! मिना दिदिले दुखी असहाय लाई साथ सहयोग गर्नुभछ त्यो मिनाको र असहायको सन्तुष्टि हो सबै जन्ताले बुज्दैन ,हारेपनी हिम्मत र कामले  मन सन्तुष्ट मिल्छ !!",mina kharel,yt:Mina Kharel,comment
जितको  शुभकामना  दिदी 🌳🌳🌳🌳🌳,mina kharel,yt:Mina Kharel,comment
काम गर्ने मान्छेको बिचारै बेग्लै।,mina kharel,yt:Mina Kharel,comment
Valmiki Rhishhile Sita Ra Lava Kushako Uddear Gareko Pauranik Itihasa Bartaman Aafno Jivan Purai Abala Asahaya Nari Anath Tuhura Balabalikako Samrakshak Mina,mina kharel,yt:Mina Kharel,comment
Drama Bania को,mina kharel,yt:Mina Kharel,comment
"कांग्रेसको गलत नीतिको कारण अघिल्लो चुनावमा नै सकिसक्यो कांग्रेस अब कुनै हालतमा चितवनमा फेरि हरियो हुन सक्दैन, यो सुक्यो र को जो आएपनि लाज पनि लजाउने हार हुन्छ। जित्ने आधार हुँदा दलाल ल्याउने र जित्न नसक्ने भएपछि यस्तै बलिको बोको बनाउने हो खरेल दिदी किन आत्महत्या गर्न तयार हुनु भएको?",mina kharel,yt:Mina Kharel,comment
राजेन्द्र बानियाँ जस्तो शब्द शब्दमा खेल्ने मान्छेले खाते शब्द प्रयोग गरेको राम्रो भएन यो तुरुन्तै परिवर्तन गरेर सडक बालबालिका लेख्न अनुरोध गर्दछु 🙏🙏,mina kharel,yt:Mina Kharel,comment
किन रवि लामिछाने को अन्तरबार्ता गर्न सक्नु हुन्न सर,mina kharel,yt:Mina Kharel,comment
Didi ko bichar ekdam sahi saalin raixa but party ko main gagan vayeko ali bichar garau.,mina kharel,yt:Mina Kharel,comment
मिना दिदिलाइ शुभकामना  छ ।,mina kharel,yt:Mina Kharel,comment
जय घन्टी 🔔🔔🔔🔔,mina kharel,yt:Mina Kharel,comment
Best of luck  mina sister,mina kharel,yt:Mina Kharel,comment
सचेत नागरिकको भोट मिना खरेललाई,mina kharel,yt:Mina Kharel,comment
खाते भन्ने  शब्द कहिले  फेरिने हो??मैले यसको परिवार्चिक शब्दमा सडक बालबालिका भनेको सुनेको थिए  पत्रकार  साथीहरूले सुधार गर्नुपर्ने  थियो ??,mina kharel,yt:Mina Kharel,comment
Rajendra sir.yo interview vanda agadi samma tapai fan thiye.bt ahile mero man teti manena.teso vay kaslai vot lagaune.yo Didi ko kaam tw thullo jasto lagyo tw.ramro lai ramro vane ho hola ni?,mina kharel,yt:Mina Kharel,comment
रबी लामिछानेको तुलना किसुन जी  संग हुन्छ ?????? किसुन जीले सरकारी निबास छोडदा एउटा ट्याकां र माटोको घैटो साथमा लिएर गएका थिए ..तर रबी लामीछानेले …?????,mina kharel,yt:Mina Kharel,comment
Didi Tara Rabi vaneko mahan  manxe ho jay ghanti,mina kharel,yt:Mina Kharel,comment
राजनितिमा छलकपट कति गर्नु पर्छ भन्ने गतिलो उदाहरण्।मिना  खरेल ले रबि लाइ लडाउछुभनेर भन्नु पर्ने बिडम्बना।,mina kharel,yt:Mina Kharel,comment
Didi is undoubtedly a very good candidate and I wish her well but I am afraid she is helpless stoping Ravi’s advances to a historic landslide victory for 3rd time.  It’s not a projection but a foregone conclusion.  Jai GHANTI 🙏🔔🙏,mina kharel,yt:Mina Kharel,comment
सलाम दिदी जितको शुभकामना,mina kharel,yt:Mina Kharel,comment
रबीलाई सक्काउँछु भन्ने सोच्छ भने आफै सकेर जानुहुन्छ। सायद चितवनमा जमानत जफत हुन सक्छ तपाईँको दिदि,mina kharel,yt:Mina Kharel,comment
"Mina kharel is very much capable, honest and educated as well for chitwan 2",mina kharel,yt:Mina Kharel,comment
यस्तो सक्षम महिला हुदाहुदै सहकारी ठगलाई जिताय भने जनताले गु खाय हुन्छ,mina kharel,yt:Mina Kharel,comment
"I wonder 😮, are you there to advocate lamichaney…?",mina kharel,yt:Mina Kharel,comment
new parties should get chance to prove them. For now no more old parties,mina kharel,yt:Mina Kharel,comment
Only Rabi Lamichane 🔔🔔🫡🫡🇳🇵🇳🇵🌹🌹🙏🙏,mina kharel,yt:Mina Kharel,comment
😅रबि ले गगनको चाख आगो नफुकेको भए अझै निदाएरै बस्थे,mina kharel,yt:Mina Kharel,comment
मिना दिदी जिताउन अभियान चलोस शुभकामना दिदिलाई🙏🕉️🇳🇵,mina kharel,yt:Mina Kharel,comment
"Giving a candidate a high-profile media interview just before an election is unfair to other candidates. It gives one person a clear advantage and undermines the principle of equal competition.

Even if she has done commendable work, the timing of the interview matters. Conducting and promoting such an interview right before election is effectively political campaigning disguised as journalism.

Media organizations have a responsibility to remain impartial and to ensure equal exposure for all candidates, especially during an election period. 
I hope all other candidates will get same opportunity!",mina kharel,yt:Mina Kharel,comment
Very good lady,mina kharel,yt:Mina Kharel,comment
Jai Ravi.,mina kharel,yt:Mina Kharel,comment
"Minajiko karma prati samman xa.
Rajenjile congresslai saath dinu vaeko pae gajap lagyo sathai antata kehi purana budhijibi ra bislesakharule pani naya paribartan hoina puranai thula partylai saath dieko bujhe...",mina kharel,yt:Mina Kharel,comment
यिनले रेणुको ठाउँ लिनुपर्छ।,mina kharel,yt:Mina Kharel,comment
रबि भौमान मा राजनीति चेत संस्कार छ भने यो पटक मिना दिदी लाई जिताउन सयोग गरि आफू लाई लागेको आरोप सबै किलिन चिट बनाई अर्को पटक प्रधानमन्त्री बन्दा हुन्छ राधे राधे ❤,mina kharel,yt:Mina Kharel,comment
Jit ko shuvakamna,mina kharel,yt:Mina Kharel,comment
Hajur Aama chitwanma Mr rabi sang jhuddhai hunu hunxa dherai paisha khera na falnu hola kina tapaile invest garnu vayo vane bekar hunexa😂😂😂,mina kharel,yt:Mina Kharel,comment
मिना दिदिलाइ सबैले भोट दिएर बिजय गराउनु होला,mina kharel,yt:Mina Kharel,comment
Mero vote Mina didi,mina kharel,yt:Mina Kharel,comment
"रबि भगवान होइनन्, र चुनाव केवल लोकप्रियताका लागि मात्र प्रतिस्पर्धा होइनन्। मीना खरेलसँग हार्नुको अर्थ उनी बेकार छन् भन्ने होइन; यसको अर्थ वास्तविकताले प्रचारलाई हराएको हो।
रबिले किन हार्नुपर्‍यो भन्ने कुरा यहाँ छ, सरल शब्दमा 👇
१. मिडिया प्रसिद्धि ≠ भोट बैंक
रबिसँग ठूलो टिभी पहुँच र भावनात्मक सम्बन्ध थियो, तर चुनावहरू जितिन्छन्:
बुथ-स्तरीय कार्यकर्ताहरू
स्थानीय सञ्जालहरू
वर्षौंको उपस्थिति
मीना खरेलको ग्रासरुट पहुँच थियो जहाँ मतदानको दिन यसको महत्त्व थियो।
२. संगठनले करिश्मालाई हराउँछ
रबिको पार्टी नयाँ र भावनात्मक रूपमा संचालित थियो। मीना खरेलसँग थियो:
पार्टी संयन्त्र
मतदाता परिचालन
प्रशिक्षित कार्यकर्ताहरू
चुनावको दिन, अनुशासन > नाटक।
३. सहानुभूतिको लहर अस्थायी छ
रबि उठ्यो:
प्रणाली विरोधी क्रोध
भावनात्मक कथाहरू
तर मतदाताहरूले अन्ततः सोध्छन्:
👉 ""विकास, कानून, बजेट कसले व्यवस्थापन गर्नेछ?""
भावना शीतल हुन्छ; संरचना बाँकी छ।
४. अत्यधिक व्यक्तिगतकरण उल्टो भयो
जब समर्थकहरूले कसैलाई मुक्तिदाताको रूपमा प्रस्तुत गर्छन्, मतदाताहरूले प्रायः नकारात्मक प्रतिक्रिया दिन्छन्:
""उहाँ सोच्नुहुन्छ कि उहाँ सबै भन्दा माथि हुनुहुन्छ""
""धेरै हल्ला, कम गहिराई""
लोकतन्त्रले मसीहाहरूलाई मन पराउँदैन।
५. मीना खरेललाई कम आँकलन गरिएको थियो
त्यो ठूलो गल्ती थियो।
उनी चम्किलो थिइनन्, तर:
सतर्क
स्थानीय रूपमा विश्वसनीय
राजनीतिक रूपमा अनुभवी
मौन मतदाताहरूले प्रायः चुनावको निर्णय गर्छन्।
तथ्य रेखा
रबीले दुष्ट भएको कारणले हारेनन्
मीना सिद्ध भएको कारणले होइन
तर लोकतन्त्रले तयारीलाई पुरस्कृत गर्छ, प्रक्षेपण होइन।
उहाँ अझै पनि सिक्न, परिपक्व हुन र योगदान गर्न सक्नुहुन्छ —
तर नेपाललाई देवताहरू चाहिँदैन।
यसलाई संस्था, क्षमता र जवाफदेहिता चाहिन्छ।
त्यो वास्तविक पाठ हो।",mina kharel,yt:Mina Kharel,comment
"ल है चितवनका एमाले, नेकपा,राप्रपा तपाइहरु सबैले समानुपातिक मा आफ्नो पार्टीमा हालेपनी प्रत्यक्ष मा मिना दीदी लाइ भोट दिनुहोला🙏🙏",mina kharel,yt:Mina Kharel,comment
Good thinking ❤,mina kharel,yt:Mina Kharel,comment
नेपाल मा जति भरसट छ तेसमा काङ्ग्रेस  अगाडि छ,mina kharel,yt:Mina Kharel,comment
"भोलि को सामाजिक विकास मंत्री हुनुपर्ने sammanit samajsebi hunuhudo रहेछ, good luck!",mina kharel,yt:Mina Kharel,comment
बानिया सर हजुर लाई गगन थापा शीत प्रसनल दुश्मनी चाई के रहेछ भन्दिनु परो हजुर को धेरै अन्तरबार्ता हेरे सुने त रबि का समर्थ को गालिको डरले रबि लाई बचाउ गर्दै गर्नु भयको हो,mina kharel,yt:Mina Kharel,comment
अब के देउवा लाइ कार्बाहि होला?,mina kharel,yt:Mina Kharel,comment
She is best for Mayor of Bharatpur...,mina kharel,yt:Mina Kharel,comment
"मिनाजी तपाईं राम्रो मान्छे सामाजिक मान्छेहो तर तपाइलाइ पार्टीले  गलत समय र गलत ठाउ बाट  टिकट  दियो यो चाहिँ अन्यायहो,।",mina kharel,yt:Mina Kharel,comment
Pakka jitnuhunxa dd,mina kharel,yt:Mina Kharel,comment
सुन्दा मान्छे ठिकै लागेयो तर रबि लाई बाख्रे ले दुख दिएको बदला ल्याउन पनि तपाईं लाई हराउछन चितवन को जनता ले अहिले बाटै मन सम्हालेरा बस्नुस,mina kharel,yt:Mina Kharel,comment
Didi Rocks 🎉🎉🎉 हजुरलाइ अग्रिम शुभकामना दिज्यु !!!! हजुर प्रती नमन !!! हजुरको जित हुन्छ भगवान श्री पशुपतिनाथ र माता नबदुर्गा भबानी सङ्ग प्रार्थना गर्द्छु !!!🙏🙏🙏,mina kharel,yt:Mina Kharel,comment
Aba janta le bujnu vaxa aba ko aasa nai rabi ra rsp🙏🙏🔔🔔🌹🌹,mina kharel,yt:Mina Kharel,comment
"मेरो विचारमा २०७९ सालको निर्वाचनमा रवि लामिछानेले जिते तापनि उनले अपेक्षित काम गर्न नपाउनुको कारण व्यक्तिगत असक्षमता होइन, राज्य संयन्त्रकै व्यवहार हो। निर्वाचित भएलगत्तै उनलाई निरन्तर प्रतिशोधको राजनीति गरियो—६४ करोडको हिनामिनाको आरोप लगाइयो, दर्जनौँ मुद्दा थपिँदै गए, अन्ततः जेलसम्म पुर्‍याइयो। यस्तो अवस्थामा कुनै पनि जनप्रतिनिधिले आफ्नो क्षेत्रका लागि प्रभावकारी रूपमा काम गर्न पाउनु सम्भव हुँदैन।
जेलमा रहेको प्रतिनिधिको क्षेत्रमा बजेट नपुगेको, विकासका काम अघि नबढेको छ भने त्यसको दोष प्रतिनिधिलाई होइन, त्यतिखेरको सरकार र राज्य व्यवस्थालाई दिनुपर्छ। बजेट विनियोजन सरकारको हातमा हुन्छ, जेलभित्र राखिएको व्यक्तिको होइन।
अझ गम्भीर प्रश्न के हो भने, सहकारी काण्डमा झन्डै ८८ अर्ब रुपैयाँ हिनामिना भएको भनिँदा रवि लामिछाने एउटा व्यक्ति थुनिँदैमा पीडितहरूले पैसा पाए त ? पक्कै पाएनन्। त्यसमाथि नेपाली कांग्रेसभित्रकै, केन्द्रीय तहसम्मका व्यक्तिहरू संलग्न भएर झन्डै ५० अर्ब बराबरको हिनामिना भएको सार्वजनिक रूपमा देखिँदा पनि ती व्यक्तिहरूमाथि उस्तै कानुनी कारबाही किन भएन ?
यदि यो प्रतिशोध होइन भने, किन रवि लामिछाने मात्र निशानामा परे ? किन अरू ठूला दोषीहरूमाथि मुद्दा चलाउन, समात्न र कारबाही गर्न राज्य असफल भयो ? यही असमान व्यवहारले जनतामा स्पष्ट सन्देश दिएको छ—रवि लामिछानेमाथि गरिएको व्यवहार न्यायभन्दा बढी राजनीतिक प्रतिशोधको परिणाम हो।
अर्को कुरा, “१२–१४ वर्षको उमेरदेखि राजनीति सुरु गरेको” भन्ने दाबी पनि यथार्थपरक देखिँदैन। म स्वयं राजधानी आसपास हुर्किएको, अहिले ३५–३६ वर्षको पुस्ताको व्यक्ति हुँ। हाम्रो पुस्तामा पनि त्यो उमेरमा राजनीतिक चेत विकसित हुँदैनथ्यो। आजभन्दा ५०–६० वर्षअघि त राजधानीमै पनि त्यति राजनीतिक चेत थिएन भने राजधानीभन्दा धेरै बाहिर हुर्किएको व्यक्तिमा त्यतिबेलै परिपक्व राजनीतिक चेत थियो भन्ने दाबी स्वाभाविक रूपमा प्रश्नयोग्य हुन्छ। हुदैन,
वास्तविक बहस कसले कहिले राजनीति सुरु गर्‍यो भन्ने होइन, आज कसको भिजन स्पष्ट छ भन्ने हो। अतीतको कथा सुनाएर होइन, भविष्यमा के गर्ने भन्ने स्पष्ट योजना राखेर मात्र जनताको विश्वास जितिन्छ।",mina kharel,yt:Mina Kharel,comment
जय घण्टी,mina kharel,yt:Mina Kharel,comment
Best wishes mina kharel 😍,mina kharel,yt:Mina Kharel,comment
Khusi lagyo didi ko kura suner,mina kharel,yt:Mina Kharel,comment
वाहा ! ! !  क्या गज्जवको समाजसेवी मिना खरेल।❤❤❤ जितको लागि हार्दिक शुभकामना ।,mina kharel,yt:Mina Kharel,comment
Mina dd lai jitauna parchha chitwan Janata le yasto ramro  Kam garnu vako dd safa man  ko Dhani manxe party tyagnu vyakti ko kaam thulo ho man thulo ho,mina kharel,yt:Mina Kharel,comment
अब चितवन को जनताको हातमा छ ठग लाई जिम्मा दिने हो कि जन सेबक लाई दिने अब केही दिनमा थाहा  होला।,mina kharel,yt:Mina Kharel,comment
अघिल्लो निर्वाचनमा काँङ्गेस माओवादी र अन्यले दिएको भोटवाट रवी जी ले जित्नुभयो। यो पटक मिना जि ले जित्नुहुन्छ।,mina kharel,yt:Mina Kharel,comment
दिदी राम्रो मान्छे हुनुहुन्छ जस्तो लागो,mina kharel,yt:Mina Kharel,comment
मान्छे राम्रो भए पनी शेरे गनगने को पार्टी मा गए पछी यसपालि चाई हार नै हाे! अर्को चोटि लाई शुभकामना,mina kharel,yt:Mina Kharel,comment
Jitnu parcha hi,mina kharel,yt:Mina Kharel,comment
Sapana bainiko,mina kharel,yt:Mina Kharel,comment
हुरि को अगाडि पंखा,mina kharel,yt:Mina Kharel,comment
जय घन्टि।,mina kharel,yt:Mina Kharel,comment
मिना खरेल लाई भोट दिनु हुदैन कालो काँग्रेस लाई पत्तासाप गर्नुपर्छ,mina kharel,yt:Mina Kharel,comment
"बजै तिमी जुन पार्टी बाट परिचालित छौ त्यो इतिहास सबै भन्दा खराब पार्टीे हो
76 जना निर्दोष विद्यार्थी हरू को हत्या गर्ने 1000 घाइते बनाउने पार्टीे हो इतिहास गवाह छ त्यसैले तिमी गलत पार्टीकाे आधार मानी उठेका छौं",mina kharel,yt:Mina Kharel,comment
व्यक्ति हैन पार्टी हार्नु पर्छ कांग्रेस एमाले माओबादी हार्नु पर्छ यिनी जिते यिन ले कांग्रेस नै प्रधानमन्त्री बनाउने हो रेणु जिते रेणु ले माओबादी नै प्रधानमन्त्री बनाउछ त्यसैले माओबादी कांग्रेस एमाले पटक पटक हेर्यौ अब एकचोटी कांग्रेस एमाले माओबादी बहिस्कार गरौ 🙏🙏,mina kharel,yt:Mina Kharel,comment
रवि भन्दा उहाँ धेरै अब्बल हुनुहुन्छ  तर के गर्ने जनताले घण्टी भय हुन्छ ढुंगा उठेनि भोट हाल्छ्न।,mina kharel,yt:Mina Kharel,comment
यो दिदी लाई सबैले भोट दिएर बिजय गराउ,mina kharel,yt:Mina Kharel,comment
Jay nepal dd,mina kharel,yt:Mina Kharel,comment
Raj sir ghanti lai vote hai,mina kharel,yt:Mina Kharel,comment
"🌳🌳🌳🌳🌳🌳🌳 Because the recent year, communists had a chance and they got big majorities, but they didn’t utilise their opportunity. But this time, we should put party politics aside and give our vote to Congress because we are a cultured country, and only one party is showing that is Congress, and they have a clear vision and agenda. They deserve a majority government. 🌳🌳🌳🌳 I am not a political person, but this is my true opinion. 🌳🌳🌳🕉️🇳🇵🇳🇵🙏🏽",mina kharel,yt:Mina Kharel,comment
Binyamin Pani bolima chilling.,mina kharel,yt:Mina Kharel,comment
"मान्छेलाइ पहरो देख्ने बनिया , गगन खतम भए यत्रो पार्टिको सभापति कसी हुन्छ ? पार्टि सभापति सेर बहादुर हुदा गठबन्धन सेर बहादुरले गरेको थाहाछैन पत्रुकार ! उसले हसिया हतौडामा भोट हाल्नु भनेको सुनेको छ । यस्तै फटाहले हो देशमा गलत हावा फैलाउने र बिगार्ने ।",mina kharel,yt:Mina Kharel,comment
🌳🌳🌳,mina kharel,yt:Mina Kharel,comment
रवाते कि दि दि किन भनियो,mina kharel,yt:Mina Kharel,comment
टाइट्ल मै खातेको  दिदी रहेछ ?,mina kharel,yt:Mina Kharel,comment
Vote for 🔔🔔,mina kharel,yt:Mina Kharel,comment
Arko episode ma rabi lamichhane lai dekhna paiyos,mina kharel,yt:Mina Kharel,comment
She deserves our vote more than anyone else.,mina kharel,yt:Mina Kharel,comment
"मेरो भोट हाल्ने उमेर पुगेको छैन। यदि पुगेको भए मैले रविलाई नै हाँल्थेँ। तर तपाईँ पत्रकारमा sense भन्ने कुरा चाहिँ रहेनछ। भिडियोको टाइटलमा जुन किसिमको शब्द प्रयोग गरिएको छ, त्यो अत्यन्तै आपत्तिजनक छ। Anyway, best wishes to sis.",mina kharel,yt:Mina Kharel,comment
"😂😂😂😂
 सियोर हार्छ",mina kharel,yt:Mina Kharel,comment
Yo Pali Rabi ji ko bikalpa chaina!,mina kharel,yt:Mina Kharel,comment
अत्यन्तै सादगी ब्याक्ति,mina kharel,yt:Mina Kharel,comment
यी बानियाँ राम्रै पत्रकार जस्ताे लाग्छ।आजकाे याे ईन्टरभ्यु हेर्दा यी जस्ता घटिया पत्रकार काेहि लागेन यिनकाे शव्द चयन थुक्क।,mina kharel,yt:Mina Kharel,comment
jati ramri vaye pani yesspali 3in 1rabi,mina kharel,yt:Mina Kharel,comment
गगनको पाटी भनेसी काम छैन,mina kharel,yt:Mina Kharel,comment
Bdhich,mina kharel,yt:Mina Kharel,comment
जय गगन!,mina kharel,yt:Mina Kharel,comment
Boli Nai Kati Mitho,mina kharel,yt:Mina Kharel,comment
Yas Pali rasapala jitnuparxa jay 🔔🔔🔔,mina kharel,yt:Mina Kharel,comment
Jai ganti this times,mina kharel,yt:Mina Kharel,comment
Vote her,mina kharel,yt:Mina Kharel,comment
दिदिको अन्तरवार्ता सुनेर सारै सम्मान लाग्यो दिदिलाई अग्रिम शुभकामना जितकोलागि प्राथना गर्दछु ।,mina kharel,yt:Mina Kharel,comment
मिना खरेल राम्रो महिला समाजसेवी हुनुहुन्छ तर पार्टी खराब भएको कारण मेरो भोट माटोमा किनभने हर्क साम्पाङको विकल्प अरु कुनै छैन जय माटो जय श्रम संस्कृति,mina kharel,yt:Mina Kharel,comment
RSP KO JAY HOS 🔔🔔💯,mina kharel,yt:Mina Kharel,comment
जगनाथ पौडेल ले भोट काटने संभावना कति होला,mina kharel,yt:Mina Kharel,comment
Nk la kal karkhana bachera khako kura khoe,mina kharel,yt:Mina Kharel,comment
My request please vote Mina Kharel,mina kharel,yt:Mina Kharel,comment
ब्यक्ती राम्रो भयपनि के गर्ने पार्टि र पार्टी नेतृत्व राम्रो छैन राम्रोलाई अबसर मिल्दैन  काङ्ग्रेसमा भ्रष्टाचार बिचौलिया पोष्छ समाजसेबी ब्यक्तीले एमसिसि को मतियार गगनथापाको नेतृत्वमा के गर्छ के पाउछ जो रबि जस्ता निर्दोष फसाउन उद्धत छ आर्जु बालकृष्ण खाँड मन्जुखाड खुमबहादुर मोहन बस्नेत भर्ष्ट  बचाउन उद्धत हुन्छ नेपालिलाइ भुटानि शरणार्थी बनाएर बेच्नेलाइ काध थापेर बचाउने नयाँ सभापतिको नेतृत्वमा जितेर जनताले के अपेक्षा गर्ने समाज सेवा ठिक छ काङ्ग्रेसमा जोडिएर राजनिति तिम्रोलागि योग्य छैन,mina kharel,yt:Mina Kharel,comment
गगन थापाको आसिर बाद मा  पास हुईन्छ भन्ने आसामा  आउनु भाको रैछ तर गगनले  साम्सदमा रबिलाई पर्माण काँ  पेस गरम  देस बिदेस  सबै तिर छताछुल्ल  भएर सुनेका छन खोईत ऐले सम्म किन  पेस नगरेको त्यो  पेस गर्नु भाको भए  हाई हाई  भै हल्थियोनि,mina kharel,yt:Mina Kharel,comment
रबि भने रबि हो हजुर बरु हजुर ले आफ्नो कर्याकर्ता हरु लाई भनुस घण्टी मा भोट गर्नुस मलाई पर्दैन भनुस बरु हजुर को बिचार मिल्ने छ रबि ले गरेको कार्य राम्रो नै हुनुछ होइन र??,mina kharel,yt:Mina Kharel,comment
विजयी भव,mina kharel,yt:Mina Kharel,comment
सोधाईको उत्तर कति राम्रोसँग उत्तर दिनुभयो।,mina kharel,yt:Mina Kharel,comment
जय घण्टी जय रबि,mina kharel,yt:Mina Kharel,comment
"Please Rajendra Dai, I don’t think the way you use the word ‘aatmahatya’ casually is a good idea. We expect a better choice of words from you. The day you launch this channel, I joined as a paid member because I am tired of classless journalism in Nepal. Please lead Nepal with class ❤🕉️🙏🏽",mina kharel,yt:Mina Kharel,comment
कति सालिन सैलि जितको लागि शुभकामना,mina kharel,yt:Mina Kharel,comment
जितको सुभकामना दिदी हजुरलाई,mina kharel,yt:Mina Kharel,comment
"दिदी तपाइले भन्नू भएको कुनै पनि काम गर्न सकिँदैन जब सम्म यो देशमा थिती बस्दैन, भ्रस्टाचार रहित सुसान को सुरुवात हुदैन । भ्रष्ट हरुलाइ एक एक जेल भित्र कोच्न सकिँदैन तब सम्म हुने वाला केही छैन । तेसैले यो पाली रास्वपालाइ जिताउनै पर्छ । हजुरले जति राम्रो गर्न चाहे पनि तपाई को पार्टी नै खराब छ। जय घण्टी ।।",mina kharel,yt:Mina Kharel,comment
Yo aafu DHERAi k khaana bolyaa ta ?,mina kharel,yt:Mina Kharel,comment
व्यक्ति हेरेर स्थानिय चुनावमा जिताउनु पर्छ हाल रा स्व पा को काम हेर्न जरुरी देख्छु है चितवन २ बासी जनता ज्यू हरु,mina kharel,yt:Mina Kharel,comment
सहकारी बनाउने र सहकारी ठग्ने बिच कसले जित्ला त ?,mina kharel,yt:Mina Kharel,comment
Jay Nepal 🇳🇵🌳,mina kharel,yt:Mina Kharel,comment
मिना बैनी तपाईं को १४ बर्स मै  चेत खुलेको भनु भयो तेस्तो लग्दैन किन कि गगन ले टि यु मा गरेको भ्रष्टाचार  माननिय भैसकेसी बाख्रा मा गरेको भ्रष्टाचार को बिसएमा कतै बोलेको देखिए न सुनिएन अब देख्न सुन्न पाईन्छ।,mina kharel,yt:Mina Kharel,comment
Mahilalai jitanu parxa,mina kharel,yt:Mina Kharel,comment
एक सबल र अब्बल नारि,mina kharel,yt:Mina Kharel,comment
मान्छे राम्रो भएपनि पार्टी गलत छान्नु भयो तपाई ले,mina kharel,yt:Mina Kharel,comment
😂😂😂😂😂सुद्रेको काँग्रेस,mina kharel,yt:Mina Kharel,comment
Ghnati ko bikalpa chaina,mina kharel,yt:Mina Kharel,comment
जय घन्टी,mina kharel,yt:Mina Kharel,comment
"2. ma mina didi
3. ma renu didi",mina kharel,yt:Mina Kharel,comment
Vote for tree,mina kharel,yt:Mina Kharel,comment
Sahasi  n  anubhabi  member,mina kharel,yt:Mina Kharel,comment
Jya ghnti,mina kharel,yt:Mina Kharel,comment
"With respect to Mina Didi, Rabi is far better",mina kharel,yt:Mina Kharel,comment
ज्यादै सहज र सरल दीदी,mina kharel,yt:Mina Kharel,comment
Tapailai jeet ko agrim suvkamana,mina kharel,yt:Mina Kharel,comment
मिना खरेल जिन्दाबाद,mina kharel,yt:Mina Kharel,comment
हुन त म काँग्रेस हाेइन तथापि बिदेशी दलाल भन्दा मिना खरेल धेरै ठिक,mina kharel,yt:Mina Kharel,comment
Only 🌲 in chitwan 2,mina kharel,yt:Mina Kharel,comment
Ghanti 100^,mina kharel,yt:Mina Kharel,comment
त को होस मिना खरेललाइ खातेकी दिदी भन्ने?,mina kharel,yt:Mina Kharel,comment
🔔✔️,mina kharel,yt:Mina Kharel,comment
Mina Dalai shuvakamana,mina kharel,yt:Mina Kharel,comment
कांग्रेस लाइ भोट नदिनुहोला कसैले,mina kharel,yt:Mina Kharel,comment
अब काग्रेस यमाले मावोबादी ले चितवन मा जित्छु भनेर नसोचे हुन्छ उहीँ अघि भने जस्तो आत्मा हत्या गर्ने मात्रै हो?,mina kharel,yt:Mina Kharel,comment
Tehi bhaera  2 2 patak ra so pa la jituo,mina kharel,yt:Mina Kharel,comment
vote for meena kharel,mina kharel,yt:Mina Kharel,comment
TapaiSayedAsalNagarikHolaTaraAjaPartyChahiKholaKholaGayekoKaranPakkaHarnuHunchha,mina kharel,yt:Mina Kharel,comment
बानिया जि एउटा ठगलाइ लिपपोत गरेर महान बनाउनु सहि पत्रकारिता होत ?,mina kharel,yt:Mina Kharel,comment
मिना दिदिले जित्नु पर्छ,mina kharel,yt:Mina Kharel,comment
मैले बल्ल सुनेको नाम र उमेदवार म चाहिँ रबि को समर्थक नवलपुर देखि ❤,mina kharel,yt:Mina Kharel,comment
तपाई राम्रो मान्छे हो तर जित सम्भब छैन कमसेकम सम्मानजनक मत ल्याउनुहोस ।,mina kharel,yt:Mina Kharel,comment
पुरानो पार्टिले नया र सवल उमेद्रवार उठाए पनि यसपालिको भोट चै नया पार्टिलाई नै हो।,mina kharel,yt:Mina Kharel,comment
"नेपाली कांग्रेस भने पछि कस्तो पार्टी 15 दिन सम्म पनि पैसा जलेर नसकिने जलिरहनेको पार्टी हो ,र खाली खोस्टा सांसद भवनमा  हल्लाएर सहकारी ठगको प्रमाण दिने पार्टी होइन र ,",mina kharel,yt:Mina Kharel,comment
"ठग को घेरा मा हुनुहुन्छ  सतर्क हुनुपर्ने देखिन्छ
हावा जो चलेको छ न कुनै नीति न बिधान ।",mina kharel,yt:Mina Kharel,comment
हामित घन्टि नैहाे,mina kharel,yt:Mina Kharel,comment
Kangrasko 0000 xa chitwan ko lagi vote ta,mina kharel,yt:Mina Kharel,comment
रबि  यस  पाली  हराउन   पर्छ,mina kharel,yt:Mina Kharel,comment
Sahakari thag harchha,mina kharel,yt:Mina Kharel,comment
क्या राम्रो उमेदवार रहेनछन् यो दिदिलाई जित्ने शक्ति दिनु हे भगवान 😘😘,mina kharel,yt:Mina Kharel,comment
Mina didi le jitnu hunxa,mina kharel,yt:Mina Kharel,comment
यो दिदीको कुरा सुनेपछि रबिले चुनाब जित्न गार्‍हो हुने देखियो।,mina kharel,yt:Mina Kharel,comment
Gala una ki banuna,mina kharel,yt:Mina Kharel,comment
Jay ghanti ❤❤❤❤,mina kharel,yt:Mina Kharel,comment
चितवन बासि ले मिना दिदी लाई जिताउन जरुरि छ  👍️👍️👍️🙏🙏,mina kharel,yt:Mina Kharel,comment
जीत नारायण श्रेष्ठ को हालत हुन्छ? मीना जी को,mina kharel,yt:Mina Kharel,comment
"मैले अघिल्लो पल्ट रविलाई भोट गरे तर एमालेलाई गालि गरेर जित्ने अनि सरकार बनाउन ओलीको बफादार कुकुर जस्तो गर्ने बानी मन परेन ..
कांग्रेसको आफ्नै उम्मेदवार मिना जी हुनुहुन्छ , म फेरी कांग्रेस तिरै फर्के अब , नो रबी",mina kharel,yt:Mina Kharel,comment
"रविले हाेइन, मिनाजीले जित्नुपर्छ। उहाँकाे निस्वार्थ सेवा कार्यमा राखेकाे कीर्तिमानले मेराे मन जितेकाे छ। चेली भनेर हाेइन। म कांग्रेस पनि हाेइन। तर उहाँ महान् भएर हाे।",mina kharel,yt:Mina Kharel,comment
ठगलाई हराउनु पर्छ  दि,mina kharel,yt:Mina Kharel,comment
Dd lai oda odakxya samma thikai hunxa❤,mina kharel,yt:Mina Kharel,comment
Mina madam in advance congratulations 🌳🌳🌳🌳🌳🌳🌳🌳🌳🌳🌳🌳🌳🌲🌲🌲🌲🌲🌲🌲🌲🌲🌲🌲,mina kharel,yt:Mina Kharel,comment
जलाउने उक्साउने भन्दा यस्ता मानिस हरु ल्याउनु समाज बल्ल बन्छ  वा मिना दिदि सलाम,mina kharel,yt:Mina Kharel,comment
vote for 🌳🌳🌳🌳🌳,mina kharel,yt:Mina Kharel,comment
"आदर्श नारी, अत्त्यायन्त आदरणीय दिदि विजयको शुभकामना 🌳🙏🌳",mina kharel,yt:Mina Kharel,comment
यस्तो सालिन अनि भब्य ब्यकित्व भएको ब्यक्ती नेपाली राजनीति मा खै के राख्लान नेपाल मा बाकी चितवन को जनता को हात मा छ दिदी सलाम छ 🙏😍,mina kharel,yt:Mina Kharel,comment
"तपाई पत्रकार  भएर बोलिरहदा मिना खरेललाई मुसाको संज्ञा दिएर प्रश्न सोध्ने तपाँई कुन स्तरको पत्रकारहो ?पत्रकार भन्दैमा जे बोले पनि हुन्छ, पत्रकारमा भाषासैलिको महत्व राख्दैन हुदैन? रबि र मिना बिच कस्तो प्रतिस्प्रदा देखेर यो घटिया प्रश्न गरेको तपाँईले, मिठो भाषाले तपाँलाई  घटिया बनाउछ र  ?  स्तरिय पत्रकारको भूमिकाले तपाँलाई महान बनाउछ  ।",mina kharel,yt:Mina Kharel,comment
Chiwan basi tyo thug lamichanne lai prarasta garnuparcha ...janta ko repesentative bhaneko yesto hunuparcha...,mina kharel,yt:Mina Kharel,comment
shuvkamna dd❤❤❤❤❤,mina kharel,yt:Mina Kharel,comment
Vote for cargresh,mina kharel,yt:Mina Kharel,comment
नेपाली कांग्रेस भरष्टचारि र नितिगत भरस्टचार मा तिन दल नै लिप्त पार्टी हुन् यिनी लाइ भोट दिनु भनेको मिलिजुली देश लुट्न दिनु हो।,mina kharel,yt:Mina Kharel,comment
समाज सेवा गरेर मात्र पुग्दैन। तपाईं जुन पार्टीमा आवद्ध हुनुहुन्छ। त्यो पार्टीका नेताहरुले देशलाई बर्बाद गर्दा टुलुटुलु हेरेर तिनै भ्रष्टाचारीलाई समर्थन गर्नुभयो।,mina kharel,yt:Mina Kharel,comment
😂😂😂✅ Tapai jasta manche chayena,mina kharel,yt:Mina Kharel,comment
चितवन दुईका जनताहरू धेरैजसो रासपाका अन्धभक्त भइसकेका छन् अब यस्तो आदर्शकको कुरा सुन्छन् र,mina kharel,yt:Mina Kharel,comment
यति कै महिला नेतृत्व आउन पर्छ!,mina kharel,yt:Mina Kharel,comment
"""खातेकी दिदी"" जुन शब्द चयन गर्नु भएको छ । यो एकदमै आपत्तिजनक छ,महोदय । 😭",mina kharel,yt:Mina Kharel,comment
जित्न गारै छ।,mina kharel,yt:Mina Kharel,comment
Best wishes Mina Didi,mina kharel,yt:Mina Kharel,comment
व्यक्तिगत रूपमा उहाँ समाजसेवी राम्राे हुनुहुन्छ उहाँ प्रति मेराे उच्च सम्मान तर यतिखेर देशले परिवर्तन खोजेकाे पुराना दाल पत्रा हरु टेष्टेड र भ्रष्टचार लुप्त भएकाेले पनि यसपाली सकिन्छ दुई तिहाई मत सकिँदैन अत्यधिक बहुमत दिएर भए पनि घन्टी लाई जितौं,mina kharel,yt:Mina Kharel,comment
"Tapai le j kura garnu bayo didi,  congress ra yemale lai sodnus ek chote .. 30-35 barsa samman k gardai baseko vanera sodnus ..  party ko sabai neta crore pati bayo tara janta chahe gareb .. bhutan sano desh ho .. yaha education ra medical sabai free cha ..",mina kharel,yt:Mina Kharel,comment
Didi ko party selection wrong vayo but she is deserving. Lamichane case clear vaya pachi uthnu parthyo. Vote 🗳️ pheri waste huna sakcha,mina kharel,yt:Mina Kharel,comment
Jay Nepal 🌳🌳🌳🌳🌳🌳🌳🌳🌳🌳🌳🌳🌳🌳🌳🌳🌳🌳🌳🌳🌳🌳🌳🌳🌳🌳🌳🌳🌳🌳🌳🌳🌳🌳,mina kharel,yt:Mina Kharel,comment
हेडलाइन्सुधार्नु पर्‍यो भएन यो,mina kharel,yt:Mina Kharel,comment
तपाईंले मेयर मा उप्युत्त होलान् है दिदी साम्सद बन्न अरि 5 साल अध्यन गर्नुपर्ने हुन्छ,mina kharel,yt:Mina Kharel,comment
कति राम्रो सैद्धान्तिक बौद्धिक र रचनात्मक तर्क पूर्ण कुरा गर्नुभएको छ दिदीलाई जितको आग्रिम शुभकामना 🌳🌳❤️❤️🥰🥰🙏🙏,mina kharel,yt:Mina Kharel,comment
Napis,mina kharel,yt:Mina Kharel,comment
मिना ज्यू लाई शुभकामना तर जित तँ रबि लामिछाने ले नै जित्छन्।🔔🔔🔔🔔🔔🔔🔔🔔🔔🔔🔔🔔🔔🔔,mina kharel,yt:Mina Kharel,comment
Yedi tapaiko niyat swachha cha bhane tyo ke chijle rokyo ni RSP ma auna😊,mina kharel,yt:Mina Kharel,comment
काम छैन तपाइको पनि बुजियो 46 साल देखि को  जनप्रतिनिधि हो भने काम लाग्दैन पुरानु  कांग्रेस कै  रहिछिन 😅😅😅,mina kharel,yt:Mina Kharel,comment
यस्तो के हेडलाइन राखेको पत्रकार ज्यु,mina kharel,yt:Mina Kharel,comment
Jay Nepal didi,mina kharel,yt:Mina Kharel,comment
धरौटी जफत हुन्छ काङ्ग्रेस को,mina kharel,yt:Mina Kharel,comment
पबित्र मन🌳🌳,mina kharel,yt:Mina Kharel,comment
दिदी लाई जीत को शुभ कामना जितेर ठग लाई तह लगाउनु पर्छ,mina kharel,yt:Mina Kharel,comment
खातेनी didi रे 😂😂😂😂,mina kharel,yt:Mina Kharel,comment
प्रश्न साेध्ने सैलिचांहि पाखण्ड,mina kharel,yt:Mina Kharel,comment
भ्रष्टाचारी कालो काङ्ग्रेसको मत आउने भनेर १० देखि १२००० सम्म हो।,mina kharel,yt:Mina Kharel,comment
जितने ठाउमा भ्रष्ट लाई टिकट दिने हार्ने ठाउमा यस्तालाइ टिकट दिने कागको फुलचोरने पाटि काङ्ग्रेस ।,mina kharel,yt:Mina Kharel,comment
Rabilamixane ko yo patak 61000 aauxa vote jaya Ghanti,mina kharel,yt:Mina Kharel,comment
Jay ganti,mina kharel,yt:Mina Kharel,comment
समाज सेवामा एक सक्षम र ईमान्दार महीलामा त मिना बैनी पर्नुहुन्छ। तर कॅाग्रेसमा सबै नराम्रा त छैन। जे होस शुभकामना छ मिना बैनी लाई।,mina kharel,yt:Mina Kharel,comment
यो दिदि आफैमा राम्रो होला तर म यहिको मतदाता भएतापनि आजसम्म अपरिचित छौ त्यसैले मतदान गर्दा 1000 पटक सोचिन्छ माफ गर्नुहोला,mina kharel,yt:Mina Kharel,comment
तपाइँको  त्याग को सलाम  छ तर पार्टी  भयेन तपाईं रा स्व पा बाट आउनु  पर्थ्यो कि स्वतन्त्र  उठ्नु  पर्थ्यो तर बर्बत भयो काङ्ग्रेस  बाट  आउनु भयो गगननै झुठो बोल्ने  मान्छे  हो,mina kharel,yt:Mina Kharel,comment
only rabi🎉,mina kharel,yt:Mina Kharel,comment
बिदेश्मा बस्ने सङ्ग भिख मागेर नाम चलाउने परेछ,mina kharel,yt:Mina Kharel,comment
I think the bonding between Chitwan people and Ravi Lamichhaney is unshakable.  There is no doubt as to the out come of the election results.,mina kharel,yt:Mina Kharel,comment
Jamanat jaft pakka.,mina kharel,yt:Mina Kharel,comment
🇳🇵🔔🔔🔔🔔🔔🔔🇳🇵,mina kharel,yt:Mina Kharel,comment
"Aunty यो चोटि हजुर आराम गर्नुहोस् ।
अर्को चोटि उठ्नुहोला र जित्नुहोला । यो चोटि बालेन सरकार बनाउनु छ, त्यसकारण  सबै ठाउँमा घण्टी बजाउने हो ।। 🔔🔔✔️✔️",mina kharel,yt:Mina Kharel,comment
Rabi only ❤,mina kharel,yt:Mina Kharel,comment
जय नेपाल।गगन थापा नेतृत्व को काङ्ग्रेस को असली महिला नेत्री हुनुहुन्छ।उज्ज्वल राजनीतिक जीवन को सुभ कामना।उहाँ लाई काङ्ग्रेस ले गुमनाम हुन दिनु हुदैन।,mina kharel,yt:Mina Kharel,comment
Jatinai ramro vayeni kangres party ma 90% neta kharab xan.,mina kharel,yt:Mina Kharel,comment
"Vote for change 🔔
No old parties",mina kharel,yt:Mina Kharel,comment
दिदी राम्रो काम गर्नुभएको मान्छे हुनुहुदोरहेछ तर तपाईको पार्टी सभापति शेरबहादुर देउवाको घरमा ३ दिनसम्म जलेको पैसा सम्झेर भएपनी रबिलाई भोट दिएर जिताउनुपर्छ।,mina kharel,yt:Mina Kharel,comment
तिमी राम्रो मान्छे हौ दिदी तर तिम्रो प्रतिद्वन्द्वी अझै राम्रो भएर तिमी हार्नी निश्चित छ!,mina kharel,yt:Mina Kharel,comment
“सडक मानवकी दिदी “ यति राम्रो शब्द हुंदाहुंदै के राखेको त्यस्तो ? मिना दिदी धेरै अब्बल व्यक्तित्व ।,mina kharel,yt:Mina Kharel,comment
चितवन दुइमा अरु पाटीकाे उमेरदारले 50 बर्ष सम्म जित्छु भनेर नसाेचे हुन्छ,mina kharel,yt:Mina Kharel,comment
Mina Didi thik ho party hamlai chaiyako xainani hami saport ghantilainai hunaxa,mina kharel,yt:Mina Kharel,comment
"Sister ,thank you for your respectful work But this time Vote for Ghanti RSP only.",mina kharel,yt:Mina Kharel,comment
only rabi dai🔔🔔,mina kharel,yt:Mina Kharel,comment
मिना खरेललाई नानीमाया दाहाल संग तुलना गर्न सकिन्छ ।,mina kharel,yt:Mina Kharel,comment
"भोट हाल्नु भन्दा केही समय अगाडि भदौ२३/२४ तिर ध्यानाकर्षण गरिदिनुहोला,त्यतिबेलाको दुई तिहाइको सरकारमा को को थिए, एकाएक देश को परिस्थिति किन बिग्रियो, जेन जि पुस्ता किन सडक आन्दोलन मा निस्क्यो?
त्यतिबेलाको सरकारले जेन जि आन्दोलन लाई कुन रुपमा लियो, र कति जन्धनको क्षेति भयो  यत्ती बुझ्न सक्ने नागरिकले अब पनि मासू भात कै लागि अझै पनि युवाको भोग खाने पिपासु नितिगत भ्रष्टाचारि #एमाले #काङ्ग्रेस #माऔबादिलाई भोट दिनू भनेको हाम्रा छोराछोरिक भविष्य पनि अन्धकारमा हाल्नू हो चेतना भया🇳🇵🇳🇵🇳🇵🇳🇵🇳🇵🇳🇵🇳🇵 🇳🇵",mina kharel,yt:Mina Kharel,comment
काम छैन ५ बर्ष स्थायी बालेन सरकार हो यसपटक । ❤❤❤घण्टी मा भोट् हो।,mina kharel,yt:Mina Kharel,comment
जितको अग्रिम शुभकामना !,mina kharel,yt:Mina Kharel,comment
Vote for star⭐⭐⭐⭐,mina kharel,yt:Mina Kharel,comment
जये रबि येस्पाली 👍️👍️🔔🔔🔔,mina kharel,yt:Mina Kharel,comment
जमानत जफत हुन्छ दुख नगरी हुन्छ,mina kharel,yt:Mina Kharel,comment
Vote for only ghanti🔔🔔🔔,mina kharel,yt:Mina Kharel,comment
Rabi lea 45 thusend lea jitxa,mina kharel,yt:Mina Kharel,comment
तिम्ले जित्तिनौ कुनैहालत मा यस् पाली,mina kharel,yt:Mina Kharel,comment
बधाई तथा सुभकामना,goma tamang,yt:Goma Tamang,comment
Dherae ramro lagyo ab rabi daeko pani banaunu paryo ni,goma tamang,yt:Goma Tamang,comment
Background ma music pani rakhnus na kati ramro music thiyo,goma tamang,yt:Goma Tamang,comment
Badai xa   goma sis   usha rai  dharan gathtan  saput garnu hos,goma tamang,yt:Goma Tamang,comment
Congratulations didi,goma tamang,yt:Goma Tamang,comment
Social worker goma sister 🙏 👋 🙏,goma tamang,yt:Goma Tamang,comment
Tapae jostoh mahan purush Lai Mero namaan,goma tamang,yt:Goma Tamang,comment
सरिन जि लाई लामाे समय देखि चिन्छु रबि सर जस्ताे देश र जनताको लागि धेरै ठुलाे याेगदान गर्नु भा छ देश र जनताको लागि यी दुई ब्यतिकाे धेरै अाबस्य छ जय घण्टी,goma tamang,yt:Goma Tamang,comment
Good man 👍👍,goma tamang,yt:Goma Tamang,comment
Goma tamang didi  (Sarin tamang) wahako jati ramri hununx tyo vanda jhan wahako mahan kam haru ramro x dukhi pidit jati pani desh bidesh ma dukham pareko deroi manxe harulai uhddar garera nepal ma leunu vako x 🙏🙏🙏🙏🙏💐💐💐💐,goma tamang,yt:Goma Tamang,comment
Plz no,goma tamang,yt:Goma Tamang,comment
गोमा होकी सरीन छक्का हो?,goma tamang,yt:Goma Tamang,comment
not elected,goma tamang,yt:Goma Tamang,comment
अबकाे सरकार रास्वपाा मात्र हाे अरूकाे अासछैन पुरानालाई हैन नयाँलाई मात्र भाेटहाल्लाै है साथिहरू,goma tamang,yt:Goma Tamang,comment
😢😮,goma tamang,yt:Goma Tamang,comment
Jay ghanti 🔔🔔🔔🔔🔔,goma tamang,yt:Goma Tamang,comment
🇳🇵🙏❤,goma tamang,yt:Goma Tamang,comment
"होई हाट,,,,",goma tamang,yt:Goma Tamang,comment
Ja,goma tamang,yt:Goma Tamang,comment
Only mato,goma tamang,yt:Goma Tamang,comment
नमुना 😂😂,goma tamang,yt:Goma Tamang,comment
धेरै जसो बाउनु क्षेत्री मात्रै छन् हो,goma tamang,yt:Goma Tamang,comment
"Abaki bar Harka Sarkar
Chupchap Bharat Tap",goma tamang,yt:Goma Tamang,comment
YHA haru ko Jodi aajiwn.  lai hos Shubha kamana ❤️❤️💐💐❤️❤️👌💁🏾‍♀️💝,goma tamang,yt:Goma Tamang,comment
Congratulations both of you..,goma tamang,yt:Goma Tamang,comment
Ramro chhh hjr haru ko jodi congratulations sadhai yestai happy basnu la,goma tamang,yt:Goma Tamang,comment
Super video mind Bolling super 👏👏,goma tamang,yt:Goma Tamang,comment
God bless you,goma tamang,yt:Goma Tamang,comment
Suvakamna hajur haru lai sadhai khusi rahanu,goma tamang,yt:Goma Tamang,comment
Great salute to both young mothers.,goma tamang,yt:Goma Tamang,comment
So sweet both of you 🌷🙏😘,goma tamang,yt:Goma Tamang,comment
Happy marriad life both of you,goma tamang,yt:Goma Tamang,comment
खुसी रहनु होला good luck sarin ji both of u,goma tamang,yt:Goma Tamang,comment
Lots of Love from India❤❤❤,goma tamang,yt:Goma Tamang,comment
Hello  sarin  jiu  namaste,goma tamang,yt:Goma Tamang,comment
God bless them,goma tamang,yt:Goma Tamang,comment
Ramroo xa 😍😍😍😍,goma tamang,yt:Goma Tamang,comment
Congratulations 👏 🎊 💐 🥳 👏 🎉🤲,goma tamang,yt:Goma Tamang,comment
Congratulations 🎉🍾🎈 ❤️🙏🌷,goma tamang,yt:Goma Tamang,comment
परिवार नियोजनको एउटा प्रक्रीया  महिला महिला बिबाह गर्नू पनि ठिकै हो !,goma tamang,yt:Goma Tamang,comment
Wow congratulations 🎊,goma tamang,yt:Goma Tamang,comment
Sarin dd KO boli chai sarai ramro lagxa . Ra video haru ripit gari gari herxu .😀 Sarai ramro  sochai  xa . Ra hajur haru KO harek paila haruama safaltaa melos .,goma tamang,yt:Goma Tamang,comment
रमाइलो,goma tamang,yt:Goma Tamang,comment
O my god sis hajur nepal gayar bibaha garnu vayachha hai la badhai chha sis hami yautai deshama kam garne caregiverko matale,goma tamang,yt:Goma Tamang,comment
Nice,goma tamang,yt:Goma Tamang,comment
Sarin you doing great 👍 job,goma tamang,yt:Goma Tamang,comment
"हैन मलाई चाहि अचम्म लाग्याे याे बिबाह सुन्दा सायद पहिलो पटक देखेकाे ले हाेला ,,तर बधाई छ हजुरहरुलाई",goma tamang,yt:Goma Tamang,comment
प्रकृति को बिरुद्ध हो यो बिबाह।,goma tamang,yt:Goma Tamang,comment
Very good sis,goma tamang,yt:Goma Tamang,comment
NIC couple,goma tamang,yt:Goma Tamang,comment
La badhai xa,goma tamang,yt:Goma Tamang,comment
wow,goma tamang,yt:Goma Tamang,comment
Congratulations,goma tamang,yt:Goma Tamang,comment
Big fan ma hjur ko didi,goma tamang,yt:Goma Tamang,comment
Aaha good jodi hjr,goma tamang,yt:Goma Tamang,comment
badhaye xa,goma tamang,yt:Goma Tamang,comment
Nice jodi,goma tamang,yt:Goma Tamang,comment
Dhairai ramro khusi ko kura badaichha hajur rarulai,goma tamang,yt:Goma Tamang,comment
सुन्दर जोडी हजुरहरुको👨‍❤️‍💋‍👨👨‍❤️‍💋‍👨👌👨‍❤️‍💋‍👨👨‍❤️‍💋‍👨,goma tamang,yt:Goma Tamang,comment
एकदमै रमाइलो जोडि कसैको आखा नलागोस😘😘😘😘😘😘,goma tamang,yt:Goma Tamang,comment
ak aarka ko sahara sacha sathi banu ko nimti baneko jodi .. lai mero salam cha .. tara.. yaslai vivaha siriman  sirimati .. bhanu bhaneko alik thik jasto lagena....,goma tamang,yt:Goma Tamang,comment
Prakritiko  denho  .maile  ta  ysto  jodi  dheree  dekhe  .ma ni  achamma  parekothiye. Sachiikee  yasto  hunx.,goma tamang,yt:Goma Tamang,comment
Super Jodi,goma tamang,yt:Goma Tamang,comment
👍,goma tamang,yt:Goma Tamang,comment
Sadhi ramro hosh hjr haruko jiban,goma tamang,yt:Goma Tamang,comment
❤❤❤❤❤,goma tamang,yt:Goma Tamang,comment
💯💯💯💯,goma tamang,yt:Goma Tamang,comment
Wow beautiful,goma tamang,yt:Goma Tamang,comment
👌👌👌👌👌,goma tamang,yt:Goma Tamang,comment
अति शुन्दर जोडी दिदि हजुर हरुको कहिले नछुटनु है वैवाहित जिबन धेरै धेरै शुभकामना 💐💐💐,goma tamang,yt:Goma Tamang,comment
So beautiful ❤❤❤,goma tamang,yt:Goma Tamang,comment
🙏,goma tamang,yt:Goma Tamang,comment
kura ta thikai ho but afno ichchha ta jadarini garnu sakinchha upaya dherai chhan before bhitra anek hunchha ma pani experience chhu but originally jastai chai hunna hai sis.haru?hehehe,goma tamang,yt:Goma Tamang,comment
दाम्पत्य जिवन को सुबह कामना दुबई लाईं,goma tamang,yt:Goma Tamang,comment
Kasto ramailo lagyo pura video herera,goma tamang,yt:Goma Tamang,comment
hajurbau le vannu hunthyo  !!  bachnu parxa  harek dekhnu painxa  !!  ajhai k k dekhnu parne ho  jindagi ma  haiiit  k vako yasto. !! achamma  !,goma tamang,yt:Goma Tamang,comment
👌👌👌👍👍👍,goma tamang,yt:Goma Tamang,comment
Badai cha sis,goma tamang,yt:Goma Tamang,comment
Oho jodi👌👌👌,goma tamang,yt:Goma Tamang,comment
धेरै धेरै राम्रो दिदि हरु लाई हार्दिक बडा छ ❤❤❤❤❤❤,goma tamang,yt:Goma Tamang,comment
Afno ziban ko afno khusi ho.malai ta sarai ramro lagyo . congrats 😊,goma tamang,yt:Goma Tamang,comment
Sukhad jiwanaki shubhakamana,goma tamang,yt:Goma Tamang,comment
Best cupple,goma tamang,yt:Goma Tamang,comment
"जीबन आफ्नो स्वईच्छाले जीउने अधिकार सबैलाईछ तर छोरी छोरी मान्छे भएर बैवाहिक जीबनमा बाधिएर,जोईपोई बन्नु चै अलि सृष्टिको  बिपरित हैन र...",goma tamang,yt:Goma Tamang,comment
Khaasaiii yastoo dekhdaa ramroo ta laagdainaa Tara panii afnu Afnuu jindagiii Hoo Dd haruu yasarinaiii khusiii Chan bhane inaar koo jindagiii Hoo hamii ta badhaiii sibaya k chaiii Bhanna sakinacha ra ?,goma tamang,yt:Goma Tamang,comment
God bless both of you,goma tamang,yt:Goma Tamang,comment
"लोग्ने र स्वास्नी बिच भएको अस्वस्थ सम्बन्धहरुमा जब्बर जस्ती एकोहोरो लतारेर जिवनलाइ अगाडि लैजानु भन्दा ,अब त बाकी जीवन खुसी सङ बिताउने हो ,यो कार्य स्वस्थ समाज निर्माण को लागि दिने बिकल्प पनि हो ,सहि सोच हो मेरो प्यारी बहिनी सरिनको ,दाम्पत्री जीवन खुसिले बितोस !!",goma tamang,yt:Goma Tamang,comment
👍👍👍🙏🙏🙏,goma tamang,yt:Goma Tamang,comment
यो नातकै होला जस्तो लागिरहेछ,goma tamang,yt:Goma Tamang,comment
Lu baibahik jibanko subhakamana 😍😍,goma tamang,yt:Goma Tamang,comment
Vayo yo ram kahani k sunnu.dubailai arsirbat xa..,goma tamang,yt:Goma Tamang,comment
ho sachi Kam chai kasari garnu hunxa yo malai achcham,goma tamang,yt:Goma Tamang,comment
🙏🏼🙏🏼🙏🏼🙏🏼🙏🏼🙏🏼💐💐💐💐💐💐💐,goma tamang,yt:Goma Tamang,comment
So cute. Kati derai maya Hajur haru ko best of luck,goma tamang,yt:Goma Tamang,comment
छ्या छ्या छ्या.......😷,goma tamang,yt:Goma Tamang,comment
"Jindagi afno tarikale bachna painchha, purus ra istri nai bibaha garnu parx bhanne xaina, istri istri nai baru surachhit hunxan",goma tamang,yt:Goma Tamang,comment
best judi love yu,goma tamang,yt:Goma Tamang,comment
♥️♥️🌹🌹👌👌,goma tamang,yt:Goma Tamang,comment
God blessing you both of you. Kasaiko najar nalagos.,goma tamang,yt:Goma Tamang,comment
Aaja po tha vo sarin vaneko ta keti nai hunuhudo raixa ma chai keta socheko,goma tamang,yt:Goma Tamang,comment
Malai pani man ta parxa asal sathi banaune,goma tamang,yt:Goma Tamang,comment
"बाच्न मात्र पर्छ हाम्रै देशमा के के देख्न पाईन्छ भनेको यहि हो हैट, जिबन साथी त रोजेको राम्रै हो। तर सबै थोक मात्र भएर नि हुन्न नि कुरा बुझौं 😐😐😐😐😐",goma tamang,yt:Goma Tamang,comment
❤️❤️❤️🥰 good luck 🍀👍🏻 guys.  Congratulations 🎉🎊🎈🍾🎆🙏🙏,goma tamang,yt:Goma Tamang,comment
hyaaa,goma tamang,yt:Goma Tamang,comment
जेगर्नुभो ठिक गर्नुभो खुसिको जीवन भनेको येहिहो,goma tamang,yt:Goma Tamang,comment
राम्रो छ जोडी अफ्नो जिबन बिताउने हो आफू जे मा खुशी हुन्छ तेइ गर्नु पर्छ । उदाहरण बन्नुहोला दिदिहरु👍️👌,goma tamang,yt:Goma Tamang,comment
Udum chha,goma tamang,yt:Goma Tamang,comment
Kahe navako jatra hade gau Ma vanayko yahi ho .. heyram katijen lai ho...,goma tamang,yt:Goma Tamang,comment
Sarin dd aafno aafno ixa vogai vhahana ho tarama ta kassto achammit vhae hou,goma tamang,yt:Goma Tamang,comment
यो दुनियाँमा बाच्नु मात्र पर्दा रहेछ हरेकै देखिने रहेछ हौ,goma tamang,yt:Goma Tamang,comment
ढिलो भएपनि बैबाही जिबनको शुभकामना,goma tamang,yt:Goma Tamang,comment
La ramro gari khanush hai didee all the besst  we love you,goma tamang,yt:Goma Tamang,comment
BaChne  adhikar  X  aafno  hisable. Tara xutnucee  vayena.,goma tamang,yt:Goma Tamang,comment
Sabai ko vagya ma yasto khusi kaha milxa ra happy married life both of you,goma tamang,yt:Goma Tamang,comment
Bhadai ❤️❤️❤️,goma tamang,yt:Goma Tamang,comment
Sarin dd vanne ki vinaju  vanne ho ??,goma tamang,yt:Goma Tamang,comment
ava baki jiwan shukhamaua hoss..!,goma tamang,yt:Goma Tamang,comment
दाम्पत्य जीवन को धेरै धेरै शुभ कामना दिदी हरू लाई फधै सुखि र खुसि रहनुस💐💐,goma tamang,yt:Goma Tamang,comment
You guys 😜,goma tamang,yt:Goma Tamang,comment
केटासँग विहे गरेर पाे के मिल्याे र ?,goma tamang,yt:Goma Tamang,comment
केटी केटी होस या केटा केटा होस मिलेर संगै बस्नु राम्रो हो एक अर्कोको साथ सहारा बनेको असाध्यै राम्रो हो तर केटीले केटी लाई नै श्रीमान अनि श्रीमती  भन्छन केटाले केटा लाई नै बुढी भन्छन यो कुरा चाहिँ मेरो मनले मानेन माफ गर्नुहोला।हजुरहरु दुबै जना राम्रो मलाई मन पनि पर्छ गलत भन्न खोजेको चाहिँ होइननी फेरि।,goma tamang,yt:Goma Tamang,comment
Hoit Ani yesari keti keti bihe garnu thaleshi hami keta chain kata Jane mero bihe kina hundaina bhaneko ta balla tha vayoni keti le keti manpardo raichha yo junima hamro chain bihe nahola jasto xa garoo xa hau,goma tamang,yt:Goma Tamang,comment
God bless you both 🙏,goma tamang,yt:Goma Tamang,comment
Kina  testo bibaha..............tapaiko. Kamanusarko.  Bibaha.  Chahi. Ramro. Voyena lajmardo. Voyo,goma tamang,yt:Goma Tamang,comment
🤣🤣🤣🤣  k ho yo ko kta ko kti confused,goma tamang,yt:Goma Tamang,comment
Toho jasto lai dukha lagiyo hola malai galita ta dinxa tara to jasto kukkurni harule diyeko gaali le malai farkak pardaina hai,goma tamang,yt:Goma Tamang,comment
❤❤❤❤❤❤❤❤❤❤❤❤,goma tamang,yt:Goma Tamang,comment
Kta  hona ra sarina tanang ki kti nai hau bujina molly  ta,goma tamang,yt:Goma Tamang,comment
Badae cha,goma tamang,yt:Goma Tamang,comment
Wow amazing love story hjrharuko❤️❤️,goma tamang,yt:Goma Tamang,comment
Nice couple love you both,goma tamang,yt:Goma Tamang,comment
vhairala hunanasaki bibaha gari vhairala vhako ho,goma tamang,yt:Goma Tamang,comment
मैले नबुझ्या कुरा नर्मल केटा या केटि हरु किन छक्का बनेका हाेलान नेपालमा छाेरा छाेरि चाहियाे भने मलाइ सम्पर्क गर है नानि हरु,goma tamang,yt:Goma Tamang,comment
Malai chi chitta bujen😏😏😏😏,goma tamang,yt:Goma Tamang,comment
दाम्पत्ये जिबन काे धेरै धेरै  शुभकामना,goma tamang,yt:Goma Tamang,comment
Khoi k khoi k,goma tamang,yt:Goma Tamang,comment
"Haina k ho awaj ta 2 woman jasto lagxha ,",goma tamang,yt:Goma Tamang,comment
aafno aafno feelings ho no worries......god bless u both😍😍,goma tamang,yt:Goma Tamang,comment
पागलनिहरु फर्दाफास पछाडि देखिन्छ अबस्य पनि धैर्य गरौ,goma tamang,yt:Goma Tamang,comment
माया त मायै हो❤🎉,goma tamang,yt:Goma Tamang,comment
Congratulations cha 😍😍😍,goma tamang,yt:Goma Tamang,comment
"Hehe yo 2 janai milera samaj ma euta naya chalan dekhaunu khojeko ra yo samaj lai aankhama xharo haliraxha jasto lago hou malai ta , yo sabai bakwase ho ,",goma tamang,yt:Goma Tamang,comment
सरिन त 90% पुरुष रहेछ,goma tamang,yt:Goma Tamang,comment
Plz malai uha ko number dinuna 🙏🙏🙏🙏🙏😭😭😭😭😭😭😭,goma tamang,yt:Goma Tamang,comment
"ओहो इन्टरकास्ट म्यारिजपो रहेछ। अब बच्चाले यी बाउको बहिनीलाई वा दिदीलाई बडा बा, काका भन्ने कि सानिमा, वा फूपू भन्ने हो भन्नेमा साइनो कम्लिकेटेड हुने भएछ।",goma tamang,yt:Goma Tamang,comment
yo jori sadhai yasarinai khushi sanga baseko hernu paaum love you,goma tamang,yt:Goma Tamang,comment
"सधै,खुसि,रनु,कहिले,नछुटनु,सधै,मिलेकाे,सुन,देखन,पाउ,,",goma tamang,yt:Goma Tamang,comment
Kavre dhulikhel ho sister,goma tamang,yt:Goma Tamang,comment
"Hoina yo didi bainiharulai bahula kukurle tokera pagalvako ta hoina , malai ta saram po lagxa ho .ysto pani k garnu laj mardo .desma xoramanxe paiyna ki k ho.",goma tamang,yt:Goma Tamang,comment
Aafno jindagi jasari ni jiuda huncha but 2 wata nani ani arkiko 1 wata nani vakohuda chora chori ko ijjat ko ni care garnuparnay ho,goma tamang,yt:Goma Tamang,comment
2jana sagai basni dau 2janaibacha ko mau,goma tamang,yt:Goma Tamang,comment
यो केहो यो नारी हरु को कस्तो बिक्रिती सबै महिला हरुको मन्मा ठेस पुगेको छ तिमी हरु को छोरा छोरी लाई टकलित ठेस कत्ती पुगे को होला किन नसोचेको,goma tamang,yt:Goma Tamang,comment
सुखद दाम्पत्य जीवनको शुभ कामना दुवैआमाहरुलाई l,goma tamang,yt:Goma Tamang,comment
हैन एउटा चित्त नबुझेको कुरा! यो समलिङ्गीहरुको यौन चाहाना चाहिँ हुन्छ कि हुँदैन होला? यदि हुन्छ भने कसरी प्यास मेटाउछन् होला?????,goma tamang,yt:Goma Tamang,comment
काम कुरो चै कसरी गर्नु हुन्छ हो,goma tamang,yt:Goma Tamang,comment
दुईको  बिचमा बस्न मन छ,goma tamang,yt:Goma Tamang,comment
केका हाेकि केकि हाेनि,goma tamang,yt:Goma Tamang,comment
Budheskalma naati bachha haru khelayera basnu xadera k ko natak  dekhako hola  haittt aanek huna thalyo  hamro des ma  nautanki haru,goma tamang,yt:Goma Tamang,comment
sareen bainile siudoma sindur pani rangai dinu vayako vayata jhanai ramro hune thiyo ? naya shckar naya jodee lai badhai xa ? vabisyeko suva kamana ?,goma tamang,yt:Goma Tamang,comment
कति दिन लाई हो यो नाटक,goma tamang,yt:Goma Tamang,comment
Congratulations ❤️,goma tamang,yt:Goma Tamang,comment
"Two girls getting married to each other, what a weird it sounds 🤪😶",goma tamang,yt:Goma Tamang,comment
Malae sodna man lageko kura k vane  tapai haruko shree maan le dhoka diyako vayar ho yo gareko,goma tamang,yt:Goma Tamang,comment
Congratulations 🎊🎈🍾,goma tamang,yt:Goma Tamang,comment
Bachnu parxa j pani dekhna paenxa,goma tamang,yt:Goma Tamang,comment
Ssrm xaina alle,goma tamang,yt:Goma Tamang,comment
के भनौं र खोइ?,goma tamang,yt:Goma Tamang,comment
Congratulations both of u ✅💕❤️😘❤️😘💕,goma tamang,yt:Goma Tamang,comment
Nakkali  haru ko chartikala....,goma tamang,yt:Goma Tamang,comment
Che hau k vako,goma tamang,yt:Goma Tamang,comment
Xixixi k dekhanu parxa yo.,goma tamang,yt:Goma Tamang,comment
यस्ताे पनि हुदाे रैछ जिन्दगिमा कहिले काहीँ के देख्न पराे,goma tamang,yt:Goma Tamang,comment
बधाई छ हजुरहरुलाई ।,goma tamang,yt:Goma Tamang,comment
बिहे गरेको नाटक गरि कति साउदी दुबई तिर केटी बेच्ने कामत भको छैन खासै गतिलो चाई हैन है येओ दुबै जना हरु,goma tamang,yt:Goma Tamang,comment
Thukka sudeharu,goma tamang,yt:Goma Tamang,comment
Yini haru ko YouTube video haray chora chori haru ko man kastovayohola thukka juni kita single vako varkarko taruni vako vayata,goma tamang,yt:Goma Tamang,comment
be happy both of you !!,goma tamang,yt:Goma Tamang,comment
❤️❤️❤️🙏🙏🌹🌹कति राम्रो जाेडी हजुर  लाई दुई जान सङग भेट्छु नि दिदी,goma tamang,yt:Goma Tamang,comment
धेरै धेरै शुभकामना कनपरो दाम्पत्य जिबन सुखमयहोस 👏👏👏🙏,goma tamang,yt:Goma Tamang,comment
2 jana budi vayo tehi vayar bihegareko ab aru ...,goma tamang,yt:Goma Tamang,comment
Aaa didi haru k  garnu vyako tar kti kti la biwoha garrni vnyar kha la khayko xa  didi haru xiiii xiiii yo natak kti ryyy fayrii budo rya budi rya aa hahahhaha,goma tamang,yt:Goma Tamang,comment
dhuka,goma tamang,yt:Goma Tamang,comment
केनाटकहाेयाे,goma tamang,yt:Goma Tamang,comment
Raati sangai sutdha k majaa!,goma tamang,yt:Goma Tamang,comment
माया त❤❤❤❤❤❤माया हाे,goma tamang,yt:Goma Tamang,comment
"बेहुलि  त राम्रो लागयो
बेहुला ले माया गरेर  राख्नु सक्नु पर्यो।सुखमये होस जीवन।",goma tamang,yt:Goma Tamang,comment
Yesto achaamma k hola ma chai sidhai kura garxu malai je sukai  garnu rw vannu  chahe karbahi garnu moh sidha vanxu k achaamma nepalma keta napayera keti keti bivaha garna thale aba kinaki keti matra jyada vaye.. yo chai moh ke vanxu vane keta payena vane kathko ling banayera rakhe hunxa xixixixi thu ke vaka yo nepalma,goma tamang,yt:Goma Tamang,comment
होइन सरिन भैसि हो कि गोरु हौ अणा😂😂😂😅😅😅😅,goma tamang,yt:Goma Tamang,comment
Lala k vanu,goma tamang,yt:Goma Tamang,comment
"Xora manxey man naparney re?? Ani kina xora manxey ko get up garnu paryo ta,kt kai get up garnu launu ni,waiyat kura garxa, buda vanxa re🤪🤪kt lai ni kai buda vanxa ra??",goma tamang,yt:Goma Tamang,comment
Sansar ma  sabai bhanda thulo khura khusi  ho dadai khusi ko sath jindaki  bitos,goma tamang,yt:Goma Tamang,comment
perfect jodi,goma tamang,yt:Goma Tamang,comment
👩‍❤️‍💋‍👩👩‍❤️‍💋‍👩👩‍❤️‍💋‍👩👩‍❤️‍💋‍👩,goma tamang,yt:Goma Tamang,comment
"दुर्गा तामांग ज्यूलाई मेरो प्रश्न यो छ कि,एउटा स्त्रिले अर्को स्त्रिको शारिरिक सम्बन्धको आवश्यकत्ता कसरी पुरा गर्नु हुन्छ ? यो कुरा नेपाली जनतालाई प्रष्ट पारी दिनु होला ???",goma tamang,yt:Goma Tamang,comment
Your parents have great thoughts 💭,goma tamang,yt:Goma Tamang,comment
Haa haa haa haa haa,goma tamang,yt:Goma Tamang,comment
अब यो दुइ जाना को बुढो बुढो ले पनि बिबाहा गर्नु परो अनि राम्रो र खुशि हुन्छ होला,goma tamang,yt:Goma Tamang,comment
Xi xi xi ghen lagyo,goma tamang,yt:Goma Tamang,comment
Khai k bhannu ra? Chahana pani kasto-kasto? Akhir maya ta bihe nai nagari pani ta huna sakxa ni. Yo umerma ayera k k garnu hunchha khai didihar?😊 keti-keti bihe garna man parauneharu tara looks chai ketako jasto bhayeko dekhda kina hola yesto jasto lagxa.,goma tamang,yt:Goma Tamang,comment
गत्तिलै गरेछ!!!,goma tamang,yt:Goma Tamang,comment
आफ्नो ईच्छा हो दुईदिन बाचुन जेल आफु खुसि भयर बाच्नु परो,goma tamang,yt:Goma Tamang,comment
हजुर हरु को जिन्दगी राम्रो होस,goma tamang,yt:Goma Tamang,comment
अनावश्यक बिबाद मा तानिरहनु हुने शरिन र उहाको उसल जिवन सडगीनी लाई वैवाहीक जिवनको शुभकामना,goma tamang,yt:Goma Tamang,comment
हैन कस्तो अचम्म दुईटै महिला छन् के बेहे होकि साथी बनाएको हो,goma tamang,yt:Goma Tamang,comment
Rama  Thapa🌹🌹🌹👏🏻💓💓💓💓👏🏻💗💗👍🌹👏🏻🌹🌹👍💍🌹,goma tamang,yt:Goma Tamang,comment
Sarin jee hujur t mero favrite   hunuhuntheyio tra tapai ko afnu life ho interfere t garnu ramro hoina tra kati  kati beh garnu  vayere ramro lagana  may be my suggestion is worng,goma tamang,yt:Goma Tamang,comment
बच्चा को आमा कोहि सग अगालो हालेको बै थियन रे😂😂,goma tamang,yt:Goma Tamang,comment
Thuya nakachari ho kati samko natak gareka,goma tamang,yt:Goma Tamang,comment
यी 2 जनाको  बुढा  पनि  देखाउनु,goma tamang,yt:Goma Tamang,comment
Xakka xakka panja garikhau,goma tamang,yt:Goma Tamang,comment
Ramro jodi,goma tamang,yt:Goma Tamang,comment
सधै यसरीनै खुसी भैरहनुहोला  सधै यसरिनै एकअर्कालाई माया गर्नुहोला यो जोडीलाई कसैको आखा नलागोस ❤❤❤❤❤❤❤❤❤❤❤❤❤❤❤❤❤❤❤❤❤,goma tamang,yt:Goma Tamang,comment
Nataki.haru,goma tamang,yt:Goma Tamang,comment
Laj Saram na vako lodare haru,goma tamang,yt:Goma Tamang,comment
होइन दाइ त केटीले जस्तो के हो फेरि बिहे गरेको 🤔🤔🤔🤔खास केटा कि केटि,goma tamang,yt:Goma Tamang,comment
🥰,goma tamang,yt:Goma Tamang,comment
Good jodi,goma tamang,yt:Goma Tamang,comment
God bless you both,goma tamang,yt:Goma Tamang,comment
God bless you both of you,goma tamang,yt:Goma Tamang,comment
4 vai xora janminu Lu badai xa,goma tamang,yt:Goma Tamang,comment
आश्चर्यको कुरा यौन प्यास कसरी मेट्नु हौ?,goma tamang,yt:Goma Tamang,comment
Kukurni huna bacha huda ni biha mahila mahila  biha garko,goma tamang,yt:Goma Tamang,comment
"Nachaahi laado jasto,,,",goma tamang,yt:Goma Tamang,comment
मलाई चै ठिक लागेन केटी केटी त्योइ पनी दुई जना नै  नानी को आमा हरु,goma tamang,yt:Goma Tamang,comment
यिनिहरुले यौन चाहाना कसरी पूरा गर्छ्न होला #जिग्यासा 🤔,goma tamang,yt:Goma Tamang,comment
👍️❤️👍️❤️👍️,amresh kumar singh,yt:Amresh Kumar Singh,comment
Tarai Tira police marxa ani  goli handaina ta,amresh kumar singh,yt:Amresh Kumar Singh,comment
"ए माननीय अमरेस ज्यु
भारत को पुलिस ले लिने हतियार देखेको छ।  Ak - 47 लिन्छ।
थाहा नभए नबोल्नु।",amresh kumar singh,yt:Amresh Kumar Singh,comment
Amresh is a Nepali patriot and Hero!,amresh kumar singh,yt:Amresh Kumar Singh,comment
माननीय अमरेस ज्युको एकदम राम्रो  कुरा🎉,amresh kumar singh,yt:Amresh Kumar Singh,comment
क्या दामी आनन्द आयो अम्रेश को भाषण सुन्दा दामी छ ।,amresh kumar singh,yt:Amresh Kumar Singh,comment
Absolutely right ❤❤👏👏👏👍👍🔔🔔🔔🔔🔔,amresh kumar singh,yt:Amresh Kumar Singh,comment
Absolutely right Great speech 🎤 Dr Amresh Sir Jai Ghanti❤️❤️❤️❤️❤️🔔🔔🔔🔔🔔🔔🔔🔔,amresh kumar singh,yt:Amresh Kumar Singh,comment
हाम्रोवाद भनेको नेपाल बाद हो। सही कुरा भन्नुभयो। लेलिनवाद माओवाद यो सबै विदेशी बाद हो हामी सबै मिलेर नेपाल बाद खडा गरौं,amresh kumar singh,yt:Amresh Kumar Singh,comment
Jaya ghanti 🇳🇵🙏💖,amresh kumar singh,yt:Amresh Kumar Singh,comment
"जय हाे, डा. अमरेश",amresh kumar singh,yt:Amresh Kumar Singh,comment
बडो राम्रो बक्तब्य दीनु भो माननिय सांसद अमरेस कुमार सिह ज्यु ले धेरै धेरै धन्यवाद ज्ञापन गर्दछु सु प धनगडी बाट,amresh kumar singh,yt:Amresh Kumar Singh,comment
तपाईँ जस्तो महान् व्यक्ति हामीले पाउनु हाम्रो भाग्य हो,amresh kumar singh,yt:Amresh Kumar Singh,comment
सही कुरा अंम्रेशकुमार,amresh kumar singh,yt:Amresh Kumar Singh,comment
Great 👍,amresh kumar singh,yt:Amresh Kumar Singh,comment
Good sir 💯🔔🔔🔔💐🇳🇵,amresh kumar singh,yt:Amresh Kumar Singh,comment
Ek.dam raamroo sochh vako bektito vako manxe ho amres sir..🎉🎉🎉🎉🎉🎉🎉,amresh kumar singh,yt:Amresh Kumar Singh,comment
ऐकदमै सही कूरा बोल्नू भयेको छ माननीये अमरेश कूमार ज्यू ले 🙏♥️👍👍🔔🔔🔔👏👏,amresh kumar singh,yt:Amresh Kumar Singh,comment
Wow So Brilliant mind Salute cha Mr Amresh Kumar jii..,amresh kumar singh,yt:Amresh Kumar Singh,comment
Hat's off❤❤❤,amresh kumar singh,yt:Amresh Kumar Singh,comment
100%Agree❤❤❤❤,amresh kumar singh,yt:Amresh Kumar Singh,comment
Salute chha tapailai,amresh kumar singh,yt:Amresh Kumar Singh,comment
Sahi kura,amresh kumar singh,yt:Amresh Kumar Singh,comment
support for truth .,amresh kumar singh,yt:Amresh Kumar Singh,comment
Phd knowledge is excellent,amresh kumar singh,yt:Amresh Kumar Singh,comment
अमरेश जी  को कुरा सुन्दा अानन्द अायो ।।,amresh kumar singh,yt:Amresh Kumar Singh,comment
Kada  🫡,amresh kumar singh,yt:Amresh Kumar Singh,comment
Great leader Dr AK,amresh kumar singh,yt:Amresh Kumar Singh,comment
सारै रामो कुरा राख्नु भो डा अमरेशकुमार ले राख्नु भो सलाम छ,amresh kumar singh,yt:Amresh Kumar Singh,comment
Ho ho hundu rasta huda ka huncha bhala lai,amresh kumar singh,yt:Amresh Kumar Singh,comment
Great,amresh kumar singh,yt:Amresh Kumar Singh,comment
एकदमै राम्रो कुरा अम्रेश माननीय ज्यु🇳🇵👏,amresh kumar singh,yt:Amresh Kumar Singh,comment
Congratulations 🎉❤❤❤,amresh kumar singh,yt:Amresh Kumar Singh,comment
बधाई एवं शुभकामना रुबि कुमारी ठाकुर ज्यू लाई 🙏👍🎉,amresh kumar singh,yt:Amresh Kumar Singh,comment
Apsarbadi manchhe ho gynendra shahi auta padko lagi ke ko katakxe garnu hau desko lagi ❤bolam,amresh kumar singh,yt:Amresh Kumar Singh,comment
सहि कुरा गर्नु भो ।पाटिभदा देस  र जन्ता लाई सिरमाराखी कुरा गरौ ।,amresh kumar singh,yt:Amresh Kumar Singh,comment
Manney Amresh Sir Jyu Shahi Kuro bolu bho ho Sri Salute xa Sri 👏👏👏👏👏,amresh kumar singh,yt:Amresh Kumar Singh,comment
Amraa Kumar Sir your right,amresh kumar singh,yt:Amresh Kumar Singh,comment
Amresh ji le aaja feri man jitnu vayo.,amresh kumar singh,yt:Amresh Kumar Singh,comment
बदाई छ रूबी ठाकुर।जी,amresh kumar singh,yt:Amresh Kumar Singh,comment
एकदम सहिबिष्लेशण,amresh kumar singh,yt:Amresh Kumar Singh,comment
🙏🙏🙏🙏🙏🙏🙏,amresh kumar singh,yt:Amresh Kumar Singh,comment
😅😅😅😅हिजो किन बौलाउथ्यो त  नेता ज्यु आफुलाइ हुदा एक अरुलाइ हुदा एक हैट  लाज नीति,amresh kumar singh,yt:Amresh Kumar Singh,comment
यदि कहि कतै तिमी हरु ले पनि काम सुसन सु ब्यबस्था  भ्रष्टाचाको अन्त्री गरिनौ र पुरानै दल जस्तो बन्न पुगेउ भने पाच बर्ष पछि सिंह दर्बारमा राजा ल्यउने छन जनता ले,amresh kumar singh,yt:Amresh Kumar Singh,comment
अमरेश कुमार माननीय ज्युले जेनजी अनी मधेशी र कपाल काट्ने जातिको प्रतिनिधित्व भयो भन्नु भयाे त्यो कुरा ठिकै छ तर संसद भनेको बाैद्विक र अनुभवी ब्याक्तीहारुको गरिमामय संस्था थलाे हो जस्ले राष्ट्रको भबिश्य काेर्छ ।  जाहा बाैद्विक र अनुभवि मानिसहरु रहन्छन् । अब पनि हामिले पुरानै परिपाटि अगालिउ भने यो भन्दा दुर्भाग्य अरु केहि हुन सक्दैन।  प्रतिनिधित्व मात्रका  लागी संसद मा जाने ल्याउने  हो भने हामिले खोजेको परिवर्तन तयो होइन।  यसो भण्दै गर्दा रुवि कुमारी मनानिया जिउ लाई आसक्षम भनेको चाहिँ होइना । हामिले परिवर्तन चाहेकाे हाे भने हाम्रो मानसिकता पनि परिवर्तन हुन जरुरि छ।,amresh kumar singh,yt:Amresh Kumar Singh,comment
"Amresh ji Ali Nepali bhasa siknus.....kina bhane nepali bhasa mai bhasan garna parcha sansad ma .
Tapai KO Soch positive cha sab lai thaha cha Tara Dr. Bbayepachi language ma Pani command garnus...try to learn.
Aru Sab thik cha ...
Nepal lai bikas KO bato ma lagnus , tei nai suvakamana cha",amresh kumar singh,yt:Amresh Kumar Singh,comment
Jhagada nagare hu n ra des banaune kura Hudgins sansad ma,amresh kumar singh,yt:Amresh Kumar Singh,comment
DHANYBAD,amresh kumar singh,yt:Amresh Kumar Singh,comment
पाटि र आफ्नो प्रसंसा गरि समय सिदायो,amresh kumar singh,yt:Amresh Kumar Singh,comment
चल हट टकलु,amresh kumar singh,yt:Amresh Kumar Singh,comment
Dont touch me 😂😂,leelamani gautam,yt:Leelamani Gautam,comment
Bhai update do ….. next video please uss bande ka,leelamani gautam,yt:Leelamani Gautam,comment
"The farther you go, the wilder it gets.",leelamani gautam,yt:Leelamani Gautam,comment
Kinar nahi daku he😂,leelamani gautam,yt:Leelamani Gautam,comment
Ac me kaise ghus jate hai,leelamani gautam,yt:Leelamani Gautam,comment
O bhai pakar k isko chalti train se neeche phenk do inka yhi hal hai koi kuch bol hi nahi raha ye to galat hai belkul,leelamani gautam,yt:Leelamani Gautam,comment
❤❤❤❤❤❤❤,leelamani gautam,yt:Leelamani Gautam,comment
Samne wale unc has kyun rahe hai,leelamani gautam,yt:Leelamani Gautam,comment
Where fight,leelamani gautam,yt:Leelamani Gautam,comment
Why that lord ram is laughing with kinner 😂😂😂,leelamani gautam,yt:Leelamani Gautam,comment
Kinnar gang se panga nahin lene ka😂😂,leelamani gautam,yt:Leelamani Gautam,comment
Anjali from lumding,leelamani gautam,yt:Leelamani Gautam,comment
Why’s there paint on her forehead?,leelamani gautam,yt:Leelamani Gautam,comment
😂😂😂,leelamani gautam,yt:Leelamani Gautam,comment
😂,leelamani gautam,yt:Leelamani Gautam,comment
They snatch money,leelamani gautam,yt:Leelamani Gautam,comment
North india 😆😆,leelamani gautam,yt:Leelamani Gautam,comment
😆🤣😁😁😆😆🤣🤣🤣🤣😆😆🤣😆,leelamani gautam,yt:Leelamani Gautam,comment
I don’t like your curry after shave 😂,leelamani gautam,yt:Leelamani Gautam,comment
😡😡😡,leelamani gautam,yt:Leelamani Gautam,comment
आखहीफोणेगा,leelamani gautam,yt:Leelamani Gautam,comment
Imdiate arrest him,leelamani gautam,yt:Leelamani Gautam,comment
In salo k train m kuch jyada hi rha h 😂,leelamani gautam,yt:Leelamani Gautam,comment
Worst north log,leelamani gautam,yt:Leelamani Gautam,comment
Jay Bhim ka mahaan samvidhaan kuchh nahi hoga,leelamani gautam,yt:Leelamani Gautam,comment
Don't mess with Kinner *!!*,leelamani gautam,yt:Leelamani Gautam,comment
Fair and lovely ki brand ambassador,leelamani gautam,yt:Leelamani Gautam,comment
बहुत अच्छी टैलेंट बहुत अच्छा है,leelamani gautam,yt:Leelamani Gautam,comment
👌🌹,leelamani gautam,yt:Leelamani Gautam,comment
Bahut achi,leelamani gautam,yt:Leelamani Gautam,comment
Bahot achhi lgti hain,leelamani gautam,yt:Leelamani Gautam,comment
Beautiful,leelamani gautam,yt:Leelamani Gautam,comment
😂❤,leelamani gautam,yt:Leelamani Gautam,comment
Bhaut pyari,leelamani gautam,yt:Leelamani Gautam,comment
Poster kesa de rakha hee,leelamani gautam,yt:Leelamani Gautam,comment
"Very beautiful and gorgeous, I Like You",leelamani gautam,yt:Leelamani Gautam,comment
I love this Yami gutam❤❤❤,leelamani gautam,yt:Leelamani Gautam,comment
Yami super acted in all her movie worth to watch her movie❤,leelamani gautam,yt:Leelamani Gautam,comment
My favourite ❤,leelamani gautam,yt:Leelamani Gautam,comment
Very👍👍👍👍👍👍👍👍,leelamani gautam,yt:Leelamani Gautam,comment
Meri bibi bhi 12 sal choti hai,leelamani gautam,yt:Leelamani Gautam,comment
Bictiful,leelamani gautam,yt:Leelamani Gautam,comment
I love this yami gautam.actor,leelamani gautam,yt:Leelamani Gautam,comment
Iliveyou❤,leelamani gautam,yt:Leelamani Gautam,comment
Bahut hi achhi sabhi heroine fail hai इनके सामने,leelamani gautam,yt:Leelamani Gautam,comment
Nice actress,leelamani gautam,yt:Leelamani Gautam,comment
AI,leelamani gautam,yt:Leelamani Gautam,comment
My all time favourite heroine yami gautam,leelamani gautam,yt:Leelamani Gautam,comment
i really like her..yami Gautam ❤,leelamani gautam,yt:Leelamani Gautam,comment
Ktni uchai pe le gai sb jante tm na batao 😂😂😂,leelamani gautam,yt:Leelamani Gautam,comment
One number,leelamani gautam,yt:Leelamani Gautam,comment
Kaabil bholgaye aap,leelamani gautam,yt:Leelamani Gautam,comment
"Yami Gautam is the most humble, talented, gorgeous actress.  ❤❤❤❤",leelamani gautam,yt:Leelamani Gautam,comment
Achum,leelamani gautam,yt:Leelamani Gautam,comment
I love yammi ❤,leelamani gautam,yt:Leelamani Gautam,comment
My crush,leelamani gautam,yt:Leelamani Gautam,comment
Most beautiful women in the world,leelamani gautam,yt:Leelamani Gautam,comment
My dream girl,leelamani gautam,yt:Leelamani Gautam,comment
My fvrt ❤yami,leelamani gautam,yt:Leelamani Gautam,comment
Chikna male,leelamani gautam,yt:Leelamani Gautam,comment
Fake mat dalo.,leelamani gautam,yt:Leelamani Gautam,comment
Down to Earth actress with no any controversies,leelamani gautam,yt:Leelamani Gautam,comment
Superb bkvs,leelamani gautam,yt:Leelamani Gautam,comment
Fake news,leelamani gautam,yt:Leelamani Gautam,comment
Yami  Gautam  ❤❤❤ nice🎉🎉🎉🎉,leelamani gautam,yt:Leelamani Gautam,comment
😊 mujhe to achcha lagta hai,leelamani gautam,yt:Leelamani Gautam,comment
Best acting in Thursday and chor nikal ke bhaaga❤,leelamani gautam,yt:Leelamani Gautam,comment
Yami ka tho class hay bhai,leelamani gautam,yt:Leelamani Gautam,comment
1 no,leelamani gautam,yt:Leelamani Gautam,comment
Ekadam bakwas,leelamani gautam,yt:Leelamani Gautam,comment
Bahut achhi,leelamani gautam,yt:Leelamani Gautam,comment
अबसरबादी खाओबादी देशघाती आत थु,leelamani gautam,yt:Leelamani Gautam,comment
गगनले नजित्ने ग्यारेन्टिका साथ ग्यारेन्टि गरेकाे हाे आत्मादाह यसकै बिस्वासका साथ भनेकाे हाेला😊😊😊😊,amresh kumar singh,yt:Amresh Kumar Singh Sarlahi,comment
"जय घण्टी,
अमरेश जि लाई जित्ताउनु होला।",amresh kumar singh,yt:Amresh Kumar Singh Sarlahi,comment
"अर्जुनको रक्षा त स्वयम् श्रीकृष्णले गरिदिनु भाथ्यो
तर अमरेशलाई जनताले जिताउन।शुभकामना।",amresh kumar singh,yt:Amresh Kumar Singh Sarlahi,comment
🔔 Jay 🔔 ghanti 🔔,amresh kumar singh,yt:Amresh Kumar Singh Sarlahi,comment
यो मान्छे मलाई पहिले देखि राम्रो लाग्थ्यो educated मत्री ❤ जित को शुभकामना,amresh kumar singh,yt:Amresh Kumar Singh Sarlahi,comment
Good luck dr. Sab,amresh kumar singh,yt:Amresh Kumar Singh Sarlahi,comment
"अमरेस सिं ले जित्नु पर्छ , भ्रष्ट बाख्रेले हार्नु पर्छ , याे पटक सचेत नेपाली ले रास्वपाले बहुमत ल्याउनु पर्छ❤❤❤",amresh kumar singh,yt:Amresh Kumar Singh Sarlahi,comment
✍️मेरो ✍️देश✍️चुपचाप यसपालि घन्टी छाप🔔🔔🔔,amresh kumar singh,yt:Amresh Kumar Singh Sarlahi,comment
सर्लाही बासी अम्रेश जि लाई जिताउनु होला अम्रेशजि ले संसदमा खेलेको भुमिका एकदम सकारात्मक छ गगन ले संसदमा  जनताको आवाज कहिलै  उठाएन विपक्षिमाथी खनिने काम मात्र गर्यो आफ्ना भ्रष्ट नेताको कहिलै बिरोध गरेन गगन ले हारे जनताको जित हुन्छ,amresh kumar singh,yt:Amresh Kumar Singh Sarlahi,comment
कंग्रेस एमाले र माओवादि ले जित्नुहुदैन जनतामा चेतना भया 😍🙏,amresh kumar singh,yt:Amresh Kumar Singh Sarlahi,comment
Sarlahi Ka jantale paribartan KO lagi vote ghanti lai  dinu parxa hai jai ghanti 🔔🔔🔔🔔🔔🔔🔔🔔,amresh kumar singh,yt:Amresh Kumar Singh Sarlahi,comment
Jay ❤️ Nepal 🌳🌳🌳🌳✅❤❤❤,amresh kumar singh,yt:Amresh Kumar Singh Sarlahi,comment
Win Rasopa win 🥇 ❤❤❤❤,amresh kumar singh,yt:Amresh Kumar Singh Sarlahi,comment
"सर्लाही का जनता अबस्य पनि समझदार छन, सत्य यथार्थ बोल्ने अम्रेसलाई साथ दिने, र झुटटो बोल्नेलाई  र ठग गगने लाई हराउनै पर्ने छ",amresh kumar singh,yt:Amresh Kumar Singh Sarlahi,comment
Yaspali sabai jana la ghanti lai vote garau plz,amresh kumar singh,yt:Amresh Kumar Singh Sarlahi,comment
"पत्रकार जु को के खाल को कोईसन हो यदि घणटिले जितेमा आरू पाटिको 10, 12 जानले आगो लगाए के हुन्छ? घण्टिले देशलाई उज्यालो तिर बढाउछ तेसैले त्यो आगो लगाउने सोच पनि आउने छैन ल। धन्यवाद",amresh kumar singh,yt:Amresh Kumar Singh Sarlahi,comment
Rabi ra Sarlai ma bolaunu paryo sir🙏🙏❤,amresh kumar singh,yt:Amresh Kumar Singh Sarlahi,comment
"सर्लाही - ४ को सम्पुर्ण मतदाताहरुलाई हार्दिक अपिल गर्दछु कि डा. अमरेश जिलाई जसरी भएनी जिताउनु होला ।। किनभने वहाँ जस्ता देशभक्त , निडर र साहसी नेता सदनमा चाहिन्छ ।। 🙏🙏🙏 from Hetauda",amresh kumar singh,yt:Amresh Kumar Singh Sarlahi,comment
अमरेश जितनु . नै पर्छ,amresh kumar singh,yt:Amresh Kumar Singh Sarlahi,comment
Jay ghanti 🔔 🙏🙏🙏,amresh kumar singh,yt:Amresh Kumar Singh Sarlahi,comment
Jay ghanti ❤❤❤❤❤❤❤❤❤❤❤❤❤❤❤❤,amresh kumar singh,yt:Amresh Kumar Singh Sarlahi,comment
ए होर यस्तो पो त्यसो भए जितेर देखाउनुस न हो यो कुरा सत्य हो की यी दुई पाटी भित्र नराम्रो कामको विरोध गर्ने नेताहरु को खैरियत छैन त्यस्ता लाई पाटी भित्र चान्स हैन चप्रासी को चान्स दिइन्छ,amresh kumar singh,yt:Amresh Kumar Singh Sarlahi,comment
Jaya ghanti Jaya rabi,amresh kumar singh,yt:Amresh Kumar Singh Sarlahi,comment
Jai ghanti my dear sir namaskar 🌹🙏🌹,amresh kumar singh,yt:Amresh Kumar Singh Sarlahi,comment
सर्लाही 4 ले हिरा पाउनु भको छ अमरेस जि तेसैले यो मौका नगुमाउन अनुरोध🙏🙏🙏🙏🔔🔔🔔🔔👈️👈️💞💞💞💞💞💞💞🔔🔔👈️👈️ जय घन्टि,amresh kumar singh,yt:Amresh Kumar Singh Sarlahi,comment
"आत्मा दाहा यो सब्द आफैमा 
गारो सब्द  कसैले कति सजिलो 
सग बोलेको अचम्म लाग्छ ।",amresh kumar singh,yt:Amresh Kumar Singh Sarlahi,comment
जय घण्टी  त्याहाँका जनताले घण्टी मा भाेट हालेर अमरेसलाई जिताउनु पर्छ पुराना काम छैन,amresh kumar singh,yt:Amresh Kumar Singh Sarlahi,comment
झापा . मा ओली  चार नः गगन हरानु पर्छ जनता को तब जित हुन्छ,amresh kumar singh,yt:Amresh Kumar Singh Sarlahi,comment
"अम्रेश सिंह नेता त सत्य तथ्यबादी नेता हुन, जनता र नागरिकले बुझ्नु आवश्यक छ, सत्य तथ्यको बिजय होस।",amresh kumar singh,yt:Amresh Kumar Singh Sarlahi,comment
अम्रेस कुमारलाई जिताए त्याहको जनताले राहत लिनेछन जय घन्टि 👍🌷🙏,amresh kumar singh,yt:Amresh Kumar Singh Sarlahi,comment
Nice to see you again as Interviewer,amresh kumar singh,yt:Amresh Kumar Singh Sarlahi,comment
Best of luck Amresh sir.Manxe ta khatra talent rexa,amresh kumar singh,yt:Amresh Kumar Singh Sarlahi,comment
"जय देश, जय मधेश, जय अमरेश ।",amresh kumar singh,yt:Amresh Kumar Singh Sarlahi,comment
जय घनटि❤अमरेश कुमार लाई जिताउ❤,amresh kumar singh,yt:Amresh Kumar Singh Sarlahi,comment
जसोरी भएपनी यो पटक बहुमद्को लागि अम्रेश सिङ्को मुख हेर होईन बालेनको मुझ हेरेर भोट दिनु पर्छ।किनकी गगन लाई दिएर उस्को पार्टिले बहुमद ल्याउने पनि छैन।उस्ले मात्रै जितेर उपर्धन मन्त्री हुने पनि होईन। आखेरी यो पटक हेर्दा बहुमद ल्यौने बालेन जस्तो देखिन्छ।,amresh kumar singh,yt:Amresh Kumar Singh Sarlahi,comment
देश र मधेसको लागि डा. अमरेस सिहले जित्नैपर्छ,amresh kumar singh,yt:Amresh Kumar Singh Sarlahi,comment
Jaya ghanti jaya desh ❤❤❤❤❤,amresh kumar singh,yt:Amresh Kumar Singh Sarlahi,comment
Yesto manxe lai jitayer pathaunu parx,amresh kumar singh,yt:Amresh Kumar Singh Sarlahi,comment
म   बुतवल  बत  हो  अमेर्स  लै   भोत  दिने  छन   जनताले   र   जिताउनु  पर्छ है   जय   घन्ती।।।।,amresh kumar singh,yt:Amresh Kumar Singh Sarlahi,comment
उत्र दिन नपाई प्रस्न सेाध्ने कस्ताे पत्रकार हाे?,amresh kumar singh,yt:Amresh Kumar Singh Sarlahi,comment
पत्राकार ज्यु भदौ 23/24भन्दा पहिला देसमा केही भएको थियो कि थिएन।तपाइहरु को मिडिया ले त बजाएको थियो त के सुसासन थियो त?जन्ता को कर खाएर जन्ताको लागि अन्याय गर्ने सरकार किन चाहियो?साम्सद्को आवज नसुन्ने अनि आगो लाग्छ कि लाग्दैन।,amresh kumar singh,yt:Amresh Kumar Singh Sarlahi,comment
Jay ghanti🔔🔔🔔🔔👈️,amresh kumar singh,yt:Amresh Kumar Singh Sarlahi,comment
Amress paty kasle kholyo? Prajatrantra kasle lyayo? Ganatrantra kasle lyayo?,amresh kumar singh,yt:Amresh Kumar Singh Sarlahi,comment
Jay ghanti 👍❤️,amresh kumar singh,yt:Amresh Kumar Singh Sarlahi,comment
शेर  सिंह  अमरेश  सिंह  जिन्दावाद  ।,amresh kumar singh,yt:Amresh Kumar Singh Sarlahi,comment
I wish you very good 👍 luck 🍀,amresh kumar singh,yt:Amresh Kumar Singh Sarlahi,comment
"Patrakar sathi quetion garne tarika
Ali paribartan garauna please",amresh kumar singh,yt:Amresh Kumar Singh Sarlahi,comment
Only one ghanti himal pahard tarai kohi chhana parai slogan now.,amresh kumar singh,yt:Amresh Kumar Singh Sarlahi,comment
Very good 👍 👏,amresh kumar singh,yt:Amresh Kumar Singh Sarlahi,comment
Jay ghanti jay nepali ghantima xap yaspali,amresh kumar singh,yt:Amresh Kumar Singh Sarlahi,comment
No any candidates from those useless three old corrupted parties who abused this country for 35 years should win . We can’t trust them anymore.,amresh kumar singh,yt:Amresh Kumar Singh Sarlahi,comment
Aamres ji suvakamana,amresh kumar singh,yt:Amresh Kumar Singh Sarlahi,comment
Jai ghanti,amresh kumar singh,yt:Amresh Kumar Singh Sarlahi,comment
Love rabi sir 🇳🇵🇳🇵🇳🇵🎉🎉❤❤❤,amresh kumar singh,yt:Amresh Kumar Singh Sarlahi,comment
नेपाल को नीति नियम कानुन राम्रो भयो भनी फेरि आन्दोलन  हुन सक्दैन नत्र फेरि नि उस्तै हुन्छ नया जनादेश एकल बहुमत  आयो भनी रास्पा ले देश मा राम्रो हुन्छ बन्ने आशा छ,amresh kumar singh,yt:Amresh Kumar Singh Sarlahi,comment
गुड।।।,amresh kumar singh,yt:Amresh Kumar Singh Sarlahi,comment
Sahi ho sirji Jay rabi Jay ghanti,amresh kumar singh,yt:Amresh Kumar Singh Sarlahi,comment
Jay amresh ji and Jay balen,amresh kumar singh,yt:Amresh Kumar Singh Sarlahi,comment
"Local leaders should get opportunity . but not outside r 
.",amresh kumar singh,yt:Amresh Kumar Singh Sarlahi,comment
Amresha singh is the best.jay ghanti.,amresh kumar singh,yt:Amresh Kumar Singh Sarlahi,comment
Vote for Ghanti 🔔🔔🔔🔔🔔,amresh kumar singh,yt:Amresh Kumar Singh Sarlahi,comment
Right 👍👍👍👍👍👍,amresh kumar singh,yt:Amresh Kumar Singh Sarlahi,comment
"Tell the truth don’t blame other be strong do your best try hard for give stay the course.
In important thing unity in crucial thing dignity in all things generosity.

With deep respect 
Kishor 
UK",amresh kumar singh,yt:Amresh Kumar Singh Sarlahi,comment
yo chetrmachai awasya gaganlejitxa.,amresh kumar singh,yt:Amresh Kumar Singh Sarlahi,comment
जय घण्टी 👍️🔔🔔🔔,amresh kumar singh,yt:Amresh Kumar Singh Sarlahi,comment
"म सम्मानका साथ रिपोर्टरलाई एउटा प्रश्न राख्न चाहन्छु।
भूराजनीतिक प्रभाव अहिले मात्र होइन, धेरै वर्षदेखि हुँदै आएको हो। तर किन नेपालमा भारतीय उत्पादनहरू यति धेरै प्रयोग हुन्छन् ? हामीले चलाइरहेका बाइक र कार नै भारतमा बनेका छन्। नेपालका उत्पादन कारखानाहरू किन बन्द भए ? उदाहरणका लागि, सरकारले किन Mustang Jeep उत्पादन रोक्यो ? विदेशी हस्तक्षेप त धेरै अगाडि नै देखिएको विषय हो। त्यो बेला Congress, एमाले कै सरकार थियो! घरभरि पैसा त देख्नुभयो होला !

मैले यही विषयमा Gagan Thapa सँगको अन्तर्वार्ता पनि हेरेको थिएँ, त्यहाँ प्रश्न सोध्ने शैली निकै सभ्य थियो। 
यहाँ पनि कृपया जनता र देशको आवाज बन्नुहोस्, कुनै एक पार्टीको मात्र आवाज होइन।
धन्यबाद !",amresh kumar singh,yt:Amresh Kumar Singh Sarlahi,comment
"अमेरेस सिह
रास्वपा आवश्यक छन",amresh kumar singh,yt:Amresh Kumar Singh Sarlahi,comment
Jay👍🔔🔔🔔,amresh kumar singh,yt:Amresh Kumar Singh Sarlahi,comment
"Hamro desh Nepal 🇳🇵li aaja yesto  dukhalakdho rajnetei garaira desh  sakaunei haru kun,kun political party leaders le gardha ho ,so aaja sara Nepali janta haru le yesko answers desh ko RSP ko chonub  ghanti chap ma dheri bhanda dheri votes 🗳 garnu hola hi, everyone Nepali all peoples 🇳🇵  .🔔🔔🔔🔔🗳🗳🗳🗳🙏🙏🙏🙏",amresh kumar singh,yt:Amresh Kumar Singh Sarlahi,comment
Desh jalune li no vote,amresh kumar singh,yt:Amresh Kumar Singh Sarlahi,comment
Right sir,amresh kumar singh,yt:Amresh Kumar Singh Sarlahi,comment
Good luck Dr sap,amresh kumar singh,yt:Amresh Kumar Singh Sarlahi,comment
good luck 🙏🌷,amresh kumar singh,yt:Amresh Kumar Singh Sarlahi,comment
If he win..yeah feri chunab hola ta? Jhapa 5,amresh kumar singh,yt:Amresh Kumar Singh Sarlahi,comment
Gaganle jitanparni aadhar kx vannus na dr. Sab,amresh kumar singh,yt:Amresh Kumar Singh Sarlahi,comment
jai  घण्टी :;;;;;;,amresh kumar singh,yt:Amresh Kumar Singh Sarlahi,comment
कुनैपनिहालतमाअमरेसजिलाइ जिताउनुपर्छ गगनेलाइ जसरिपनिहराउनुपर्छ रचारपातामोदेर अम्ऋकापथाउनुपर्छ,amresh kumar singh,yt:Amresh Kumar Singh Sarlahi,comment
देश बनाउछु भनेर हुटहुटी लिएर वैकल्पिक पार्टी रास्वपा आएको छ जनताले बहुमत दिएर रास्वपालाई सरकारमा पठाउनुपर्छ। मात्र एकपटक देशलाई जिताउनु छ। गगनलाई मत दिएर जनताले भुल गर्नु हुदैन ।🙏🙏🔔✅✅,amresh kumar singh,yt:Amresh Kumar Singh Sarlahi,comment
विजयजीलाई अमुकदलको प्रतिनिधित्व गराउँदै रास्वपाको परोक्षरुपमा विरोध गर्ने गरि निर्वाचनमा खटाईएको भन्ने जता-ततै  कमेन्ट देखिन थाल्यो जुन अनुभवि पत्रकारका सन्दर्भमा दुखद कुरा हो कि जस्तो लाग्यो !,amresh kumar singh,yt:Amresh Kumar Singh Sarlahi,comment
"Jai Rabi 
Jai ghanti 🎉 🙏 ✨️ 💖",amresh kumar singh,yt:Amresh Kumar Singh Sarlahi,comment
Only ghanti,amresh kumar singh,yt:Amresh Kumar Singh Sarlahi,comment
त्यो बेला परिवर्तन होइन हामी पनि गाउमा थियौ डर ले शान्ति छाओस भनेर दिएको हो भोट अहिले डरले होइन सो स्फूर्द हो ।,amresh kumar singh,yt:Amresh Kumar Singh Sarlahi,comment
Ghotala hunu sakxa aamlesh kumar g  vote halne beka vote ganne bela . Be careful last care ful huna parxa aba,amresh kumar singh,yt:Amresh Kumar Singh Sarlahi,comment
Abako chunab ma sabai jantale Vot Ghanti ma,amresh kumar singh,yt:Amresh Kumar Singh Sarlahi,comment
येस पटक  एकल बहुमत  को सरकार  भयेन भनी फेरि नेपाली  जनता ले दुख पाउने छन है राम्रो लाई छान्नु होला है,amresh kumar singh,yt:Amresh Kumar Singh Sarlahi,comment
daju bakhre lai haraunu parcha la jasari vaye pani......,amresh kumar singh,yt:Amresh Kumar Singh Sarlahi,comment
"Jaya ghanti ❤🎉❤🎉❤🎉
Jaya rabi ❤🎉❤🎉❤🎉❤
Jaya balan ❤🎉❤🎉❤🎉",amresh kumar singh,yt:Amresh Kumar Singh Sarlahi,comment
येस्तो मान्छेको इन्टर्भिउ हेर्दै हासो लाग्छ।,amresh kumar singh,yt:Amresh Kumar Singh Sarlahi,comment
गगन थापा पानी माथिको ओभानो बन्न भ्रष्टाचारीहरुको दलभित्रबाट कालो दाग बोकेर दुधको साक्षी बिरालो बनेर आएको मान्छे हो । त्यसैले सचेत बनौं ।,amresh kumar singh,yt:Amresh Kumar Singh Sarlahi,comment
Coming government's foreign minister,amresh kumar singh,yt:Amresh Kumar Singh Sarlahi,comment
Jaya ghanti 🔔🔔🔔🔔,amresh kumar singh,yt:Amresh Kumar Singh Sarlahi,comment
जय घन्टि,amresh kumar singh,yt:Amresh Kumar Singh Sarlahi,comment
Sure success of Amresh.,amresh kumar singh,yt:Amresh Kumar Singh Sarlahi,comment
🇳🇵🇳🇵🇳🇵🔔🔔🔔🔔,amresh kumar singh,yt:Amresh Kumar Singh Sarlahi,comment
रबि रबालेन लाइ जसरि पनि सरलाइ ४ तिम्रो क्षेत्र मा बोलाउ चुनाब अगाडी गाँउ गाँउ जाउ गाँउका जनता रिसा कन द्दन् जनता गाँउ जाउ है,amresh kumar singh,yt:Amresh Kumar Singh Sarlahi,comment
Ab Ki Bar Balen Sarkar. Jay Rasopa Jay Ghanti Jay Janta Jay Youwa Jay Rabi Jay Amresh  Jiu,amresh kumar singh,yt:Amresh Kumar Singh Sarlahi,comment
रा स्व पा का कारणले हार्ने एक मात्र एजेन्डा  दहिचुरै  नीति चेतनाभया।,amresh kumar singh,yt:Amresh Kumar Singh Sarlahi,comment
हिजोको चुनाबमा ८ दलको गठबन्धनले सर्लाहि ४ मा काङ्ग्रेसलाइ एक छत्र भोट हालेको थियो जम्मा जम्मी १८ हजार चानचुन भोट प्राप्त भएको थियो अम्रेश सिङले २० हजार भन्दा बडि मत पाएका थिय करिब १८ सय भोटले जितेका थिए अहिलेको चुनाब बिना गठबन्धन एक्ला एक्लाइ लडेको हुनाले त्यति भोट आउदैन र थप नया भोटर जेन्जी युवाको मत काङ्ग्रेस एमाले नेकपा लाई जादैन त्यसैले याहा काङ्ग्रेसको स्थिति कमजोर देखिन्छ।,amresh kumar singh,yt:Amresh Kumar Singh Sarlahi,comment
Yo yamrais ghaye bherodheho bhaye  nepal ma hendu rast hunuparyo bhanai  kaghraisnaiho❤,amresh kumar singh,yt:Amresh Kumar Singh Sarlahi,comment
Amresh Kumar Singh ko Samay chaina party changer ho yo Singh.Mr GAGAN Kumar Thapa  is the best  leader of Nepali congress who is the become prime minister of  Nepal.,amresh kumar singh,yt:Amresh Kumar Singh Sarlahi,comment
Vote ghanti ma ❤❤,amresh kumar singh,yt:Amresh Kumar Singh Sarlahi,comment
Pratikshya cha GT nai hunu parcha hola jasto lag cha hai ani sanapatik ma chai ghanti hunu parcha,amresh kumar singh,yt:Amresh Kumar Singh Sarlahi,comment
"स्वास्थ्य मन्त्री हुँदा ल्याएको बीमा मा ठूलो नीतिगत चलखेल छ, त्यही भएर अहिले 2/३ वर्ष नहुँदै स्वास्थ्य बीमा fail भइसक्यो",amresh kumar singh,yt:Amresh Kumar Singh Sarlahi,comment
Madeshka sathiharu  dr. Amres kumar shing balen rq rabi vandz ramro mqnche ho jay nepal mades janta sathiharu om shanti,amresh kumar singh,yt:Amresh Kumar Singh Sarlahi,comment
Gagan is Good Leader.. He will win,amresh kumar singh,yt:Amresh Kumar Singh Sarlahi,comment
Thakur vaiharu paisako pachi nalagnula madesko choralai dhukha nadeu radhe radhe,amresh kumar singh,yt:Amresh Kumar Singh Sarlahi,comment
Umres k sing❤,amresh kumar singh,yt:Amresh Kumar Singh Sarlahi,comment
अमरेश कुमार जिन्दाबाद,amresh kumar singh,yt:Amresh Kumar Singh Sarlahi,comment
Amresh kumar,amresh kumar singh,yt:Amresh Kumar Singh Sarlahi,comment
Amres kumar jile jitchha sathiharu najik tirtha hela gare pachutaunu pr hha hay nepal,amresh kumar singh,yt:Amresh Kumar Singh Sarlahi,comment
"Ghanti
🔔🔔",amresh kumar singh,yt:Amresh Kumar Singh Sarlahi,comment
गगन सभापति भए राजनीति बाट सन्यास लिन्छु भन्ने उहीँ अमरेस होइन अनि केको आत्मा दाहा,amresh kumar singh,yt:Amresh Kumar Singh Sarlahi,comment
Amres kumarjile jitnohonxa,amresh kumar singh,yt:Amresh Kumar Singh Sarlahi,comment
Bhotfortree,amresh kumar singh,yt:Amresh Kumar Singh Sarlahi,comment
गगन काङ्ग्रेसको भबिष्य हुन् प्रष्ट बक्ता देशलाइ बुझेका नेता हुन् तर यस पटक गगनले काठमाण्डौ ४  छोड्न हुन्थेन यो नै ठूलो गल्ती भयो।,amresh kumar singh,yt:Amresh Kumar Singh Sarlahi,comment
"३०% अमरेश कुमार सिंह विजयी ७०% 
काँग्रेस सहीत सबै दल (१००%) यहि नै हुने हो! 😂",amresh kumar singh,yt:Amresh Kumar Singh Sarlahi,comment
"संसद भवन मा दहाड्ने एक् मात्र अमरेश कुमार सिंह हुन्, गगन थापाले केबल रवि लाई फसाउँन, नक्कली Documents देखाउँदै 
टाढै बाट झुठो बोलेका थियो, अब पाप धुरी बाट कराउने बेला आएको छ! 🤣",amresh kumar singh,yt:Amresh Kumar Singh Sarlahi,comment
Gagan will be the looser coz he chooses wrong place . Tourist lai vote paunu garo huncha. Kunai ama lai afno santnan jasto vayapani paro huncha,amresh kumar singh,yt:Amresh Kumar Singh Sarlahi,comment
भगौड़ा को भोटनही😊😊😊😊😊😊😊😊😊😊😊😊😊😊😊😊😊😊😊😊😊😊😊😊😊😊😊😊जयघनटी😊,amresh kumar singh,yt:Amresh Kumar Singh Sarlahi,comment
बिना पर्माण बोल्ने हावा गगन,amresh kumar singh,yt:Amresh Kumar Singh Sarlahi,comment
गगन थापा राम्रो मान्छे हुन्,amresh kumar singh,yt:Amresh Kumar Singh Sarlahi,comment
🔔🔔🔔🔔🔔🇳🇵🇳🇵,amresh kumar singh,yt:Amresh Kumar Singh Sarlahi,comment
"गगन बाख्रो लाई  जमानत जफत हुने गरि हराउनु पर्छ ,डाक्टर अमरेश कुमार लाई  विजयको शुभकामना ,म पनि अनुरोध गर्छु तपाईं सम्पूर्ण मतदाता ज्यु हरुले भोट् हाल्ने बेलमा धेरै बिचार गर्नु होला ।",amresh kumar singh,yt:Amresh Kumar Singh Sarlahi,comment
"फटाह ठगने थापा फेरि जनता ठग्दै छ, झुक्याउने पनि एउटा लिमिट हुन्छ, आसे पासे हरु मात्रै हुन् वाहा वाहा गर्ने चम्चेहरु, काङ्ग्रेस ले देश बनाउने रे ७० बर्ष पछि 😂😂
नो ठगन थापा ❌❌❌❌",amresh kumar singh,yt:Amresh Kumar Singh Sarlahi,comment
अमरेश सर धेरै खराे अावज उटाउने एक रिडर नेता हाे ससदमा सहिलाई सहि गलतलाई गलत भन्ने खराे ब्यक्ति हुन यस्ता नेता चाहिन्छ याे देशमा समाज मा राम्रो नेता हुन,amresh kumar singh,yt:Amresh Kumar Singh Sarlahi,comment
Jayi ghanti,amresh kumar singh,yt:Amresh Kumar Singh Sarlahi,comment
"How many times you want to win ? 
Janataa wakka bhaisake hola!",amresh kumar singh,yt:Amresh Kumar Singh Sarlahi,comment
जितको अग्रिम शुभकामना डा. अमरेश सर💐💐💐जय घण्टी✊🔔🔔🔔🙏,amresh kumar singh,yt:Amresh Kumar Singh Sarlahi,comment
Yesle 3/3 choti jitera k gareu ho takkle DR ?????,amresh kumar singh,yt:Amresh Kumar Singh Sarlahi,comment
"म पोखराबाट 
गगन भन्दा अमरेश राम्रो हुनुहुन्छ ।अब बालेन सरकार हुने भयर अमरेशले राम्रो बिकास गर्ने अबसर छ।",amresh kumar singh,yt:Amresh Kumar Singh Sarlahi,comment
Right,amresh kumar singh,yt:अमरेश कुमार सिंह,comment
good,amresh kumar singh,yt:अमरेश कुमार सिंह,comment
अमरेस जि एउटा कुरा अन्त जन्ताले ढुङा प्रयोग गर्छ तर मधेसमा भाला र तरबार  को प्रयोग हुन्छ तेसैले होला अनिअर्को कुरा तपाइलाइ पनि थाहा छ बिहारिलाइ नागरिकता दिनुको प्रतिफल हो यो?,amresh kumar singh,yt:अमरेश कुमार सिंह,comment
यो घटना घटाउने मधेसीका नेताकै हात छ जसमा तपाई नि पर्नु हुन्छ,amresh kumar singh,yt:अमरेश कुमार सिंह,comment
०६३ सालदेखी आजसम्म त्यही बोलेर राजनिती गर्नेले बोलेको सुहाएन है ।,amresh kumar singh,yt:अमरेश कुमार सिंह,comment
"अनुहार नमिलेर गाेली हानेकाे हाेइन, मधेशकाे अान्दाेलनमा अान्दाेलनकारीले प्रहरीलाइ भालाले  घाेच्न थाल्छ अनि के गर्नु । विगतमा मधेश अान्दाेलनमा भारतीय नागरिक प्रयाेग भएकाे हामीलाइ पनि थाहा छ ।",amresh kumar singh,yt:अमरेश कुमार सिंह,comment
मदेशीलाई मदेशी प्रधानमन्त्रीले किन गोली ठोक्यो होला? डा अम्रेश कुमार सिङ्हलाई प्रधानमन्त्री बनायो भने मदेशी माथी गोली चल्न बन्द हुन्छ कि?,amresh kumar singh,yt:अमरेश कुमार सिंह,comment
मधेस को आन्दोलन हुनु मा महेश नेता हरू कै हात छ एस मा कुनै सक छैन,amresh kumar singh,yt:अमरेश कुमार सिंह,comment
हिन्दू अधिराज्य पुनःस्थापना गरौं,amresh kumar singh,yt:अमरेश कुमार सिंह,comment
Jay ghanti 🔔🔔,amresh kumar singh,yt:Sarlahi 4 chunav,comment
good luck may the loyal one win,amresh kumar singh,yt:Sarlahi 4 chunav,comment
Jay Nepal ❤❤,amresh kumar singh,yt:Sarlahi 4 chunav,comment
Gagan Thapa ❤❤,amresh kumar singh,yt:Sarlahi 4 chunav,comment
अमरेश एक स्वच्छ छविका राम्रो नेता हुन्। भ्रष्टाचारको विरुद्धमा उनले धेरै राम्रो आवाज उठाएका छन्। अमरेशको जीत देशभक्त नेपालीको जीत हो।,amresh kumar singh,yt:Sarlahi 4 chunav,comment
gagan dai le desh lai thik bato hidaunu huncha,amresh kumar singh,yt:Sarlahi 4 chunav,comment
very good 😊,amresh kumar singh,yt:Sarlahi 4 chunav,comment
"Gagan is only contemporary leader who understands Nepal , has vision and courage to lead for prosperous Nepal",amresh kumar singh,yt:Sarlahi 4 chunav,comment
gagan thapa,amresh kumar singh,yt:Sarlahi 4 chunav,comment
हार्नु हुदैन थियो गगन थापाले तर आफ्नो चुनावी क्षेत्र छोडेर सर्लाहि जानु भनेको जित को सुनिश्च्ता छैन।,amresh kumar singh,yt:Sarlahi 4 chunav,comment
GAGAN lai subhakamana,amresh kumar singh,yt:Sarlahi 4 chunav,comment
Desh lutne naya kangress lai sath dinu huna anurodh chha.Thanks alot.,amresh kumar singh,yt:Sarlahi 4 chunav,comment
Jay Nepal🙏🏿🙏🏿🙏🏿🌹🌹🌹,amresh kumar singh,yt:Sarlahi 4 chunav,comment
good luck gagan dai,amresh kumar singh,yt:Sarlahi 4 chunav,comment
गगन थापा ले शानदार जित गर्दैछन् ।❤❤❤❤,amresh kumar singh,yt:Sarlahi 4 chunav,comment
Gagan thapa is great ❤❤,amresh kumar singh,yt:Sarlahi 4 chunav,comment
सहि,amresh kumar singh,yt:Sarlahi 4 chunav,comment
"गगन is गगन, फुटबल को पेले जस्तै हो 🙈🙈",amresh kumar singh,yt:Sarlahi 4 chunav,comment
"गगन जी पर्तिस्पर्धा  5:03 ठूला छन  कडा  मिहिनेत  गर्नुपर्ल्ला म पनि भगवान  सङग जितको लागि अनुरोध  गर्छु।

जय  श्री राधे",amresh kumar singh,yt:Sarlahi 4 chunav,comment
Sahi ho,amresh kumar singh,yt:Sarlahi 4 chunav,comment
Best of luck gagan thapa,amresh kumar singh,yt:Sarlahi 4 chunav,comment
Gagan is corrupted political leaders 👎,amresh kumar singh,yt:Sarlahi 4 chunav,comment
"NO HAGAN, ONLY AMRESH..",amresh kumar singh,yt:Sarlahi 4 chunav,comment
Good lucok gagan,amresh kumar singh,yt:Sarlahi 4 chunav,comment
हार्ने डर ले भागेको हो कांग्रेस को सभापति 😂😂,amresh kumar singh,yt:Sarlahi 4 chunav,comment
Ghanti❤❤,amresh kumar singh,yt:Sarlahi 4 chunav,comment
Gagan Thapa 👍👍,amresh kumar singh,yt:Sarlahi 4 chunav,comment
"कुनै पाटिले बहुमत लेउनु सक्दैना,अन्त मा गठबंधन गगन,रबि,बालेन को सरकार बन्ने छ,तेसैले गगन लाइ सबैको साथ चाहिन्छ,❤❤",amresh kumar singh,yt:Sarlahi 4 chunav,comment
गगन ❤,amresh kumar singh,yt:Sarlahi 4 chunav,comment
गगन को नेतृत्व मा काग्रेस पहिलो पार्टि हुन्छ,amresh kumar singh,yt:Sarlahi 4 chunav,comment
घन्टीमा मतदान गरौं। फागुन २१ बालेन सरकार निर्माण गरौं।,amresh kumar singh,yt:Sarlahi 4 chunav,comment
Harney dar le vageyako hola,amresh kumar singh,yt:Sarlahi 4 chunav,comment
Gagan lahi jitaunu parxcha,amresh kumar singh,yt:Sarlahi 4 chunav,comment
Gagan ❤❤❤❤❤❤,amresh kumar singh,yt:Sarlahi 4 chunav,comment
😂bhutro ni jitdeina,amresh kumar singh,yt:Sarlahi 4 chunav,comment
"Amrendra bahibali
Amresh singh",amresh kumar singh,yt:Sarlahi 4 chunav,comment
Gagan le jit huda ramro 🎉,amresh kumar singh,yt:Sarlahi 4 chunav,comment
0:38,amresh kumar singh,yt:Sarlahi 4 chunav,comment
"Gagan Jee  ra Congress ka aru Bhrastachari Neta ma k hi pharak chhaina,  ahileko abastha  bhaneko ""Naya Bottle ma Purano Raksi matra ho"".Tesaile, Gagan jee ahile harnu parchha ra harchhan pani, Jasale waha lai ""Bahira Basera"" aaphulai asal sabita garne absar dinchha. Yadi waha practiclly sachinu bhayo ra 5 barsma saphal bhumika khelnu bhayo bhane, tespachhi sambhawana dherai chhan, aaphulai sachyauna khojne manish lai Janata le abshya mauka dinchha, tara"" AHILE WAHA KO SAMAYA HOINA"".",amresh kumar singh,yt:Sarlahi 4 chunav,comment
gagan harxa sarlahi ma,amresh kumar singh,yt:Sarlahi 4 chunav,comment
Fatha aaja samma j bhayo sabhapati daju bhauju bhanda bharsthacha ani janta almalaune swanth bakhre ho yo . Naya lai praman xa bhandai pratisodh ko rajniti le kahi puraudaina janta batha xan . Jhole lash ra dash haru ko malik holau sacha nepali janta ko hoinau..,amresh kumar singh,yt:Sarlahi 4 chunav,comment
Harxa,amresh kumar singh,yt:Sarlahi 4 chunav,comment
सजिलो।,amresh kumar singh,yt:Sarlahi 4 chunav,comment
🐐,amresh kumar singh,yt:Sarlahi 4 chunav,comment
"पुराना ३  भ्रस्टचारी नेताहरु र यसका  दलहरु फेरि सत्तामा आउने कोशिश, फेरि देश लाई कंगाल देखि नर कंगाल बनाउने यीनीहरुको  सपना  साकार हुन्दैन ।   यसको झोलेहरु  र समर्थकहरुको पैसा कमाउने सपना साकार हुन्दैन । अब यी दलहरु को कार्यकर्ता हरु लाई आहवान , स्वतन्त्र उम्मेदवार भएर चुनवामा भाग लिनु; ३  भ्रस्टचारी नेताहरु को पछि नलाग्नु।",amresh kumar singh,yt:Sarlahi 4 chunav,comment
Amares Lai vot hami halne ho,amresh kumar singh,yt:Sarlahi 4 chunav,comment
", हार्न् लाई सर्लाही आएको हो",amresh kumar singh,yt:Sarlahi 4 chunav,comment
"7:21 , 7:37 , 8:11   , Left side KO Photo Shiv Pujan , Sudama KO Purwa Mukhiya Jastai Dekhi raxann tw
 



6:50 Dhankauli × , Dhankaul ✓ 😅",amresh kumar singh,yt:Sarlahi 4 chunav,comment
गगन यो पटक पत्तासाप ।,amresh kumar singh,yt:Sarlahi 4 chunav,comment
Rabi lai fasaune fata yehi ho. Yo kalo congress harnai parcha. Amresh jasto swocha chabi ko neta lai jitaunu parcha. Jay ghanti,amresh kumar singh,yt:Sarlahi 4 chunav,comment
GAGAN dai,amresh kumar singh,yt:Sarlahi 4 chunav,comment
🔔🔔 🔔🔔 🔔🔔 🔔🔔🔔 🔔🔔,amresh kumar singh,yt:Sarlahi 4 chunav,comment
सम्भव भए पहिलो पार्टी बनाउन र सरकार आफ्नो बनाएर डेलिभरी दिन नभए पनि प्रतिनिधिसभालाई प्रतिपक्षको हो र Wating Government का रुपमा हो भन्ने बनाउन पनि गगन अपरिहार्य छन ।,amresh kumar singh,yt:Sarlahi 4 chunav,comment
Ma chhetri n m.r.4 ko basi chhu amres kumar singh jitin chh❤❤❤,amresh kumar singh,yt:Sarlahi 4 chunav,comment
आफनै स्थानिय हीरा लाई दिन्छन् मधेश का साथीहरुले सर्लाहीमा भोट। सदनमा सशक्त ढंगले  एक्लै आवाज उठाएर भष्ट्रचारी को पानी पानी गर्ने नेता हुन अमरेस। वहाँको जीत निश्चित छ  किनकी वहाँ लाई भष्ट्रचारको  दाग लागेको छैन् तर उता  चर्चित बाख्रा अनुदान काण्ड,amresh kumar singh,yt:Sarlahi 4 chunav,comment
Gagan Thapa the great 👍,amresh kumar singh,yt:Sarlahi 4 chunav,comment
उदीयमान राष्टिय नेता बन्न खतरा  र  चुनाैती माेल्नै पर्छ । उहाँलाई  सम्मानजनक  जीतकाे शुभकामना  ।,amresh kumar singh,yt:Sarlahi 4 chunav,comment
"गगन दाइ प्रधानमन्त्री, रबि दाइ गृहममन्त्री, बालेन युवा तथा खेलकुदमन्त्री र कुलमान उर्जामन्त्री हुनुपर्छ । सबैले जित्नुपर्छ ।",amresh kumar singh,yt:Sarlahi 4 chunav,comment
Best of luck amresh k singh,amresh kumar singh,yt:Sarlahi 4 chunav,comment
हार्ने डरले कम्जोर प्रतिस्पर्धा भएको ठाउमा गएको होला नि।,amresh kumar singh,yt:Sarlahi 4 chunav,comment
"मधेसमा काँग्रेस बलियाे छ, मधेसकाे केन्द्र पनि सर्लाही नै हाे।",amresh kumar singh,yt:Sarlahi 4 chunav,comment
Bakhra😅😅,amresh kumar singh,yt:Sarlahi 4 chunav,comment
bhalu jasto manxele boleko manparena,amresh kumar singh,yt:Sarlahi 4 chunav,comment
"Gagan मान्छेलाई विश्वास नगर्नुहोस्। उसले दशकौँदेखि पार्टीमा रहेका उही पुराना अनुहारहरू सहित नयाँ समूह गठन गरेको छ। यो त केवल पद परिवर्तन मात्रै हो। उसले नयाँपनको नाममा प्रचार गरेर राजनीति खेल्दैछ।

३६ वर्षदेखि पुराना पार्टीहरूले हामीलाई धोका दिए—आर्थिक, राजनीतिक र सामाजिक रूपमा अत्यन्तै कमजोर बनाए।

हर हर बालेन, घर घर बालेन, अबकी बार बालेन सरकार!”",amresh kumar singh,yt:Sarlahi 4 chunav,comment
Fix harxa,amresh kumar singh,yt:Sarlahi 4 chunav,comment
Aru tyastai ho timi ramri,amresh kumar singh,yt:Sarlahi 4 chunav,comment
"गगनेले हार्नपर्छ  त्याेमान्छे फटा हाे
धेरैफटा र हावादारि कुरा गर्छ जनता लाई झुटाकुरा धेरैगर्छ  र
किर्तिपुरका जनता युवाहरुलाई
घर घर मा ल्यापटप काे झुटाकुरा 
रबिलाई ऋणलेकाे कागज देखाउ
भनि चिरकट्टाे खालिकागज देखाए काछन धेरैफटा छन गनगने",amresh kumar singh,yt:Sarlahi 4 chunav,comment
"Gagan should loose!! Only a new fruit from the same tree, from the same schooling. This time let’s support 🔔🔔 🔔🔔 🔔🔔 🔔🔔🔔 🔔🔔",amresh kumar singh,yt:Sarlahi 4 chunav,comment
Jay Nepal 🇳🇵,amresh kumar singh,yt:Sarlahi 4 chunav,comment
Gagan ko haisiyat madhesi le dekhaidiyo. Tri chandra ko saraswati puja ko gunda gardi hoina ni chunaw.,amresh kumar singh,yt:Sarlahi 4 chunav,comment
गगनले जित्नु हुन्छ निस्चित छ,amresh kumar singh,yt:Sarlahi 4 chunav,comment
बाख्रा चोरको जमानत जफत हुनुपर्छ।,amresh kumar singh,yt:Sarlahi 4 chunav,comment
propaganda failaune media,amresh kumar singh,yt:Sarlahi 4 chunav,comment
Gagan.le.galati.gare,amresh kumar singh,yt:Sarlahi 4 chunav,comment
wrong decision,amresh kumar singh,yt:Sarlahi 4 chunav,comment
भरस्टार मुक्त नेपाल घण्टी मा भाेट बालेन सरकार,amresh kumar singh,yt:Sarlahi 4 chunav,comment
"हार्छ लेखेर राख।
5 दलिय गठबन्धन लाई हराएको ब्यक्ति हुन अम्रेश।",amresh kumar singh,yt:Sarlahi 4 chunav,comment
Boycott ggn,amresh kumar singh,yt:Sarlahi 4 chunav,comment
Sahakari thag vandaa taaa GAGAN Thapa 100 Guna paripaak  ra perfect xan,amresh kumar singh,yt:Sarlahi 4 chunav,comment
Dhukkai Gagan le Jitxan,amresh kumar singh,yt:Sarlahi 4 chunav,comment
"रबि लाई फसाउने फटाहा गगन नै हो। घण्टी बजाएर अमरेश सिंह जस्तो स्वच्छ छविको नेतालाई जिताऔँ। देशैभरी घण्टी बजाऔँ, भ्रष्टाचारी र गुण्डा पाल्ने कालो कांग्रेस र गुमाले भगाऔँ।",amresh kumar singh,yt:Sarlahi 4 chunav,comment
Gagan Thapa❤,amresh kumar singh,yt:Sarlahi 4 chunav,comment
यो चोटी घन्टी मा भोट (vote) नहाल्ने लाई पशुपतिले रक्षा नगरुन् 🙏🙏🙏🙏🔔🔔,amresh kumar singh,yt:Sarlahi 4 chunav,comment
Amresh singh is a good candidate ❤,amresh kumar singh,yt:Sarlahi 4 chunav,comment
बालेन र रवि एकपटक सर्लाहि पुग्नु पर्ने जरूरी छ ।,amresh kumar singh,yt:Sarlahi 4 chunav,comment
जय घण्टी 🔔🔔🔔🔔🔔जय रास्वपा।,amresh kumar singh,yt:Sarlahi 4 chunav,comment
Ek choti balen ra rabi dubai jana aaunu paryo❤❤❤,amresh kumar singh,yt:Sarlahi 4 chunav,comment
Vote for ghanti,amresh kumar singh,yt:Sarlahi 4 chunav,comment
Good luck Ghanti. Jai Raspa 🔔🔔🔔🔔🔔🔔🔔🔔🔔🔔🔔🔔,amresh kumar singh,yt:Sarlahi 4 chunav,comment
गगन काे पत्तासाप हुने छ भने अमेर सिङ भयानक जितकाे शुभकामना🎉अनि देश भरि रास्वापा देशकाे ठुलाे दल प्रधानमन्त्री बालेन शिक्षा मन्त्री महाविर तर हामिले जनता भदौ 23/24 गते सम्झिन पर्छ🙏🇳🇵,amresh kumar singh,yt:Sarlahi 4 chunav,comment
घण्टि 🔔🔔🔔🔔,amresh kumar singh,yt:Sarlahi 4 chunav,comment
सर्लाहीबाट हाल सम्म टुरिष्ट उम्मेदबारले  जितेको ईतिहास छैन। स्थानीय उम्मेदबार ले नै जित्छ ढुक्क हुनुस।😀😀😀😀😀,amresh kumar singh,yt:Sarlahi 4 chunav,comment
Jaya ghanti ❤❤❤,amresh kumar singh,yt:Sarlahi 4 chunav,comment
अमरेश,amresh kumar singh,yt:Sarlahi 4 chunav,comment
Jay ghanti 🔔🔔🔔🔔,amresh kumar singh,yt:Sarlahi 4 chunav,comment
Jai ghanti 🎉,amresh kumar singh,yt:Sarlahi 4 chunav,comment
राम्रो कडा  हुनुपर्छ,amresh kumar singh,yt:Sarlahi 4 chunav,comment
गगन लाई जसरी हराउनु प्रछ,amresh kumar singh,yt:Sarlahi 4 chunav,comment
अब सबै मिडियाले सबैले जताकतैले त्यही कांग्रेसकै सरलैको मात्र कुरा गर्ने हो कि अरुको पनि कुरा गर्ने हो अरुको अरु उता छैनन्,amresh kumar singh,yt:Sarlahi 4 chunav,comment
Jay ghanti 🙏🔔🙏,amresh kumar singh,yt:Sarlahi 4 chunav,comment
Good luck 🔔 ❤❤❤,amresh kumar singh,yt:Sarlahi 4 chunav,comment
रोसन सर म काठमाडौं मा छु हजुर संग भेट्नु पर्ने,amresh kumar singh,yt:Sarlahi 4 chunav,comment
के बोल्या पुत्र कार भाइ,amresh kumar singh,yt:Sarlahi 4 chunav,comment
पहिले नै रविले भनेका थिए आफुले खनेको खाल्टोमा आफै पुरिन्छौ आफै पुरिन्छ बाख्रा चोर !एस्ले चुनाव जित्यो भने नेपाल झन झन गन्जागोल हुनेछ !,amresh kumar singh,yt:Sarlahi 4 chunav,comment
"No gagan❌
Only amresh✅🇳🇵🔔🔔🔔",amresh kumar singh,yt:Sarlahi 4 chunav,comment
"आत्माकाे दाह हुदैन दाहा त शरिरकाे हुन्छ आत्मा आफैमा अमर,अभिनाशी छ",amresh kumar singh,yt:Sarlahi 4 chunav,comment
"Ma pani Sarlahi 4  bata ho 
Mero Whole family ko support Gagan thapa lai🎉",amresh kumar singh,yt:Sarlahi 4 chunav,comment
जुन नेतालाई  भए पनि अग्रिम हार्दिक श्रद्धाञ्जली,amresh kumar singh,yt:Sarlahi 4 chunav,comment
🔔🔔💯,amresh kumar singh,yt:Sarlahi 4 chunav,comment
Jaighnti,amresh kumar singh,yt:Sarlahi 4 chunav,comment
भोट घण्टी tinini बजाउने हो🎉🎉,amresh kumar singh,yt:Sarlahi 4 chunav,comment
"Ek patak socha, rabi ko case firta lina manena adalat le aba rabi jitepani samsad huna paudaina, balen harne sambhawana dherai chha, Rabi swoyam balen sanga asantustha chha, RSP le balen ko birudhha antarghat garna pani sakchha,
Aba Gagan ra Swornim milera sarkar banaune ho, swornim manish jha sabaile gagan lai neta manchhan bahira j dekhayepani shere ko karan congress bata gako hun pad napayera.",amresh kumar singh,yt:Sarlahi 4 chunav,comment
🙏🕉️🇳🇵🔔,amresh kumar singh,yt:Sarlahi 4 chunav,comment
अब एउटा भिदियो चित्र बहादुर केसि अनि मोहन बिक्रम सिहको बारेमा बनाउनु न पिलिज,amresh kumar singh,yt:Sarlahi 4 chunav,comment
Voth for tree ❤❤,amresh kumar singh,yt:Sarlahi 4 chunav,comment
Vote kewal ghantima hunxa,amresh kumar singh,yt:Sarlahi 4 chunav,comment
गगनलाई सर्लाही सहज छैन। गगनका भावी  योजनाहरु घोषणा हेर्दा हास्यास्पद र मिथ्या छन। अमरेस कुमारको दाँजोमा धेरै फितलो छ।,amresh kumar singh,yt:Sarlahi 4 chunav,comment
"रोशन  जी , अनुरोध ! अहिले बजार मा खाना पकाउने ग्यास को हाहाकार  छ , पाउन सकिएको  छैन , यो बिषय मा  video बनाउनुस  है, के  हि समाधान हुन्छ कि !!",amresh kumar singh,yt:Sarlahi 4 chunav,comment
"Gagan thapa saag ho, ravi lamichane baagha ho  ❤ 🔔",amresh kumar singh,yt:Sarlahi 4 chunav,comment
Good luck Amresh Sir Jay Ghanti,amresh kumar singh,yt:Sarlahi 4 chunav,comment
Jay.ghanti.ravi.balen,amresh kumar singh,yt:Sarlahi 4 chunav,comment
🔔🔔🔔🔔🙏🙏🙏✅✅✅,amresh kumar singh,yt:Sarlahi 4 chunav,comment
🔔🔔🔔🔔🔔🔔🔔🔔🇳🇵🇳🇵🇳🇵🇳🇵🇳🇵,amresh kumar singh,yt:Sarlahi 4 chunav,comment
Good luck RSP,amresh kumar singh,yt:Sarlahi 4 chunav,comment
"सहकारी ठगीकाे प्रमाण देखाउन सके गगनकाे जित निश्चित छ, नत्र धेरै कठिन छ ।",amresh kumar singh,yt:Sarlahi 4 chunav,comment
Hami feri jitauxam  ghanti tanahun bata,amresh kumar singh,yt:Sarlahi 4 chunav,comment
"बाख्रा चोर गनगने पत्ताशाफ पारौ है सर्लाही जन्ता हरू ❌
Only रास्वपा घन्टि को जीत शूनस्चीत छ ✅ 
Only अमरेश कूमार शीहं ✅🔔🔔🔔✊",amresh kumar singh,yt:Sarlahi 4 chunav,comment
Sarlahi -4 plz vote for ghanti,amresh kumar singh,yt:Sarlahi 4 chunav,comment
100% jit  pakka rsp ko hunchha jaya ho ghanti 🔔🔔🔔🔔🔔🔔,amresh kumar singh,yt:Sarlahi 4 chunav,comment
"जनता अनुसारको नेताले जित्छन् । नैतिक विहिन समाजमा भ्रष्ट नेतालाई जिताउछन् । अब देशमा परिवर्तन आवश्यक छ । रबिले कानुनी रुपमा गलत काम गरेका छन् वा छैनन् भन्ने मद्दाको टङ्गो अबको बन्ने सरकारले लाओस्। र सहकारीको यस्ता सबै मुद्दाहरु पनि टुङ्गो लागाउनु पर्छ । तर रविको मुद्दालाई मात्र लिएर पुरै राष्ट्रिय स्वतन्त्र पार्टीलाई नराम्रो र पुरानै पार्टीहरु सरह हुन् भन्न कदापि मिल्दैन । रास्वपाका धेरै जसो उम्मेदवारहरु शिक्षित, युवा, अभियान्ता र बिज्ञता प्राप्त गरेकाहरु छन् । यिनीहरुलाई मौका दिनुपर्छ र यिनीहरुको तरिका र काम देख्न  बाँकी नै छ । त्यसको लागि त जिताउनु पर्यो । मौका नै नदिई असफल घोषणा गर्नु चरम मुर्खता हो । तर पुराना पार्टीहरु देश बिकास गर्न र भष्टचार रोक्न असफल भइसके भन्ने कुरामा कुनै दई मत छैन ।

""एक युगमा एक दिन एकचोटि आउछ""

फाल्गुन २१ त्यहि दिन हुनसक्छ।",amresh kumar singh,yt:Sarlahi 4 chunav,comment
बालेन र रबी चुनाब भन्द पहिल एटक चोटि सर्लाही गएर आमसभा गर्नुपर्छ जनात भेट घाट पनि गर्नु एकदम जरूरी छ गगन फटह गफडी लाई चुनाब हराउनु पर्छ। जय घन्टी ❤❤❤❤❤हामी लाई अमरसिंह जस्तो नेता चहिन्छ ❤❤😂,amresh kumar singh,yt:Sarlahi 4 chunav,comment
"अहिले हेरनू परने 'GenZ हत्यारा लाई फांसी चुनाव अघी की चुनाव पछी' थीयो.
तर अफसोस - हत्यारा संग मिलेर GenZ सरकार भन्ने की यिनकै version 2 सरकार ले यिनलाई चुनाव लढं भनयो.",amresh kumar singh,yt:Sarlahi 4 chunav,comment
इ सबै अवसर बादी हुन इनि हरुको मन सफा छैन इनि हरु पनि लुटुवा नै हुन बानी केही परिवर्तन छैन,amresh kumar singh,yt:Sarlahi 4 chunav,comment
Amaresh kumar singh ghanti jindawad jay nepal…,amresh kumar singh,yt:Sarlahi 4 chunav,comment
"To promote democracy please never committed to sucide. In election one candidate wins and the rest should be ready to accept the result and respect the verdict of the people. As I have heard about Mr Amaresh singh is very good candidate but some time result does not come as we expect. So be dedicated to the democracy, be dedicated to the people.",amresh kumar singh,yt:Sarlahi 4 chunav,comment
गगनेलसइ।   सबैतिरबाट।   हराउनु।,amresh kumar singh,yt:Sarlahi 4 chunav,comment
अमेससिक      जय    घन्टी,amresh kumar singh,yt:Amresh Singh Gagan Thapa,comment
अम्रेश जय घण्टी 🌹🙏🔔,amresh kumar singh,yt:Amresh Singh Gagan Thapa,comment
जय घण्टी अमरेश कुमार सिंह जिन्दावाद,amresh kumar singh,yt:Amresh Singh Gagan Thapa,comment
तपाईंको बिस्लेसणमा खासै दम देखिएन।,amresh kumar singh,yt:Amresh Singh Gagan Thapa,comment
गगनथापा  सभाना बाेकेका नेता हुन,amresh kumar singh,yt:Amresh Singh Gagan Thapa,comment
गगन दाई ले जित्नु पर्दछ जय नेपाल ❤🎉❤🎉🎉🎉🎉🎉🎉🎉,amresh kumar singh,yt:Amresh Singh Gagan Thapa,comment
Gagan is best leader of nepali congress he elected to this election,amresh kumar singh,yt:Amresh Singh Gagan Thapa,comment
Jaya अमरेश gi,amresh kumar singh,yt:Amresh Singh Gagan Thapa,comment
Jaya ghanti Jaya rabi ❤️,amresh kumar singh,yt:Amresh Singh Gagan Thapa,comment
जय घन्टि❤❤❤ जय अमरेश कुमार❤❤❤❤❤❤❤❤❤,amresh kumar singh,yt:Amresh Singh Gagan Thapa,comment
Gagan Thapako jeet sunishchi chha❤,amresh kumar singh,yt:Amresh Singh Gagan Thapa,comment
गगन को आवश्यकता  छ देश लाइ अहिले को परिस्थितिमा  ।,amresh kumar singh,yt:Amresh Singh Gagan Thapa,comment
"गगन जी ले हार्ने भए ,,तैट...",amresh kumar singh,yt:Amresh Singh Gagan Thapa,comment
gagan is best ledar👏👏👏,amresh kumar singh,yt:Amresh Singh Gagan Thapa,comment
गगनलाई आफ्नै पार्टीका आधा मान्छे ले भोट हाल्दैनन् ।,amresh kumar singh,yt:Amresh Singh Gagan Thapa,comment
🇳🇵🔔🔔🔔,amresh kumar singh,yt:Amresh Singh Gagan Thapa,comment
अमरेश को पकद भयेको ठाउ हो गगने क हार निस्चित छ ।,amresh kumar singh,yt:Amresh Singh Gagan Thapa,comment
"गनगने सकियाे अब यसकाे गफ बिक्नेवाला छैन अब,",amresh kumar singh,yt:Amresh Singh Gagan Thapa,comment
अमरेश ले सिधै जित्छ,amresh kumar singh,yt:Amresh Singh Gagan Thapa,comment
गयो बाख्रो 😂😂,amresh kumar singh,yt:Amresh Singh Gagan Thapa,comment
काठमाडौं ४ बाट उठेको भएपनि जित्थ्यो होला नि गगनजीले😢😢,amresh kumar singh,yt:Amresh Singh Gagan Thapa,comment
देश लाई बिकास को बाटो तिर लाने र भ्रष्टाचार मुक्त देश बनाउने हो भने  पुराना राजनिती पाटिलाई भोट् दिनु हुदैन । पुराना लाई हामी धेरै पटक हेरौ केही भए मात्र भ्रष्टाचार मौलायो देश भ्रष्टाचार चुर्लुम्म डुबाए यिनै पुराना राजनीति पाटिले अब हामिले सोच बदलौ भोट् बदलौ नया  लाई एक फेर मतदान हेरौ अमरेश कुमार सिंह लाई आफ्नो महत दिएर अत्यधिक बहुमत ले बियए गरौ,amresh kumar singh,yt:Amresh Singh Gagan Thapa,comment
future pm of nepal gagan thapa,amresh kumar singh,yt:Amresh Singh Gagan Thapa,comment
Only gagan,amresh kumar singh,yt:Amresh Singh Gagan Thapa,comment
"बिचरा गगन बिजोग हुने भो, त्यति बेला कति वटा पार्टी मिलेर लडेको हो अमरेश कुमार सिंह सित त्यो पनि भन्नु",amresh kumar singh,yt:Amresh Singh Gagan Thapa,comment
गगन कुमार थापाको जित निश्चित छ❤❤❤,amresh kumar singh,yt:Amresh Singh Gagan Thapa,comment
गगन थापाको जित हुन पर्छ 🎉,amresh kumar singh,yt:Amresh Singh Gagan Thapa,comment
गगन ले डबल मतान्तरले जिट्छन। नो डाउड भोट 🌳,amresh kumar singh,yt:Amresh Singh Gagan Thapa,comment
Gagan thapale jitnuparxa gagan thapa harnu vaneko desh harnu ho,amresh kumar singh,yt:Amresh Singh Gagan Thapa,comment
अमरेस कुमार सिंह पछाडि बसेर ताली पिट्ने तर गगन थापा सरकार चलाउँछन् । याे बलियाे आधार हाे ।,amresh kumar singh,yt:Amresh Singh Gagan Thapa,comment
अमरेश चुनाव नहुदा नै आत्महत्या गर्छु रे  बौलाहा भएर हिड्ने भएछ त्यसको मतलब गगनको जित 100% हो💪,amresh kumar singh,yt:Amresh Singh Gagan Thapa,comment
Gagan 100% jitxan ❤,amresh kumar singh,yt:Amresh Singh Gagan Thapa,comment
गगन थापा,amresh kumar singh,yt:Amresh Singh Gagan Thapa,comment
मधेसीलाई  ठग्न  आएको हो,amresh kumar singh,yt:Amresh Singh Gagan Thapa,comment
no doubt GAGAN,amresh kumar singh,yt:Amresh Singh Gagan Thapa,comment
गगन 100% हार्छन लेखेर राख्नुस,amresh kumar singh,yt:Amresh Singh Gagan Thapa,comment
गगन थापालाई  जिताऔ,amresh kumar singh,yt:Amresh Singh Gagan Thapa,comment
जित्ने गगन ले नै हो घन्टी कोमामा जान्छ अनि यो अमरेश ले आत्मदाह गर्छ,amresh kumar singh,yt:Amresh Singh Gagan Thapa,comment
Gagan dai❤,amresh kumar singh,yt:Amresh Singh Gagan Thapa,comment
Gagan thapa le jitnu parx aabsek pani ho,amresh kumar singh,yt:Amresh Singh Gagan Thapa,comment
कांग्रेस एमालेकै सभापति दुबैकाे लज्जास्पद हार ईतिहासले देख्ने भाे😢😢,amresh kumar singh,yt:Amresh Singh Gagan Thapa,comment
१०० प्रतिशत घन्टीले जित्छ।,amresh kumar singh,yt:Amresh Singh Gagan Thapa,comment
हार्नुपर्छ अब,amresh kumar singh,yt:Amresh Singh Gagan Thapa,comment
Dhukk le gagn le jitxan 100%,amresh kumar singh,yt:Amresh Singh Gagan Thapa,comment
अब गगन पनि ठेगान लागेछ । पार्टीको सभापति भएर के गर्नु ।😂😂,amresh kumar singh,yt:Amresh Singh Gagan Thapa,comment
GAGAN is best,amresh kumar singh,yt:Amresh Singh Gagan Thapa,comment
गगनले जित्नुपर्ने हो !,amresh kumar singh,yt:Amresh Singh Gagan Thapa,comment
Gagan ki jai ho,amresh kumar singh,yt:Amresh Singh Gagan Thapa,comment
गगन 100% हार्छन लेखेर राख्नुस। काठमाडौंमा हार्नी डरले मधेस झरेकोलाई के मधेसका शिक्षित जनताले vote देलान त। जय अम्रेश जय घण्टी 🔔🔔🔔,amresh kumar singh,yt:Amresh Singh Gagan Thapa,comment
नेपाली काँग्रेस जिन्दावाद,amresh kumar singh,yt:Amresh Singh Gagan Thapa,comment
गगन 🎉🎉🎉,amresh kumar singh,yt:Amresh Singh Gagan Thapa,comment
"गगनथापाले सन्सदमा बिनाप्रमाण 
सहकारीठगी काेप्रमाण मसितछ कहाँपेष गरूँ,भनेकाे बिषय गगनकाे 
कमजाेरीकाे पाटाे देखिदैनर,  ?",amresh kumar singh,yt:Amresh Singh Gagan Thapa,comment
Gagan ji le jitnu hunx,amresh kumar singh,yt:Amresh Singh Gagan Thapa,comment
गगनले जित्न हुन्छ,amresh kumar singh,yt:Amresh Singh Gagan Thapa,comment
Gagan le jitne 99% probability xa,amresh kumar singh,yt:Amresh Singh Gagan Thapa,comment
अमरेश सर्लाही ४ बाट उठ्ने थाहा पएको भए गगन त्याहा जाने थिएन सुरक्षित ठाउँ खोज्दै त्याहा पुगेको हो,amresh kumar singh,yt:Amresh Singh Gagan Thapa,comment
अमरेश कुमारको जितपक्काछ,amresh kumar singh,yt:Amresh Singh Gagan Thapa,comment
विश्लेषण दमदार भएन अलि🙏,amresh kumar singh,yt:Amresh Singh Gagan Thapa,comment
"झापा ५, सर्लाही ४ र रुकुम पश्चिम ले प्रधानमन्त्री चुन्दैछ बिचार गरेर भोट गर्नु हुन अनुरोध छ।",amresh kumar singh,yt:Amresh Singh Gagan Thapa,comment
Gagna hi,amresh kumar singh,yt:Amresh Singh Gagan Thapa,comment
Gagan le jitnai parxa nepali jantako lagi ani Balen le pani,amresh kumar singh,yt:Amresh Singh Gagan Thapa,comment
"जनताको आवाज ससक्त रुपमा ससदमा बोल्न सक्ने डा अम्रेश सरलाइ बहुमतले बिजय गराउ सर्लाही बासी आमाबुबा दाजुभाइ,दिदिबहिनी ।जय घण्टी जय रास्ट्र।",amresh kumar singh,yt:Amresh Singh Gagan Thapa,comment
"हर्क साम्पाङ परम्परागत दलगत राजनीतिलाई चुनौती दिने “परफर्मेन्स–आधारित नेतृत्व” को प्रतीक हुन्। धरानमा देखिएको उनका काम—खानेपानी व्यवस्थापन, श्रम–संस्कृति पुनर्स्थापना र प्रत्यक्ष जवाफदेहिता—ले देखाउँछ कि नेतृत्व भाषणले होइन, नतिजाले मापन हुन्छ। उनी सत्ता होइन, सेवा केन्द्रित राजनीति अभ्यास गर्ने दुर्लभ स्थानीय नेतृत्वका उदाहरण हुन्।",amresh kumar singh,yt:Amresh Singh Gagan Thapa,comment
गगन हार्नुपर्दछ,amresh kumar singh,yt:Amresh Singh Gagan Thapa,comment
Amresh singh sanga ladnu vaneko gagan garnu ho sadan ma boleko words haru best xa  am4esh singh ko,amresh kumar singh,yt:Amresh Singh Gagan Thapa,comment
"Yo amresh fatah ho, esle harcha RSP lai pani dubaucha",amresh kumar singh,yt:Amresh Singh Gagan Thapa,comment
अहिले को पत्रकार हरु सबै घन्टि को गुणगाण गाउने र जसरि हुन्छ घन्टि लाइ जिताउने अरु पार्टी लाइ हराउने अभियान मा छ्न ।,amresh kumar singh,yt:Amresh Singh Gagan Thapa,comment
गगन,amresh kumar singh,yt:Amresh Singh Gagan Thapa,comment
"संबिधान देश भन्दा माथि होइन,परिस्थितीको माग अनुसार संबिधान अदल-बदल हुनछननै । संबिधानले देशनै अदलबदल गर्ने हैसियत र अख्तियारी कुनै हालतमा राख्दैन । हाम्रोमा अहिले एकथरीले देश होइन संबिधान ठुलो हुन्छ झै गरी स्वार्थबश निरर्थक भाडभैलो मच्चाउदै छन जो सर्वथा खतरनाक साजिस हो ।  यो संबिधानलाई जीऊका-तीऊ राखि हुने निर्वाचनले अस्थीरता निम्त्याउन मात्र सघाऊ पुर्याउने छ । देशको सुनिश्चित भबिस्यको लागि राजसंस्था सहितको प्रजातन्त्र अनिवार्य छ, यहिनै समय र पवित्र माटोको माग हो ।",amresh kumar singh,yt:Amresh Singh Gagan Thapa,comment
"Yo party change gari hidne Omllte Kumar ko ke kura garnu,,,,,",amresh kumar singh,yt:Amresh Singh Gagan Thapa,comment
नर्क बाहेक जहाँ गयपनी बाख्राचोर को खैरियत छैन नर्क बाहेक।,amresh kumar singh,yt:Amresh Singh Gagan Thapa,comment
Khel ekdum farak chha yaha. Gagan tesai tyaha gayeka hoinan. Dherai bichaar garera tya gayeka hun. Gagan le jitchhan,amresh kumar singh,yt:Amresh Singh Gagan Thapa,comment
Gagan,amresh kumar singh,yt:Amresh Singh Gagan Thapa,comment
"गगन थापा लाई जिताउनु अतिआबस्यक छ उनि प्राधानमन्त्री भय भने भैहाले नभय प्रतिपक्ष यक्दमै खाचो छ प्रतीक्ष दर्हो भयो भने जन्ता को कुरा प्रति निधिसभा मा राख्ने हो र उनलाई जिताउन अति खाचो छ अमलेस चाहि पल्टुराम र अब्सर्बादि हुन उनि पहिला काङ्रेस,पछि स्योतन्त्र अहिले रास्वोपा पछि कुन मा पल्टुराम हुने हुन थाहा छैन उनले सधै जितेर के गरे त्यो पनि त हेर्नु पर्छनि मेरो बिचार मा म चाहि हर्क को समर्थन गर्ने ब्यक्ति हु त्यो गर्दा देस र जन्ता को हित होला ।",amresh kumar singh,yt:Amresh Singh Gagan Thapa,comment
ए पत्रुसकार यो भन्दा अगाडीको चुनावको आकलन गर मत शर्वेक्षण हेर गठबन्धन अपरेश एक्लै अनि रास्वपा को मत अनि  अनुमान लगाऊ ।,amresh kumar singh,yt:Amresh Singh Gagan Thapa,comment
गगनले जित्नुपर्छ।,amresh kumar singh,yt:Amresh Singh Gagan Thapa,comment
अब हामी नेपाली हरु सचे भयकाछाै सबैले घन्टि राेजेका छाै नेपाल भरिकाे जनताकाे मनमा पुराना नेता बाट अगाई सकेका छाै,amresh kumar singh,yt:Amresh Singh Gagan Thapa,comment
"प्राे. काँग्रेस प्रस्तुती, अमरेश कुमार सींहलाइ अलि कम्जाेर देखाउने प्रयास ।",amresh kumar singh,yt:Amresh Singh Gagan Thapa,comment
टक्ले काङ्ग्रेस  को मत पायर काङ्ग्रेस लाई नै गाली गर्छ अब हेर्दै जानू सबै चुनाव ले बताउ छ,amresh kumar singh,yt:Amresh Singh Gagan Thapa,comment
जयेघँनटि 🔔🔔🔔🔔🔔🔔 जये रबि जये देस जय होस धन्यवाद छ 🇳🇵🇳🇵🔔🇳🇵🔔🇳🇵 नेपालि जनताको सपोटछ रबि जये देस जय होस 👍🥰🥰👍👍👍👍,amresh kumar singh,yt:Amresh Singh Gagan Thapa,comment
"जनताले मूल्याङ्कन त पक्कै गरेका हाेलान ! रविलाई बिना प्रमाण फसाउने प्रमुख खलपात्र हाे मटनकाजी थापा, ल्याप्टपे भाषण पनि त जनताले बिर्सेका नहाेलान् नि !? २०अाैँ बर्षदेखि राजनीति गरेर के चैँ उल्लेख्य काम गराे मटनेले ??",amresh kumar singh,yt:Amresh Singh Gagan Thapa,comment
गगनले जित्छन,amresh kumar singh,yt:Amresh Singh Gagan Thapa,comment
very good,amresh kumar singh,yt:Amresh Singh Gagan Thapa,comment
गगनले राम्रो मान्छेको लागि यस्पाली मात्र होइन पहिले पनि स्वर्णिम वाग्लेको लागि छोड्छु भन्ने मान्छे हो आफू जोखिम मोलेर युवाहरूलाई ठाउ दिने माहान ब्याक्ती हो,amresh kumar singh,yt:Amresh Singh Gagan Thapa,comment
🙏🔔🙏,amresh kumar singh,yt:Amresh Singh Gagan Thapa,comment
Gagan le jitne chance dekhinchha..,amresh kumar singh,yt:Amresh Singh Gagan Thapa,comment
Gagan ji suvakamana 🙏🙏❤️❤️,amresh kumar singh,yt:Amresh Singh Gagan Thapa,comment
तुलना हुदैन,amresh kumar singh,yt:Amresh Singh Gagan Thapa,comment
कस्ले जित्छ चुनाव?,amresh kumar singh,yt:Amresh Singh Gagan Thapa,comment
Jata Gagan uta lagan,amresh kumar singh,yt:Amresh Singh Gagan Thapa,comment
ठूलो नेता आय भनेर भोट दिदैनन बरु आफ्नै नेताको बेइज्जत गरेर उसको भाग खायर निस्केको पापी भनेर भोट हाल्दैनन।,amresh kumar singh,yt:Amresh Singh Gagan Thapa,comment
Birganj ko janatalai Krishna pr. Bhattarai le ke garyo ?,amresh kumar singh,yt:Amresh Singh Gagan Thapa,comment
Ok🌿🌿🌿🌿🌿,amresh kumar singh,yt:Amresh Singh Gagan Thapa,comment
Vagi-vagi jitera Pradhan mantri vako tick hudai. Kathmandu 4 ma nai ladnu parcha Gagan le.,amresh kumar singh,yt:Amresh Singh Gagan Thapa,comment
समाचार वाचन लामो भयो,amresh kumar singh,yt:Amresh Singh Gagan Thapa,comment
"🕉️ संविधानभन्दा माथि संस्कृति
सत्ताभन्दा माथि राष्ट्र
भोट हलोमा 👉️
राप्रपा हाम्रो स्वाभिमान !
#VotForHalo #RPP",amresh kumar singh,yt:Amresh Singh Gagan Thapa,comment
पटकपटकजितायरअसफललाईफेरिकिनजिताउनेतपाईलाईदेसकोचिन्ताछैनर,amresh kumar singh,yt:Amresh Singh Gagan Thapa,comment
Amresh ✊🔔,amresh kumar singh,yt:Amresh Singh Gagan Thapa,comment
Amresh,amresh kumar singh,yt:Amresh Singh Gagan Thapa,comment
GAGAN sarkar,amresh kumar singh,yt:Amresh Singh Gagan Thapa,comment
Amresh la jitnu praxa,amresh kumar singh,yt:Amresh Singh Gagan Thapa,comment
😂😂😂😂,amresh kumar singh,yt:Amresh Singh Gagan Thapa,comment
5000 को अन्तर ले अम्रेस कुमार को जीत हुन्छ पक्का,amresh kumar singh,yt:Amresh Singh Gagan Thapa,comment
बालेन र गगन आठ लाई मानु पर्छ,amresh kumar singh,yt:Amresh Singh Gagan Thapa,comment
गगनको राजनीतिक हैसियत बाट जनता प्रष्ट छन् सर्लाही चारको जनताले राम्रोसँग बुझेर मात्र मत जाहेर गर्नु पर्दछ,amresh kumar singh,yt:Amresh Singh Gagan Thapa,comment
घण्टी,amresh kumar singh,yt:Amresh Singh Gagan Thapa,comment
"Party president le out of 165 seat, safe seat nai rojxa ni, comment herda aajit lagxa gagan jitne confirm navai sarlai jarxan? Gagan 101percent jitxan",amresh kumar singh,yt:Amresh Singh Gagan Thapa,comment
Rabi Lamichhanele Shrimati Fere Jhai Amaresh Kumar Single Ja La Ne University KO Rawko Prastab Congress Rahul Khan KO Paramadeshama Swatantrata Chhodera Rabi Lamichhanele DSA Banne Kamara Taukoma Kapa Kase,amresh kumar singh,yt:Amresh Singh Gagan Thapa,comment
Madhesh ma paisale voters kinna painxa taraKathmandu ma mildaina 100% sahi. Aafai bujhnus..,amresh kumar singh,yt:Amresh Singh Gagan Thapa,comment
🔔🔔🔔✅,amresh kumar singh,yt:Amresh Singh Gagan Thapa,comment
Jhalnath.khanal.jastai.sarlahi.chhodera.bhhaknu.naparos.gagan.thapa,amresh kumar singh,yt:Amresh Singh Gagan Thapa,comment
Jay hoss jay ghanti 🔔🙏,amresh kumar singh,yt:Amresh Kumar Singh RSP,comment
100% जित निस्चित छ जय घन्टी।,amresh kumar singh,yt:Amresh Kumar Singh RSP,comment
"चुनाब नोमिनेसन ko दिन 50% जस्तो खुस्किएको लागेको थियो , दुख लाग्यो अहिले त १००% नै पुगेछ। सरि अमरेश जी।",amresh kumar singh,yt:Amresh Kumar Singh RSP,comment
🙏🙏🙏🇳🇵🇳🇵🇳🇵🔔🔔🔔🔔🔔🙏🙏🙏,amresh kumar singh,yt:Amresh Kumar Singh RSP,comment
जित हुन्छ र हुनुपर्छ,amresh kumar singh,yt:Amresh Kumar Singh RSP,comment
Jay Rabi Lmlchhane and ghanti,amresh kumar singh,yt:Amresh Kumar Singh RSP,comment
Jiti saknu bayo,amresh kumar singh,yt:Amresh Kumar Singh RSP,comment
Good 👍 amres,amresh kumar singh,yt:Amresh Kumar Singh RSP,comment
Jaya ganti 🛎️🛎️🛎️🛎️,amresh kumar singh,yt:Amresh Kumar Singh RSP,comment
25 seat tapaiko yeah...thik chha,amresh kumar singh,yt:Amresh Kumar Singh RSP,comment
डा अम्रेशकुमार सिं  जय घण्टी,amresh kumar singh,yt:Amresh Kumar Singh RSP,comment
त्यहाँ अम्रेसलाई जिताए राम्राे हुन्छ,amresh kumar singh,yt:Amresh Kumar Singh RSP,comment
Vi tw pane fata parte ko jhole ho,amresh kumar singh,yt:Amresh Kumar Singh RSP,comment
रूखमा भोट,amresh kumar singh,yt:Amresh Kumar Singh RSP,comment
😂😂 his line  next level,amresh kumar singh,yt:Amresh Kumar Singh RSP,comment
एक असल अनि निडर नेता जो सत्य बाहेक अरु जानेकै छैन 👍🙏,amresh kumar singh,yt:Amresh Kumar Singh RSP,comment
We needed him in Parliament and we got him ❤,amresh kumar singh,yt:Amresh Kumar Singh RSP,comment
he is literaly fearless and perfect true minister for country,amresh kumar singh,yt:Amresh Kumar Singh RSP,comment
He is one of the finest gem 💎 of neplese politics salute 🔥,amresh kumar singh,yt:Amresh Kumar Singh RSP,comment
Madhesh ko sachha neta so proud of you sir ❤🙏,amresh kumar singh,yt:Amresh Kumar Singh RSP,comment
Bro is himself total opposition 😂😂😂😂😂,amresh kumar singh,yt:Amresh Kumar Singh RSP,comment
imagine he being sabhamukh now,amresh kumar singh,yt:Amresh Kumar Singh RSP,comment
He is extraordinarily player in politics!!! The bold and perfection one!!!,amresh kumar singh,yt:Amresh Kumar Singh RSP,comment
"Dr Amresh Singh, holds a PhD in international relations from Jawaharlal Nehru University. Before entering full-time politics, he taught as a professor at Amrit Science Campus. He was a board member of Gorkhapatra in 1997. His experience spans academic research, political strategy, and policy advisory roles.",amresh kumar singh,yt:Amresh Kumar Singh RSP,comment
This is not THUG life .. This is REAL life ..,amresh kumar singh,yt:Amresh Kumar Singh RSP,comment
"Bro starts with ""सम्माननीय सभामुख महोदय "" and goes to roast him till the end😂",amresh kumar singh,yt:Amresh Kumar Singh RSP,comment
"Amresh sir खत्रा लाग्छ ❤❤
Jay RSP Jay Nepal 🇳🇵",amresh kumar singh,yt:Amresh Kumar Singh RSP,comment
Last line 🙂🫶♥️,amresh kumar singh,yt:Amresh Kumar Singh RSP,comment
At least he is telling the truth,amresh kumar singh,yt:Amresh Kumar Singh RSP,comment
Salute 🫡 Amresh Sir,amresh kumar singh,yt:Amresh Kumar Singh RSP,comment
"He was the only guy , swotantra roop ma jitera sansad ma eklai ladne yoddhha ❤😊❤",amresh kumar singh,yt:Amresh Kumar Singh RSP,comment
This election introduced me to this legend . I mean he is exceptional . And the prediction he made regarding this election was op 🔥,amresh kumar singh,yt:Amresh Kumar Singh RSP,comment
यो मान्छे अहिले आएर ठिक लाग्यो😁😁😁😁😁,amresh kumar singh,yt:Amresh Kumar Singh RSP,comment
Madhesh ko bagh... 😂😂😂,amresh kumar singh,yt:Amresh Kumar Singh RSP,comment
Great salute our Amresh sir 🙏,amresh kumar singh,yt:Amresh Kumar Singh RSP,comment
Perfect candidate for parliament..,amresh kumar singh,yt:Amresh Kumar Singh RSP,comment
Respect for Amrish Kumar Singh  🫡,amresh kumar singh,yt:Amresh Kumar Singh RSP,comment
जे होस् साचो बोल्छन् कोइ कोइ नेता हरु 😂,amresh kumar singh,yt:Amresh Kumar Singh RSP,comment
100% right 👍 yati ko dam huna paryo ni😅😅😅😅 amresh sir salut,amresh kumar singh,yt:Amresh Kumar Singh RSP,comment
He’s only spilling the truth,amresh kumar singh,yt:Amresh Kumar Singh RSP,comment
0:47 Beast mode on (Lord Amresh ),amresh kumar singh,yt:Amresh Kumar Singh RSP,comment
मु तोड जवाफ 😂😂😂,amresh kumar singh,yt:Amresh Kumar Singh RSP,comment
Bitter truth 🔥🔥🔥,amresh kumar singh,yt:Amresh Kumar Singh RSP,comment
सारै मन पर्यो मालाई अमरेश कुमार,amresh kumar singh,yt:Amresh Kumar Singh RSP,comment
Last line made me jump. You are the one Dr.saab. loved it.,amresh kumar singh,yt:Amresh Kumar Singh RSP,comment
Balen accepted his challenge❤️🔥🔥,amresh kumar singh,yt:Amresh Kumar Singh RSP,comment
Why i love him amaresh होईन डा अमरेश सिङ्ग हो 🤣🤣,amresh kumar singh,yt:Amresh Kumar Singh RSP,comment
"He is Hero/ vetran politician/ more experienced in foreign affairs. He should be as Foreign Minister in Balen Cabinet. He may be Krishna for Balen. His quality,honesty, competency as par with Balen. 

उहाँ हिरो/भेटरान राजनीतिज्ञ/विदेश मामिलामा बढी अनुभवी हुनुहुन्छ। उहाँ बालेनको मन्त्रिपरिषद्मा विदेशमन्त्रीको रूपमा हुनुपर्छ। उहाँ बालेनको लागि कृष्ण हुन सक्नुहुन्छ। उहाँको गुणस्तर, इमानदारी, योग्यता बालेन बराबर छ।
 
ऊ हीरो/ वेट्रान पॉलिटिशियन/ विदेश मामिला में अधिका अनुभवी हउवें. उनुका के बलेन मंत्रिमंडल में विदेश मंत्री के रूप में होखे के चाही। हो सकेला कि ऊ बालेन खातिर कृष्ण होखसु. उनकर गुणवत्ता,ईमानदारी, योग्यता बालेन के बराबर बा।
 जीअहो अमरेश भैया ।❤🙏😅😅",amresh kumar singh,yt:Amresh Kumar Singh RSP,comment
This is the reason why I like him🇳🇵,amresh kumar singh,yt:Amresh Kumar Singh RSP,comment
one man army and he speaks the bitter truth that no other politicians likes,amresh kumar singh,yt:Amresh Kumar Singh RSP,comment
"सही कुरा गर्नु भा छ, जनताले भन्न खोजेको कुरा भनेको थियो ।",amresh kumar singh,yt:Amresh Kumar Singh RSP,comment
Doctor on top 🔝😂,amresh kumar singh,yt:Amresh Kumar Singh RSP,comment
Gajab Rahex Amresh Singh....❤😂 Jay  neta ji,amresh kumar singh,yt:Amresh Kumar Singh RSP,comment
Diffrence between PhD holder and 8th & SLCs pass Gang.,amresh kumar singh,yt:Amresh Kumar Singh RSP,comment
He is  firee❤👍️🇳🇵🇳🇵,amresh kumar singh,yt:Amresh Kumar Singh RSP,comment
कडा आयो  कति हाँस्नु सित्तैमा 😅😅,amresh kumar singh,yt:Amresh Kumar Singh RSP,comment
Amresh Kumar singh👍❤️💪👏😎☠️,amresh kumar singh,yt:Amresh Kumar Singh RSP,comment
His Lines 😂❤,amresh kumar singh,yt:Amresh Kumar Singh RSP,comment
He is fearless 🔥,amresh kumar singh,yt:Amresh Kumar Singh RSP,comment
सत्य भन्दा अरू केही बोल्न नजानेको मान्छे❤️🤔,amresh kumar singh,yt:Amresh Kumar Singh RSP,comment
Afresh ta kadai raixa ❤❤❤❤❤❤❤,amresh kumar singh,yt:Amresh Kumar Singh RSP,comment
I am so happy for him.A big salute to you for winning the election 🎉🎉 Congratulations.,amresh kumar singh,yt:Amresh Kumar Singh RSP,comment
Amresh le elklai halla xa wow kya baat hey😂😂,amresh kumar singh,yt:Amresh Kumar Singh RSP,comment
He is always right ✅️ ❤❤❤salute sir😅,amresh kumar singh,yt:Amresh Kumar Singh RSP,comment
"1 vs all.

Everyone now knows who is the real GOAT 🐐",amresh kumar singh,yt:Amresh Kumar Singh RSP,comment
"😮🤣🤣🤗
🥺 Jay ho Amresh sir 🙏",amresh kumar singh,yt:Amresh Kumar Singh RSP,comment
Terai ko sabai vandha ramro manxhey love from Bhaktapur Jai Nepal🇳🇵🇳🇵🇳🇵🇳🇵,amresh kumar singh,yt:Amresh Kumar Singh RSP,comment
"He is real , I respect you sir always saveges",amresh kumar singh,yt:Amresh Kumar Singh RSP,comment
Perfect Mrs. amresh sir.... 🪷❤️,amresh kumar singh,yt:Amresh Kumar Singh RSP,comment
Ek sacha desh bhakta,amresh kumar singh,yt:Amresh Kumar Singh RSP,comment
what a smile police officer,amresh kumar singh,yt:Amresh Kumar Singh RSP,comment
Aamresh fire 🔥,amresh kumar singh,yt:Amresh Kumar Singh RSP,comment
I am from madhesh😅😅😅,amresh kumar singh,yt:Amresh Kumar Singh RSP,comment
Very Good Neta👍👍👍👍👍,amresh kumar singh,yt:Amresh Kumar Singh RSP,comment
"Sab ek ek chan RSP ma 🔥🔥🔥🔥
Ab Maja aegaa na bidooo😂",amresh kumar singh,yt:Amresh Kumar Singh RSP,comment
Singh on Fire,amresh kumar singh,yt:Amresh Kumar Singh RSP,comment
Hajurr ko fan ho 🔥,amresh kumar singh,yt:Amresh Kumar Singh RSP,comment
He is the best 😊,amresh kumar singh,yt:Amresh Kumar Singh RSP,comment
1:24 Security personnel is even smiling 😂😂❤,amresh kumar singh,yt:Amresh Kumar Singh RSP,comment
He deserves for the role of Homeminister❤,amresh kumar singh,yt:Amresh Kumar Singh RSP,comment
Hello is the real fighter,amresh kumar singh,yt:Amresh Kumar Singh RSP,comment
The  man🗿🗿,amresh kumar singh,yt:Amresh Kumar Singh RSP,comment
"मलाई अहिलेसम्म उहाँको बारेमा केही जानकारी थिएन।, तर आज यो भिडियो देखेर उहाँको इच्छेत्रसम्मान सर्वोच्च शिखरमा पुगेको छ। 🔥🔥🔥🥰🥰🙏🙏🇳🇵🇳🇵🇳🇵🇳🇵",amresh kumar singh,yt:Amresh Kumar Singh RSP,comment
सब के घोती खोल ने अछि वीडियो 😂😂😂😂😂,amresh kumar singh,yt:Amresh Kumar Singh RSP,comment
Amresh kumar❤❤❤😎💪,amresh kumar singh,yt:Amresh Kumar Singh RSP,comment
Last line kill for everyone ❤🎉,amresh kumar singh,yt:Amresh Kumar Singh RSP,comment
Bbah babh,amresh kumar singh,yt:Amresh Kumar Singh RSP,comment
Respect bottom 👉🏾👉🏾❤,amresh kumar singh,yt:Amresh Kumar Singh RSP,comment
You always drop the best line/... In last😢I love it ❤️❤️❤️,amresh kumar singh,yt:Amresh Kumar Singh RSP,comment
🎉 Urja Khani of Nepal 🎉,amresh kumar singh,yt:Amresh Kumar Singh RSP,comment
Eti samma ko pagal manxe ni chhayinxa!!🔥🔥,amresh kumar singh,yt:Amresh Kumar Singh RSP,comment
Bro is hilarious 🤣😆,amresh kumar singh,yt:Amresh Kumar Singh RSP,comment
Salute 🫡,amresh kumar singh,yt:Amresh Kumar Singh RSP,comment
Dil❤ Jeet😮 liya sar kya baat,amresh kumar singh,yt:Amresh Kumar Singh RSP,comment
08:30 😂,amresh kumar singh,yt:Amresh Kumar Singh RSP,comment
Kada ❤,amresh kumar singh,yt:Amresh Kumar Singh RSP,comment
Madesh got gem 💎 hatsoff to madesh people they choose him instead of gagan ❤,amresh kumar singh,yt:Amresh Kumar Singh RSP,comment
He is my fav 😅,amresh kumar singh,yt:Amresh Kumar Singh RSP,comment
Sir you are a great .crystal as clear .Nepal is fortunate to have you. GOD BLESS YOU.,amresh kumar singh,yt:Amresh Kumar Singh RSP,comment
1:46 is the best one lmfao,amresh kumar singh,yt:Amresh Kumar Singh RSP,comment
He is the best for country ❤,amresh kumar singh,yt:Amresh Kumar Singh RSP,comment
Lord Amresh🔥,amresh kumar singh,yt:Amresh Kumar Singh RSP,comment
"I can’t wait to see how the country turn! I can’t wait to share my nation’s success to my international colleagues! I can’t wait to fly back to my motherland after this!
Save this Gem! 🔔",amresh kumar singh,yt:Amresh Kumar Singh RSP,comment
Great salute and respect to our Amresh sir 🙏🥰🇳🇵,amresh kumar singh,yt:Amresh Kumar Singh RSP,comment
Last was very emotional yrr,amresh kumar singh,yt:Amresh Kumar Singh RSP,comment
रास्टको सपुत❤,amresh kumar singh,yt:Amresh Kumar Singh RSP,comment
he is one of teh true leader of nepal,amresh kumar singh,yt:Amresh Kumar Singh RSP,comment
Lord Amresh Singh❤,amresh kumar singh,yt:Amresh Kumar Singh RSP,comment
"10:43 😂😂 He said, ""उपसभा मुजि लाई रिस उठिहाल्छ"" !😄😄 मैले गलत सुनेको पनि हुनसक्छ।",amresh kumar singh,yt:Amresh Kumar Singh RSP,comment
Great leader 💪👏👏👏 Amresh Kumar yadav,amresh kumar singh,yt:Amresh Kumar Singh RSP,comment
9:25 rightly said.,amresh kumar singh,yt:Amresh Kumar Singh RSP,comment
11:59 true words 👏,amresh kumar singh,yt:Amresh Kumar Singh RSP,comment
जुन पार्टीमा भए पनि तपाईँको आवाज एकदम बोलियो छ र तपाईँको त्यो आवाजलाई तपाईँको आफ्नै पार्टीले खुम्चाइरहेको अवस्था हो।।  बालेनले यो गरोस् ऊ गरोस् भन्नुहुन्थ्यो आज गरेर देखाएको छ र तपाईँ पनि बालेन सँगै आउनुभएको छ। अग्रिम शुभकामना तीन चार वर्ष अगाडि मन मिलेको आज रिजल्ट आएको छ हामी सबै नेपाली। जितौ मनलाई गरौँ मनले भनेको,amresh kumar singh,yt:Amresh Kumar Singh RSP,comment
Uo video election agadi ayeko vaye 😅 rukh ko jamanat jafat hune theyo ❤,amresh kumar singh,yt:Amresh Kumar Singh RSP,comment
झन्न १ मिनेट थपिदिए छ । नत्र लुगा खोल्दिन थ्यो,amresh kumar singh,yt:Amresh Kumar Singh RSP,comment
यिनले ठिक कुरा उठाउछन। हरेक राज्निती गर्ने पात्रहरु परिवएतानका बाहक हुन । तेसैले तिनिहरुले ब्यक्तिगत वा पार्टिगत स्वार्थ भन्दा माथी उठ्न पर्दछ।,amresh kumar singh,yt:Amresh Kumar Singh RSP,comment
केपिले गर्ने काम भनेकै जता बाट कमिशन आउछ त्यहि काम गर्ने हो अपुत्रोलाइ धन प्यारो।,amresh kumar singh,yt:Amresh Kumar Singh RSP,comment
I thenk Dr Ameresh right,amresh kumar singh,yt:Amresh Kumar Singh RSP,comment
👍👍👍👍❤️❤️❤️,amresh kumar singh,yt:Amresh Kumar Singh RSP,comment
👍️👍️👍️👍️,amresh kumar singh,yt:Amresh Kumar Singh RSP,comment
Thankyou my hero.,amresh kumar singh,yt:Amresh Kumar Singh RSP,comment
Good sir👍👍👌👌,amresh kumar singh,yt:Amresh Kumar Singh RSP,comment
He saying real and fact matters I,amresh kumar singh,yt:Amresh Kumar Singh RSP,comment
Thik kura,amresh kumar singh,yt:Amresh Kumar Singh RSP,comment
ठिकहो,amresh kumar singh,yt:Amresh Kumar Singh RSP,comment
नेपाली जनताले दुखै दुख भ्रस्ताचार हरु ले गरेर,amresh kumar singh,yt:Amresh Kumar Singh RSP,comment
सही कुरा गर्नु डाक्टर अम्रीस कुमार सर तर  एउटा कोईसन नेता मन्त्री हुना साथ घर छैन भने घर कीनी हाल्छ त्यो पैसा कहाँ बाट आऊछ त्यो पनी भन्दीम न डाक्टर सर ?????,amresh kumar singh,yt:Amresh Kumar Singh RSP,comment
"Yo bhalu lai katha sunayr ke kam amresh
Sir . Bharstachar ko naike  jatilai.",amresh kumar singh,yt:Amresh Kumar Singh RSP,comment
"Jayanmara 14 barsha jell bata niskada 
Kasto halatma thiyo aaja hernuna sir
Kharabauma khelxa Jayanmara gukhane 
Youth lai khedo garxa . Nalayek bharstachar kirte fataha desha banaune 
Ma ukhane ho vanera Bhukdai xa Umale ko dagg mula thgne.",amresh kumar singh,yt:Amresh Kumar Singh RSP,comment
Khai bolnu matra ho timro pni ncell kanda pni kata gayo,amresh kumar singh,yt:Amresh Kumar Singh RSP,comment
गज्जब,amresh kumar singh,yt:Amresh Kumar Singh RSP,comment
Yo sahi nano vo,amresh kumar singh,yt:Amresh Kumar Singh RSP,comment
"100/̤  ,̤%̤/̤R̤i̤g̤h̤t̤ s̤i̤r̤ .̤👍🙏👍",amresh kumar singh,yt:Amresh Kumar Singh RSP,comment
जति भनेपनि याे चाेर सरकार लाई न लाज छ ईजेत छ अ😅बपनि जन्ता जन्ताले बुझेन भनेगदहानै हाे हामी अम्लेस सरलाई सलाम छ,amresh kumar singh,yt:Amresh Kumar Singh RSP,comment
😂😂😅😅Amresh sir 😅,amresh kumar singh,yt:Amresh Kumar Singh RSP,comment
Kip up the gud work bro… ajkal ta nepal ko harek situation pachi tapaiko video ko wait suru huncha☺️🙏,amresh kumar singh,yt:Amresh Kumar Singh RSP,comment
Babal raichh yo manchhe😊,amresh kumar singh,yt:Amresh Kumar Singh RSP,comment
Lord amresh tamed the bakhra 😂,amresh kumar singh,yt:Amresh Kumar Singh RSP,comment
Balen - Challenge accepted.😀😁😆,amresh kumar singh,yt:Amresh Kumar Singh RSP,comment
हर्क़ले दुख गरेर पानी खुवाएका हरु के मुख देखाएर भोट मागेको होला😂,goma tamang,yt:गोमा तामाङ,comment
सबै मिलेरो भोट माटॉमा दिनु होला यदि देश र धरानको उन्नति प्रगति चाहानुहुन्छा भने।  अरु कुनै पार्टिले गर्दैनन् लेखेरै राखे हुन्छ।,goma tamang,yt:गोमा तामाङ,comment
हर्क साम्पाङ जिन्दाबाद भोट के मा माटो मा भोट चिन्ह अञ्जुली भित्र को माटो  मा सबै ले भोट दिएर अत्यधिक मत ले  हर्क साम्पाङ लाई बिजय गरौ ✊🇳🇵🙏,goma tamang,yt:गोमा तामाङ,comment
नेपाली जनता कहिले परिवर्तन नचाहिने रहेछ।हिजो सम्म भ्रष्टाचारी र तस्करी  नेता भन्ने धराने जनता फेरि छेपारा नै जस्तो रंग फेर्दा रहेछ।फेरि ट्यांकर बाट पानी किनेर पिउने  भो धराने जनता ले।,goma tamang,yt:गोमा तामाङ,comment
Yo guitye haru. Jai Harka Sampang 🙏Jai Mato.,goma tamang,yt:गोमा तामाङ,comment
Guithe 😂,goma tamang,yt:गोमा तामाङ,comment
जै माटो जै देश ।,goma tamang,yt:गोमा तामाङ,comment
😊😊😊,goma tamang,yt:गोमा तामाङ,comment
Kati hasnu haw lasagna sathi ho,goma tamang,yt:गोमा तामाङ,comment
Hahaha bichara haru saro dherai  dekhiyo..,goma tamang,yt:गोमा तामाङ,comment
🐦🐦,goma tamang,yt:गोमा तामाङ,comment
Jaya mato,goma tamang,yt:गोमा तामाङ,comment
Manoj guite😂😂😂😂,goma tamang,yt:गोमा तामाङ,comment
"जय माटो, जय देश🙏🙏🙏",goma tamang,yt:गोमा तामाङ,comment
K bikas garis bhole,goma tamang,yt:गोमा तामाङ,comment
वडा अध्यक्ष को लागि उम्मेदवारको लागि  जस्तो छ साथीहरू,goma tamang,yt:गोमा तामाङ,comment
Haina dharaa pani Rabiko gula molne haru xa,goma tamang,yt:गोमा तामाङ,comment
ढुकुरे खुसी भको हेरन त्यहा! हा हा हा 😅😅😅 कति हास्नु,goma tamang,yt:गोमा तामाङ,comment
Paxadi ko manxe cahi mutna gaye xa,goma tamang,yt:गोमा तामाङ,comment
🇳🇵🇳🇵🇳🇵🇳🇵🇳🇵🇳🇵 JAYA MATO,goma tamang,yt:गोमा तामाङ,comment
Jai mato,goma tamang,yt:गोमा तामाङ,comment
अरु कुरा त्य्स्तै हो तर उपमेयर चाहिँ कता हिडेको होला ध्रानरको बिकाश गर्नेलाइ भोट दिनु होला,goma tamang,yt:गोमा तामाङ,comment
जय माटो जय श्रम संस्कृति पार्टी जय हर्क बाद 🙏🇳🇵,goma tamang,yt:गोमा तामाङ,comment
जमाना जफत गराऔ,goma tamang,yt:गोमा तामाङ,comment
Hahaha 🤣🤣🤣🤣🤣,goma tamang,yt:गोमा तामाङ,comment
Aru Vanda ni tyou dhukure lai dekhera sarai has utho😂😂😂😂😂😂😂😂😂😂😂😂😂😂😂😂  afnoi ghr KO le vote nadelaki vanne sangkha xa 😂😂😂,goma tamang,yt:गोमा तामाङ,comment
😆😆😆😆 बिकासका बिरोधीहरू एक हौ एक हौ छी भोले बा बाहरू के सिक्ने होल्नी बरै भोला खानत सिक्ने होलानी बेघा अली अली थीक लागेको थियो आजत झन बेकार लाग्यो बिकासका बिरोधीहरू अब खाऊ तेन्र्मा पानी किनेर,goma tamang,yt:गोमा तामाङ,comment
काम छैन तारा पार्टीको ब्यज्योत हुनको लागि के यस्तो देखाको हो,goma tamang,yt:गोमा तामाङ,comment
😂😂😂😂😂😂😂😂,goma tamang,yt:गोमा तामाङ,comment
Janta haru jaba samma yakhundaina tabsamma nepal ouko desh le kinsakxa. sabai janta yak hunupaxa jay mato jay nepal,goma tamang,yt:गोमा तामाङ,comment
हेरा हेरा  बेघा हासेको,goma tamang,yt:गोमा तामाङ,comment
गद्धार हरुको झुण्ड,goma tamang,yt:गोमा तामाङ,comment
kati hasnu,goma tamang,yt:गोमा तामाङ,comment
3:19 herum afai loparako guaita la,goma tamang,yt:गोमा तामाङ,comment
🤣🤣🤣🤣🤣🤣,goma tamang,yt:गोमा तामाङ,comment
"Xixi yo dharan ma yesto pani maanisharu rahexa hau. Fu garerera udaidinu parxa. Chinera rakhnu hai, paxi dharan bata lakhetnu parxa.",goma tamang,yt:गोमा तामाङ,comment
Jay Maato !! Jay Harka Sampang ✊,goma tamang,yt:गोमा तामाङ,comment
Jay mato..,goma tamang,yt:गोमा तामाङ,comment
Dukh nagarnu hola ek seat pani jitnechhaina,goma tamang,yt:गोमा तामाङ,comment
Manoj guaite lai Madhu dinu hola no vote guite,goma tamang,yt:गोमा तामाङ,comment
😂😂😂😂😂😂,goma tamang,yt:गोमा तामाङ,comment
Paili ko chunav ma 60/70 lakh gayo ava espali bhattrai ley ghar bechney vo jasto xa harka lae harauna 😂😂🙏🙏 bichara ko ghar jagga sov jaaney vo,goma tamang,yt:गोमा तामाङ,comment
तपाईंहरुले  लेखैर राख यदी ताराले वा अरु पातिले जिदैन बाजि छ माटो सग  कसैले सकदैन सुनसरिमा,goma tamang,yt:गोमा तामाङ,comment
Gentel  bhai ramro lagthiyo tara wahana awashar badi nai raixa. Hajur ko yo sabai vhanai Harka sampang jew sanga milera garda huney ta kay Harka sampang jew le vrastachar gareko xa ra? Kay Harka sampang imandar chaina ra ? Kay yatro 42 kilomiter khuola kholshi bata panee lyako khanu vhayna ? taraa post pawdaina hai mato ma 😂😂😂,goma tamang,yt:गोमा तामाङ,comment
Aba sakkiyo manoje,goma tamang,yt:गोमा तामाङ,comment
Ajhai pani yo vogate ko paxi paxi hinne manxe kasto ho xi xi,goma tamang,yt:गोमा तामाङ,comment
Ak choti dronbat paniherou na patrakar jyu😂😂,goma tamang,yt:गोमा तामाङ,comment
बीचारा हामी  केही भन्नु छैन।,goma tamang,yt:गोमा तामाङ,comment
Cor rai ys,goma tamang,yt:गोमा तामाङ,comment
Yo 5 barsa ekchoti ghanti 🔔 Lai deenu parxa 5 barsa vitra tyahi Purana vaste party aamaley congress mawaadi haru jastho gare vane tyaspaxi aaudho chunab ma maato party harka mayor shab Lai denu parxa,goma tamang,yt:गोमा तामाङ,comment
Feri 2 thell,goma tamang,yt:गोमा तामाङ,comment
Vote for only hark sampang,goma tamang,yt:गोमा तामाङ,comment
yo guithe ko voter nai yetti hola ani veda janta haru le dhukure le k ramro kam gareko xara vote halxan re🤣🤣🤣🤣,goma tamang,yt:गोमा तामाङ,comment
Tyo pani sodhne kura ho ra harnu ko lagee,goma tamang,yt:गोमा तामाङ,comment
Sung ko kura naar jhatha Harka   vaneko harka nai ho Dhatan ko lagi Jai mato,goma tamang,yt:गोमा तामाङ,comment
Xixi,goma tamang,yt:गोमा तामाङ,comment
हिजो सम्म हर्कको ठुलो सम्र्थन थिय जब जातिय को कुरा गरो त्या देखि मन लागेन हर्कको समर्थन गर्न,goma tamang,yt:गोमा तामाङ,comment
"साथीहरू हजुरहरूलाई आजको कथा कस्तो लाग्यो हामीलाई कमेन्ट गरेर भन्नुहोला  | Hey Supporters, Please Follow our Facebook Page: https://www.facebook.com/nepalihorrorstoriesofficial Your support means the world! 🙏 #StayConnected",goma tamang,yt:गोमा तामाङ,comment
It is truly admiring that how nepali animation has became this advanced.. really appreciating ❤,goma tamang,yt:गोमा तामाङ,comment
Moile first time sunne ko dami  lago,goma tamang,yt:गोमा तामाङ,comment
Aaja ko katha ekdamai ramro xw estai aaru kathaharu pani aawosh🖤😻,goma tamang,yt:गोमा तामाङ,comment
Yo katha here pachhi tyo ganw ko manchhele matrai hoina sampurna tamangle sungurko masu nakhae sarai ramro hunethiyo karan hami  baudha margi hanw katha gyan bardak❤❤❤❤,goma tamang,yt:गोमा तामाङ,comment
अजई यत्तो भिडि अजई चाय हजुर❤🙏🏽🙏🏽👌👌👌👍🇳🇵🇳🇵,goma tamang,yt:गोमा तामाङ,comment
Katti ramra ghyakri ra passan❤characters are too good 😊full support to your channel🤗,goma tamang,yt:गोमा तामाङ,comment
Love Tamang story 🙏🙏🕉️❤❤,goma tamang,yt:गोमा तामाङ,comment
Aaba chhatri ko story plz plz,goma tamang,yt:गोमा तामाङ,comment
itohasko jibit Katha huna sakx❤❤ dherae ramro lagyo molaii🙏🏽yesati yestaii Katha ferii xittai aawosh,goma tamang,yt:गोमा तामाङ,comment
धेरै मन पछ मलाई यसतोइ कथा हरु,goma tamang,yt:गोमा तामाङ,comment
🎉. dherrai ramro.. Tamang language vako vaayaaa. ❤❤❤,goma tamang,yt:गोमा तामाङ,comment
Ekdam ramro xa katha tara Tamang le Bau lai Appa vonxa plzzzzz bujai ra matrai story bonai dinu hola 😟,goma tamang,yt:गोमा तामाङ,comment
Yo ekdam ramro xaa❤ feri ni aarko chaiyo long video haii a,goma tamang,yt:गोमा तामाङ,comment
Aaba magar gau ko pani banaunus haie,goma tamang,yt:गोमा तामाङ,comment
"Malai sabai vanda ramro story boksiko lageko thiyo😄
Aru boksi jastai story leaunuhos",goma tamang,yt:गोमा तामाङ,comment
Rati sutne belaherda yekdam  tyo duniyama jsto lagxayr😅 ma sanoma kadin haru yad aauxa,goma tamang,yt:गोमा तामाङ,comment
Maile pani lekhrako xu story haru😊,goma tamang,yt:गोमा तामाङ,comment
Thank you 300 subscriber Family😘keep support guys🙏🙏,goma tamang,yt:गोमा तामाङ,comment
Dami,goma tamang,yt:गोमा तामाङ,comment
Ramro xa Aba magar ko story Pani hai,goma tamang,yt:गोमा तामाङ,comment
Good dherai ramro.... Xori darai.....,goma tamang,yt:गोमा तामाङ,comment
Story eakdam ramro xa❤❤❤,goma tamang,yt:गोमा तामाङ,comment
Kati ramor katha😊❤❤,goma tamang,yt:गोमा तामाङ,comment
Ramro lagyo katha ❤❤❤,goma tamang,yt:गोमा तामाङ,comment
❤😊wow amazing Tamang gauu❤,goma tamang,yt:गोमा तामाङ,comment
Animation pani bawal story pani bawal 🔥🔥🔥🔥,goma tamang,yt:गोमा तामाङ,comment
धामीले झीमझीम सुहम भन्छर😂,goma tamang,yt:गोमा तामाङ,comment
Heart Touching 😢🙏🙏,goma tamang,yt:गोमा तामाङ,comment
Dherai ramro katha  😊❤,goma tamang,yt:गोमा तामाङ,comment
Chhetri ko pani cartoon cahiyo plz 😊😊,goma tamang,yt:गोमा तामाङ,comment
Proud to be tamang✊,goma tamang,yt:गोमा तामाङ,comment
tamang vanna ne bisema. ramro cast. ho,goma tamang,yt:गोमा तामाङ,comment
Katha ramro xa animation pani Ani sound pani,goma tamang,yt:गोमा तामाङ,comment
Yo katha ta lalitpur ma raheko Tikabhairab mandir ko katha sanga milna jada raixa vaya pani ramro xa katha ❤,goma tamang,yt:गोमा तामाङ,comment
I like this story❤,goma tamang,yt:गोमा तामाङ,comment
19:51 sungur la tarsai do 😂😂,goma tamang,yt:गोमा तामाङ,comment
I love this story ❤❤❤❤.,goma tamang,yt:गोमा तामाङ,comment
❤❤❤❤❤❤,goma tamang,yt:गोमा तामाङ,comment
Daami,goma tamang,yt:गोमा तामाङ,comment
Wow ❤🎉 Dami 🎉🎉🎉🎉❤❤,goma tamang,yt:गोमा तामाङ,comment
ekdam ramro xa,goma tamang,yt:गोमा तामाङ,comment
Bolne saile ani sor haru  ramro chha yestai banaunu hai❤,goma tamang,yt:गोमा तामाङ,comment
Ramro ma Pani tamang ho❤,goma tamang,yt:गोमा तामाङ,comment
Me too,goma tamang,yt:गोमा तामाङ,comment
"खत्रा लाग्यो,",goma tamang,yt:गोमा तामाङ,comment
Nice episode❤,goma tamang,yt:गोमा तामाङ,comment
Treaser ma ta dami music tyo.. tmg ko..story ma ni halnu partyo,goma tamang,yt:गोमा तामाङ,comment
Aayo,goma tamang,yt:गोमा तामाङ,comment
Ekdam ramro lagyau malai ta❤❤,goma tamang,yt:गोमा तामाङ,comment
Ek dam dami lageu ♥️,goma tamang,yt:गोमा तामाङ,comment
धेरै नै राम्रो कथा अनि अरु पनि येस्तै आइरहोस भन्ने चाहान्छु🙏🙏🙏😍😍😍😍,goma tamang,yt:गोमा तामाङ,comment
दन्त्य कथा त्याे पनि तामाङ छुनै नमिल्ने जात हामि,goma tamang,yt:गोमा तामाङ,comment
Hamro pani leuni la rai tamang jadtei,goma tamang,yt:गोमा तामाङ,comment
Katha ramro xa,goma tamang,yt:गोमा तामाङ,comment
Ahiley sama sunaka thiyeyna you lok katha dhanaya bad sikkim k.s.subba.by.,goma tamang,yt:गोमा तामाङ,comment
Nice story,goma tamang,yt:गोमा तामाङ,comment
Magar gau please❤,goma tamang,yt:गोमा तामाङ,comment
Ramro khatha,goma tamang,yt:गोमा तामाङ,comment
I'm tmg😊❤,goma tamang,yt:गोमा तामाङ,comment
😢😢😢😢😢😢😢😢😢😢,goma tamang,yt:गोमा तामाङ,comment
Katti ramra story ❤❤❤❤😮😮😮😮😊😊😊😊😅😅😅😅😂😂😂😂🎉🎉🎉🎉,goma tamang,yt:गोमा तामाङ,comment
Plz newar gau❤❤❤,goma tamang,yt:गोमा तामाङ,comment
Babal xa hajur ❤  🎉❤😊,goma tamang,yt:गोमा तामाङ,comment
THAN CHU,goma tamang,yt:गोमा तामाङ,comment
Ramailo❤,goma tamang,yt:गोमा तामाङ,comment
Happy Holly 🎉🎉,goma tamang,yt:गोमा तामाङ,comment
Ajay ko Khatami ramra lagyo❤,goma tamang,yt:गोमा तामाङ,comment
Babal lagyo story 😮😮,goma tamang,yt:गोमा तामाङ,comment
Napali story asto ramro Cho👍,goma tamang,yt:गोमा तामाङ,comment
nice story i loved it😮😮😮,goma tamang,yt:गोमा तामाङ,comment
😮😮😮😮,goma tamang,yt:गोमा तामाङ,comment
Ho😲😲😲,goma tamang,yt:गोमा तामाङ,comment
Wow damiiiiii lagyoooo❤❤❤❤❤❤❤❤,goma tamang,yt:गोमा तामाङ,comment
Regular huna pareo k,goma tamang,yt:गोमा तामाङ,comment
Nice story❤❤❤❤,goma tamang,yt:गोमा तामाङ,comment
Dammi story ❤😍😍💞💞😍😍,goma tamang,yt:गोमा तामाङ,comment
dami लागे हजुर,goma tamang,yt:गोमा तामाङ,comment
कथा बबाल्🙏,goma tamang,yt:गोमा तामाङ,comment
Thina suneko ramrox katha ani khai auta tamangle sugurko masu khadainare arule khanxre tetaiko jatle hola,goma tamang,yt:गोमा तामाङ,comment
Interesting,goma tamang,yt:गोमा तामाङ,comment
First time yeti long video. Dammi 😍,goma tamang,yt:गोमा तामाङ,comment
The story was dami,goma tamang,yt:गोमा तामाङ,comment
Voice 👌♥️,goma tamang,yt:गोमा तामाङ,comment
Nice story 👍👍,goma tamang,yt:गोमा तामाङ,comment
Akdam ramro❤❤,goma tamang,yt:गोमा तामाङ,comment
Magar ko bhi khatha bhanowes na,goma tamang,yt:गोमा तामाङ,comment
Ramro 😂😂😂😂,goma tamang,yt:गोमा तामाङ,comment
बराहक्षेत्रमा त सरिन जि लाई हाम्ले देख्न पाईएन तर पनि घण्टिमै छाप हानेको छौ । जितको आशा राखौ ।,goma tamang,yt:Sunsari 1 chunav,comment
"सरिन तामाङ्ग ज्युले जित्नुपर्छ। उ एउटा विस्वासिलो भरपर्दो व्याक्ती हो, वहाँको हरेक कामहरुलाई म सम्मान गर्छु। जय धरान🙏🇳🇵",goma tamang,yt:Sunsari 1 chunav,comment
खुसी लाग्यो सरिन जि जय घण्टी,goma tamang,yt:Sunsari 1 chunav,comment
धरान ले बिकास नखोजेकै हो जस्तो छ,goma tamang,yt:Sunsari 1 chunav,comment
धेरै खुशी  नहुनु होला अन्तिम  रुनु पर्ला नि गाउँ को सिधा  सोझो ले दिएको हो अब बजार  एरिया  छिरे पछि  हर्क  सम्पाङ टिमले नै अगाडि  बढ्छ ।यो 100% हुन्छ।,goma tamang,yt:Sunsari 1 chunav,comment
सरिन नानालाई बधाई छ,goma tamang,yt:Sunsari 1 chunav,comment
Jita ko suvakamna didi hajur la jay ghanti,goma tamang,yt:Sunsari 1 chunav,comment
Good good lock Nana,goma tamang,yt:Sunsari 1 chunav,comment
✊✊✊Sarin Didi Badhai suvakaman Good luck.🔔🔔🔔🔔💪💪💪💪💪❤️,goma tamang,yt:Sunsari 1 chunav,comment
dherai khusi xu ma yo result maa🔔🔔🔔🔔,goma tamang,yt:Sunsari 1 chunav,comment
Jai hosss jai hosssss🔔,goma tamang,yt:Sunsari 1 chunav,comment
Agarima jitako suvakaman nana❤️❤️❤️❤️🔔🔔🔔🔔🔔🔔🔔,goma tamang,yt:Sunsari 1 chunav,comment
good luck 👍 💓,goma tamang,yt:Sunsari 1 chunav,comment
😁😁😁😁 best wishes,goma tamang,yt:Sunsari 1 chunav,comment
hale rakhnu paryo news,goma tamang,yt:Sunsari 1 chunav,comment
Thikai cha sunsari 1 bata ganti le jitla tara aru thau bata ta harka sampang samuha le jitna parna. Aba dharane janata prati biswas lagna chodyo,goma tamang,yt:Sunsari 1 chunav,comment
Biggest congratulation ghanti jindabad 🥰😘❤️,goma tamang,yt:Sunsari 1 chunav,comment
Good news,goma tamang,yt:Sunsari 1 chunav,comment
पार्टी होइन ब्याक्ती रोज्न नजान्नु धराने जनताको मुर्खता हो।असोक राइलाइ चिन्ननसक्नु भुल हो।,goma tamang,yt:Sunsari 1 chunav,comment
Good job 👍👍👍,goma tamang,yt:Sunsari 1 chunav,comment
Aru sabai thauma ta sakena… tara hamro bata chai 🔔 🔔 🔔🔔🔔🔔🔔🔔🔔🔔🔔🔔🔔,goma tamang,yt:Sunsari 1 chunav,comment
Congratulations 🎉didi,goma tamang,yt:Sunsari 1 chunav,comment
veri.Good.sarin.,goma tamang,yt:Sunsari 1 chunav,comment
Jit ko suvkamana,goma tamang,yt:Sunsari 1 chunav,comment
Best of luck 🙏🙏,goma tamang,yt:Sunsari 1 chunav,comment
Thuchuchhe nana laso fyafulla and for understanding coming poltice keep your duties continue for life and work good try again tomorrow for life I'm with you,goma tamang,yt:Sunsari 1 chunav,comment
Good luck Sarin ji 👍👍🔔🔔,goma tamang,yt:Sunsari 1 chunav,comment
Joy ghanti,goma tamang,yt:Sunsari 1 chunav,comment
All the best hai sarin didi tapiko jethos jee sarin didi,goma tamang,yt:Sunsari 1 chunav,comment
Best luck 🍀 Harka sampang teams 👍🤞🤞,goma tamang,yt:Sunsari 1 chunav,comment
Thagbandan ko harhunu ramro ho thank u,goma tamang,yt:Sunsari 1 chunav,comment
We r 12basiharu big happy nd jay Ghanti,goma tamang,yt:Sunsari 1 chunav,comment
Hi sarin ji ♥️🙏 jit pakka hunxa,goma tamang,yt:Sunsari 1 chunav,comment
La Jaye Ghantiiiiiii 👍,goma tamang,yt:Sunsari 1 chunav,comment
Ghanti,goma tamang,yt:Sunsari 1 chunav,comment
congraz hjur lai,goma tamang,yt:Sunsari 1 chunav,comment
जय घण्टी 🔔🔔🔔🔔🔔🔔🔔🔔🔔🔔🔔🔔🔔🔔🔔,goma tamang,yt:Sunsari 1 chunav,comment
Good sarina diju,goma tamang,yt:Sunsari 1 chunav,comment
Now let's talk about Meyor Harka Sampang Rai team.,goma tamang,yt:Sunsari 1 chunav,comment
Tapile chai k k bikash garnu vaeko x dd,goma tamang,yt:Sunsari 1 chunav,comment
Ww,goma tamang,yt:Sunsari 1 chunav,comment
Dukhi xu ma,goma tamang,yt:Sunsari 1 chunav,comment
Are sarin didi tapini utnu vhayako ho mata achama lagyo kina hami lai suchana dinu vha yana tapuko chunab chins kethiyo ni gakri vhayo hami satha kina thaha vhayanani,goma tamang,yt:Sunsari 1 chunav,comment
ghanti ma vote Rabi ko...popularity le aaune ho ...,goma tamang,yt:Sunsari 1 chunav,comment
Aba sarin tamang kovdharan mayor harka dampang sir laai sahayog garne boli katiko pakka rahechha hernu baaki xa.,goma tamang,yt:Sunsari 1 chunav,comment
Sarin 👍,goma tamang,yt:Sunsari 1 chunav,comment
हामि बिदेश मा छौ  तर पनि पाटि भन्दा उच्च बिचारको नया दल अाउनु पर्छ॥ जनता लइ अब स्वतनत्र पाटि चाहेको छ ॥ यो साला गठबन्दग पाटि भनेको साच्चै आतन्कारी  हो ॥ यसले जेपनिगरनुसकछ ॥ हातमा चाबि हुनेबितिकै,goma tamang,yt:Sunsari 1 chunav,comment
Sarin,goma tamang,yt:Sunsari 1 chunav,comment
फेरि पछि परी हाल्नु भएछ नी,goma tamang,yt:Sunsari 1 chunav,comment
जस्ले राम्रो काम देखाउछ  उसैलाइ  भोट्  दिनु  मेरो  अनुरोध छ। राम्रो छ  सरिन तामाङ बिजयि हुनुपर्छ ।,goma tamang,yt:Sunsari 1 chunav,comment
"Samir Tamang, tarka mangar ra rai ko chai k hundaixa? Tyo batawna",goma tamang,yt:Sunsari 1 chunav,comment
Harka sampang samuha le jiteni sarin tamang le jiteni jit desko ho jay ghanti,goma tamang,yt:Sunsari 1 chunav,comment
Baraha ma sarin bunu aaunu vayena Tara. baraha basi batai jhit pni nischit xa jay gahnti jay baraha,goma tamang,yt:Sunsari 1 chunav,comment
Baraha Bata 2 gahnti ma harek manxi Le haliko xa kharayo khojda vitenan are harik manxi 2 gahnti haliko xan plz sarin bunu dhuka hunu hos tpi ko lagi baraha basi Le yo Pali thulo sahfalta milako xan jay baraha basi jay gahnti jay sarin,goma tamang,yt:Sunsari 1 chunav,comment
Sarinnn is,goma tamang,yt:Sunsari 1 chunav,comment
Rabi ko name vaya kafi hunxa,goma tamang,yt:Sunsari 1 chunav,comment
Barahaxitra n.g.p ko Palo matrai aahos na kasto tarika Le gahnti ma puja gariko xum hamile yo comment Bata yad garnu hos yo Pali hamro ma gahnti ho,goma tamang,yt:Sunsari 1 chunav,comment
Yo manche chineko xaina sab rabi bata aako vote hoo,goma tamang,yt:Sunsari 1 chunav,comment
यो नक्कली ढोगी भाईले  पनि भोट पाएछ त।,goma tamang,yt:Sunsari 1 chunav,comment
Jitnai parxa did hajur tetro gham ma lain lagi lagi vot lako khernajaos sarin sis jai ghanti 🙏🙏🙏🙏,goma tamang,yt:Sunsari 1 chunav,comment
Sale dharane haru guhu khau euta rai harka mayor le matra ke garx. Kati experience x yo didi sanga kina ho janta kina yo didi lai chuneko,goma tamang,yt:Sunsari 1 chunav,comment
Yesto hijada le jityo vane ma basai sarchu,goma tamang,yt:Sunsari 1 chunav,comment
good luck Sarin bahini thanks,goma tamang,yt:Sunsari 1 chunav,comment
Badhaixa shareena jiulai hajurkai jithunexa👌👌👌👌👌👌🙏🙏,goma tamang,yt:Sunsari 1 chunav,comment
सरीन  दिदी बधाई छ,goma tamang,yt:Sunsari 1 chunav,comment
Good luck  shrin diju 👍🥰🥰,goma tamang,yt:Sunsari 1 chunav,comment
Thanku bhai,goma tamang,yt:Sunsari 1 chunav,comment
मलाई पनि एकदमै दुःख लाग्यो। खासमा पूर्वमा एकदम सही भन्नुभयो।,goma tamang,yt:Goma Tamang RSP,comment
होस् होस् हुनै पर्छ होस् होस् हुनैपर्छ,goma tamang,yt:Goma Tamang RSP,comment
Sahi Bhanu bhayo,goma tamang,yt:Goma Tamang RSP,comment
घण्टी बिस्तारै बिस्तारै गायब हुदै जान्छ ❤ जय माटो जय देश 🇳🇵✊,goma tamang,yt:Goma Tamang RSP,comment
ravi verry good,goma tamang,yt:Goma Tamang RSP,comment
"खुच्चिङ! खुच्चिङ !खुच्चिङ! यो मुडुली लाइ।  कति खेदो खन्थी यो मुडुली ले  हर्क साम्पाङ को  बिना प्रमाड। सत्य को एक दिन जित भयेरै छोड्यो।   जय हर्कबाद,जय हर्कपथ,जय श्रमक्रान्ती,जय श्रमदाता,जय सहयोगदाता,जय शिक्षित सचेत र स्वोतन्त्र जनता,जय सदबुद्धी,जय माटो,जय देश🙏🙏🙏",goma tamang,yt:Goma Tamang RSP,comment
त्यो रास्वपा पार्टी आदिवासी जनजातीको होइन है?त्यो पार्टी आर्य देखि पनि हाइज्याक भएर मधेसि पार्टी भैसक्यो अन्तिममा बिहार तिर पुग्ला।,goma tamang,yt:Goma Tamang RSP,comment
सहि विश्लेषण,goma tamang,yt:Goma Tamang RSP,comment
"In tthis way , really Rsp will be next Uml",goma tamang,yt:Goma Tamang RSP,comment
😮😮❤❤❤❤,goma tamang,yt:Goma Tamang RSP,comment
राम्रो मान्छे लाई चीन्न सकेन दूख लाग्यो 🥲,goma tamang,yt:Goma Tamang RSP,comment
Hami lai party sanga MATLAB chhaina sathi Kam garne sarkar chaiyeko ho jasari banos,goma tamang,yt:Goma Tamang RSP,comment
खास मा कुरा के भने राम्रो मान्छेको काम छैन राजनीति मा,goma tamang,yt:Goma Tamang RSP,comment
"Still… the Ghante gang silently watching from the corner… waiting for the bell to Tunglung, Tunglung.” 👀🔔😂",goma tamang,yt:Goma Tamang RSP,comment
Jay🇳🇵🇳🇵🇳🇵🇳🇵🇳🇵,goma tamang,yt:Goma Tamang RSP,comment
बिस्तारै सकिन्छ घन्टी,goma tamang,yt:Goma Tamang RSP,comment
😢😢😢😢,goma tamang,yt:Goma Tamang RSP,comment
ठिक्क पर्यो मुडुली लाई कति न हाम्रो देशभक्त जननेता हर्क साम्पाङ को खेदो खन्थी गजडी बिहारी र सहकारी ठग काण्डै काण्ड को माहाराजा को गु खायेर।  बल्ल फेला परिछे। जस जस ले हर्क को कु भलो चिताउछ तेस्को भलो कहिल्यै हुदैन किनकी सत्य को जित भयेरै छोड्छ। कम्ता यस्ले हर्क को खेदो खन्थी।,goma tamang,yt:Goma Tamang RSP,comment
राम्रो मान्छे लाई चिन्न सकेन,goma tamang,yt:Goma Tamang RSP,comment
दु;ख लाग्दाे कुरा याे😥🙏,goma tamang,yt:Goma Tamang RSP,comment
टुङ्ग्लुङ भित्र जो सङ्ग पैसा छ त्यस्को मात्र ठाउँ छ भन्ने थाहा छैन?😂,goma tamang,yt:Goma Tamang RSP,comment
सरिन दिदि ❤,goma tamang,yt:Goma Tamang RSP,comment
एकदमै सहि हो तर राम्रो मान्छे चिन सकेन,goma tamang,yt:Goma Tamang RSP,comment
"देशमा परिवर्तन, सुशासन र राम्रो भविष्यको आशामा हजारौं युवाहरू सडकमा उत्रिए। कतिपयले आफ्नो ज्यानसमेत गुमाए, तर आज पनि धेरै नेताहरू जनताको समस्याभन्दा राजनीतिक झगडा र आरोप-प्रत्यारोपमै व्यस्त देखिन्छन्। युवाहरूले रोजगारी, गुणस्तरीय शिक्षा, भ्रष्टाचारको अन्त्य र देशको विकास चाहेका थिए। तर संसदमा बारम्बार हुने विवाद र अवरोधले जनताको विश्वास कमजोर बनाइरहेको छ। देशलाई अब झगडा गर्ने नेता होइन, जिम्मेवारी लिएर काम गर्ने नेतृत्व चाहिएको छ। युवाहरूको बलिदान र आवाजलाई सम्मान गर्दै नेपाललाई सही दिशामा अघि बढाउनु सबै नेताहरूको कर्तव्य हो।",goma tamang,yt:Goma Tamang RSP,comment
सरिन तामाङले पार्टीको नामको भरमा चुनाव जित्न खोज्दा दुई पटक चुनाव हार्नु भयो अर्थात उहाँ प्रत्यक्ष रुपमा हर्क साम्पाङ जस्तो मतदाताको घर घरमा पुग्नु भएन अब अहिले पार्टीको आन्तरिक चुनाव चाहिँ कसरी हार्न भो थाहा भएन।,goma tamang,yt:Goma Tamang RSP,comment
Kharani Giyang Lea janjati lae kahilea thau paudaena eyo chae 100 % Ho,goma tamang,yt:Goma Tamang RSP,comment
Confusion clear garnu pary😂😂😂,goma tamang,yt:Goma Tamang RSP,comment
sir please don't leave party please sir we know your contribution. I also vote you on today convection and felt sorry that you have lost. please sir don't leave please please please😓😭😭😭😭❤,goma tamang,yt:Goma Tamang RSP,comment
"Sarin sister chai na keta na keti vaayra pani hola saed 
Dharan maa ta jit xa vanay ra aas na garay pani hunxa😅😅",goma tamang,yt:Goma Tamang RSP,comment
Hijo harka sirle hudaina hudaina bhanda harka sirko dherai bejat gardai hidnu hunthiyo ghante ko ghanti hallaudai hidne Ani aba dukha payayo afnai dangale,goma tamang,yt:Goma Tamang RSP,comment
Dher napurka vai rsp varat ambasi le jitaideko party ho jel rabi nikalnu ra bina party ko manxe pm hunu sabai varatko daijo ho nepal ma chunab hunxa varatle kharcha garxa 20 arba,goma tamang,yt:Goma Tamang RSP,comment
Ma kasam khayera bhanxu RSP ma jati badhi hunxa.,goma tamang,yt:Goma Tamang RSP,comment
यो  चही  अलि  ठिक  भएना,goma tamang,yt:Goma Tamang RSP,comment
😅😅😅😅😅,goma tamang,yt:Goma Tamang RSP,comment
Timi pani ali nachahido boleuki ??,goma tamang,yt:Goma Tamang RSP,comment
Ayo feri bigya,goma tamang,yt:Goma Tamang RSP,comment
"नया बाेटल,पुरानै रक्सि भयाे रासपा पनि।",goma tamang,yt:Goma Tamang RSP,comment
*अब श्रम संस्कृति पाटीमा आउनुपर्छ*,goma tamang,yt:Goma Tamang RSP,comment
You are right Bhai,goma tamang,yt:Goma Tamang RSP,comment
Tyo kei hoina lobi paapi haru laai bhaag na pugera ho,goma tamang,yt:Goma Tamang RSP,comment
जस जस्ले  एक इमान्दार देशभक्त जननेता हर्क  साम्पाङ को खेदो खन्छ तेस्को पतन निस्चित छ।  किनकी सत्य  को जित भयेरै छोड्छ। त्यो बेस्या बुडा कलेक्सन भन्ने आईमाई ले पनि टिक टक मा के के भनेकी थि हर्क लाई  अहिले तेस्को कालो कर्तुत उदाङ्गो भयेर खोर मा जाक्किन पुगेकि छे कति न एकल महिला बिज्नेस वुमन भनी टोपल्थी बुडा कलेक्सन ले अहिले हेर गति तेस्को छोरी आमा बाउ  ले कुन मुख लेर हिनछन अब समाज मा?,goma tamang,yt:Goma Tamang RSP,comment
Yo भुपदेव लाई महामन्त्रीमा लिएर गल्ति गरेकै हो अब पक्का सक्छ रबि र पार्टी।। मान्छे चिन्न सकेन हो सकेन।।।।,goma tamang,yt:Goma Tamang RSP,comment
सरिन लाई सपोर्ट जनताले गर्छ।,goma tamang,yt:Goma Tamang RSP,comment
Yo bhupu dev Saha Lai RSP 🔔 Bata Nikal nu parcha,goma tamang,yt:Goma Tamang RSP,comment
सत्य समाचार भैन। सबै जान्ने झै गरेउ,goma tamang,yt:Goma Tamang RSP,comment
"हार मान्नु हुदैन सरिन सिस् रास्वपामा
नभए उज्यालो नेपालमा जानुस् 🙏",goma tamang,yt:Goma Tamang RSP,comment
लु अब श्रम संस्कृति पाटीमा आउनुपर्छ ।,goma tamang,yt:Goma Tamang RSP,comment
"यो युटुबे को पनि सिमाग चै छैन।
काङ्ग्रेस एमाले बाट एस्ले एस्को परीवार ले फाईदा पाको छ । आफ्नो जिउको  भैसि न देख्ने अनि अरूको मा चै नभाको जुम्रा पनि छ छ भन्ने ।

सफल मान्छे भको भए चुनाब किन हर्नुभयो त । ईस्थनिय तहको चुनाब आउँदैछ । 
बिकाउ कार्मचारि हरू छ 
किन छोड्नु परेकोत ।

एस्ले रवि लामिछानेले गलत काम गरेर बिबाद मा परिराको भनुराको छ भिडियो मा ।

यो पाखे को दिमाग छैन ।",goma tamang,yt:Goma Tamang RSP,comment
"हरूवा भुपदेप लाई महामन्त्रीमा ल्याउनु नै रा,स्व पा बिभाजन हुने डर छ",goma tamang,yt:Goma Tamang RSP,comment
यो जाति बादी पार्टी लाई छोडेर सरिन तामाङ ले ठिकै गर्नु भो नत्र जिन्दगी भरी घण्टे को गुलामी भएर बस्नु पर्थो,goma tamang,yt:Goma Tamang RSP,comment
यो भुपदेब शाह को हात खुट्टासमेत भाग्नुपर्छ,goma tamang,yt:Goma Tamang RSP,comment
"सहकारी ठगको गुट पत्तासाफ, अब जेलको यात्रा",goma tamang,yt:Goma Tamang RSP,comment
Yo manche pani RSP ko matrai birod garcha xya,goma tamang,yt:Goma Tamang RSP,comment
Bichara sarin ani rabi dai,goma tamang,yt:Goma Tamang RSP,comment
Sir yo kura ma samat chu hame 250 jana ekpatak dhading jyamrung bata ghante ma prabes garayako ho but blan paxa ko gathak parar hame sana sakdinau yate bhanchu blan paxa lai vot haledina,goma tamang,yt:Goma Tamang RSP,comment
Sunsary xetra number 1 ma chai thulo yogdan xa.,goma tamang,yt:Goma Tamang RSP,comment
Rabi rabi ho balen he got opportunity,goma tamang,yt:Goma Tamang RSP,comment
ब्रो तिमिलाई थाहा नभो हो के समाचार बनाको दि त २पटक हारेको होनि,goma tamang,yt:Goma Tamang RSP,comment
यो पत्रकार भाई 100% एमालेको झोलेहो।रास्वपाको बदनाम गर्दैछ।,goma tamang,yt:Goma Tamang RSP,comment
"भुपु भेनाको चाकमा तेल लगाउन छोड्दैनन चाहे नागरिक्ता या राहधानि मुद्दा होस या त ठगेको पैसा सरकारि ऋणकाडेर तिर्ने यत्तिको सालो चाहिँ चाहिन्छ है त, गु खाए, गनायो चाहिँ नभन नि फेरि!!!!",goma tamang,yt:Goma Tamang RSP,comment
"खोज समाचार को भाइ।भिडियो को सुरु सुरु तिर बालेन रबि को गुट के के जाती फलानो ढिस्कानो भन्नू भयो।त्यसपछी जेन्जी आन्दोलन पछि पार्टी प्रवेश गरेका ले चौतर्फी अधिवेशन मा जित निकालिरहेका छन् पनि भन्नू भयो अनि अचानक चन्द्र दाइ को इन्ट्रो दिदै नदिइ वहाँ ले पार्टिलाइ गर्नु भएको योगदान को चै कुरै नगरी एकै चोटि चन्द्र राई ले जिते भन्दिएर भिडियो सक्दा कस्तो बुझ्छन दर्शक ले?
चन्द्र दाइ पनि संस्थापक मद्धे कै हो वहाँ लाई राम्रो चिन्दछु म अनि नेतृत्व गर्ने क्षमता पनि भएको मान्छे हो।शान्त सालिन अनि परेका ठाउँ मा बोल्न सक्ने पनि हुनुहुन्छ किन के दुश्मनी थियो भाइ जुन चन्द्र दाइ माथी निकाल्यौ?म हुन त रास्वपाको मान्छे हैन अनि अरु कुनै पार्टिमा पनि छैन तर भाइ ले बनाएको यो भिडियो बाट थाहा भयो कि भाइ को खोज कस्तो रैछ।",goma tamang,yt:Goma Tamang RSP,comment
Well said Mr.Lila Mani sir,leelamani gautam,yt:Leelamani Gautam,comment
"yo desh ko ek matra visionary party Maowadi Kendra, ahile ko gaupalika ma singadarbar (sthaniy tah-sarkar euta example.)",leelamani gautam,yt:Leelamani Gautam,comment
🙏❤️❤️❤️❤️❤️❤️🙏,leelamani gautam,yt:लीलामणि गौतम,comment
Ekdum Sahi kura!!,leelamani gautam,yt:लीलामणि गौतम,comment
कमिसन,leelamani gautam,yt:लीलामणि गौतम,comment
बैतडि पाटन एयरपोर्ट  को आएन,leelamani gautam,yt:लीलामणि गौतम,comment
Timiharu jasta media ho ni yesta neta ra timiharu ka soch lai sahi banayera bhadvailo desh banaune,leelamani gautam,yt:लीलामणि गौतम,comment
This is AMAZING!,leelamani gautam,yt:लीलामणि गौतम,comment
nice program,leelamani gautam,yt:लीलामणि गौतम,comment
KULMAN GHISHING NEPAL RA NEPALI KO  NAGARAKO AASA KO KARMA LA MATHI LANALAI ABSAR DINU CHHA GAGAN THAPA  JOU!!!,leelamani gautam,yt:लीलामणि गौतम,comment
रुकुम रोल्पा बाट माओबादी उदाएको थियो २०८२ मा आइपुग्दा माओबादी पनि बिसर्जन भैसकेको छ र प्रचण्ड पनि फागुन २१ को चुनाब बाट अस्ताउने निश्चित छ।,leelamani gautam,yt:Rukum Purba chunav,comment
Parchanda Ko jeet pakka sathai PM UML KO support ma,leelamani gautam,yt:Rukum Purba chunav,comment
Prachandalae dhulo chataunu parchhha magar Bhai ho,leelamani gautam,yt:Rukum Purba chunav,comment
😊,leelamani gautam,yt:Rukum Purba chunav,comment
Ncp✊✊✊✊✊⭐⭐⭐⭐⭐⭐⭐,leelamani gautam,yt:Rukum Purba chunav,comment
Cheparo,leelamani gautam,yt:Rukum Purba chunav,comment
Goyer jityo thik xa👍️,leelamani gautam,yt:Rukum Purba chunav,comment
प्रचण्डलाइ हराउनु पर्छ,leelamani gautam,yt:Rukum Purba chunav,comment
रूकुम रेाल्पा केा बंकर बाट निस्केका नेता घुम्दै फिर्दै पुनः बंकर भित्र पस्छन् तेही पुगे चुनाऊ बाट नै अन्त हुन।,leelamani gautam,yt:Rukum Purba chunav,comment
"ओलि,गगने र प्रचण्डे यसपटक सक्किनु पर्छ,इटहरी सुनसरी बाट ❤❤❤",leelamani gautam,yt:Rukum Purba chunav,comment
हत्यारा लाई हराईदिए हुने थियो।,leelamani gautam,yt:Rukum Purba chunav,comment
"प्रचण्डको दिन अब आगोमा स्वाहा । यो प्रचण्डले आफै स्विकार्दै ""म जब सम्म जिउँदो छु तब सम्म मुलुकमा तहल्का मच्चाउने छु ""। भनेकै छ , तर अब नेपाली जनताले मुलुकमा अशान्ति , असुरक्षा चाहदैन त्यसको लागी प्रचण्डले
2082 फाल्गुन 21 को निर्वाचनमा पराजित हुनु आवश्यक छ । पराजितभै एक मात्र छोरी रेनु दाहालको भारत स्थित घरमा लुकेर बसि depression को उपचार गराउने । उपचार खर्चको लागी जनयुद्धमा लुटपाट गरेको golden king Midas को तिजोरी छदै छ ।",leelamani gautam,yt:Rukum Purba chunav,comment
जन्ता जनार्दन हो सचेत यदि भयभने जित हार वार पार त्यहि जन्ता को हात मा छ। सुझ न बुझ को जन्ता भय दुःख आफै पाउने त हो।,leelamani gautam,yt:Rukum Purba chunav,comment
आटंकारी प्रचण्डलाई  कुनै  पनि हराउनु पर्छ सन्दिप पुनलाई  जितको हार्दिक  शुभकामना,leelamani gautam,yt:Rukum Purba chunav,comment
"के.पि, गगने, प्रचण्डे सहित पुराना भष्ट्र नेताहरू हार्न आवश्यक छ ।",leelamani gautam,yt:Rukum Purba chunav,comment
अब पनि यो आतककारी लाई हरादिनु हुन रुकुम जनता अनरोध गर्छु ।,leelamani gautam,yt:Rukum Purba chunav,comment
१७००० हजारको रगत पियको छ। केपि प्रचण्ड गगन पत्तासाप हुनै पर्छ।,leelamani gautam,yt:Rukum Purba chunav,comment
प्रचण्ड जसरी आफ्नो रंग फेर्न माहिर छन् यसै गरी निर्वाचन क्षेत्र पनि सो यो मान्छे चुनाव मा हार्नु पर्छ ।,leelamani gautam,yt:Rukum Purba chunav,comment
सन्दीप पुनका आमा बुवाको हाम्रो सुदूरपश्चिममा रगत बगेको छ । उनका आमा बुवा क्रान्तिका सिपाही हुन । अहिले नेताहरू बिचौलियाका दोस्त मात्र भएका छैन उनीहरुको बिचौलिया सित साँझेदारी चलिरहेको छ ।  सहीदको बलिदान  अविस्मरणीय मात्र हैन ऐतिहासिक पनि छ । महान रुकुमेली जनतालाई मेरो अनुरोध छ : प्लीज तिनै सहिद पुत्र सन्दीप पुनलाई जिताइदिनु है ।,leelamani gautam,yt:Rukum Purba chunav,comment
अब तिमिनै देशको समस्याको समाधान होरा देश अप्ठेरो पार्ने तिमिहरु नै हो,leelamani gautam,yt:Rukum Purba chunav,comment
जाहा बाटा सुरु भयो तै बाटा खतम हुने छ कलियुग को बास्ताबिक हो,leelamani gautam,yt:Rukum Purba chunav,comment
प्रचण्डलाई हराउन सन्दीप पुन मगरलाइ जिताउन आँखा चुनाव चिन्हमा मतदान गरौ।,leelamani gautam,yt:Rukum Purba chunav,comment
👍 👌 ok,leelamani gautam,yt:Rukum Purba chunav,comment
😮,leelamani gautam,yt:Rukum Purba chunav,comment
Prachandalai haraunai parxa,leelamani gautam,yt:Rukum Purba chunav,comment
अपराधीलाई कतै ठाउँ मिल्नुहुन्न।,leelamani gautam,yt:Rukum Purba chunav,comment
माउबादीभनेपछी जनतामाघृणापैदाहुन्छ करबलपैसाकोपाउर जालझेल डरधमास हुनीसम्मछलबलले जीत्तैआकोहो अबत जनताथाकेहोलान।।,leelamani gautam,yt:Rukum Purba chunav,comment
Good analysis...❤❤,leelamani gautam,yt:Rukum Purba chunav,comment
जेयान्मारा हार्नै पर्छ १७००० हजारको रगत पियको छ। केपि प्रचण्ड गगन लाई पत्तासाप हुनै पर्छ। जय घण्टी जय रबि जय बलेन,leelamani gautam,yt:Rukum Purba chunav,comment
Rukumko janata sachet hunuhola,leelamani gautam,yt:Rukum Purba chunav,comment
प्रचण्डे लाई हराऊँने लाई मूरी मूरी शुभ कामना,leelamani gautam,yt:Rukum Purba chunav,comment
गाह्रो छ,leelamani gautam,yt:Rukum Purba chunav,comment
1700 नेपाली जनता हत्यारा लाई जिताउनु हुन्न।,leelamani gautam,yt:Rukum Purba chunav,comment
प्रचण्ड को कम्जोर नशो पत्तालगाउँने खड्के नै होलान् ।,leelamani gautam,yt:Rukum Purba chunav,comment
कुनै  पनि मुल्यमा जनहत्यारा प्रचण्डलाई  हराउनु पर्छ,leelamani gautam,yt:Rukum Purba chunav,comment
तीन पार्ती का काले काले काले नै हो दृश र जनता कङाल --- जृनणजी युवाहरसको भविष्य माथी खेल वाड गर्द‌ आयका डाणवहरुको अत्य गर्नै पर्छ---,leelamani gautam,yt:Rukum Purba chunav,comment
Jaya ghanti 🔔🔔🔔🔔🇳🇵,leelamani gautam,yt:Rukum Purba chunav,comment
Yas harauny parxa Yas ko xori harisakyo aba yo Baki xa,leelamani gautam,yt:Rukum Purba chunav,comment
100%  Rukum purba ma jit hasil garerai xadxan ok,leelamani gautam,yt:Rukum Purba chunav,comment
prachanda lai haraunu rukumeli janta ko hit hune chha,leelamani gautam,yt:Rukum Purba chunav,comment
"Prachanda le jitlan, najitlan, thaa xaina, tera hajur le chai hamro maan jiti rakhnu vako xa hai madam",leelamani gautam,yt:Rukum Purba chunav,comment
"पुर्ब-पश्चिम् जतै बाट लडे पनि प्रचण्ड ले यो चुनाब हार्नैपर्छ ! 
जय सुपा देउराली , 🙏",leelamani gautam,yt:Rukum Purba chunav,comment
परचणड ले हारनै परदछ याे अपराधि हाे,leelamani gautam,yt:Rukum Purba chunav,comment
जित्न अब मुस्किल छ कमरेट,leelamani gautam,yt:Rukum Purba chunav,comment
आतन्ककारीका जमाना गए ! जय जय नेपाल,leelamani gautam,yt:Rukum Purba chunav,comment
केपि गगन हार्नै पर्ने छ ! शेरे आर्जु पाखा लाए पछि अब यी दुईलाई पनि पाखा लगाए नयाँ ले भ्रष्टाचारी लाई तहा लगाउलान कि ?,leelamani gautam,yt:Rukum Purba chunav,comment
😁😁😁😁,leelamani gautam,yt:Rukum Purba chunav,comment
"Desh  chalauna yogya neta prachanda,janta tapaiko sath xn❤",leelamani gautam,yt:Rukum Purba chunav,comment
Chunab jitna ka lagi j pani garni emale sanga mileara hunxa ki congress hunxa ki aru jitna matrai uddesiya ho ek choti bheda banayera jitiyo bhane 5 barsa lai bhrama lut tara yo palta garo xa sarkar raswapa ko hunxa salary bahek kehi aru aas nagera hunxa aru party ka jiteka samsad haru,leelamani gautam,yt:Rukum Purba chunav,comment
Kasaile jitnai parne kasto chunav hunchha ? Harjit hunchha chunavma.,leelamani gautam,yt:Rukum Purba chunav,comment
Jitxa,leelamani gautam,yt:Rukum Purba chunav,comment
रुकुम बासी सावधान प्रचण्डलाई नजिताउनु होला नत्र पछुताउनु पर्ला।,leelamani gautam,yt:Rukum Purba chunav,comment
रुकुम को जनता को हात मा छ,leelamani gautam,yt:Rukum Purba chunav,comment
हार्नै पर्ने  मान्छे  न हारेर को हार्छ त जनता को जनबाद ल्याउने  कमान्डर भन्ने सुनिन्थ्यो  त कहिले  हो,leelamani gautam,yt:Rukum Purba chunav,comment
छेपालेको बोलीमा षध्यन्त्र छ........,leelamani gautam,yt:Rukum Purba chunav,comment
Impossible ❌,leelamani gautam,yt:Rukum Purba chunav,comment
तारा हो भाई बैनी तारा,leelamani gautam,yt:Rukum Purba chunav,comment
अब पनि रुकुमको जनताले प्रचण्डलाई भोट हाल्छन् भने त्यहाँका जनताको काम छैन।,leelamani gautam,yt:Rukum Purba chunav,comment
ह रानु प छ् 😊,leelamani gautam,yt:Rukum Purba chunav,comment
Mo mero kuldev Karpakeli sanga pray gorxu ki yo 17k hatayara abo sir thank gorna koile koile sakne xoina,leelamani gautam,yt:Rukum Purba chunav,comment
"यो चुनावमा प्रचण्ड हार्नुपर्छ। देशलाई सिङ्गापुर बनाउछु भनेको २० वर्ष हुनै लाग्यो, देशमा उल्लेखनीय केही काम गर्न नसक्ने मान्छेले ठाउँ ‌ओगटेर बसिराख्नु हुँदैन।",leelamani gautam,yt:Rukum Purba chunav,comment
सेर बहादुर आफै बहिरे अब पालो केपि र प्रचण्डको। संम्सदमा प्रतिपक्छे नि नया आउनु पर्छ।,leelamani gautam,yt:Rukum Purba chunav,comment
हार्नु पर्छ,leelamani gautam,yt:Rukum Purba chunav,comment
यसपटक भ्रष्टहरुलाई सराप लाग्नेछ।सबै हार्नेछन।जय घण्टी 🔔🙏🇳🇵,leelamani gautam,yt:Rukum Purba chunav,comment
"Comrade Prachanda jiu, kina daraunu vako hajur?",leelamani gautam,yt:Rukum Purba chunav,comment
विस्लेशन गर्न पायाे त।,leelamani gautam,yt:Rukum Purba chunav,comment
आधा समस्या समाधान हुन्थियो यो हारे,leelamani gautam,yt:Rukum Purba chunav,comment
"Parchand lai haraunu hudeyna 
Desh ko lagi ati aawasyakta ho parchand",leelamani gautam,yt:Rukum Purba chunav,comment
यसलाई नेपाली भाषामा असन्तुष्ट ब्यक्त गरेको भनिन्छ गुनासो होइन। त नलायकहरु नेपाली भाषा पनि आउदैन भने पहिला सुधार अनि पत्रकारता गर।,leelamani gautam,yt:Rukum Purba chunav,comment
"Yesta dahi chiure parchanda lai tehaka janata le harauna parxa ,jay pun",leelamani gautam,yt:Rukum Purba chunav,comment
Fataha.....,leelamani gautam,yt:Rukum Purba chunav,comment
Kp prachanda GAGAN harke bahiskar garau desh banau 🙏🙏🙏,leelamani gautam,yt:Rukum Purba chunav,comment
"प्रचन्डले हरेक चुनावमा किन ठाउ फेर्छन अब ठाउँ फेर्नेदिनगयो जनयुद्ध को नाममा १७००० जनाको हत्या गरेर राजनेता को पद हासिल गरे पश्चात प्रचन्ड ले देश र जनताको लागि केगरे देश र जनतालाइ दोहन गरेर भरस्टाचार गरेर अकुत सम्पत्ति जम्मा गरे माओवादी पार्टी समाप्त गरेर आजका दिन फेरी जनताको आँखामा छारो हाल्नको लागि जनतासँग छलकपट षणयन्त्रमा लागि परेकाछन् यस्ता भरस्टाचारी र हत्यारा लाइ फेरी जिताउनु देशसित हद
दारीगर्नुहो",leelamani gautam,yt:Rukum Purba chunav,comment
के पी आफु हारे प्रचन्ड पनी हारे साथी हुन्छ भनेर,leelamani gautam,yt:Rukum Purba chunav,comment
जय घण्टी जय रुकुम,leelamani gautam,yt:Rukum Purba chunav,comment
रुकुमबाट देखि उदाएको परचण्डमुण्ड रुकुमबाट अस्ताउछ ।,leelamani gautam,yt:Rukum Purba chunav,comment
"Samsad 
Bhawan Jane bato Banda garnu parchha hai 
Rakumaka babu Ama Daju Bhai
Didi Bahiniharu",leelamani gautam,yt:Rukum Purba chunav,comment
Yo bhai Lai jitaunu parxa,leelamani gautam,yt:Rukum Purba chunav,comment
त्यहाका जनताले हराउनै परछ त्यौ लुटेरालाई,leelamani gautam,yt:Rukum Purba chunav,comment
केपी ओलि र प्रचण्डले हर्नु पर्छ  सधैंका लागि,leelamani gautam,yt:Rukum Purba chunav,comment
Congratulations 👏🇻🇳🇻🇳🇻🇳🇻🇳🇻🇳🇻🇳🇻🇳,leelamani gautam,yt:Rukum Purba chunav,comment
"पृथ्वीनारायण शाह स्मृति प्रतिष्ठान ।
गोंगबु काठमाडौ ।",leelamani gautam,yt:Rukum Purba chunav,comment
"रुकुममा हार्दैन किनकी त्यो माओवादीको गढ हो त्यसमाथि जनता सिधा र अशिक्षयति छन किनेर ,धम्काएर,फकाएर भएपनी जित्छ",leelamani gautam,yt:Rukum Purba chunav,comment
"प्रचण्ड जि, तपाईं हरुले एमाले लाई खेदो  खनेको झलझलि अँखा मा छ, र तपाईं हरुकै कारण ले गर्दा देश मा अहिले यो समस्या आएको हो ।",leelamani gautam,yt:Rukum Purba chunav,comment
रुकुम पुर्बका जन्ताले यसपाली प्रचण्ड लाई हराउन सकेनन भने देश ले अझै दुख पाउछ त्यसैले प्रचण्ड लाई हराउनु पर्छ अरु जसले जित्दा पनि हुन्छ,leelamani gautam,yt:Rukum Purba chunav,comment
Harna parxa sabai,leelamani gautam,yt:Rukum Purba chunav,comment
जुन पार्टीको उमेदवारले जित्छ उसैको फोटो राखेको छैन तिमीले😅😅 राशोपाले जित्छ अहिले🎉,leelamani gautam,yt:Rukum Purba chunav,comment
Jay parchanda,leelamani gautam,yt:Rukum Purba chunav,comment
हराउनु पर्ने देखिएकाे भएर हाेला किनकी २३-२४ काे घटनामा तपाईंको पार्टीको पनि सँलग्नता देखिन्छ ।,leelamani gautam,yt:Rukum Purba chunav,comment
Jay des Jay kamred prachanda,leelamani gautam,yt:Rukum Purba chunav,comment
प्रचनडे केपी ओली सेरे देउवा बाबुराम राम्चन्द्र पौेल पतन गरेन भने देस कैलेपनी बनीन दैन मेरो लॉडो को घेरो जस्तो जै जेनजी पुस्ता 🇳🇵🇳🇵🔔🔔🔔🔔🔔🔔🔔🔔🔔🔔🔔🔔🔔🇳🇵,leelamani gautam,yt:Rukum Purba chunav,comment
Sure harxan Prachanda le.,leelamani gautam,yt:Rukum Purba chunav,comment
Vrasta haru harne  dar le  mukh nee chopne mala lagaera mukh chopeko rahicha😅😮,leelamani gautam,yt:Rukum Purba chunav,comment
Rukumka jantale ghantima Bhot haler parcanda lai haraunuparchha,leelamani gautam,yt:Rukum Purba chunav,comment
हराउनु पर्ने हो यो पाली भोट हाल्दा जनताले जानी बुझी भोट हाल्छन होला,leelamani gautam,yt:Rukum Purba chunav,comment
Garlands लगाऐर ठूलो नेता बनदैन l,leelamani gautam,yt:Rukum Purba chunav,comment
"प्रचण्ड बुढो काम छैन है....! कामै छैन....! हिजो, तेहि भस्त्राचारी कांग्रेस र एमाले लाई साथ दियेको हो....! प्रचण्ड लाई हराउनै पर्छ ...., हार्नु पर्छ....!!!!!",leelamani gautam,yt:Rukum Purba chunav,comment
Purana  neta ko boli ma na fsnu hola...,leelamani gautam,yt:Rukum Purba chunav,comment
अरु केपीले शेरबहादुरले त जनतालाई झुक्याएका हुन् ढाँटेका हुन् सोझा जनतालाई जालमा पारेका हुन् यो ढाकाले त मान्छे मारेर आएको हो नि। सबैभन्दा बढी यो देश बिगार्नुमा यसैको हात छ हराउनैपर्छ। रुकुमका जनताले मनमा हात राखेर हराउनुपर्छ होला।,leelamani gautam,yt:Rukum Purba chunav,comment
"पाउना लाई होईन त्यहाँ रहिथानिलाई भोट दिउ ।
यि आज यता भोलि कता",leelamani gautam,yt:Rukum Purba chunav,comment
8:21 parbat ke huna कुसुम thapa mero gau ke,leelamani gautam,yt:Rukum Purba chunav,comment
जसरी पनि चुनाव जित्नै पर्ने?ठीक गरे ओलीले एउटै क्षेत्र बाट चुनाव लड्ने दम नभएको जनतिरष्कृत मान्छे रुहावट हो।,leelamani gautam,yt:Rukum Purba chunav,comment
"नेपाली जनतालाई सधैं झूट बोल्ने, भ्रष्ट, संसद मा हल्ला मात्र गर्ने तर काम नगर्ने पुराना खराब नेता जस्तो कि ओली, गगन, प्रचण्ड हरु जस्ता  लाइ  यो चुनावमा भोट नदिनु होला।",leelamani gautam,yt:Rukum Purba chunav,comment
Yo batase prachanda lai utano parnai parcha.,leelamani gautam,yt:Rukum Purba chunav,comment
"घण्टी का झोले हरु social media मा भुकेर केहि हुन्न result त फाल्गुन 21मा आउँछ। अरु केही गर्ने हुति छैन, यहि social media मा भुक्ने त होनि।",leelamani gautam,yt:Rukum Purba chunav,comment
अब पनि यस्लाइ भोट हाल्ने रुकुम पुर्बी जनता भेडा हुन भन्ने बुझिन्छ त्याँहा बाट जितेर यस्ले के गर्छ आफ्नो स्वार्थ लुट्न काठमाडौ भाग्छ,leelamani gautam,yt:Rukum Purba chunav,comment
"सहजै जित्छन् लाग्छ मलाई चै
किनकि प्रचण्डलाई जनयुद्ध कालदेखि नै पार्टी नेतृत्व मात्रै नभै देशकै नेतृत्व मान्दै आएका छन् ,अपवादमा २/४ जनाले विरोध गर्नु अस्वभाविक हैन।",leelamani gautam,yt:Rukum Purba chunav,comment
प्रचण्ड भन्ने कहाँ को के होर चुनाब हार्नै नहुने ???,leelamani gautam,yt:Rukum Purba chunav,comment
बिन्ती छ रुकुम को जनताहरु अब पनि  यो भ्रष्ट प्रचण्डे हत्यारालाई भोट दिनु हुन्छ भने तपाईं हरुले सुख पाउनु हुने छैन । अब काङ्ग्रेस एमाले माओवादी खाओबादी रा प्र पा कुनै पनि भ्रष्ट हरुलाई नजिताउनु होला ।नया लाई जिताएर मौका दिनु होला । जय माटो,leelamani gautam,yt:Rukum Purba chunav,comment
"पुष्प कमल दाहाल (प्रचण्ड) ले अब सक्दो छिट्टो राजनीति बात सन्यास लिनु पर्यो।  किनकि तिमीले अहिलेसम्म केहि गर्नु सके छैन, आफ्नै कामरेड हरुलाई धोका दिनु बाहेक।  तिमीले ध्यान दिनु पर्छ कि आफ्नै छोरा र छोरी हरु लाई संसद बनाएपछि, नेपाली जनताले तिमीलाई बिश्वास गर्नु सक्छ ?",leelamani gautam,yt:Rukum Purba chunav,comment
प्रचण्ड kp oli गगनथापा  ईतिन्जनाले हार्नुपर्छ  अनिमात्र।देशले शासफेर्छ,leelamani gautam,yt:Rukum Purba chunav,comment
Prachanda daraunu ko main karan…1. balen jati ko like comment kinna na sakne haisiyat bhako le 2. Pratigaman Kari le sunyojit rup ma sadyantra gareko le,leelamani gautam,yt:Rukum Purba chunav,comment
Aba prachanda lai rukum purba ma rukumeli janatale badera ghas halxan....,leelamani gautam,yt:Rukum Purba chunav,comment
Japali Janta r purbi rukum ko Janta katiko sichhit x herno Baki x hai,leelamani gautam,yt:Rukum Purba chunav,comment
"बालेन र रवि विदेशी दलाल हुन जमानत जफत हुन पर्छ।  मुसाफर हरु को हात मा देश 
जानुदिनु हुदैन।",leelamani gautam,yt:Rukum Purba chunav,comment
थुक्क ज्यान मारा😂😂😂,leelamani gautam,yt:Rukum Purba chunav,comment
प्रचण्डले जसरि नि हार्नु पर्छ,leelamani gautam,yt:Rukum Purba chunav,comment
Kasaile ak choti dhoka dinxa vane tapaiko galti hoina tar dosro choti tei bekti Lai Biswas garer feri dhoka khanu vaneko tapaiko afnai galti hunexa... Herau purbi rukum ka  Janata ma Kati Chet xa,leelamani gautam,yt:Rukum Purba chunav,comment
प्रचण्डजी केपी ओलीलाई चिनेको थिएन र सुनाउनुपर्यो। कसलाई सुनाएको यस्ता कुराहरू तपाईँहरूको केपीसँग आन्तरिक होइन र तपाईँहरूको त आन्दोकाँसिएको हो केपीसँग,leelamani gautam,yt:Rukum Purba chunav,comment
JAY balen jay ravi Jay ghanti jay rasopa jay Nepal vote for GHANTI 🔔🔔🔔🔔🔔🔔🔔🔔🔔🔔🔔🔔🔔🔔🔔🔔🔔🔔🔔❤️❤️❤️❤️❤️❤️❤️❤️❤️❤️❤️❤️❤️❤️❤️❤️,leelamani gautam,yt:Rukum Purba chunav,comment
झिगा को सराप ले डिगो मर्दैन,leelamani gautam,yt:Rukum Purba chunav,comment
Tyo jyanmara lai purbi Rukumelile dhapam haai only Sandip,leelamani gautam,yt:Rukum Purba chunav,comment
प्रचण्ड ले हार्नै पर्छ ।,leelamani gautam,yt:Rukum Purba chunav,comment
याे ज्यान्मारा प्रचन्डे लाई त्याहा काे जन्ता ले जिराे बनायर पठाउनु हाेला,leelamani gautam,yt:Rukum Purba chunav,comment
प्रचण्ड को काम छैन पुर्बी रुकुम मा सिद्धै हार्छ।,leelamani gautam,yt:Rukum Purba chunav,comment
तिमि चाहिँ काे हौ र जिताइदिन पर्ने ।,leelamani gautam,yt:Rukum Purba chunav,comment
Bichaara runa maatra sakeko chhaina,leelamani gautam,yt:Rukum Purba chunav,comment
केपिरपरचनडलाइेहराउनुपरछ,leelamani gautam,yt:Rukum Purba chunav,comment
प्रचन्डले हारेर देशमा भुइचालो जादैन ।झन देशलाइ फाइदाछ।,leelamani gautam,yt:Rukum Purba chunav,comment
रुकुम मा sandib पुनः r कुसुम ले Jitx ❤❤❤,leelamani gautam,yt:Rukum Purba chunav,comment
Rukum purbama ji hunxa prachandako,leelamani gautam,yt:Rukum Purba chunav,comment
17 हजार को हतेरा,leelamani gautam,yt:Rukum Purba chunav,comment
😂😂😂😂😂😂😂😂😂,leelamani gautam,yt:Rukum Purba chunav,comment
Harani parcha,leelamani gautam,yt:Rukum Purba chunav,comment
prachada harnu parcha dhesh ko sanai ko lagi,leelamani gautam,yt:Rukum Purba chunav,comment
Baun lai vot denu hunna😂😂,leelamani gautam,yt:Rukum Purba chunav,comment
Purana lai aba bye bye garam janta,leelamani gautam,yt:Rukum Purba chunav,comment
यसपाली हार्ने निश्चित,leelamani gautam,yt:Rukum Purba chunav,comment
Jay ghanti jay rukum chorlai no bhot lat thok,leelamani gautam,yt:Rukum Purba chunav,comment
Ne ta ko vusiya report r ho muji❤❤❤❤❤❤❤❤,leelamani gautam,yt:Rukum Purba chunav,comment
Harnu ra haraunu parxa,leelamani gautam,yt:Rukum Purba chunav,comment
"Prachanda harxa ,yo hatyara ho.",leelamani gautam,yt:Rukum Purba chunav,comment
त्या पनि प्रचन्ड मुर्गा,leelamani gautam,yt:Rukum Purba chunav,comment
Z  जेलेस्की बाट देश बचाऊ ।😂😂😂😂😂😂😂😂😂😂😂😂😂😂😂,leelamani gautam,yt:Rukum Purba chunav,comment
We LOVE Prachanda-Madhav! Our vote for NeKaPa 5*,leelamani gautam,yt:Rukum Purba chunav,comment
Prachanda hare 17000 paribbar neya pauchha harnai parchha,leelamani gautam,yt:Rukum Purba chunav,comment
"prachanda haryo vani 2 kilo mutton lyaerw khanxuh 😁
kamta majja aauthyo yo aatankaari harey",leelamani gautam,yt:Rukum Purba chunav,comment
Harnu parcha prachande,leelamani gautam,yt:Rukum Purba chunav,comment
त्यो 17000 को हत्यारा आतंककारि लाइ हराउनै पर्छ,leelamani gautam,yt:Rukum Purba chunav,comment
प्रचण्डको लाजमर्दो हर्कत ! जनताको छोराछोरी राष्ट्रपति बन्न पाउने ब्यवस्था भन्ने एउटा उमेदवार वनेको नेतालाई मलाई हराउन उठायो भन्दा कस्तो लाजमर्दो कुरा बोलेको  !,leelamani gautam,yt:Rukum Purba chunav,comment
parchanda harnu bhaneko desle harnuho,leelamani gautam,yt:Rukum Purba chunav,comment
सन्दिपले जित्नु पर्छ,leelamani gautam,yt:Rukum Purba chunav,comment
Bot Ganti ma Jay Ganti,leelamani gautam,yt:Rukum Purba chunav,comment
Prachanda lae dhulu chataunu parchha,leelamani gautam,yt:Rukum Purba chunav,comment
"रूकमेली जनताहरूले प्रचण्ड लाई जमानत जफत हुने गरी हराएपछि,दोन्द आन्दोलनमा शहिदहरू र अपांग घाइतेहरूको मनले शान्ति पाउने छन् lजय घण्टी,  रूकमेली जनताहरूको जय,मातृभूमि नेेपालको जय 😮😮😮",leelamani gautam,yt:Rukum Purba chunav,comment
छ्पाराे काे बाेलि ।,leelamani gautam,yt:Rukum Purba chunav,comment
Jungal batta ayeka hatyara jyanmara,leelamani gautam,yt:Rukum Purba chunav,comment
प्रचन्ड ले हारे सिङ्गो नेपाल आमाले जित्ने छ❤,leelamani gautam,yt:Rukum Purba chunav,comment
your media is guided  and not trustworthy.... Prchanda is the only leader who has been always relevent for our contemporary politicis.. He will win and must win ...,leelamani gautam,yt:Rukum Purba chunav,comment
Thank you Bhushanji for bringing respected Lilamani Sir in Tough Talk. Wish you very happy retirement Lilamani Sir!,leelamani gautam,yt:Leelamani Gautam UML,comment
Thanks bhusan ji  for great talk,leelamani gautam,yt:Leelamani Gautam UML,comment
iconic public servant....u r really great Lilamani sir,leelamani gautam,yt:Leelamani Gautam UML,comment
He is Great,leelamani gautam,yt:Leelamani Gautam UML,comment
"BhusanJi Hajur Ko gestures man parena ajako yo episode ma, chair ma basda alik nahalliya hune ni!",leelamani gautam,yt:Leelamani Gautam UML,comment
टिकाराम जि आजको तपाइको प्रस्तुति अनि प्रश्न गर्ने शैली प्रती सायद आज सबै दर्सकहरुको आपत्ति रह्यो मलाइत झ्वाक चल्यो तपाइको प्रस्तुतिले माफ गर्नु होला डाक्टर भिम रावल ज्यु को क्षमतामा तपाइँको प्रश्न सुहायन,leelamani gautam,yt:Leelamani Gautam UML,comment
"इष्ट इण्डिया कम्पनीले भारत खाएको थियो,
द मिलेनियम च्यालेञ्ज कर्पोरेसनले नेपाल खान खोज्दै छ!
एमसीसी नेपाललाई धोका हो, देशको सार्वभौमिकता प्रति प्रहार हो!
सचेत हौं, आधुनिक दास नबनौं!!",leelamani gautam,yt:Leelamani Gautam UML,comment
एमसिसी कुनै पनि हालतमा जस्ताकोतस्तै पास गरियो भने  एक एक गरेर काट्नुपर्छ,leelamani gautam,yt:Leelamani Gautam UML,comment
"@Yatriji ले आफ्नो कुरा लाद्नु हुँदैन, यसपाली वक्तालाई बोल्न नदिएको आरोप तपाईं माथि लाग्नेछ। आगामी दिनमा सच्चिनु होला। -सुभेच्छुक",leelamani gautam,yt:Leelamani Gautam UML,comment
पत्रकार महोदय mcc को 77 पेज को सम्झौता लगेर पढ अनि बहस गर अर्का ले मोबाइल मा पठाएको पढेर बहस नगर,leelamani gautam,yt:Leelamani Gautam UML,comment
सबै साथी हरु भोलि MCC को  खुल्ल बहस ४ बजे देखि सुरु हुँदै छ सबै भोलि ४ बजे देखि नै जोडिनु होला !!! ज्ये देस ज्ये नेपाल टिकाराम दाइ 🙏🙏🙏,leelamani gautam,yt:Leelamani Gautam UML,comment
I am with honourable Dr Bhim Rawal in this interview. Mr tikaram yatree seems like mission oriented here.,leelamani gautam,yt:Leelamani Gautam UML,comment
"टिकाराम जी को MCC अध्ययन कम हो कि जस्तो झल्कियो, MCC को गिजोलो समाप्त गर्न लिनुभएको अग्रसरता सकारात्मक छ, आजको कार्यक्रम हेर्न उत्सुक छु !",leelamani gautam,yt:Leelamani Gautam UML,comment
खरायोको सिकारमा अभ्यस्थ टिकाराम यात्री आज बाघको सामने परे।,leelamani gautam,yt:Leelamani Gautam UML,comment
साच्चै नेपालीको मन बुज्ने गरी जबाफ दिनुभो भिमरावल ज्यु सलुट छ।🇳🇵🇳🇵🇳🇵,leelamani gautam,yt:Leelamani Gautam UML,comment
आज टीकाराम जि mcc प्रती आकर्षक हुनु भो बुझ्न गाह्रो भो ??,leelamani gautam,yt:Leelamani Gautam UML,comment
रावोल ज्यु लाई हामी 3 करोड नेपाली हरुले सलाम गर्दछुँ NO MCC 🙏🙏,leelamani gautam,yt:Leelamani Gautam UML,comment
टिकाराम सर ले नेपाल को पत्रकार कि MCC को म एउटा मात्र  बहस सुन्न लायक लाग्थ्यो उहाँ को तर निराश बनाउनु भो।,leelamani gautam,yt:Leelamani Gautam UML,comment
Nation leader we all are support your nation issue  and nation  benefit,leelamani gautam,yt:Leelamani Gautam UML,comment
टिका जी MCC को हरेक दफ़ा पढ़नु होला फलानोले यसो भन्यो ढ़िस्कनोले  उसो भन्यो भनेर प्रश्न नसोधनुहोला भोलिको कार्यक्रममा,leelamani gautam,yt:Leelamani Gautam UML,comment
राष्ट्रियताको मुद्दामा भिम रावल संग।,leelamani gautam,yt:Leelamani Gautam UML,comment
टिकाराम जि पहिला अध्ययन गर्नुपरो mcc को पुरा कम्प्याक्ट्।,leelamani gautam,yt:Leelamani Gautam UML,comment
dr. Rawal very good ❤️❤️,leelamani gautam,yt:Leelamani Gautam UML,comment
Rawal Sir You r Great for Nepal & Nepali Thank you so much.,leelamani gautam,yt:Leelamani Gautam UML,comment
टीकारामजी पहिला मुसुक्क हाँस्ने मान्छे आज किन यति रातोपीरो? ऋषि धमलाको तरिका तपाइलाई सुहाएन है!,leelamani gautam,yt:Leelamani Gautam UML,comment
डा. साब आजको बहसमा आउनु पर्छ।,leelamani gautam,yt:Leelamani Gautam UML,comment
कता कता बिकास गर्ने हो सेयर आवान गर 2/4 हजार गरि हामी तयार छौत,leelamani gautam,yt:Leelamani Gautam UML,comment
मान्य डा.भिम रावाल ज्यूको MCC बिषयमा स्पस्ट छ तेति भन्दा पनि अजै एक्लै बनाउन खोज्छ भने भोलिका दिनमा MCC ले गर्दा नेपालको नाम निशान नै हराउने अबस्था अायो भने तेति बेला पछुताप गरेर केही हुन सक्दैन! २ करोड ५० लाख जन्ता mcc बिपक्षामा छौं।,leelamani gautam,yt:Leelamani Gautam UML,comment
रास्ट्र जोगाउने येस्तै नेता ले हो क्या प्रष्ट बिचार प्रखर बक्ता र देश भक्ति भाब झल्काउने अभिव्यक्ति वा वावा,leelamani gautam,yt:Leelamani Gautam UML,comment
भिमराहुलजिले बोलेको कुराले जनताको मनमा छुन्छ।🙏🙏🙏🙏🙏,leelamani gautam,yt:Leelamani Gautam UML,comment
Bhim rawal अगाडि वढ्नुस,leelamani gautam,yt:Leelamani Gautam UML,comment
यसपटक भिम रावललाई आखा चिम्लेर साथ दिनुपर्छ सबै नेपालीले,leelamani gautam,yt:Leelamani Gautam UML,comment
wait from india jay Nepal loved Nepal,leelamani gautam,yt:Leelamani Gautam UML,comment
हैन यात्री जी ले mca को निर्देसकले जे जसरी ब्याख्या गर्यो त्यो authentic हो भनेर किन बार बार भन्न पर्यो ? सम्झौता mca को website मा नेपाली र english मा देको छ त  । त्यो किन नपढ्या ?,leelamani gautam,yt:Leelamani Gautam UML,comment
I am with bhim रावल,leelamani gautam,yt:Leelamani Gautam UML,comment
पत्रकारको मपाइत्वो धेरै भो। आफै हाबी हुन खोज्ने  शैली ठिक लागेन। भिम जि को बिस्लेशन सहि छ।,leelamani gautam,yt:Leelamani Gautam UML,comment
टिका जि यो बहसले तपाइँको स्तर नांगियो॥ कि खड्गेको तलबि हो तपाइं?? प्रेसर हाइ भयो ठहरै पर्नुहोला है कुल हुनुहोस॥,leelamani gautam,yt:Leelamani Gautam UML,comment
Dhanyabad chha rawalji ramro study garer aunu bhayekoma. Tikaram yatrijile uthayeka harek question ko gatilo answer dinu bhayeko chha.,leelamani gautam,yt:Leelamani Gautam UML,comment
Aaj chahi yatri ji le mcc ko support gareko dekhyo khabardar,leelamani gautam,yt:Leelamani Gautam UML,comment
भिम रावल जस्तो नेता लाइ सलाम छ | mcc नेपाल  को लगि कदापि हित मा छैन |,leelamani gautam,yt:Leelamani Gautam UML,comment
"100%सहि हो 1000%ठिक हो 

जय नेपाल भिम रावल जी",leelamani gautam,yt:Leelamani Gautam UML,comment
विद्वान नेता भिम दाइको तर्क दमदार लाग्यो। 🙏🙏👍👍,leelamani gautam,yt:Leelamani Gautam UML,comment
"Dr.Rawal is 100 pc.right.
MCC ( USA)is equal to East India Company ( UK ).
Be careful, read carefully, 
Pay attention carefully before  Gov. signs any agreement.
सार्बभौम राष्ट्र को स्वतन्त्र न्यायपालिका को क्षेत्राधिकारलाई 
वाह्यले अतिक्रमण गर्न  मिल्छ ? गर्न खोजे के हुन्छ? सबैले बुझिराख्नु पर्छ ।",leelamani gautam,yt:Leelamani Gautam UML,comment
भिम रावल जि पहिले के थिए कस्ता थिए मलाई थहा छैन तर मैले जनेकाे देखि देस र जनता काे हित्काे कुरा गर्नु हुन्छ सलाम छ🇳🇵🇳🇵,leelamani gautam,yt:Leelamani Gautam UML,comment
"आजको बहसमा चाहिँ टीका जी अलि चुकेको देखियो, Mcc सम्झौता अध्ययन गर्नुको सट्टा अरुले भनेका कुराहरुमा मात्रै सिमित रही टिप्पणी गरेको देखे । भिम सरले अरुले भनेको भन्दा पनि सम्झौताका दफा अनुसारको टिप्पणी सही लाग्यो ।",leelamani gautam,yt:Leelamani Gautam UML,comment
Thank you Bhim sir for this wonderful comments.,leelamani gautam,yt:Leelamani Gautam UML,comment
देश बनाउने पनि बाहुन देश बिगार्ने पनि बाहुन जे गर्छ बाहुनले गर्छ!तर आज यात्री जि धेरै तातेको देखिएको छ किन हो गाली खानु मन लागेको होर तपाईंलाई🤨🤨🤨🤨,leelamani gautam,yt:Leelamani Gautam UML,comment
Very important  discussion  for Mcc due  to future  is our hand god bless you,leelamani gautam,yt:Leelamani Gautam UML,comment
"संविधानमा indian हरुको असन्तुष्टि chinese बि आर आई र american MCC को कोपभाजनमा परेर नेपालले आफ्नो हैसियत झन झन गुम्दै  जाने स्थिति त छैन ? यी तमाम चेपुवाबाट जोगाउदै अघि बढन सक्ने दृस्टी, दुरदर्शिता र ल्याकत राख्न सक्लान अहिलेको राजनैतिक नेतृत्वले ?",leelamani gautam,yt:Leelamani Gautam UML,comment
"Tika Ram Yatri G le,jun yo MCC based discussion ko initiative linu bha cha ,tasko laagi dherai dherai dhanyabaad cha.,tara falanale \dhimkana le bhaneko kura na bolum,chahe tyo PM nai kina nahos..,yesle tapaikai ejjat ghatcha..,baru contract document padera bolnus na..,underline garera dhekaunus tapaiko kura ,ya yo lekhya cha bhanera...,Go ahead Yatri G..,200% sure nepal wants this from u...all the best.",leelamani gautam,yt:Leelamani Gautam UML,comment
ऋषि धमला भएछ यो टिकाराम  यात्री पनि ।,leelamani gautam,yt:Leelamani Gautam UML,comment
सलाम छ भिम रावल लाई टिकाराम जस्तो पत्रकार लाई ट्वा पारिदिए,leelamani gautam,yt:Leelamani Gautam UML,comment
Great Dr rawal,leelamani gautam,yt:Leelamani Gautam UML,comment
यो mcc प्रसङ्गले धेरै नै गिजोल्यो !! जसरी तिकाराम जि प्रस्तुत हुनु पर्ने त्यो देखिएन !! जेहोस भिम रावल नेताज्युको बिज्ञतालाई मानै पर्छ !!to the point focused bhim rawal 🙏🙏🙏🙏🙏🙏🙏🙏🙏🙏🙏🙏,leelamani gautam,yt:Leelamani Gautam UML,comment
माननीय भिम रावललाई पनि अगामी बहस राख्दा आझै राम्रो हुन्छ नि।,leelamani gautam,yt:Leelamani Gautam UML,comment
I always with you.,leelamani gautam,yt:Leelamani Gautam UML,comment
Tikaram ji aaj tapailai ke bhayo aaj ko karyakram raksi khayera chalaunu bhayeko jasto po lagyo,leelamani gautam,yt:Leelamani Gautam UML,comment
सबैभन्दा राम्रो डा. भिम रावल लगायतका committee ले दिएको रिपोर्टको आधारमा सच्याउनु पर्ने बुँदामा छलफल गरेर अनुमोदन गरौ होइन भने यसलाई खारेज गरौ। हरेक दिन अनावश्यक बिबाद गरी समय खेर नफालौ। राष्ट्रिय स्वार्थ पहिलो प्राथमिकतामा हुनुपर्छ। Nepal First! 🇳🇵,leelamani gautam,yt:Leelamani Gautam UML,comment
Tikaram g Pani mcc ki bhag ma parejasto po lago,leelamani gautam,yt:Leelamani Gautam UML,comment
"Namaskar hajur ,tq hajurlye",leelamani gautam,yt:Leelamani Gautam UML,comment
खड्ग बहादुर बिष्टको बोली बोल्दैछ्न त आज टिकाराम यात्री 😐️,leelamani gautam,yt:Leelamani Gautam UML,comment
भिम ज्यु भोलि को बहस मा हजुर आउनु पर्यो।  टिकाजी ले तथ्यमा रहेर प्रश्न गरेको पाइए।,leelamani gautam,yt:Leelamani Gautam UML,comment
तेयाे कारेकरम मा भिमरावल र कांग्रेस का बरिषट नेता जाे भए पनि राखुनुस है फेरि बुदा बुदा नपढेर बिकासका कुरा मात्रै  हाेला हामिलाई बिकास हैन तेयाे संमजैता के हाे भनेकुरा चाहिएकाे छ जसले कालापानि जसताे नहाेस,leelamani gautam,yt:Leelamani Gautam UML,comment
धन्यवाद उहाको कुरा प्रसारण गर्दिनु भएको मा,leelamani gautam,yt:Leelamani Gautam UML,comment
निर्देसित प्रस्न सोध्दै छ यो मुला अध्ययन गर यात्री,leelamani gautam,yt:Leelamani Gautam UML,comment
Dr Bhim Rawal is sincerely a true great leader of Nepal. Interviewer should respect his diplomacy and knowledge of our Motherland.,leelamani gautam,yt:Leelamani Gautam UML,comment
अाज साच्चै.कडा बहसको पर्खाईमा छौ हामीसबै राष्ट्र प्रेमीहरु ।,leelamani gautam,yt:Leelamani Gautam UML,comment
"Good sir salam right  bhannuvo pass
Garnu hudain",leelamani gautam,yt:Leelamani Gautam UML,comment
Mcc बहसमा माननिय भिम रावल राख्नु पर्छ बिज्ञहरुसङ्गको बहसमा।,leelamani gautam,yt:Leelamani Gautam UML,comment
"Dr, Bhim rawal jyu tapainko pachhi hami sampurna bhaiharule chhaun yo mccko udesya thikdemhdina desh bachaunuhosh save.our Motherland, Jay Nepal JAY Greater Nepal,",leelamani gautam,yt:Leelamani Gautam UML,comment
Yatri laai pyak  pyak paaryo .hahaha.bhim rawal is tough,leelamani gautam,yt:Leelamani Gautam UML,comment
जनपक्षीय पत्रकारको छवि बनाएका टिकाराम जी को नियतमाथि शंका गर्ने प्रशस्तै ठाउँ छ । आजको प्रस्तुतिले ।,leelamani gautam,yt:Leelamani Gautam UML,comment
आज टिकाराम जि किन यति तातेको यिनी नि उतैका मान्छे हुन कि जस्तो लाग्यो,leelamani gautam,yt:Leelamani Gautam UML,comment
पदको कुन्ठाले अनेक समस्या निम्याउछ mcc वार कि पार सगै राजनीतिपनि वार कि पार हुनुपरो भिम रावल लाई मेरो आग्रह सम्पुर्ण वैदेशिक अनुदान एन्जियो आइएन्जियो पनि भगाउनु परो हामी हाम्रो देश आफै बनाउनु परो।,leelamani gautam,yt:Leelamani Gautam UML,comment
Kasle lekheko kura haru sodhnu vako tikaram ji tapaile...mcc ma lekheko kura bhim rawal ji sanga cha tyehi herera sodhe hunthiyo ni tapaile,leelamani gautam,yt:Leelamani Gautam UML,comment
"ma tikaram yatri sir ko tamasoma jyotirgama ko harek episode herne garxu, sarai ramro vaneko socheko jasto prasna priti prsna garnu huntheu, tara hijo ko episode le nirassa banai diyi , kina ki yatri  sir le mcc ko samjhauta ma j lekheko xa tyo vanda vahira gayera anabasek kura lai prathamikta diyeko dekhera dukhit xu , aasa xa uhale aaune dinma sachyaunu hunexa",leelamani gautam,yt:Leelamani Gautam UML,comment
अब dollar को आरोप टीकाराम सरलाई लाग्ने भो।,leelamani gautam,yt:Leelamani Gautam UML,comment
Dr. Bhim Rawal lai ni MCC bises bahas ma bolaunu paryo please,leelamani gautam,yt:Leelamani Gautam UML,comment
Tikaram ji tapai lai dherai thaha chaina raicha mcc ko barema Bharat dahal ji lai pani bolaunu ani thaha huncha tapai lai mcc ko barema ajhai ramro sanga....bhim rawol jindabad,leelamani gautam,yt:Leelamani Gautam UML,comment
भबिष्य को प्रधानमन्त्री भिम रावाल सर नमस्कार यो MCC देश र जन्ता को लागि घात हो यस लाई कार्यनोईन गर्नु दिनु हुन्न हजुर को साथमा जन्ता छ कहिलै पछि नहट्नुस,leelamani gautam,yt:Leelamani Gautam UML,comment
33:43 wow Bhim Rawal.    Kyaa answer,leelamani gautam,yt:Leelamani Gautam UML,comment
"भिम रावल सर, तपाईंलाइ यो सम्झाैता अच्छ्यरस प्रष्टयाइ दिनुभएकोमा मुरी मुरी धन्यवाद ।। टिकाराम सरको आउने शृङखलाको धेरै प्रतिच्छ्यामा छु ।। भरत दाहाल सरलाइ पनि समावेश गर्नुपर्यो र त्यो दलाल प्रकाश शरण महतेलाइ पनि।।",leelamani gautam,yt:Leelamani Gautam UML,comment
स्वणिम वाग्ले ले 50 अर्ब डलर भन्दै छ त????,leelamani gautam,yt:Leelamani Gautam UML,comment
डा• भीम रावलजीलाई बधाई !🇳🇵,leelamani gautam,yt:Leelamani Gautam UML,comment
टिका अर टिप्पणी हेरेर हार मान्नु भन है । आज दुध को दुध पानी को पानी छुट्याउनु पर्छ । बेलुका डा: रावल लाइ पनि ल्याउनु पर्छ ।,leelamani gautam,yt:Leelamani Gautam UML,comment
Dhanyabad Sammaamananiya Bhim R.joo.Hami 3 corod tapai ko saath ma chhau.@,leelamani gautam,yt:Leelamani Gautam UML,comment
म भिम सर को कुरा मा सहमत छु |,leelamani gautam,yt:Leelamani Gautam UML,comment
Yes Bhim rowal sir your explanation was grate  clearly,leelamani gautam,yt:Leelamani Gautam UML,comment
Bhim sie drashan 🇳🇵🇳🇵🇳🇵🇳🇵🇳🇵🇳🇵🇳🇵,leelamani gautam,yt:Leelamani Gautam UML,comment
"I love it,DR Rawal very clean and clear speech!! But where is Gagan Thapa?",leelamani gautam,yt:Leelamani Gautam UML,comment
भिम रावल को विचार सहि छ।,leelamani gautam,yt:Leelamani Gautam UML,comment
Tika sir पत्रकारिता प्रती नतमस्तक छु।।,leelamani gautam,yt:Leelamani Gautam UML,comment
एम सी सी पास भ एमा पत्रकार लाई कती कमीसन आऊछ हौ,leelamani gautam,yt:Leelamani Gautam UML,comment
Dhanebad samshad jiu Nepal & Nepali ko lagi ladnu vax tapai ho Nepal ko pahilo bidhwan samshad,leelamani gautam,yt:Leelamani Gautam UML,comment
देश र जनताको हकहितको लागि निरन्तर आबाज उठाउने नेता भिम रावोल नै हुन ! यो रास्ट्र घाति एम सि सि संजौता नेपाको हितमा छैन यो तुरून्त खारेज गरियोस !!,leelamani gautam,yt:Leelamani Gautam UML,comment
Nais,leelamani gautam,yt:Leelamani Gautam UML,comment
"Listen to what happens after someone's brokerage. The face of the listener Tikaram Yatri is worth seeing today.
  There is no desire to speak in favor of MCC, his face says he is compelled I was surprised by the presentation. Tikaram ji, really put your hand on your heart and tell me, did you study MCC thoroughly and get interviewed?",leelamani gautam,yt:Leelamani Gautam UML,comment
भीम रावल पछीनहटनोस जनता तपाइको साथ छन,leelamani gautam,yt:Leelamani Gautam UML,comment
पत्रकार को पनि मिलेमतो जस्तो देखियो त।,leelamani gautam,yt:Leelamani Gautam UML,comment
Yatri jee arko episode ma dubai pannelist lyaunu paryo.,leelamani gautam,yt:Leelamani Gautam UML,comment
टीका राम यात्री जि आज किन येति आक्रमक सुहायेन बिचार प्रष्ट किन राख्न दिनुभएन,leelamani gautam,yt:Leelamani Gautam UML,comment
"माननिय भिमरावल सर याे mcc जसरि हुज्छ ब्याक गरुम ,,अाम जन्ताकाे धाराणा र सम्रथन तपाईंको साथ मा",leelamani gautam,yt:Leelamani Gautam UML,comment
"America le eas lai pelnu ko meaning
Dal me kuchh kala he
Nepali janastar bata eatro birodh huda pani pass garauna mari hattyaa garnu le yiii nepal ka vrasta neta vanauda lai deal gareko kamisan pachaunu parne badhetta hola
# back off mcc",leelamani gautam,yt:Leelamani Gautam UML,comment
Pls arrange next talk ASAP,leelamani gautam,yt:Leelamani Gautam UML,comment
"मैले पनि MCC Compacts agreement पटक पटक पढेको छु र MCA Nepal को CEO को भनाइहरू पनि सुनेको छु। उहाँले दिनुभएको तर्कहरुलाई दस्ताबेजले सपोर्ट गर्दैन। डा. भिम रावल, देव गुरुङ, डा. संगौलाहरूले भनिरहेका कुराहरू तथ्य र तर्कसंगत छन् तसर्थ यो MCC परियोजना नेपाल र नेपालीको हीतमा छैन।",leelamani gautam,yt:Leelamani Gautam UML,comment
"Interview लिने र दिने दुवै उत्तिकै राम्रा मान्छे❤️। आज चीनको बारेमा धेरै कुरा थाहा पाइयो , दुवै सँग ज्ञानको भण्डार छ , सलाम छ दुवैलाई👏.",leelamani gautam,yt:Leelamani Gautam UML,comment
लिलामणि सरले कति मजाले छर्लङ्ग हुनेगरि बुझाइदिनु भयो।😍😍😘,leelamani gautam,yt:Leelamani Gautam UML,comment
"पर्गेल्न 
टिकाराम सरले खुबै प्रयोग गर्नु हुन्छ यो शब्द",leelamani gautam,yt:Leelamani Gautam UML,comment
"नेपालमा लिलामणी पाैडेल जस्तै पच्चिस जना हुने हाे भने देसकाे कायपलट हुन्छ। उहाँ एउटा बुद्दि ,ज्ञान र अनुभबकाे पुलिन्द हाे।",leelamani gautam,yt:Leelamani Gautam UML,comment
भारत जस्तो देश नेपाल को छिमेकि हुनुनै नेपाल र नेपालीको लागि दुर्भाग्य रैछ जस्तो लग्यो |,leelamani gautam,yt:Leelamani Gautam UML,comment
"सुसुचित गराउनु नेपालकाे पक्षमा सर्बोच्च क्रान्तिकारी विषय हाे, धन्यवाद लिलामणि सर",leelamani gautam,yt:Leelamani Gautam UML,comment
"म चीनमा छु।। लीलामणि सरले जे जे भन्नु भएको छ।। एकदम सही भन्नु भएको छ, किन कि मलाई इतिहाँस थाहा नभए पनी जुन तरिकाले यो देशले फडको मारी रहेको छ त्यो हेर्ने हाे भने रहर लाग्दो र नेपाल ले अती नै धेरै भन्दा धेरै सिक्नु पर्ने कुरा हरु छन्।। जुन अहिले का नेता हरुबाट हुन सक्दैन।। शिक्षित युवा शक्ति नै अगाडि आउनु अती आबस्यक छ।।।🙏🙏🙏🇳🇵🇳🇵🇳🇵🇨🇳🇨🇳🇨🇳🇨🇳",leelamani gautam,yt:Leelamani Gautam UML,comment
अति उपयोगी जानकारीमुलक अन्तरबार्ता । धेरै कुरा जान्ने अवसर मिल्यो ।,leelamani gautam,yt:Leelamani Gautam UML,comment
मीठो अन्तर्वार्ता।,leelamani gautam,yt:Leelamani Gautam UML,comment
"Sahi bishlesan garnu bhaeko chha, wahaa dhanyabaadko paatra hunu hunchha….🔥
                                                                  🔥.  🔥",leelamani gautam,yt:Leelamani Gautam UML,comment
"साह्रै मन पर्यो यो कुराकानी ,धन्यवाद !",leelamani gautam,yt:Leelamani Gautam UML,comment
"कृते प्रसाद,प्रचण्डे र लठेब्रो ले सुन्नु होला चीन कसरी अघि बढ्यो",leelamani gautam,yt:Leelamani Gautam UML,comment
dedicated diplomat and truly constructive  journalism .hats off .,leelamani gautam,yt:Leelamani Gautam UML,comment
"आज चीनको बारेमा धेरै कुरा थाहा पाउँन पाइयो । अन्तर्वार्ता दिने र लिने दुवै संग धेरै ज्ञान छ , धेरै धन्यवाद यात्री जी",leelamani gautam,yt:Leelamani Gautam UML,comment
गज्जब अन्तर्वार्ता ।,leelamani gautam,yt:Leelamani Gautam UML,comment
टिकाराम यात्री एउटा राम्राे पत्रकार सबै किसिमको जानकारी अध्ययन भएको तर पाहुनालाइ साेधेकाे प्रश्नको उत्तर ९०% अाफैले दिने अजाबु,leelamani gautam,yt:Leelamani Gautam UML,comment
Ati sundar dangale bislesan garnu bayo,leelamani gautam,yt:Leelamani Gautam UML,comment
Good interaction about neighbors countries,leelamani gautam,yt:Leelamani Gautam UML,comment
Well said. Dr. Surendra KC must watch .,leelamani gautam,yt:Leelamani Gautam UML,comment
Most informative interview,leelamani gautam,yt:Leelamani Gautam UML,comment
Thanku yatri sir चीन को बरेमा धेरै  कुरा थाहा  भयो,leelamani gautam,yt:Leelamani Gautam UML,comment
"धेरै राम्रो अन्तरबार्ता , अब बिजय कुमार पाण्डे को अन्तरबार्ता भए धेरै राम्रो हुन्थ्यो ।",leelamani gautam,yt:Leelamani Gautam UML,comment
Great knowledge with great personality lilamani sir,leelamani gautam,yt:Leelamani Gautam UML,comment
ज्ञानवर्धक ।,leelamani gautam,yt:Leelamani Gautam UML,comment
अब विजय कुमार पाण्डे सरसंगको एकदमै बौद्धिक अन्तर्वार्ता हेर्ने मन छ ।,leelamani gautam,yt:Leelamani Gautam UML,comment
Jyanbardak xa tikaji.,leelamani gautam,yt:Leelamani Gautam UML,comment
👏🏼,leelamani gautam,yt:Leelamani Gautam UML,comment
चिनले अभुतपुर्व तरिकाले गरिबी कसरी घटायो ? नेपालले चिनवाट के सिक्न सक्छ? भन्ने प्रश्न सोध्नु हुन्छ कि जस्तो लागेको थियो तर सोध्नु भएन ।खल्लो लाग्यो । सारमा अन्तर्वार्ता राम्रो नै लाग्यो ।,leelamani gautam,yt:Leelamani Gautam UML,comment
अतिनै महत्त्वापूर्ण अंतर्वार्ता।,leelamani gautam,yt:Leelamani Gautam UML,comment
Excellent explanation,leelamani gautam,yt:Leelamani Gautam UML,comment
Very interested 👌,leelamani gautam,yt:Leelamani Gautam UML,comment
Must informative interview !,leelamani gautam,yt:Leelamani Gautam UML,comment
Worth to Watch 🤞✌️🤞,leelamani gautam,yt:Leelamani Gautam UML,comment
Worth it.🙏,leelamani gautam,yt:Leelamani Gautam UML,comment
Good dialogue. Thank u,leelamani gautam,yt:Leelamani Gautam UML,comment
"सारमा मैले बुझेको,
लगनशीलता, मेहनत, कडा परिश्रम र दुरदर्शिताको प्रतिफल = चीन",leelamani gautam,yt:Leelamani Gautam UML,comment
Nice one...,leelamani gautam,yt:Leelamani Gautam UML,comment
A good interview.,leelamani gautam,yt:Leelamani Gautam UML,comment
नेपालका भ्रष्ट कमिशनखोर कमाउनिष्टहरुलाई के भन्ने हामीले !!!,leelamani gautam,yt:Leelamani Gautam UML,comment
"What we r going through in our politics, The race to power will make people rethink the value of democracy. Sooner or later.",leelamani gautam,yt:Leelamani Gautam UML,comment
"Subtitle should be in english too,really lesson bearing",leelamani gautam,yt:Leelamani Gautam UML,comment
You are right sr  China.,leelamani gautam,yt:Leelamani Gautam UML,comment
चीन जस्तो देश नेपाल भएकोभए यस्ता अन्तर्वाता दिने मान्छे अहिले लालिता निवास प्रकारणले कम्तिमा पनि जेल मा हुन्थेहोला,leelamani gautam,yt:Leelamani Gautam UML,comment
Mr Poudel is smart in general knowledge still.,leelamani gautam,yt:Leelamani Gautam UML,comment
"छिमेकी दुईवटा देश सग अपरिहार्य सन्तुलिन सम्बन्ध ,तेस्रो देश सग आफु सहमत भएर मात्रै गर्न अत्यन्तै महत्वोपुर्ण पाठ नेताहरुको गिदिमा छिरोस।",leelamani gautam,yt:Leelamani Gautam UML,comment
"कुराकानी मात्र गरौं।
भ्रष्टाचार संस्थागत गरौं,
जनताको हुर्मत काढौं।
कुरा गरौं,कुरा गरौं।",leelamani gautam,yt:Leelamani Gautam UML,comment
हा हा हा ! सरि है लीलामणि सर !,leelamani gautam,yt:Leelamani Gautam UML,comment
"Tepre jaiesi desh baata unmulan nagare samma nepalko haalat kahile pani ubho laagdaiena, tyasaiele tepre jaiesi unmulan abhiyaan chalaau.",leelamani gautam,yt:Leelamani Gautam UML,comment
लिलामणी जी ले भनेअनुसारका चार वुंदाहरु नेपालका सन्दर्भमा पंचायत दर्शन र अभ्यास अनि शान्तिक्षेत्रको प्रस्ताव संग वुंदागतनै तुलना हुन सक्दारहेछन् । निश्पक्ष र निरपेक्षताका साथ विश्लेषण गर्नुपर्ने र मौलिक पहिचानका साथ परिवर्तनमा जानु पर्नेहोकी नेपालपनि ।,leelamani gautam,yt:Leelamani Gautam UML,comment
"लीलामणि सर अलि आफैं मात्र बोल्न खोजे जस्तो लाग्यो । यात्री सरले कुनै कुरा दर्शक ले बुझ्नेगरि अलि Clearify गर्ने खोजदा निदिएजस्तो देखियो।
समग्रमा भन्नुपर्दा एकदमै अर्थपूर्ण अन्तर्वार्ता ।",leelamani gautam,yt:Leelamani Gautam UML,comment
"हाम्रै तराइमा पनि जमिन्दारका चेपोमा छन् किशानहरू। तिनै जमिन्दारका मान्छेहरू किशानका जमिन धरौटीमा राख्न वाध्य बनाई कमिशनसमेत खाई निरीह युवाहरूलाई अरब र मलेसिया पठाइरहेकै छन्।
(यो कुराकानीलाई अङ्ग्रेजीमा उल्था गर्दा बिेदेशीले पनि हेर्नेछन्)",leelamani gautam,yt:Leelamani Gautam UML,comment
THINK TANK like Kishore Mahbubani has written on DEPTH about CHINA from ASIAN EYES..........China Vision by Daniel Wagner is  a great book to understand CHINA from WESTERN EYES.......,leelamani gautam,yt:Leelamani Gautam UML,comment
चौथो छलाङ को त कुरै गर्नु भएन लिलामणी सर ले टिकाराम जि पनि अल्मलीनु भयो ।,leelamani gautam,yt:Leelamani Gautam UML,comment
"हामी जैले पनि अरुले हाम्लाई कठै भन्दे हुन्थ्यो जस्तो ठान्याे तर,सार्वभौमसत्ता सम्पन्न राष्ट्र भन्दै त्यसको दुहाइ दिई रह्याै,जसले गर्दा पश्चिमा र दक्षिण तिरबाट सधैं हाेच्चाइ रहे कठै  भनिरहे/ठानी रहे।
साच्चै देश विकास गर्नु छ भने चीनबाट inspiration लिदै हातेमालो गर्दै अघि बढाै।उसका स्वार्थ त हाेलान तर,हाम्रो सार्वभौमसत्ता धर्मराउने गरि हस्तक्षेप चाहिँ गर्दैन।जस्तो दक्षिण तिरबाट त्यो बाहेक अर्को लक्ष्य छैन।",leelamani gautam,yt:Leelamani Gautam UML,comment
नेपालमा भारत सम्बन्धि जानकार मान्छे माइत आएकी  छोरी जस्तै निस्फृक्री छन् तर चीन सम्बन्धि जानकार शसुराली आएका छोरी ज्वाइँ जस्तै  औपचारिक र अधिकारिक किन होला 🤔,leelamani gautam,yt:Leelamani Gautam UML,comment
Would you like to have rich and strict parents?,leelamani gautam,yt:Leelamani Gautam UML,comment
"Great interview,  fully satisfied",leelamani gautam,yt:Leelamani Gautam UML,comment
"राम्रो मान्छे लाई ल्याउनुभएको मा धन्यबाद टीकाराम जी , लीलामणि सर जस्तै मान्छे हरुको खाँचो छ देशमा , पहिलाको interview पनि हेरेको थिएँ । चीनको बारेमा धेरै कुरा थाहा पाउँन पाइयो , नेपाल ले सिक्नै पर्छ चीन बाट ।",leelamani gautam,yt:Leelamani Gautam UML,comment
Saurav g cheyo tika g,leelamani gautam,yt:Leelamani Gautam UML,comment
🇳🇵🛎️,leelamani gautam,yt:Rukum 1 nirbachan,comment
मीना दिदी को जीत सुनिश्चित छ जय नेपाल ❤🎉🎉🎉🎉🎉,mina kharel,yt:Mina Kharel Chitwan,comment
Jeebanma Dukha Paris Nirashama ParekaAsahaya Nari Ra Bala Balikama Nirashama Naya Aasha Bharosha Biswasko Jalayera Punarjivan Dine Mina Kharelle Jaya Nepaliko Nara Sakar Parnu Hunechha,mina kharel,yt:Mina Kharel Chitwan,comment
रवि लामिछाने लाई हराउन ७ जुनि लिनु पर्छ ।,mina kharel,yt:Mina Kharel Chitwan,comment
"मुद्दा नै मुद्दामा मुच्छीएको रबी संग होशियार, रबीले जित्नको लागी जे पनि गर्छ तेसैले मीनाजीलाई जिताउनु होला ।",mina kharel,yt:Mina Kharel Chitwan,comment
Jay  ganti rabi dai,mina kharel,yt:Mina Kharel Chitwan,comment
Tapaile jitnu bhayo bhane sher bahadur deuba ko ghar ma jaleko paisa ko hisab dinu hunchha,mina kharel,yt:Mina Kharel Chitwan,comment
लाडो हराउछे हेर्दै छक्का ले,mina kharel,yt:Mina Kharel Chitwan,comment
🇳🇵🇳🇵🇳🇵🔔🔔🔔🔔🔔🔔🔔🔔🔔🔔🔔🔔🔔,mina kharel,yt:मीना खरेल,comment
"Only Balen🎉❤❤❤❤❤❤❤❤❤❤❤❤❤

Jay Ghanti jay ghantiiiii",mina kharel,yt:मीना खरेल,comment
Jai mina kharel Jai nepali congress jay Nepal,mina kharel,yt:मीना खरेल,comment
Jay ghanti ❤❤❤❤❤,mina kharel,yt:मीना खरेल,comment
kada baji,mina kharel,yt:मीना खरेल,comment
Jay hanti,mina kharel,yt:मीना खरेल,comment
Only RSP,mina kharel,yt:मीना खरेल,comment
मिना दिदि,mina kharel,yt:मीना खरेल,comment
Didi le jitnu hunchha best of luck❤,mina kharel,yt:मीना खरेल,comment
my fev didi jitnu parcha,mina kharel,yt:मीना खरेल,comment
मिनाखरेल हा इ हाई,mina kharel,yt:मीना खरेल,comment
Chitwan Baasile bujhera vote garau,mina kharel,yt:मीना खरेल,comment
Mina didi also not bad candidate,mina kharel,yt:मीना खरेल,comment
मिना खरेल,mina kharel,yt:मीना खरेल,comment
अग्रिम सुभकामना छ रबि लाई   कुनै पनि हालतमा संसद भवना रबिले जति  भष्टचारिको बिरोधमा खरो रुपमा बोल्नै सक्दैन  जनतालाई जनचेतना होस,mina kharel,yt:Chitwan 2 chunav,comment
आदरणिय मिना कुमारी खरेल ज्यु लाई सम्मान जनक मत ल्याउनका लागि अग्रिम शुभ-कामना।,mina kharel,yt:Chitwan 2 chunav,comment
तिमिहरुले जेसुकै भन यो पाली मा पनि घन्टी हो,mina kharel,yt:Chitwan 2 chunav,comment
त्यस्ता आदर्श व्याक्ती लाई पनि आशा गर्नु पर्छ।,mina kharel,yt:Chitwan 2 chunav,comment
सहकारी  ठग जनता ठग पाच वटा स्वाशनि को पोइ रबि लाई चितवन मा जिताउ चित बुझाउ,mina kharel,yt:Chitwan 2 chunav,comment
🌳🌳🌳🌳🌲🌲🌲🌲,mina kharel,yt:Chitwan 2 chunav,comment
Jay ghanti jay nepali,mina kharel,yt:Chitwan 2 chunav,comment
रबिले 1000% जित्छन!,mina kharel,yt:Chitwan 2 chunav,comment
जनताकाे   आँखा  देखाउनेनै   रबि  हन  🙏🔔🔔🇳🇵👍️🎎🎎🎎💐💐💐🇳🇵,mina kharel,yt:Chitwan 2 chunav,comment
🌲🌲🌲🌲,mina kharel,yt:Chitwan 2 chunav,comment
100% Ravi,mina kharel,yt:Chitwan 2 chunav,comment
Ravi Good,mina kharel,yt:Chitwan 2 chunav,comment
काङ्ग्रेस एमाले मिलेपनी रास्वपाको आधा हुदैन,mina kharel,yt:Chitwan 2 chunav,comment
Jaya ghanti Rabi dai ❤,mina kharel,yt:Chitwan 2 chunav,comment
प्रत्रकार बैनी वाहा बिचार  को लागि यो शैली काग्रेस को  तानासा  प्रेरित  देखियो   आज टिकट लिने दिने ठाउमा महान बिदुवान स्वाठ  छन त्यसैले  ssssss,mina kharel,yt:Chitwan 2 chunav,comment
"Uha ko samaj sewalai dhaneybad xa tara yespali 
Paribertan ko khacho xa 
Jaye ghanti",mina kharel,yt:Chitwan 2 chunav,comment
Mina is great leader of chitawan 03.  Vote for her 🌲🌲🌲,mina kharel,yt:Chitwan 2 chunav,comment
"अब यकपटक फुल कार्यकाल घन्टिकाे मात्र हेर्न बाकिछ अरुपाटिकाे हैसियत हेरि,देखि सकियाे 🔔🔔🔔",mina kharel,yt:Chitwan 2 chunav,comment
पुरानोको नतिजा त देखिउ त के गरे के गरेन भन्ने त छर्लङ्ग छ त खेदो खईरो गरे पछीशक्ती लागेपछी गारो परेको हो हामीसबैलाई प्रस्ट था छ हामी माया गर्न छोडने छैनौ जय देश जय रबी जय घन्टी🔔🔔😯🙏🙏🙋‍♂️🙋‍♀️🧚‍♂️🧚‍♀️📢🙏,mina kharel,yt:Chitwan 2 chunav,comment
"Rabi lai vote halnu bhaneko sahakari pidit haru garnu ho 
Tyasaile Mina Di lai vote garau🌲🌲🌲🌲🌲🌲🌲👏👏👏",mina kharel,yt:Chitwan 2 chunav,comment
भ्रष्टचारिलाइ टुडिखेलमा बादेर नाकमा हान्ने मन छ भनेर टिभि सोमा भन्नथे अन्तिममा त अाफै ठुलो भ्रष्टाचारि र ठग रहेछन  तै पनि जनताले दुई पटका चुनाब पनि जिताए अब चाहिँ चितवन २ का जनताले यस्ता फटाहा ठगलाई जिताउनु भनेको  चितवन २ का जनता भेडा ठहरिने छन  तेस कारण अब त्यो ठगको नाक भाचिने गरि हानेर जमानत जफत हुने गरि हराउनु पर्छ,mina kharel,yt:Chitwan 2 chunav,comment
"मेरो घर चितवन जिल्ला, क्षेत्र नम्बर २ मा पर्छ।पहिले म नेपाली कांग्रेसको समर्थक थिएँ।तर आजको देशको अवस्था हेरेर, देश बचाउन र सही बाटो रोज्न हाम्रो घरका १७ वटै मत ‘घण्टी’ चिन्हलाई दिने अटल निर्णय गरेका छौँ।
जय घण्टी! 🔔 देशको लागि!",mina kharel,yt:Chitwan 2 chunav,comment
"Mina Kharel, as I know, is a role model women for the people in need. She has served a lot, now it is time to pay back by the society to her.",mina kharel,yt:Chitwan 2 chunav,comment
किन ज्यानमारा लागि भाेट देलान,mina kharel,yt:Chitwan 2 chunav,comment
Jaye ghanti❤❤❤❤❤,mina kharel,yt:Chitwan 2 chunav,comment
Rabi Janta Ka Aasa Ka Kiran Hun.Balen  Janta Ko Aasa Ra Varosa Ho .Jay Rasopa Jay Ghanti Jay Janta Jay Youwa Jay Rabi Jay Balen,mina kharel,yt:Chitwan 2 chunav,comment
खरेल जी लाई शुभ कामना।,mina kharel,yt:Chitwan 2 chunav,comment
"सहकारी ठग् रवि जेल ब्रेक गरेका फरार कैदी
सिहदरबार जलाउने लुसिफर बालेन भस्मासुर
अब अन्तिम आशा मेयर हर्क राई हुन्",mina kharel,yt:Chitwan 2 chunav,comment
रबि जस्तो नेता ले हजारचोटि जितछ देस का भसटचारि दलाल हतैरा बलतकारि पाटी लाइ कुनमुखलेकेभनेर भोट हाल्छन जनता देस जनता बेचियको भनेर देस का जनता का बालबच्चा मारेको भनेर भोट हाले देस का कलकारखाना नदि नाला सरकारि जगा सहकारी पैसा खायो भनेर भोट हाले कुरा इनो पत्रकार कार उलटा उलटा गरदैछन पत्रकार ले स्वोतनत्र भयर पत्रकार गर्नुपर्छ,mina kharel,yt:Chitwan 2 chunav,comment
मिना खरेल 🌳,mina kharel,yt:Chitwan 2 chunav,comment
Rabi le jhan badi vote le jitchan ❤️,mina kharel,yt:Chitwan 2 chunav,comment
❤❤❤❤❤❤🎉🎉🎉🎉🎉🎉,mina kharel,yt:Chitwan 2 chunav,comment
jai desh. jai ghanti. jai Rabi 🔔🔔🔔🔔🔔🌹🌹🌹🌹🙏🙏🙏🙏🫱🫱,mina kharel,yt:Chitwan 2 chunav,comment
Rabi is king❤❤❤,mina kharel,yt:Chitwan 2 chunav,comment
Jay 🔔🔔🔔🔔🔔,mina kharel,yt:Chitwan 2 chunav,comment
77 Jilla Ka Bujne paribartan chahanne jantale yo pali ghanti lai vote dinu parxa hai jai ghanti ✅🇳🇵 🔔🔔🔔🔔🔔🔔,mina kharel,yt:Chitwan 2 chunav,comment
🔔🔔🔔🔔🔔ko jeet hunxha aruko chans xhain 😅😅😅😮,mina kharel,yt:Chitwan 2 chunav,comment
जय❤घण्टी ❤,mina kharel,yt:Chitwan 2 chunav,comment
Meena Kharel,mina kharel,yt:Chitwan 2 chunav,comment
🔔😂,mina kharel,yt:Chitwan 2 chunav,comment
chitwan 2 ma congresss ko bay aye ni sakdainw rabi lai,mina kharel,yt:Chitwan 2 chunav,comment
Jai ghanti ❤,mina kharel,yt:Chitwan 2 chunav,comment
What what are you talking about sis if there is any other political party chance in chitwan tgat is cpn uml congress can't even come close to rsp note my words I will come back to this video after election. Btw I am also from Chitwan-2 Kholesimal,mina kharel,yt:Chitwan 2 chunav,comment
🙏🙏🇳🇵🇳🇵🇳🇵🔔🔔🔔🔔🔔👍️😍,mina kharel,yt:Chitwan 2 chunav,comment
Kasto sajilo xaina vaneko hola  dimag kharab rabi nai  ho ni,mina kharel,yt:Chitwan 2 chunav,comment
Mina kharel le jitepani hunewala pahileko jastai ho. Kina ki kangresa ko nitinai  testai ho😀,mina kharel,yt:Chitwan 2 chunav,comment
Yamale kangares maubadi lai bhot dineharu gukhanenaiho,mina kharel,yt:Chitwan 2 chunav,comment
चितवन क्षेत्र नम्बर २ मा रवि लामिछाने प्रचारमा नगए पनि जित्छन् अरु पाटी त सम्झिने पानी छम्किने ।,mina kharel,yt:Chitwan 2 chunav,comment
Jai Ghanti 🔔🔔🔔,mina kharel,yt:Chitwan 2 chunav,comment
100%rabi,mina kharel,yt:Chitwan 2 chunav,comment
Mina kharel le keai garna sakdai a,mina kharel,yt:Chitwan 2 chunav,comment
कसरी सजिलाे छैन हरउ न,mina kharel,yt:Chitwan 2 chunav,comment
Hami vote rabi li dine ho aru timi haru j garni vai pani gara,mina kharel,yt:Chitwan 2 chunav,comment
पार्टी का2/4जना झोले ले जिताउदैनन।,mina kharel,yt:Chitwan 2 chunav,comment
Hawa kura. Rabi le yesai jitxn,mina kharel,yt:Chitwan 2 chunav,comment
🌲🌲🌲🌲🌲🌲🌲🌲,mina kharel,yt:Chitwan 2 chunav,comment
"All public waiting for live ""Public Debate"" among Gagan, Balen, Oli,....",mina kharel,yt:Chitwan 2 chunav,comment
balen🤩,mina kharel,yt:Chitwan 2 chunav,comment
ए,mina kharel,yt:Chitwan 2 chunav,comment
chunab pachi thaha hnxa  k hunxa ta😊,mina kharel,yt:Chitwan 2 chunav,comment
Dd sakinxa aava,mina kharel,yt:Chitwan 2 chunav,comment
जय घनटि जिन्दावाद,mina kharel,yt:Chitwan 2 chunav,comment
जोया भन्ने फिलिपिनी र जीवन थापा लाई छुट्टाउनु  भयको मिना खरेल जिउ होइनर,mina kharel,yt:Chitwan 2 chunav,comment
रबिलेअझैमतबढाउनेछन फागुन२१ मा लगभगसाठिहजारकटाउछन्।,mina kharel,yt:Chitwan 2 chunav,comment
देशघाती सन्धि गर्ने पार्टी कांग्रेस पनि हो है।एमाले र कांग्रेस लाई 0 level मा पुर्‍याउनुपर्छ।,mina kharel,yt:Chitwan 2 chunav,comment
"Vote for. Rab vote..for
Ghanti vote f9r..Balen
.Jai..Fesh",mina kharel,yt:Chitwan 2 chunav,comment
2:43 gagan thapa ta haina hola hai lu,mina kharel,yt:Chitwan 2 chunav,comment
जय घण्टी रवि बाहेक अरु लाई  सोच्न सकिन्न्,mina kharel,yt:Chitwan 2 chunav,comment
mina didi le surprise dinu bho bhane surprised ho hunu hola,mina kharel,yt:Chitwan 2 chunav,comment
केही ना के ही हुन्छ,mina kharel,yt:Chitwan 2 chunav,comment
Bina dd ramro vayani party lutera paryo,mina kharel,yt:Chitwan 2 chunav,comment
Jay ghanti jay rabi 🔔,mina kharel,yt:Chitwan 2 chunav,comment
Proud of Mina kharel mam,mina kharel,yt:Chitwan 2 chunav,comment
Espali in ground rabi might lose or win by thin margin,mina kharel,yt:Chitwan 2 chunav,comment
हेरम्ला तिमीहरुको सरप्राइज,mina kharel,yt:Chitwan 2 chunav,comment
9:29 Jay nepal mina didi lae,mina kharel,yt:Chitwan 2 chunav,comment
जय घन्टि जय राष्टिय स्वतन्त्र पाटि जिन्दावाद जिन्दावाद जिन्दावाद जिन्दावाद,mina kharel,yt:Chitwan 2 chunav,comment
Hahaha jaya Bell,mina kharel,yt:Chitwan 2 chunav,comment
चितवन कि चेली मिना लाई अामा दिदी बहिनी   दाजु भाइ  ले अाफ्नाे अमुल्य  मत दिएर चितवनले न्याय गर्याे भन्ने गर्नु पर्छ,mina kharel,yt:Chitwan 2 chunav,comment
जस्ले जति गफ लगाए पनि चितवन तिनओटै क्षेत्र रास्वपाले जित्छ ।,mina kharel,yt:Chitwan 2 chunav,comment
हावा समचार।,mina kharel,yt:Chitwan 2 chunav,comment
Pheri up chunav harna painxa chitawanle,mina kharel,yt:Chitwan 2 chunav,comment
मिना खरेलले जित्नु चितवन बासीको मात्रै  होइन कि  देशबासिकै   उपलब्धी हो र  प्रतिष्ठा पनि हो ।,mina kharel,yt:Chitwan 2 chunav,comment
no not agen,mina kharel,yt:Chitwan 2 chunav,comment
सिदा घण्टी,mina kharel,yt:Chitwan 2 chunav,comment
Jasle je bhane Pani khateko Didi bhanera chuneko Didi le jitnu parchha yo bokera thagne thag Lai jitaye chitwan ka Janata le yesko Biswas garnu pachitaunu matra ho Ani chitwan ko Janata feri chunab ma Jane ho bhane yeslai jitainu natra tai ki chori sabaiko man ma basne Didi Lai jitainu parchha,mina kharel,yt:Chitwan 2 chunav,comment
Rukh,mina kharel,yt:Chitwan 2 chunav,comment
Ka bata ayo yo boksi feri aaunu nai thyo tw ra sw pa bata kina na aako hola,mina kharel,yt:Chitwan 2 chunav,comment
जय रवि जय घन्टी 🔔🔔❤️🙏🙏🙏👍️👍️,mina kharel,yt:Chitwan 2 chunav,comment
जय घण्टी 🔔🔔🔔जय रबि 🙏🙏जय बलेन🙏🙏 आबकी बार रबि बलेन सरकार 👍👍✅✅🔔🔔🔔🔔,mina kharel,yt:Chitwan 2 chunav,comment
चितवन बासि जनता याे चाेटि पनि रबि दाइ लाई भाेट दिनु हाेला,mina kharel,yt:Chitwan 2 chunav,comment
Jaya Nepal 🇳🇵 Jaya Desh 🙏 Jaya Ghanti 🔔 Jaya Ravi Balen ❤️,mina kharel,yt:Chitwan 2 chunav,comment
आदर्णीय चितवन बासी बा  आमा दि दी बैनी दाजु भाई सम्पुर्ण  स्वाभिमानी नेपाली जनता हरुबाट रा स्व पार्टी का सभापति रबि लामिछाने ज्यु  को घण्टी चिन्हमा भोट हाल्नु भई अत्यधीक मतले बिजय गरि दिनु होला। जय घण्टी जय जनता।,mina kharel,yt:Chitwan 2 chunav,comment
Jay ghanti 🔔🔔🔔 jay Rabi 🙏🏻🙏🏻,mina kharel,yt:Chitwan 2 chunav,comment
Vote for Rabi ✅🔔,mina kharel,yt:Chitwan 2 chunav,comment
रबि नेपाल बनाउने हिरो हो,mina kharel,yt:Chitwan 2 chunav,comment
Jaya ghanti Jaya Rabi Babu,mina kharel,yt:Chitwan 2 chunav,comment
Yspali vote for 🔔🔔🔔🔔,mina kharel,yt:Chitwan 2 chunav,comment
घन्टी छाप मात्रै किनभने स्थायी ५ बर्ष सरकार मात्रै घन्टी छाप,mina kharel,yt:Chitwan 2 chunav,comment
जय ghanti Jay ravi dai,mina kharel,yt:Chitwan 2 chunav,comment
Way of thinking of people from chitwan is completely different.and i am proud of that,mina kharel,yt:Chitwan 2 chunav,comment
jai desh. jai Ghanti. jai Rabi . ♥️♥️♥️🔔🔔🔔🔔🔔🔔🌹🌹🌹🌹🌹🌹🌹🫱🫱🫱🫱🙏🙏🙏💪💪💪💪,mina kharel,yt:Chitwan 2 chunav,comment
Desh Ra janata ko lagie perfect party Rasopa Ho one only Rasopa Jay ghantie ✊✊✊,mina kharel,yt:Chitwan 2 chunav,comment
Ma chai bharatpur 2 aaptari bata hya chai tol nai ghanti ho,mina kharel,yt:Chitwan 2 chunav,comment
Good luck rabi sir,mina kharel,yt:Chitwan 2 chunav,comment
चितवनको   जनता  भेडा  छन्   रबिले   हगे  भने   हलुवा   सम्झेर  खान्छन्  हो।।।,mina kharel,yt:Chitwan 2 chunav,comment
Yo चाचा 5 लाख वाला लडाकु हुनुहुन्छ जस्तो लाग्यो😂😂😂पेओर पुरानो माओवाद,mina kharel,yt:Chitwan 2 chunav,comment
"रबि दाइ हाइ हाइ ❤❤❤❤
जय देश जय घन्टि",mina kharel,yt:Chitwan 2 chunav,comment
interview garne saile sarai maan paryo. mahol yespali yuba ko xa.,mina kharel,yt:Chitwan 2 chunav,comment
😮 job,mina kharel,yt:Chitwan 2 chunav,comment
Smart ba ❤❤❤🎉🎉🎉,mina kharel,yt:Chitwan 2 chunav,comment
मुद्दा  नेपाली जनता हरुको म।सु भ।त हुन सक्छ,mina kharel,yt:Chitwan 2 chunav,comment
चितवन जिल्ला रास्वपा किल्ला भनिरहन पर्दैन । ❤,mina kharel,yt:Chitwan 2 chunav,comment
Good Geez,mina kharel,yt:Chitwan 2 chunav,comment
"चितवन् बासी ले यो पटक पुर्णरूपमा घण्टी मा भोट हाल्नु होला ,जय घण्टी",mina kharel,yt:Chitwan 2 chunav,comment
सहकारी ठग रविलाई हैन राष्ट्रको लागि योगदान दिने मिना खरेल लाई रुख चिन्हमा अमूल्य मतदान गरौं।,mina kharel,yt:Chitwan 2 chunav,comment
jaya ganti,mina kharel,yt:Chitwan 2 chunav,comment
तीन भाईहरू राम्रो कुरा भन्यौ मलाई चित्त बुझ्यो जय घण्टी,mina kharel,yt:Chitwan 2 chunav,comment
"हैन भने ,याे भरष्ट रहेछ",mina kharel,yt:Chitwan 2 chunav,comment
अबको आशा रबि बालेन्🙏🔔🔔🔔,mina kharel,yt:Chitwan 2 chunav,comment
❤❤❤❤❤jyoti shertha Acharya timro video-taped here khusi lagyo sm,mina kharel,yt:Chitwan 2 chunav,comment
Kehi nagareni rabi ko jaya hos,mina kharel,yt:Chitwan 2 chunav,comment
Ravi dai❤,mina kharel,yt:Chitwan 2 chunav,comment
जय घन्टि🔔🔔🔔✅,mina kharel,yt:Chitwan 2 chunav,comment
Jay rabi Jay ghanti,mina kharel,yt:Chitwan 2 chunav,comment
Chiton basi jastai Nepal varikai janta sachet hunu pareyo,mina kharel,yt:Chitwan 2 chunav,comment
साँचिकै चितवनका जनता शिक्षित रहेछन्,mina kharel,yt:Chitwan 2 chunav,comment
❤❤❤ राम्राे पत्रकारिता,mina kharel,yt:Chitwan 2 chunav,comment
Jay ghanti❤,mina kharel,yt:Chitwan 2 chunav,comment
समस्या बुजेरपनि  गरेनन्   तिनैवटा लाई हेरीयो   यो अन्तिम हो 🎉🎉🎉🎉🎉🎉,mina kharel,yt:Chitwan 2 chunav,comment
आदरणीय चितवन वासी जनताहरु घण्टी लाई  भोट दिनुहोला। 🙏🙏🙏,mina kharel,yt:Chitwan 2 chunav,comment
"माहोल कता बन्दैछ, हल्ला कता चल्दैछ,त्यो सहायक हो!मुख्य कुरा तपाइले बोकेको बिचार,सत्यताको कसीबाट हेर्नुहोस!आदर्श ,योगदान र तपाइले उठाइरहेका मुद्दा,बहुसंख्यक आधारभूत जनताकेन्द्रित छन् भने तपाइँ सहि ठाउमा हुनुहुन्छ !! तपाइको धर्यता ,अनबरत लगनशीलता र जवाफदेहिता नै सत्य र बिजयको दिर्घकालिन मानक हो !⭐⭐⭐",mina kharel,yt:Chitwan 2 chunav,comment
Good morning 🌅,mina kharel,yt:Chitwan 2 chunav,comment
देशका युवालाई  बिदेस लगारने आएको रेमिट्यान्स  नेताहुभन्ने ब्वासाहरुले मोजगर्ने नेपालमा आजसम्म भएको बिकाश इनैहुन  ।,mina kharel,yt:Chitwan 2 chunav,comment
Sata ho vae jay ganti soch ramro asri jantama chatna aaako ma,mina kharel,yt:Chitwan 2 chunav,comment
शीक्षीत चेतनशील चीतवन बासी मतदाता ज्यू हरू लाई उच्च सम्मान छ 🙏🙏❤️❤️ जये रबी जये घन्टी 🔔🔔✊🔔🙏❤️🇳🇵🇳🇵♥️,mina kharel,yt:Chitwan 2 chunav,comment
", कहिले काँही हेर्ने गर्छु।",mina kharel,yt:Chitwan 2 chunav,comment
चितवन २ बाट मिना खरेल जित्दैहुनुहुन्छ ईतिहास रच्दै,mina kharel,yt:Chitwan 2 chunav,comment
🎉❤,mina kharel,yt:Chitwan 2 chunav,comment
भाइहरु ❤❤❤,mina kharel,yt:Chitwan 2 chunav,comment
चितवनका   जनताले  जस्तो   अरु  जिल्ला ले   बुजन  परछ,mina kharel,yt:Chitwan 2 chunav,comment
Jay Nepal jay ghanti 🔔🔔🔔 from bharatpur chitwan ramnagar 1,mina kharel,yt:Chitwan 2 chunav,comment
जय रबि जय घण्टी जय देश,mina kharel,yt:Chitwan 2 chunav,comment
Dharma bechne lai vote diya hunchha balla maja  aunchha chitwan basi,mina kharel,yt:Chitwan 2 chunav,comment
राजा सहितकाे हिन्दुराज्य चाहियाे यदि गर्छ भने भाेट 🔔🔔दिनेहाे नत्र खुलित,mina kharel,yt:Chitwan 2 chunav,comment
Jay rabi,mina kharel,yt:Mina Kharel Rabi Lamichhane,comment
सुरेन्द्र केसी अलि फटाहा  लाग्छ मलाइ चै,mina kharel,yt:Mina Kharel Rabi Lamichhane,comment
⭐️⭐️⭐️⭐️⭐️⭐️⭐️,mina kharel,yt:Chitwan 2 nirbachan,comment
Tree this time,mina kharel,yt:Chitwan 2 nirbachan,comment
Jay ghanti ❤❤❤❤❤❤,mina kharel,yt:Chitwan 2 nirbachan,comment
Jai ghanti jai rabi jai RSP party ❤  🙏,mina kharel,yt:Chitwan 2 nirbachan,comment
This time he must loose as the people know him by now.,mina kharel,yt:Chitwan 2 nirbachan,comment
🇳🇵🇳🇵🇳🇵🔔🔔🔔🔔🔔जय रबि जय घन्टी जय राष्टिय स्वतन्त्र पार्टी।,mina kharel,yt:Chitwan 2 nirbachan,comment
जय घन्टी❤,mina kharel,yt:Chitwan 2 nirbachan,comment
मीना,mina kharel,yt:Chitwan 2 nirbachan,comment
जय घन्टी 🛎️,mina kharel,yt:Chitwan 2 nirbachan,comment
Harxarabi,mina kharel,yt:Chitwan 2 nirbachan,comment
🔔✊,mina kharel,yt:Chitwan 2 nirbachan,comment
Rabi Lai harauna parchha,mina kharel,yt:Chitwan 2 nirbachan,comment
Rabi desh ko lagi hoin bidesh ko lagi ho,mina kharel,yt:Chitwan 2 nirbachan,comment
"There is no case of revenge, just the state intended to book the criminal; the court has not denied his crime; for us, he is the criminal and also one of the conspirers of the crime of Bhadra 23 and 24. He should be thoroughly rejected.",mina kharel,yt:Chitwan 2 nirbachan,comment
मिना खरेल दिलिले जित्नु पर्छ।,mina kharel,yt:Chitwan 2 nirbachan,comment
"Mina ji is even better than her,infact million times ahead , no disrespect to rabi",mina kharel,yt:Chitwan 2 nirbachan,comment
ठग हो रबि,mina kharel,yt:Chitwan 2 nirbachan,comment
vote for meena didi . vote for tree. stop being manipulated.,mina kharel,yt:Chitwan 2 nirbachan,comment
Hawa kura,mina kharel,yt:Chitwan 2 nirbachan,comment
Jay ghanti 🙏🙏🇳🇵🇳🇵🇳🇵🔔🔔🔔🔔🔔🔔🔔🔔🔔👍🇳🇵,mina kharel,yt:Chitwan 2 nirbachan,comment
मिना,mina kharel,yt:Chitwan 2 nirbachan,comment
Kashileni jit hasil gagun. Tara yo Rabi vanne dalal Lai vot nadinu,mina kharel,yt:Chitwan 2 nirbachan,comment
मिना खरेल 200% ले जित्नु हुन्छ ।,mina kharel,yt:Chitwan 2 nirbachan,comment
जय घण्टी ❤❤❤❤,mina kharel,yt:Chitwan 2 nirbachan,comment
Good luck Rabi Sir Jay Ghanti,mina kharel,yt:Chitwan 2 nirbachan,comment
मलाई लाग्छ चितवन बासी भेडा होइनन जय रबि,mina kharel,yt:Chitwan 2 nirbachan,comment
काङ्ग्रेसले जति मरिमेटेपनि जित रबिकै हुन्छ 🔔🇳🇵,mina kharel,yt:Chitwan 2 nirbachan,comment
70000 मत ल्याएर जिचिछन,mina kharel,yt:Chitwan 2 nirbachan,comment
Rabi dai is brand❤❤❤,mina kharel,yt:Chitwan 2 nirbachan,comment
जय रबीजी 🔔🔔🔔🌹🌹🌹,mina kharel,yt:Chitwan 2 nirbachan,comment
काङ्ग्रेस को भोट् जम्मा दस हजार  मत्रै हो?,mina kharel,yt:Chitwan 2 nirbachan,comment
मनको लड्डु घ्यु शीत खाउ।,mina kharel,yt:Chitwan 2 nirbachan,comment
🌳,mina kharel,yt:Chitwan 2 nirbachan,comment
🌳🌳🌳🌳🌳🌳🌳🌳🌳🌴,mina kharel,yt:Chitwan 2 nirbachan,comment
Pahila vamda kam aauxa,mina kharel,yt:Chitwan 2 nirbachan,comment
🔔🔔🔔🔔🔔🔔🔔🔔🔔🔔🔔🇳🇵🇳🇵🇳🇵🇳🇵,mina kharel,yt:Chitwan 2 nirbachan,comment
सहकारी रकम रबिले हिनामीना गरेको हैन झुट्टा आरोप लगाएर फसाएको हो। कॅाग्रेस र एमाले माओबादी हरूले आपसमा मिलीजुली बॅुट नै कब्जागरी धादली नच्चाएर जितेको हो। तर रबिले स्वच्छ तरिकाले जित्को हो।,mina kharel,yt:Chitwan 2 nirbachan,comment
अजैपनि    काङगरेस  भाेट   दिने   मान्छेनैहाेईन,mina kharel,yt:Chitwan 2 nirbachan,comment
Ravi sahakari thag ho,mina kharel,yt:Chitwan 2 nirbachan,comment
Rabi pahila ko bhanda pani dherai mat le vijai hunxan,mina kharel,yt:Chitwan 2 nirbachan,comment
"भ्रम को खेती कती ? गर्छौ 
झोले प्रत्रकारको नाममा कलक",mina kharel,yt:Chitwan 2 nirbachan,comment
Gagan KO jhole ho yo didi Kam xaina sister,mina kharel,yt:Chitwan 2 nirbachan,comment
Ma ta vanxu Jay ghanti,mina kharel,yt:Chitwan 2 nirbachan,comment
पिलिज तिम्रो एमाले काङ्ग्रेस मावबादी को जुठो चाट्न बन्द गर्नु होस् तिम्रो प्रतेक भिडियो  मा रा.सो.पा रबि लाई घोचेको मात्र देखिन्छ 🇳🇵🔔🇳🇵,mina kharel,yt:Chitwan 2 nirbachan,comment
Jay hhanti,mina kharel,yt:Chitwan 2 nirbachan,comment
"राजा गएर गणतन्त्र आयो, तर देशको अवस्था झन् बिग्रँदै गयो। सुन्दर फुलबारीका राम्रा–राम्रा फुलहरू हावाले उडाएर लगेजस्तो भयो। देशको पहिचान, सुन्दरता र भरोसा बिस्तारै हराउँदै गएका छन्। तर यति हुँदाहुँदै पनि मनको कुनै कुनामा अझै आशा बाँकी छ—कुनै दिन उज्यालो आउनेछ, र देशरूपी फुल फेरि फक्रेर सधैँका लागि जगमगाउनेछ। Kulman only",mina kharel,yt:Chitwan 2 nirbachan,comment
Gagan thapa doing his best to divert rabi balen craze🤣🤣🤣😂😂,mina kharel,yt:Chitwan 2 nirbachan,comment
Jaye ghanti,mina kharel,yt:Chitwan 2 nirbachan,comment
Jai mato ✊️,mina kharel,yt:Chitwan 2 nirbachan,comment
जय घन्टी 🔔🔔🔔🔔🔔🔔,mina kharel,yt:Chitwan 2 nirbachan,comment
JPT .. Sajilai jitxa Rabi le ..,mina kharel,yt:Chitwan 2 nirbachan,comment
Jay.bhangi.ravi.balen,mina kharel,yt:Chitwan 2 nirbachan,comment
"रबि लामिछाने माथि सम्पत्ति शुद्धीकरणको मुद्दा लागेको हुनाले चुनाव जिते पनि उनले कुनै पनि पद ग्रहण गर्न नमिल्ने हुनाले मिना कुमारी दिदिलाई भारि मतसहित विजयी गराउनु पर्छ 
यदि रबिले जितेमा फेरि चुनाव गराउनुपर्ने हुन्छ जुन खर्चिलो र झन्झटिलो हुने स्पष्ट छ।",mina kharel,yt:Chitwan 2 nirbachan,comment
चितवनकि चेली चितवनकि बुहारी महिला उमेदवार  लाई चितवनका अादरणिय दाजु भाइ दिदी बहिनी ले रुखमा अमुल्य  मत दिएर न्याय गर्नु हुनेछ ।,mina kharel,yt:Chitwan 2 nirbachan,comment
Sahakari thug li ek vote pani na deu yesto criminal li.,mina kharel,yt:Chitwan 2 nirbachan,comment
चुनाब जीतेर थुनीने लाई कि जनता सग जोडिने लाई?,mina kharel,yt:Chitwan 2 nirbachan,comment
No vite to ghante,mina kharel,yt:Chitwan 2 nirbachan,comment
Mina,mina kharel,yt:Chitwan 2 nirbachan,comment
चिताउन २ मा मिना खरेल ज्यु को जित हुन्छ,mina kharel,yt:Chitwan 2 nirbachan,comment
Meena kharel is nest woman of Chitwen  district,mina kharel,yt:Chitwan 2 nirbachan,comment
He will win with double margin,mina kharel,yt:Chitwan 2 nirbachan,comment
Jai Nepal Jai ZEN Z Jai Ghanti ❤❤❤❤❤❤❤❤❤❤,mina kharel,yt:Chitwan 2 nirbachan,comment
