text,label,channel
"🗣️ K. P. Sharma Oli का “lying tricks” (छोटोमा)
	•	अर्ध–सत्य बोल्ने – तथ्यको केही भाग मात्र प्रस्तुत गरेर आफ्नो पक्ष बलियो देखाउने।
	•	विषय मोड्ने (Diversion) – कठिन प्रश्न आउँदा अर्कै मुद्दातर्फ ध्यान सार्ने।
	•	राष्ट्रवाद प्रयोग गर्ने – आलोचनाबाट जोगिन भावनात्मक/राष्ट्रवादी भाषा प्रयोग गर्ने।
	•	दोष अरूमाथि सार्ने – असफलताको जिम्मा विपक्ष वा अन्य पक्षलाई दिने।
	 vote Balen",positive,comment
पुराना दललाई भोट किन?<br>1. एक एक वर्षमा सरकार बनाउन!<br>2. संसदमा कुर्सी हानाहान गर्न!<br>3. सत्ताको लागि जस्तो पनि गठबन्धन गर्न!<br>4. एउटा सरकारले बजेट बनाउने अर्को सरकारले कार्यान्वयन    गर्न!<br>5. 9/10 महिना सम्म निरन्तर संसद अवरोध गर्न!<br>6. सत्ता र शक्तिको चरम दुरुपयोग गर्दै जथाभावी राजनैतिक नियुक्ति गर्न!<br>7.बिधिको शासनको धज्जी उडाउन!<br>8. कार्यकर्ता पोस्न!<br>9.नेताको प्रभाव क्षेत्रको आधारमा बजेटको असमानुपातिक बितरण गर्न। <br>10. भ्रष्ट र अपराधीहरुलाई राजनैतिक दलको आस्थाका आधारमा संरक्षण गर्न<br>11.देशैभरी भ्रष्टाचारको जालो फैलाएर देश लुट्न!<br>12. .............. थप्दै जाँउ!,negative,comment
"यदि याे भन्दा अघिल्लाे महाअधिबेसनमा गगन सभापति भएकाे भए खराने ग्याङ्गकाे उदय हुने थिएन, सहकारी चाेरहरु,जेल ताेड्ने डाकाहरु, नेपालले सिमा मिच्याे भन्ने देश देह्रीहरु माटाे मिल्थे हाेला, भाटभटेनि लुटेर आगाे लगाउने हरु, टिओबिहरु नाग्ङ्गाे खुकुरि लिएर मेराे देश चाहियाे भन्ने आँट आउने थिएन, प्रचण्ड र ओली काे दास बन्ने देउबाका आदेश ले कंग्रेसलाई पतनकाे दिसामा लग्याे, मित्र राष्ट्र चिन बिरुद्ध यति धेरै बिेष बमन गरे घण्टेहरु । यदि चिनलाई जिस्काईयाे भने यिनिहरु पानि भन्न पनि पाउने छैनन् ।यी TOB ग्याङ्गका पानि बाँड्ने नाउमा सत्ताकाे धुरिमा पुग्ने थिएनन् । कंग्रेसले केहि गल्ति गरेकै हाे, कहिले ओलि पथ, कहिने प्रचण्ड पथ । देश द्राेहिहरु खरानिमा खित्का छाेडि हाँसि रहेछन । भ्रष्ट्रचारी , नेपाे बेबिहरु संचार माध्यामहरु भाटभटेनि, गगनकै घर जाने बाटाेमा गाडिले बाँटाे छेकेर के गर्न चाँहेकाे , यस्काे मुल्य तिर्ने छन । भाडाका टट्टु मुर्दाबाद, सहकारी चाेरहरु मुर्दाबाद,ब्याक्ति गत सम्पति ,र अदालत, लगायत सबै सरकारी सम्पतिमा लगाईएकाे आगाे र खरानीकाे मुल्य ब्याज सहित मुल्य असुल हुनेछ एक दिन । जय नेपाल , जय बिपि, जय प्रजातन्त्र।।।।।",positive,comment
Mantri Hune लोभ नगर्नुस् सांसद हरु,negative,comment
MCC लाइ समर्थन गर्ने हैन यो वाग्ले भन्ने त,negative,comment
सस्कार बिना काे प्रस्न येा नेपाल<br>हाम्रेा हाेइन केपि मात्र हाे भन्ने हिसाव ले,negative,comment
फन्टुस तर्क नगरौ न हो! यत्रो powerful PM भएको मान्छे!,negative,comment
"Good harkji,यो चाहिन्छ ,! सरकारलाई ,?",positive,comment
"बास्ना थापा ज्यु सुनसरीमा सी डी ओ छ, मुख्य mantri पनी छ,पुलीस पनि छ तीनी हरू के को लागी पालेको पदमा आरयाल ज्यु तपाई प्रधान mantri भए के गर्थ्यौ सरकार लाई सहयोग दीनु बीरोध होईन भासन न दे काम गर",negative,comment
अजै येस्को दुई जिब्रे कुरा सुन्नु हुदैन अब,negative,comment
पहिलो पटक vanera hola bt. भ्रष्टाचारी हरु बारे केही एक सब्द बोल्न  हार्क साम्पाङ्ग,negative,comment
RSP का केहिले मनन गर्नु  पर्छ ।याे सम्बाेदन सामान्य  छैन,positive,comment
"पत्रकार साथीहरू, नेताको स्वास्थ्य होइन, देशको अवस्था र भ्रष्टाचारको बारेमा कडा प्रश्न सोध्नुस्। ७० करोड काण्ड, महाकाली सन्धि र भ्रष्टाचारी जोगाउन रचिएका AI का नाटकहरूका बारेमा जवाफ चाहियो। जनतालाई सञ्चो-बिसञ्चो होइन, सुशासन र न्याय चाहिएको छ! भ्रष्टाचारका ठूला फाइलहरूमा किन निष्पक्ष अनुसन्धान हुँदैन? नक्कली भुटानी शरणार्थीदेखि वाइडबडीसम्मका काण्डहरू किन दबाउन खोजिन्छ? भ्रष्टाचारीलाई सामान्यीकरण गर्न मिडिया र सत्ताको जुन साँठगाँठ देखिएको छ, त्यो लोकतन्त्रका लागि घातक छ। राष्ट्रहित विपरितका सन्धि गर्ने र देशको ढुकुटी रित्याउनेहरूलाई कानुनी कठघरामा उभ्याउनै पर्छ।""",negative,comment
बालेन शाह को बिचार हो यो bp को होइन,positive,comment
Padam जी लाई सोध्नुपर्ने तिम्रो स्याङ्जा को विकास मा तिम्रो सरकार हुँदा के के गर्यो भनेर पनि सोध्नुपर्ने,negative,comment
केपी चोरभन्दा त प्रचण्ड हजार गुणा best!!,positive,comment
Kuri kuri  😅😅😅😅😅😅😅,negative,comment
बोल्न पनि रतीभर लाज लाग्दैन रहेछ,negative,comment
याे मुजिले २०८२| ५ | २३ २४ काे आन्दोलन अगाडि जे जस्तो सानो तिनाे भ्रष्टाचार गरे पनि २०८२|११|२१ काे चुनावमा बहुमत लिएर आए पनि भ्रष्टाचार गर्न नपाउनेभयो भनेर  एमालेको पत्तासाप हुने भयो केपी ओलिलाई कानुन नलाग्ने साेजाे जनतालाई कानुन लाग्ने देश चलाउने प्रधनमन्त्रिलाई कानुन नलाग्ने जय जेनजि नेपालकाे कानुन गरिब दुखि  र साेजाे जनतालाई जानुन छ जना नेताले नेपालकाे बजेट भ्रष्टाचार गर्न पाउन जय  <br>ग्रेटर नेपाल,negative,comment
यो  बेलुन  घण्टी  मा  आय  बाट  मलाई  rsp  मा पर्दैन,negative,comment
"🇳🇵🙏Genz आन्दोलन र सुनसरी घटना एउटै हो भन्ने ,एउटै देख्नेको चै मानसिक स्थीतीको check गराए हुन्छ।",negative,comment
Missing Sumana Shrestha. she was the one of the TOP Sansads.,positive,comment
Pray For Peace.... गृहमन्त्री ले नैतिकता देखाएर राजीनामा दिएर परिपक्व मनिष झा हरु जस्ता परिपक्व गृहमन्त्री बनाउ   ।,positive,comment
"20 जना uml ले सदन मा के गर्ने रैछन 😅
😂",negative,comment
"Question answer be like
म गर्छु आग्रा कुरा, सम्धी गर्छ गाग्रा कुरा😂",negative,comment
"प्यारा नेपाली दाजुभाइ तथा दिदीबहिनीहरू,

चार दशकभन्दा बढी समयदेखि हामीले एउटै अनुहार, एउटै भाषण र एउटै वाचा सुन्दै आएका छौँ। UML/केपी ओली, कांग्रेसका पुराना नेताहरू, र CPN (माओवादी)/प्रचण्ड वरिपरिका पात्रहरू—सबैले सत्तामा बसेर देशलाई आशा होइन, थकान मात्र दिए। भ्रष्टाचारका कथा, शक्ति दुरुपयोग, र जवाफदेहिताबाट भाग्ने संस्कार हामीले आफ्नै आँखाले देख्यौँ। आज उनीहरू नै नयाँ जस्तो मुखौटा लगाएर, भाषा फेरिएजस्तो देखाएर, RSP, रवि लामिछाने र बालेन साहमाथि निरन्तर आक्रमण गरिरहेका छन्—किनकि जनताले विकल्प देख्न थालेका छन्।

रवि लामिछानेमाथि भएको व्यवहारलाई धेरैले राजनीतिक प्रतिशोध जस्तो देखे—भ्रष्टाचारका प्रश्नहरूबाट ध्यान हटाउने प्रयासजस्तो। अनि बालेन साह? उहाँले काठमाडौँलाई काम गरेर देखाउनुभयो—नारा होइन, नतिजा। फोहोर व्यवस्थापनदेखि सार्वजनिक स्थानको अनुशासन, पारदर्शिता र साहसिक निर्णयसम्म—काठमाडौँ आज विकासको मोडल बन्न थालेको छ। यही कामले डराएको पुरानो शक्ति अहिले आलोचनामा जुटेको छ।

अब भ्रममा नपर्नुहोस्। पुराना पार्टीका पुराना अनुहारहरूले फेरि मौका पाए भने परिणाम पनि पुरानै हुनेछ। यो चुनाव भावनाको होइन, भविष्यको हो। डर होइन, आशाको हो। गाली होइन, कामको हो।

आउनुहोस्, भ्रष्टाचारको चक्र तोडौँ। नयाँ सोच, नयाँ नेतृत्व र जवाफदेही राजनीतिलाई अवसर दिऔँ। RSP, रवि लामिछाने र बालेन साहजस्ता काम गरेर देखाउने नेतृत्वलाई साथ दिऔँ—हाम्रो भोलि सुरक्षित, स्वाभिमानी र समृद्ध बनाउन|",positive,comment
Sir  तपाइँको लागि यो केहि छौन।‌ सर ❤,positive,comment
"Goosebumps!!  आशाको किरण । Let us together make this beautiful country a dream nation, a civilised nation!!",positive,comment
"Imandar,,Satya nai Harka ji ko sakti,,,❤❤❤",positive,comment
jati duman tate agadi❤❤,positive,comment
Zen z आन्दोलन क्यू हुआ ? किसने मारा ? जनताको सब पता है । बलेन शाहने ठीक किया  है ।,positive,comment
नेपाल को संसद भवन भनेको दुखेसो पोख्ने ठाउँ र लुटेर खाने को आश्रम हो,negative,comment
सेरे ओली भन्दा तिमी हजार हुना खत्तम किन की उनीहरू सङ्ग ठुला ठुला पाटी छन तिमी एक्लै भै सकेउ तिमी एक्लिएको कल्ले बुझिदिने बजे !,negative,comment
नेपालको सुनौलो भबिस्य लागि असागरियका दुई खम्बा !! i am so proud both of u ❤❤,positive,comment
""" Arise youngsters-d youth of our paradise
Upon thy shoulder d bounden duty lies
The nation's a shambles n all hell breaks loose
Thy presence is a must to settle d ongoing disputes.""
Hats off to Rabi L for your indomitable guts n patriotic fervor -U're truly a protagonist of change.",positive,comment
muji hatyara hos mahesh bansnet jasta balatkari ko snangarchays ho pu lic  m aayer delha randi ko baan,negative,comment
"Searching Balen, When he is lost in प्रतिनिधि सभा 😂",negative,comment
Yes he is legend we like his vision let's grab this opportunity we support balan shah vote for him,positive,comment
"पाको बुढाको उधारो बाचाले उधारै भयो।अब युवा पुस्ताको बाचा हेर्ने हो,साच्चिकै हामी काठमाडौंमा बिकास र सुन्दर काठमाडौं हेर्नू छ,भने बालेन शाहको भिजन उत्तम छ, vote for Balen shah",positive,comment
Wow दामी ❤❤❤👏👏👏congratulations ❤❤👏🎈🎈🎈🎈🎈,positive,comment
parchand RSP ko sadyantra inquri hunu parxa.,negative,comment
३६ बर्षमा पहिलो पटक उच्च नेता बाट यति मिठो speech सुन्न पाईयो आहा ।।,positive,comment
Yo msg kahile marxa 🤔,negative,comment
रविका झाेले  जस्ताे बाेलेर के<br>सेाधे काे येा धमाला ले,negative,comment
"यदि नेपाल नभएको भए वा इस्लाम भएको त मुहम्मद ओली हुन्थेस, तलाई कोरा हानेर, वा घाँटी काटेर मारिएको हुन्थ्यो (हलाल)। झापामा त ले आफ्नो जग्गाधनी र ती ७८ जना बच्चाहरूलाई कसरी हत्या गरेको थिस? नेपालमा कुनै पनि ब्राह्मण मारिएन त्यसैले त बचाइएको छ र कुकुर जस्तै हिँडिरहेको छस? <br>पृथ्वीपथले यो देश बचाए, बचत गरियो आफ्नो पुर्खाको बाटो, पहिचानलाई माया गर्ने मानिसहरू बचाइएको छ,? विदेशीहरू, विदेशीहरूको कठपुतलीहरू, ईसाईहरू, मुस्लिमहरू, वामपन्थी/कम्युनिस्ट जे सुकै झुटा घृणा प्रचार, अफवाहहरू, घृणा कीर्तिपुरेको नाक काट्ने, राई, लिम्बूको हत्या गर्ने, हुम्ला, जुम्लाका महिलाहरूलाई बेच्ने, पर्वतका रानीहरू, २२,२४ राज्यहरू हराएका राजा रानीहरू ,छोरीहरूलाई बलात्कार गर्ने, सबै नक्कली घृणा हुन्, घृणा दासहरू जे सुकै भनून्, फस्टाउन, फहेलाउन उनी किराँत, गोपाल, लिच्छवि, खस, मैथिली युग पछिको आधुनिक नेपाल एकीकरणकर्ता हो? यो उत्तम हो किनभने यो पहिलो आधुनिक इतिहासको मानवीय सिद्धान्त हो, युरोपले पनि त्यो उत्कृष्ट सिद्धान्त विकास गरेको थिएन?<br><br>किन सबैले एकै समयमा लुकाउँछन्, नेपालको दक्षिण, उत्तर-पूर्व, दक्षिण-पश्चिम बौद्ध, हिन्दू, प्रकृतिपूजकहरूलाई के भइरहेको थियो, मुस्लिम, बेलायती, युरोपेलीहरूले आसम, नागाल्याण्ड, कलकत्ता, बिहार, मुम्बई, हैदराबाद, महाराष्ट्र, पञ्जाब, कश्मीर, लाहोर, अफगानिस्तान, तिब्बत, चिनियाँ प्रान्तमा चिनियाँ साम्राज्यहरूले के गरिरहेका थिए सबै लुकाउँछन्, युरोप, अमेरिका, अष्ट्रेलिया भित्र पनि के भइरहेको थियो? शत्रुको गतिविधि कसरी सुक्षमा हिसाब देख्छ र नेपाल र नेपालीलाई एकताबद्ध गर्ने आवश्यकतालाई,महत्वहीनता कसरी कार्यान्वयन गर्छ नेपाली जनताको लोप हुने समय कहिले हुनेछ,तब उनीहरूले बुझ्न सक्छन्?",negative,comment
मानव मारेर जनतन तर्सायर सत्तामै बसिरहन सकिन्छ भन्ने निचसाेच भयका पात्र वली 🇳🇵,negative,comment
Prime minister of Nepal 🫂❤❤,positive,comment
यहि आतंककारी काे हात हुन सक्छ । सत्तामा भाेक लागेकाे छ !!यिनी केपि र प्रचण्ड यसमेनलाई😡😡🇳🇵,negative,comment
"प्रिय काठमाडौं बासीहरु अब त आँखा खोल्नुहोस्। ५ वर्ष अगाडि विद्या पासा लाई भोट दिएर जुन गल्ति गर्नुभयो अब त्यो गल्ति नदोहोयार्नु होला बिन्ती छ🙏🙏 काठमाडौं का सबै युवाहरु लाई आग्रह , तपाईंले आफ्नो परिवार को सबै भोट बालेन् शाह लाई ल्याउने अठोट गर्नुहोस्। नबुझेका बा आमा हजुरबा आमालाई बुझाउने जिम्मा तपाईंको। मासु भात जुन पार्टी को खाए पनि भोट चाई बालेन शाह लाई नै है त।
५ वर्ष पछि बल्ल यस्तो मौका आएको छ ,यो मौका नगुमाउनु होला बिन्ती छ।
#voteforbalen
#balenformayor",positive,comment
Damalajiko parsnako jawap Kai mukma aaudaina budyskalma jyljanu parxavanyr honi jyl lagaunu ra jylbasnu parakxa dhxa kukurlai aani jawip didaina,negative,comment
Jay mato Jay harka sir,positive,comment
Kp oli budo vayo yesko dimag khuskiyo kidni ferne bela vayo,negative,comment
the whole wotld will get fascinated by his story if a dochmentary is made upon him..,positive,comment
Vasan matra garera chaldena😊😅,negative,comment
"हाम्रो देश मा परिवर्तनकाे घण्टी बजिसक्यो.. अब परिवर्तन हाम्रै पाला मा सम्भव: छ ।🇳🇵🇳🇵🇳🇵 #RastriyaSwatantraParty 
जसरी Harka Sampang लाई धरान को जनता ले सत्ता मा पुराए.. अब RABI LAMICHHANE अर्थात ( राष्ट्रिय स्वतन्त्र पार्टी ) लाई पनि जनता ले  राष्ट्र को सत्ता मा पुर्याउँछन् भन्ने ठूलो आशा छ ❤️❤️❤️🔔🔔🔔🙏",positive,comment
अत्यन्तै intresting  रसिलाे प्रस्तुति👌👌,positive,comment
एउता बुधी लाई ब्याउनी बनाउन नसक्नी ले देश बनाउन सक्छ,negative,comment
"Debate गर्न सक्ने , तर्कहरु दिन सक्ने त ह्याउ पनि हुनु पर्यो नि , धोक्रो सुकाइ सुकाइ पाएको भोट एउटा अन्तर्वार्ताले सोत्तर पार्छ भन्ने थाह भएरै भागि रहेको हो |",negative,comment
सहि हो प्रचण्ड जिन्दबाद हो।,positive,comment
यदि नेपाल मा  राम्रो सरकार  आउने हो भने  यी बरिस्ठ  ज्यु ले जेल मा जानू पर्ने हुन्छ,negative,comment
kati hasnu,negative,comment
17000 वाला,negative,comment
"राजेन्द्र बनियाँ सर, अब श्रम संस्कृति पार्टीकी पिन्सा राईलाई पनि अन्तर्वार्तामा आमन्त्रण गर्नुपर्छ।",positive,comment
Unpaad ko udharan,negative,comment
कुन गुन्डा नाइके हो सला झोले लाई झुण्डाउनु पर्छ l जय बालेन शाह🐅 जय घन्टी🔔🔔🔔💪💪💪🇳🇵🇳🇵🇳🇵🇳🇵🇳🇵,positive,comment
"धरान नेपाल को अरु ठाउ भन्दा बेग्लै पहिचान छ। धरनेहरु चेतनामा आर्थिक मा र शिक्षा मा अगाडि छ्न। साचै नै धरान राम्रो मेयर पायको छ। अब त जनता जागौ देश को मुहार फेरौ। गालि गलौच गर्ने राज्नितिलाइ माथि नराखौ आवज बोल्ने बोक्ने समस्य पहिचान समधान गर्ने र vision भयको र vision अनुसार अघि बड्न सक्ने लाइ मात्र साथ दिउ।
मेरो देश नेपालको सधा जय होस।",positive,comment
नेपाल ले कानेर भारत को जमिन मिचेको छ माननीय पर्धान मान्त्री जिउ ले भने जस्तो देखाउनु परो,negative,comment
Jaya balen superb be strong 💪💪,positive,comment
हामिले धेरै सोचाइको कुरा आम्दोल्न बदी छ हजुरको interview आउँछ म सधैं हेर्छु सब view plan हजुरको नि intrevew अनुसार negagative देख्छु,negative,comment
केपी बा I love yo धेरै राम्रो लाग्यो यो अन्तरवार्ता,positive,comment
जय बालेन जिदबाद रबि 🎉🎉🎉❤❤❤,positive,comment
Congratulations 👏👏 and Best of luck PM Balen Daju and Rabi Daju and sabai RSP family haru jay Bir gorkhali haru jay ghanti ❤❤❤❤,positive,comment
जय रवि शर❤❤❤❤,positive,comment
यो मान्छे मलाई सार्है मनपर्छ,positive,comment
very intresting lagyo programme...,positive,comment
अब समाएर जकाउछ भनेर चिल्लो घस्दै छ छेपारो ले,negative,comment
"सबै प्राया हर्क साम्पाङ्गलाइ जाती बादी र पास्टरको उपनाम दिन्छन। तर बास्ताबमै नेता भनेको उस्को मन, बिचार , निष्ठा छर्ल्ङ्ग भएको नेता भनेको त्यो हर्क साम्पाङ्गमा हो।❤",positive,comment
Prachandale yesto mitho bolnuma pni kehi sadyantra hunasakx bhanne malai matrai laagne hoki arulai pni hola?????,negative,comment
कतिको हिम्मत छ हेरु एकलै लद्छ कि गठ बन्धन  मा जान्छ आगोमा सलाइ कोर्ने  आफै,negative,comment
Yasle Aafaile racheko षडयंत्र ho tes karan yallai sabai kura thaha xa balen sarkar yallai jailkochnu sabai thik hunxa,negative,comment
यिनिहरु कोहि गतिला छैन सबै mcc  र नागरिक्ता बिधेक को मतियारहरु हुन ।,negative,comment
बालेन जी को सोच अनुसार होस् भगवान् म प्रार्थना गर्छु । सबै युवाको सोच बालेन को जस्तो होस्  र हुनुपर्छ । धेरै आशिर्वाद छ बालेन बाबू ।,positive,comment
"RSP को पनि धागो बाहिर नै रहेछ???नत्र राजा ल्याउनुपर्ने, सिमा मिचेको सच्याउन पर्ने ।कतै नेपाली झुक्याउँदै त छैनन्???",negative,comment
Natak ta khatara Garxa yo jyas le sala hatyara,negative,comment
"""हामीहरूले यो यो  काम गर्छौ होइन कि 
हामीहरू यसरी यसरी यो काम गर्छौ ""- बलेन 😊❤",positive,comment
सहि हो ।कम्रेट प्रचण्ड  देशको एक महान लिडर र मेरुदण्ड हुनुहुन्छ। यदि उहाँ हुनुहुने थिएन  भने अझै सम्म दलितहरुलाई दुव्र्यवहार भहिरहेको हुने थियो।जय देश जय प्रचण्ड पथ 🙏🙏🙏🙏🙏🙏🙏🙏🙏,positive,comment
भरस्टचारि चुपलाग,negative,comment
Ani Facebook kun सरकारले हटाउन lako,negative,comment
मेयर हर्क सर को हरेक शब्दमा सत्य छ अनि motivation speech लाग्छ..,positive,comment
याे जाेडि लाई कसैकाे नजर न लागाेस🎉🎉🎉🎉🎉🎉🎉,positive,comment
"कोइछ माइकललाल???
कुन नेताको हिम्मत छ mainstream को सम्पूर्ण मीडिया: कान्तिपुर, अन्नपुर्ण, नया पत्रिका, online khabar, सेतोपाटी लगायत....राजाबादी, रबिन्द्र मिश्र, ऋषि धमला माथिको तितोसत्यकुरा खुलेआम प्रमाण सहित ओकाल्ने हिम्मत, चाहे आक्रोशमानै सहि??? यसको मतलब उनलाई केहि कुराको लोभ छैन, कोहीसंग setting गर्नुछैन भन्ने प्रस्टहुञ्छ! 

पार्टीको तलुवा चाट्नेहरु नआवो अब अनेक भन्दै.... रबिले गृहमन्त्रि भएर नियम कानुनमा देश चलाउदा, सिस्टम बसाल्दा,तिमीहरुलेनी केहि सुख पाउथेउ,
खाऊ अब तेही.....

देशले पाएको सच्चा नेता, सच्चा योद्धा..... Salute रबि लामिछाने",positive,comment
jng lai xodeuna ta ye buda kina lov?? aat  xa??,negative,comment
"Hindu rastra kayam garera kota system hataunus sir
Nepal Hindu ko ho 
Jastai Pakistan ma Islam, bahek kei chhaina
Saudi ma ,Qatar ma Ra Aru Islam country ko rule thaha nai chha ra usa, paschim muluk haru ko pani aafnai Christian religion chha
Sabai le aa-aafno desh ma aafno paramparalai herchhan
Tara Nepal India jasto muluk le loktantra lyaera ra kota system ra sa sabai dharma Lai Saman byawahar garekole ra dharma pariwartan garaune ishai ra Islam ka agent haru Lai khula chhut dieko le hamro desh barbad hudaichha
Raja ko Pala Christmas ra IED bakrid haru ma sarkari chhutti didaina thiyo Tara pani manaerq basekai thie 
Tara netq haru le ra maowadi le aafno vote bank ko lagi hamro desh Nepal Lai ^sajha rastra"" banaera hak dilaera Bolna Lai jun bato banaidie tyo Swarthi sarkari le Garda ho
Malai yaad chha 2060 ma Mero slc ko barsa ma IEd ma chhutti hudaina thiyo Tara ahile Bada maharaja Dhiraj prithvi Narayan Shahdev le banaeko Nepal ma chhut diera yasti sthiti srijana vaeko ho",negative,comment
😢😢😢aasu aayo,negative,comment
बिपि को बिचार बिपि सगै मरेर गयो !,negative,comment
Hats off gagan❤❤,positive,comment
"wow .एस्तो पो उम्मेदवार 
कति सालिनता छ ; न कुनै आक्रोश , न उत्तेजना ,न कसैप्रती कटाक्ष ,गालिगलोज ,टुक्का उखान ।
बिकल्पका खाका,समस्याका कारण अनि स्रोतको स्पस्ट व्याख्या सहित ।
काठमाडौ बासिले यिनलाइ मत दिन आनाकानी गरे भने आत्मघाती सरह हो ।
एसपाली यिनलाइ जिताउनुपर्छ",positive,comment
Gagan uba futre star pm,positive,comment
गनगन काजी को के छ 😂 यता mutton पाक्दै छ 😂😅,negative,comment
00:08 23 ra 24 ma niriha timaru lai jantale chahera oey jyaan mara .. janta bhaneko maalik ho .. timaru nokarharulai jawaf dina jaruri chaina .. dherr sodhis tamarule bhane feri laat khachau timaru sabaile ..,negative,comment
I love you harka sampang 🇳🇵💪,positive,comment
"T O B को जकेट लगाएर हाम्रा  सान बालबालिकालाई  विद्यालयको पोसाकमा 
निसेधित क्षेत्रमा होमेर अबोध  बालबालिकालाई मराउने सुजन  गुरुङ जस्तो पात्रलाई  भाबुक  दयालु भन्नू हास्यास्पद  होइन र !?????????",negative,comment
Balen sanga bahas garna ramrari padheko hunu parcha <br>Aaukat chaina kp muji ko,negative,comment
कति सम्म को मन हो यति हुदानी छुपुक्क घरमा बसे हुन्छ त 7 पुस्तालाइ खाने सम्मति जम्म भैसक्यो होला तिमि बाट हुदैन भने,negative,comment
"Maobadi ko nam ma luteo ,ab male ko Nam bat lutnu paro ni Janta sabai bheda , election ma per vote 1000 Rupees and masu Bhat ma bikne.butro desh banla..?",negative,comment
Great sir❤,positive,comment
Sit purai khali x kaha janu vyoo aru mananya jiu haru,negative,comment
100% agreed 🎉❤😂,positive,comment
"केपी सँग वहस गर्न हर्क, गगन, प्रचण्ड र कुलमानहरू तयार भए भैहाल्यो ।<br><br>गफाडीहरूको debate मा देश हाक्ने राजनेता सुहाँउदैन ।",negative,comment
अब 5बर्ष को ढुक्क हुनेवाला हाम्रो  प्रधानमन्त्री king ❤❤,positive,comment
मेरो आसा भरोसा दुबै दाजु हरु,positive,comment
"खेत रोप्ने दिन सम्म पनि
मल पाईएको छैन  !
मल चाहिएको छ 150 kg
मल दिन्छन  50 kg त्यति 
ल्याएर के गर्नु यस्तो छ देशको
स्थिती यसरी किसानलाई 
सारै मार परेको छ मल 
नपाइएर खेती गर्न पनि 
गाह्रो  छ ! यसको लागि 
सरकारको बिशेष  ध्यान
जावस अबका दिन हरुमा 🙏",negative,comment
इङ्लिस लेङ्ग्येज पढादा पढाउदै अहिले को उस्को बुडि लाई पेट बोकाको हो अनि जेठी बुडिले छोडेको हो अलि राम्रो जानकारी लिएर मात्र बोल्नु होला,negative,comment
केही काम छैन यस्तो संसद्,negative,comment
सहि भन्नु भयो गगन जी 👍👍👍👍🙏🌹🌸🌼🌸🌹🌹🙏🙏🙏,positive,comment
This is so inspirational. 👏👏🇳🇵🇳🇵,positive,comment
Yakdam ramro socha bichar x hjr ko yo hjr ko socha bichar ma hare nepali daju bhaini le sath dinuhunx rabi dai good job dai🙏🙏🙏👏👏👏👏👏🤝🤝🤝,positive,comment
फेरि ढल्नी भो हर्के डाहा ले 😂😂😂जय🛎️🛎️🛎️✅✅,positive,comment
yasta हारू ले बोलने मौक़ा दिनू hunna । आफाई ले घटना सिरजाना गरेर आफई ले जवाफ magne,negative,comment
पहिलो कुरो मिडिया झोले छ दोस्रो <br>हेया म मेरो आमा को कसम खएर भन्छु<br>इनि हरु हामिलाइ पागल बनाउदै छ 😡😡,negative,comment
"Proud of you sudan sir
Gurung ko taqat balla dekhna paiyo 2082 ko antya ma aayera🎉",positive,comment
महान नेता रबि लामिछाने त्यागी अनि दुरदर्शी नेता रबि लामिछाने,positive,comment
Go Sudan Go ❤,positive,comment
"नेपाली दाजुभाइ तथा दिदीबहिनीहरूमा हार्दिक अपिल (Heartfelt Appeal to Nepalese Brothers and Sisters)<br>विषय: अबको भोट देश बनाउनेलाई, अबको भोट &#39;घण्टी&#39; लाई।<br><br>आदरणीय नेपाली बुबाआमा, दाजुभाइ तथा दिदीबहिनीहरू,<br><br>आज म एउटा सचेत नागरिकको हैसियतले, मुटुमा देश दुखेको पीडा र आँखामा भविष्यको सपना बोकेर तपाईंसँग दुई शब्द राख्न चाहन्छु। हामीले वर्षौंदेखि राजनीतिलाई केवल भाषण र आश्वासनमा सीमित देख्यौं। तर आज देश एउटा यस्तो मोडमा उभिएको छ, जहाँ हाम्रो एउटा निर्णयले हाम्रा सन्ततिको भविष्य कोर्नेछ वा फेरि उही पुरानो अन्धकारमा धकेल्नेछ।<br><br>हामीले के बिर्सने? त्यो भदौ २३ को पीडा? इतिहास साक्षी छ, हामी पटक-पटक झुक्किएका छौं। पुराना दल र तिनका नेताहरूले सत्ताको लागि जे पनि गरे। भदौ २३ को त्यो कहालीलाग्दो घटना र निर्दोष जनताको पीडालाई आज सत्ताको खुड्किलो चढ्दा कसरी बिर्सन मिल्छ? हिजो जसको नेतृत्वमा जनताले आँसु र रगत बगाउनुपर्यो, आज चुनाव आउँदा तिनै नेताहरू सामाजिक सञ्जालमा भ्रम छरेर फेरि &quot;मसीहा&quot; बन्न खोज्दैछन्। केपी ओली जस्ता पुराना नेताहरूले हिजोका गल्ती स्वीकार गरेको नाटक गर्नु वा नयाँ जाल फ्याँक्नु भनेको फेरि हामीलाई फसाउनु मात्र हो। के हामी फेरि उही नियति भोग्न तयार छौं? के हामी फेरि हाम्रा दाजुभाइको रगतको अवमूल्यन हुन दिने?<br><br>होइन! अब हामी सचेत भइसक्यौं। उनीहरूले हिजो जे गरे, मौका पाए भने भोलि पनि त्यही दोहोर्याउन सक्छन्। शक्तिमा टिकिराख्न उनीहरूले जस्तै हथकण्डा पनि अपनाउन सक्छन्। त्यसैले, अब उनीहरूको गोहीको आँसु र गुलिया भाषणमा नफसौं।<br><br>बालेनले काठमाण्डौंमा बालेको आशाको दियो तपाईं-हामी सबैले देखेकै छौं, काठमाण्डौंमा बालेन शाहले कसरी काम गरेर देखाए। वर्षौंसम्म फोहर र बेथितिले गाजिएको शहरलाई एउटा व्यक्तिले इच्छाशक्ति भयो भने कसरी बदल्न सक्छ भन्ने उदाहरण उहाँले पेश गर्नुभएको छ। बालेन एक्लैले त यति गर्न सके भने, यदि रवि लामिछाने र राष्ट्रिय स्वतन्त्र पार्टी (घण्टी) ले संसदमा स्पष्ट बहुमत पाए भने देशको मुहार कति छिटो फेरिएला?<br><br>बालेनको भिजन र रविको आँट—यी दुवै एउटै सिक्काका दुई पाटा हुन्। यी नयाँ पुस्ताका नेताहरूलाई काम गर्न &quot;पावर&quot; र &quot;समय&quot; चाहिन्छ। बालेनले एक्लै लड्दा कति अवरोध सहनुपर्यो, त्यो हामीले देखेकै छौं। त्यसैले अबको संसदमा रवि लामिछानेको टिमलाई, &#39;घण्टी&#39; लाई बहुमत दिएर पठाऔं, ताकि उनीहरूले कसैको दबाबमा नपरी स्वतन्त्र रूपमा देश बनाउन सकून्।<br><br>यो अन्तिम मौका हो पुराना दलहरूले हामीलाई पटक-पटक धोका दिए। अब पनि हामीले &quot;फेरि एकपटक&quot; भन्दै उनीहरूलाई नै भोट हाल्यौं भने, देश बन्ने सपना सधैंको लागि मर्नेछ। यो चुनाव मात्र एउटा भोट खसाल्ने दिन होइन, यो असल र खराब, सत्य र भ्रम, अनि विकास र विनाश बीचको लडाइँ हो।<br><br>देश बनाउने जिम्मा अब हाम्रो काँधमा छ। आउनुहोस्, यसपालि जात, धर्म, र पुरानो झण्डा बिर्सेर, केवल देशको लागि, हाम्रा छोराछोरीको भविष्यको लागि &#39;घण्टी&#39; मा भोट हालौं। पुरानाले देश सिध्याउन लागिसके, अब नयाँलाई देश बनाउने मौका दिऔं।<br><br>सचेत बनौं, संगठित बनौं, र देश बचाऔं। जय नेपाल!",positive,comment
हाम्रो देश कृषिप्रधान देश भनेर संसार भर चिनिन्छ ।तर देशभित्र अन्न्बाली उत्पादन नभएर अझै पनि ग्रामीण भेगमा 15-20 किलोमिटर चामल भोकेर परिवर पाल्ने गरेको छ । यदि अब आउने सरकारले देश भित्र आमदानी लाई प्रोत्साहन दिनेहो भने देश हरियाली र भोकमरी मुक्त हुने छ । भाहिर बाट आउने क्यामिकल र बिसादी खाना खायर क्यान्सर र विभिन्न रोग बाट जनता हरु त्रसित भएको अवस्था छ । यदि सरकारले किसान लाई प्रोत्साहन र निजामती कर्मचारी जस्तै महिना हो ( छ )महिना को कृषकको  आम्दानी हेरेर  तलब छुट्टायाउने हो भने अझ देश उत्पादन मा अगाडि बढछ ।कृषकको पनि आमदानी अनुसार को लाइसेन्स भयो भने अझ कृषक ले न्याय पाउने छ र देश नंया मोड मा जानेछ,negative,comment
"नेपाली को धेरै बर्ष को सपना बलेन शाह 
vote for balen shaa 
Youth makes nepal💚🧡💛💛🧡",positive,comment
पढेलेखेको मान्छे भनेको पढेलेखेको नै हुन्छ(Vote for balen)जितको शुभकामना....!!!!,positive,comment
rabi is rabi ho nepalko hero ho,positive,comment
"यो सबै हुनु मा सुरु मा एमाले , माउवादी अनि हर्क साम्पाङ हो । एनी हरु लाई कारबाही हुनु पर्छ   यस्ता ले नै देश बिगार्दै छ। जब सम्म  काम हुँदैन तब सम्म तलब भत्ता बन्द गर्नु पर्छ । हामी जनता को कर  एसरी  खान मिल्दैन । यस्तै हो भने हामी फेरि सडक मा आउन बाध्य हुन्छ  याद रहोस्",negative,comment
रविको हरेक बोलिमा मेरो आशु आउछ 😢 सधै तपाइलाइ पशुपति नाथले रक्षा गरुन🎉🙏,positive,comment
Zen z Lai jasari goli hanera mare talai Pani kanchetma goli thoknu parxa sala hatyara radiko ban,negative,comment
जय होस 👍️,positive,comment
"प्रधानमन्त्री वालेन शाह सँग सिंगौरी नखेली माननीय हर्क साम्पाङले धरानमा भएको विविध समस्याहरुको समाधानमा विशेष जोड दिनुहुन धरानबासीको हैसियतले हार्दिक अनुरोध गर्दछु ।
यो सुनौलो अवसरमा धरानमा लामो समयदेखि बजेट विनियोजनमा गरीएको सौतेनी व्यवहारलाई चिर्दै बजेटको समायोजनसँगै विशेष सुधारमा ध्यान दिनुहुन पनी अपिल गर्दछु । जस्तै ः वि.पि. क्यामको वेतिथिको खोज, छानविन र गल्ति गर्ने माथि कडा कारवाही, खानेपानीको दिगो व्यवस्थापन, यातायातमा भरपुर सुधार, पानवारी र ठिङगावारीलाई कृषि योग्य जमिनको प्रस्तापना गरी जमिन खन्डिकरणमा रोक, शेहरा, सेउती, अधेरी र सर्दुखोलाको किनाराको सरकारी जमिनको संरक्षण र सुकुम्वासी को व्यवस्थापन, सर्दु जलाधारमा भएको वेतिथिको छानविन र दोशीलाई हदैसम्मको कारवाही, धरान बहुमुखी क्याम्पसको जग्गा को छानविन र यसको पढाईमा स्तरउन्नति, हात्तिसार र पूर्वाञ्चल ईन्जिनियरिङ्ग क्यापसको उत्थान र त्यहाँको वेतिथिको छानविन र यसको सुधारमा विशेष जोड, अन्तराष्ट्रिय स्तरको फुटवल र भडिवल सरंगशालाको निर्माणमा विशेष पहल अन्तराष्ट्रिय स्तरको संगित पाठशालाको विशेष पहलकदमी, बुढासुव्वा, दन्तकाली, पिन्डेश्वर, पञ्चकन्या, शनि  मन्दिर र विश्नुपादुका जस्ता विशेष धार्मिक स्थलको उत्थान र प्रवर्धनमा विशेष जोड, पूर्वको खेल राजधानी बनाउनमा जोड सरकारी स्कुलको पठनपाठनलाई कसरी सुधारउन्मुख बनाउनमा विशेष जोड र प्राइभेट स्कुलको नियमन र वेतिथि विरुद्ध कारवाहीको डन्डा अहिलेसम्म भएको अनियमितताको जोड र दोशी उपर कडा कारवाही र क्षतिपूर्ति को व्यवस्थापन र तिनकुने देखि आपगाछिसम्मको सडक विस्तार मा विशेष जोड जस्ता अन्य विशेषहरुमा पहलकदमी लिई धरानको सुधारमा लाग्न माननिय ज्यूलाई हार्दिक अनुरोध ।
                                     “समस्याको समाधान सधै जुधेर मात्र होइन, मिलेर एकजुट भएर अगाडि वढे समाधानमा सजिलो हुन्छ ।”",negative,comment
New concept and we are excited for more eps . With balen ❤️,positive,comment
🙏 खिन्नत्ता नलिनोस रवि सर आम जनता तपाइँका साथ छन,positive,comment
Ghar ta naya banauna sakxa kp oli tara mareko genz haru lai jiundo banauna sakxa,negative,comment
उग्रवादी र अन्ध राष्ट्रवादीलाई उक्साउन ओलीको कुरा सुनेर हाॅसो उठछ ।हा..हा...हा..,negative,comment
Yasta yasta ramra manislai bigrina ra bigarna badhya banaune tyaha kun badhyatama parnu paryo tyo sabai yahi manisko hridayalai thaha chha bhannu nabhako hola🤥,negative,comment
Jai harkabad,positive,comment
Wow congratulations 🎉🎊🎈 rabi sir,positive,comment
रवि बलेन फुट्छ भने मैले rasopa परित्याग गर्छु,negative,comment
उहाँ जस्तो नेतृत्व यो देशलाई चाहिएको छ।।सबै ले मन देखि सोचौं बुझौं,positive,comment
"मदन भण्डारी यसै गरी मारीय को हो 
अब अरु पाएन हर्क कै पछि लाको छ 
राम्रो मान्छे टिक्न दिदैन यो डाका हरु ले 
फेरी यस्तै कुरा मा.. ह, हो, भन्ने कस्ता भेडा जनता 

चुनाब पछि अहीले सम्म कुनै नराम्रो बोलेको छ भनि ठिक छ आवाज उठाउनु पाइन्छ 
तर 7/8 बर्ष पछाडी को कुरा निकालेर जनता उचाल्ने त जट्ठा को झन ठुलो हात  छ",negative,comment
हाम्रो देश नेपाल हो😊 हाम्रो राष्ट्र नेपाल हो जो आतंक गरिसत्र हजार नेपाली लेभलका जनतालाई हत्या गरेर अहिले ठूलो कुरा नगरी हुन्छ जो नाटक मञ्जन गर्दै छन्,negative,comment
"एक मात्र आशा आगामी चुनाव बाट। यसपालीको चुनावमा कुनै दल ले मासुभात, पेट्रोल तथा नोट वितरण भएन। जित हार जो कोही जिते नि त्यति आशालाग्दो नहुन सक्छ ।",negative,comment
यदि balen शाह ले हारे Kathmandu का जनता सबै भन्दा बढी भेरा हुन् भन्ने प्रमाणित हुन्छ।vote for balen Kathmandu metropolitan city mayor,positive,comment
11:43  गृहमन्त्री dj चाहिन्छ अब सबै सहर मा,negative,comment
"We want a forensic report episode for the blast that was done by the protestors, we’re really not interested for this sort of political stunts 🙏🙏",negative,comment
KP Oli Go Back from uml party. Crupted and criminal . Plzz arrest to kp oli as soon as possible.,negative,comment
प्रचण्डे र ओलि यी दुइटै नेपालको लागि अति घातक तत्व हुन् यिनिहरुलाई अब नेपाल राजनीतिक बाट सधैंको लागि बहिस्कार गर्नु पर्छ l,negative,comment
Bad boy balen really worst,negative,comment
Jay rabi🙏🏻🙏🏻🙏🏻💪💪💪💪💪💪💪💪💪💪३ करोड जनताको साथ छ👍👍👍💪💪💪💪💪🙏🏻🙏🏻🙏🏻,positive,comment
"Who is here after balen latest FB post :
Good Luck Nepal 🇳🇵 

मेरो देशलाई शुभकामना 😊",positive,comment
Wow! Nepal kai first best speech👌🏻👌🏻,positive,comment
देश सक्ने खास ब्यक्ती हो यो,negative,comment
Aja bholi movie hernia pardaina !!Afnai desh blockbuster vairako cha ❤❤,positive,comment
"हैन यो सुबिचार काहाबाट प्रचन्ड ज्युलाइ आए छ? प्रतिपक्षको भुमिका त यस्तै हुनुपर्ने होला तर हिजो अस्ति मात्र पुराना दलहरु आजै मिलौ, भरेनै मिलौ नभए भोलि मिलिहलौ नभए देशमा संकट आउने वाला छ, गणतन्त्र नै धरापमा प्रदैछ भन्नुको अर्थ चाहिँ के होला?",positive,comment
"अाेई पत्रकार, अरु प्रश्न छैन वालेनलाई",negative,comment
"भागेको , Ai ho kp oli hena",negative,comment
यो ज्यानमाराले केहि पनि स्विकार गर्दैन …….<br>अव यसलाई पुरै देशले अस्विकार गर्नु पर्छ ….<br>तर झापा क्षे नं ५ का जनताले के गर्छन ….???…<br><br>ति जिउंदा लास र दास हुन कि होईनन अव हेर्न बांकी छ …???,negative,comment
गाई खान शुरु गराउने पहिलाे कमिना 17000 यहि छेपाराे हाे,negative,comment
यस्तो महान सपुत को लागी सलाम,positive,comment
Gagan is good,positive,comment
Mero.tharpa.bata.Rabi.lamechane.Russia.ko.putain.jasto.hunuparcha.rabi.le.desh.ra.janta.pachama.cha.dhari.dhari.suvamakna,positive,comment
❤❤❤ सारै खुसी लाग्यो रबि दाइ को कुराले जय घण्टी 🔔,positive,comment
बालेन् शाह लाई जिताउनु पर्छ अनि मात्रै महानगर को मुहार परिवर्तित हुन्छ vote for balen,positive,comment
Upcoming pm 🙏,positive,comment
Biks ksrihunx to balen sang siknu prxa,positive,comment
बलेन् दाई को interview हेर्न थालेपछि फिल्म नै हेर्न मन लाग्दैन । सफलताको शुभकामना दाई,positive,comment
"हाम्रो देशका हर्क साम्पाङ राई र राजेन्द्र बानियाँ sir दुवै जना देशका hero हुन् , एक जना सांसदमा र अर्को पत्रकारिकता उल्लेखनीय कार्य गर्दैहुनुहुन्छ, दुवै जनाको सहकार्य ले देश बन्छ।।।",positive,comment
MCC thak ❌❌❌🔕,negative,comment
कति पैसा मा बिक्यो राजेन्द्र तपाईं एउटा पनि प्रश्न सोध्न डरायो त यस्तो  अपेक्षा त राखेको थिएन हो पुरा सेटिङ मा इन्टरभ्यु लिए छन 😂😂,negative,comment
आज रबि को भासन साचिकै सुनिरहु लाग्यो ।आगामि दिनमा काम पनि कुरा जस्तै भौस शुभकामना।,positive,comment
क.प्रचण्ड ✊✊✊,positive,comment
"Unfortunately, yo video jo sanga pugnu parne, tyo janta samma pugdai ppugdaina. Manxe haru purai kura nabujhi kana tyo din goli chalaaeko legal thiyo vandai xan. You have done a great job creating this video. Plz expose them more. I wish this video was viral in fb, tiktok, all over social media.",negative,comment
अरूलाई बाघको गर्जनका साथ प्रश्नको तीर चलाउने काका आज किन म्याउम्याउ गरे जस्तो आभास भएको छ मलाई 😂कि अब यिनिहरूसंग आस नभएर हो?,negative,comment
यो सही कुरा हो। छेपारो ले गरेको छ १००%<br>छेपारो 🦎 Raw को इसारामा चल्ने प्राणी हो।<br>यो लुटपाट र आगजनी गर्न सबै मावोवादी हुन्<br>आगजनी गर्ने माओवादीका को कार्यकता हुन सबै<br><br><br>Love you kb baa,positive,comment
बालेन पनि प्रचण्ड को धोती मा सिरेको जस्तो लाग्यो,negative,comment
"Let's hope after election  : 
1. KP oli will be punished 
2. Ramesh lekhak will be punished 
3. Mahesh Basnet will be punished 
4. Sahakari Money will be researched 
5.  प्रमाण bhanney haru will be punished 
6. Corruption file will be opened 
7. Development will be faster
8. प्रचण्ड  will be punished  
Add remaining yourself 😊",negative,comment
"यो बानियाँ मान्छे हेरेर प्रश्न गर्छ 
ओलिको हनुमान",negative,comment
राजेन्द्र बानियाँजीले प्रचण्डे लाई गरेको जस्तै प्रश्न सुन्न मन थियो खइ आज को भिडियो नैं राम्रो लागेन,negative,comment
Sachai man chuyo 😊😊😊😊,positive,comment
Tamuje le desh ramro Banauna khoje ko thes vane harkalai kina jimma deanas muje fuck u balen yo mujelai jole jaha vetxa tahi handinu  jenz sathy ho yesto deshdhroi more pane farak pardaina.,negative,comment
"फटाहा गफ,",negative,comment
2 choti dorayera herda pani ajhai heram heram lagne interview❤😊,positive,comment
"राजेन्द्र जी , मलाई बोलाउनुस यार । at least अब को पाँच वर्ष मा के हुन्छ भन्न सक्छु । येस्ता failure लाई ल्याएर के पाठ सिकौना खोजेको?",negative,comment
यो मीडिया बार भाई मध्य यक हो खाली उखाने लाई हाई लाइट गर्न मात्र यो कार्यक्रम गरेको हो पेड मीडिया मुर्दाबाद 🥶🥶🥶🥶🥶,negative,comment
राजेन्द्रजी तपाईको बर्षौदेखीको पत्रकारिता करियरमा ब्रेक लग्ला है यस्तो ईन्टरभ्यु ले !!!,negative,comment
पहिलो चोटि गतिलो भिजन भको मान्छेको इन्टरभ्यु हेर्न पाइयो । You have to support Balen Shah all publics who live in ktm . I am from Dadeldhura .,positive,comment
"नत्र हत्या, भ्रष्टाचारकाे मुद्दा लाग्छ ।",negative,comment
"अब पनि ठगेर खाउ , 😂😢😮 कमरेड 😢😂",negative,comment
काे बाहिर काे बालेन पनि नेपाल काे हाे 😂😂😂,positive,comment
"भनाइ र गराइ पूरा होस शुभकामना  🙏🙏
From UAE Abu Dhabi",positive,comment
कती गहकिलो कुरा गर्नुहुन्छ राजनितीको बिषय देशको बिषयमा जय हर्क जिउ🙏,positive,comment
Greatest of all time in nepalese politician  🎉😅,positive,comment
"Gangan be like :""Diplomatic answer dinxu ani safe side ma basxu""",negative,comment
बाटो  पुल बिकास मैले बनायेको भन्ने ले किन  भदौ 23 गते मैले गोलि चालाउन order  दियेको किन भन्न न सक्ने?❤❤❤❤❤,negative,comment
movie हेरेकाे भन्दा पनि मज्जा balen जि काे भिजन र जवाफ सुन्दा अवकाे पालाे balen जि काे शुभकामना balen दाजु 🇳🇵🙏,positive,comment
युगले जन्माएको  राजनेता <br>हजुरको महत्त्व धेरै छ नेपाल देश लाई <br>केही जमात ले गाली होहल्ला  गर्दैमा केही फरक  पर्दैन  आफ्नो देशको अस्तित्व जोगाउन सक्ने  ल्याकत भएको  देश र जनताको  अंगरक्षक  हुनुहुन्छ   ❤️🙏🙏,positive,comment
कति राम्रो भिजन । साच्चै यस्तै युवा काे खाँचो छ महानगर लाई ।,positive,comment
1 घन्टा को interview पनि कति छोटो लाग्यो कति छिटो सकियो पत्तै पाइन ❤️😘 कति उत्तम बिचार दाजु 🤗 जितको अग्रिम शुभकामना ❤️❤️,positive,comment
"Dui jibre Xeparo, Mukhma  Ram Ram  Bagalima xura. 😢",negative,comment
🌟 kina ktm plaza hero banauna 0 vo?,negative,comment
Pila sarkar le bacha lai goli hano aba .... leader bata shuru garau ta .... balen sarkar ...,negative,comment
"शेरेलाईं अब कांग्रेस युवाहरू ले मुद्गकी मुद्गकी हान्ने छ 💪✅ ,,",negative,comment
रवि दाइलाई पत्रकार हुँदा जति फ्यान थ्ये अहिले पनि त्यति नै छ। I always support you dai🙏🏻❤️,positive,comment
"सम्माननीय प्रधानमन्त्री ज्यू, यस्तो अवस्थामा, कृपया आगामी दिनहरूमा राष्ट्रका नाममा गरिने सम्बोधनहरू समयमै गर्नुहोस्, ढिलाइ नगर्नुहोस्। साथै, गृह मन्त्रालय र गृहमन्त्री ज्यूँलाई पनि समयमै अवस्थाको सक्रिय नियन्त्रण लिन निर्देशन दिनुहोस्, ताकि अहिले जस्तो विषयहरू नियन्त्रण बाहिर जान वा बिग्रिन नपाऊन्।",negative,comment
हार्दिक  श्रद्धाञ्जली,negative,comment
भित्र nokia मोबाइल र बाहिर iphone 17 pro max को कबार हालेको जस्तै हो काङ्ग्रेस ।🤣🤣,negative,comment
यस्तो घटिया मान्छे नेपालि राजनितिमा अर्को देखिन।,negative,comment
"Kina बोल्ने,कारण के  जवाफदेहिता तिमी हरु TRP वाला लाई दिनै पर्ने हो र",positive,comment
"यो पत्रकार भाग्यमानी रैछ,रवि सर जस्तो महान सत्य मान्छेको अन्तरवार्ता  लिन पाईस।केहि सिक रवि सर संग बाट... Salut Rabi Sir",positive,comment
"कप्तानगञ्जको घटनालाई अलि गहिरिएर हेर्ने हो भने यहाँ राजनीतिक दलहरूले 'गेम थ्योरी' (Strategic Game) खेलिरहेका छन्। जनताको बीचमा रिसराग र मनमुटाव पहिलेदेखि नै थियो (यो जमिनमा तयार रहेको इन्धन जस्तै हो)। तर, ठूला नेताहरूले यसमा सलाई कोर्ने काम गरे, जसको सिधा निशाना सिंहदरबार र बालेन शाह हुन्।

यसका मुख्य तीनवटा कारण छन्:

ध्यान मोड्ने चाल: बालेनले जुन रूपमा नयाँ काम र प्रणाली बसाल्न खोज्दैछन्, त्यसबाट पुराना दलहरूलाई आफ्नो अस्तित्व संकटमा परेको महसुस भएको छ। यस्ता संवेदनशील घटना गराएपछि देशको ध्यान मूल एजेन्डाबाट मोडिन्छ।

बालेनलाई 'चेक-मेट' गर्ने दाउ: यो घटनामार्फत बालेनलाई दुईतर्फी चेपुवामा पारिएको छ। यदि उनी चुप लागे ""काम गर्न सकेनन्"" भनिदिने, यदि कडा रूपमा प्रस्तुत भए ""अति गरे"" भनेर घेराबन्दी गर्ने।

जनता मोहरा, नेताको फाइदा: यहाँ जनताको भावना वास्तविक हो, तर नेताहरूको स्वार्थ अर्कै छ। समस्या समाधान गर्नुभन्दा पनि त्यसलाई बल्झाइराख्दा सिंहदरबारलाई चौतर्फी दबाबमा राख्न सजिलो हुन्छ भन्ने पुराना पार्टीहरूको हिसाबकिताब देखिन्छ।

यो विशुद्ध रूपमा स्थानीय विवादलाई केन्द्रीय राजनीतिमा दबाब दिने हतियार बनाइएको खेल हो।",positive,comment
"सुरक्षित हुन्छु कि भनेर Bunker भित्र छिरेको खसि, बंकरभित्र बाट नै बम पड्कियो।😂
AI nai vaney honxa sabai, for instance Deauba leyy veteko kutai pani😁",negative,comment
केही कुरा यस्तो हुदो रहेरछ अरुको जीत मा आफनै झै लाग्ने 👏👏,positive,comment
Daaa boost garum sabai ma puram yo video Yo kp lai aba chodnu hunaa 😔😔😔🥺🥺,negative,comment
बल्ल गगन जस्तो बोली बोलेउ,positive,comment
भावी प्रधानमन्त्री ज्यु को interview फेरि हेरियो । 🔔❤😊,positive,comment
आफु नि सन्तान  अरुलाई बतासे,negative,comment
"Prachanda is a culprit for politics  17000 Nepali 
Balen shah  j dekiyo tyo hoina j lukayeko cha  tyo hera  u can solve the issue  
Prachanda Baburam  kp ani Girijaa  le bigareko  desh  tetti sajilo हुँदैन  keep  going  bhrastachari  samat nachod  asta  ghatna divert garna ghatauchan  be careful",positive,comment
"जुन दिन हतकडी लगाऐर चन्द्रगडीको कारागार मा केपी सवारी भऐको दिन हेर्न आतुर😂 <br>समय धेरै छैन, बुडाको फुरफुर र घमन्डको अन्तिम बिदाई,<br>तेती खेर सबै मिडीयाहरुले कभर गरेको हुनुपरेउ है। 🤝",negative,comment
म पनि एक कलाकार हु आज सम्म कुनै पनि नेताका interview देखेन तर बालेन शाहको interview एक घण्टा तीन मिनेट  55 सेकेन्ड सम्म हेरे 😍😍,positive,comment
यी ओलिको भोट भक्तपुरमा दिन्छकी झापा ५ मा निर्वाचन आयोगमा स्थाई ठेगाना भक्तपुरको छ,negative,comment
भने जस्तो गर्नु हुँदैछ। मेयर साब ले।,negative,comment
नेपालको इतिहासमा गगन जति प्रष्ट सत्य तथ्यमा बोल्ने आफ्नो पार्टी सरकारमा होस या विपक्षमा होस भ्रष्टाचार र जनताको हितमा बोल्ने नेता पाउनु नै भाग्यमानी थान्नुपर्छ तर हाम्रो देशको भेडाहरु आफ्नो भगवानले जे गरेनी ठिक अरुले राम्रो गरेनी बेठिक देख्छ जस्ले जे भनेनी गगन जस्तो नेता पाउनु गर्भ लाग्छ जय गगन,positive,comment
निष्पक्ष रुपमा पत्रकारिता गर्न सक्दैन भने पत्रकारिता खोल ओडेर जनता लाई भ्रम नछरेकै राम्रो,negative,comment
Tero bau le deko vaye ta ramro kam garthis hola aafai ra janta le gareko vayera desh bigareko chor ho,negative,comment
बालेन दाइ को सबै interview नछुटाइ हेरिराछु एक्दम उज्यालो भबिस्य कोर्ने दिन आको छ्😍,positive,comment
भान्सा मा भात पकाइराको मान्छे लाई टाइ लगायर पत्रकार बनायछ्न 😂,negative,comment
"Hawa heading, boycott this channel",negative,comment
"स्वास्थ्य चेकजाच गर्नुपर्दा अनुभवी डाक्टर खोज्छौ
पढ्नु पर्ने भए अनुभवी शिक्षक खोज्छौ
अनी देश चलाउने जस्तो गम्भिर बिषय चाहि सहकारी ठग्ने र देश जलाउनलाई दिने होर! नेपालको जनता बंग्लादेशको जस्तै शिक्षित र शक्षम छन्। मिडियाको म्यानुपुलेशनको भ्रममा पर्नु हुदैन।😅",negative,comment
"नेपाली भेडा जस्ता जनतालाई भर्खरै मान्छे नै मारेर आएको व्यक्तिले दुई थोपा आँसु झार्दै मात्र पनि “लु, तैले माफ पाइस” भन्ने खालका देखिन्छन्। यति अशिक्षित र गोबर-ग्वार्चे भए पनि के राम्रो र के नराम्रो छुट्याउन नसक्ने भए नेपालीहरू। झन् यो दस–पन्ध्र वर्षको अवधिमा जब प्रचण्डे र उसका छौराहरूले देशको विद्या–लय नष्ट पारेर राखे, नेपालीहरू भेडाबाट गधा भइसके जस्तो देखिन्छ।<br><br>ए भगवान्, अलिकति बुद्धि देऊ नेपालीहरूलाई, ताकि उनीहरूले के सही र के गलत छुट्याउन सकून्। भावनामा बगेर होइन, विवेक प्रयोग गरेर निर्णय गर्न सकून्।😢😢😢",negative,comment
"wooo   nepali  hone  अबश्री  गर्छन्   ?
धराने  जनता को  हीत",positive,comment
Parchanda 💕💕,positive,comment
"Hajar barsa ma yestu chutiya paida huncha, badluck Nepal ... U will shock in this election",negative,comment
पत्रकार ले रन्जु दर्सना लाई जस्तो चुपलागाउन खोजेकै हो प्रश्न कडा तेर्सा कै हो मान्नु पर्छ तर उत्तर त्यो भन्दा कडा र गहकिलो दिनु भयो... बढो मज्जा आयो,positive,comment
यस्तो बकम्फुसे कुरा na garnus आनन्द जी यस्ता हत्यारालाई साथ na dinus😡😡😡,negative,comment
"Mero baba ra maile 
Harka sampang ji  ko party lai समानुपातिक ma chitwan bata vote deko. ❤
Rastriya dal banyo khusi laagyooo🎉",positive,comment
१ . गगन थापाको &#39;सक्कली कागजात&#39; कहाँ हरायो? रबि लामिछाने विरुद्ध &#39;सक्कली कागजात छ&#39; भन्दै मञ्च थर्काउने गगन थापा अहिले जिम्मेवार पदमा छन्। खै ती प्रमाण?   २.तनहुमा mid term  elections हुदा स्वर्णिम वाग्लेलाई टुरिस्ट नेता भन्ने ले  अहिले उनि मधेस मा चुनाब लड्ने नैतिकता  कस्तो ? कि त्यो केवल चुनाव जित्ने &#39;सस्तो स्टन्ट&#39; र जनतालाई झुक्याउने प्रपञ्च मात्रै थियो? अब प्रमाण देखाउने कि माफी माग्ने?&quot;,negative,comment
Raj sasta is most important in nepal,positive,comment
starting the season 1 with banger,positive,comment
We did it guys let’s start a new beginning,positive,comment
"He seems to have come in the right track lately, there has been some sort of grand realisation",positive,comment
😅😅😅😊😊😊😊😊😊😊हो आफ्नो स्वार्थमा जे जस्तो काम गर्नु नि  लाजनिती नै हो बर्सौ सम्म दाइको पछि राम्रो नराम्रो कार्य मा सहभागी हुनु राम्रो मैले मात्रै गरे नराम्रो दाइले गरेको त्य नि राजनीति हो,negative,comment
Yo ghante gajedi sarkar maa yestai chalxa 💯 🦛🦛🦛,negative,comment
देश को सार्वभौमसत्ता र राष्ट्रीय अखंडता को सुरक्षा गरने जिम्मेदारी राजा लाई दिनू। देश मा राजसंथा चाहिंछ। कार्यकारी प्रधानमंत्री बालेन् शाह लाई  बनाऊ।    ।,positive,comment
"Kathai, Kantipur ko Quality.",negative,comment
"गगन थापा नाटक गरिरहेको मात्र हो है साथीहरू। फेरि भोट झार्नकै लागि यो सबै अभिनय हो। यसको फन्दामा नपर्नुहोस्। बाख्राको छाला ओढेको स्याल। Gen-Z आन्दोलनको बेला गृह मन्त्री को थियो, नबिर्सिनुहोस्। सोझो बनेर, नाटक गरेर उसले अझै पनि भोट बटुलिरहेकै छ—मलाई थाहा छ, दिक्क लागिसक्यो। दुःखको कुरा के भने, उसको चाल चलिरहेकै छ। कति सोझा छौँ हामी नेपालीहरू! Suraj dai malai yo manxe sanga nabolnus 😣😣😣",negative,comment
पोखरा बिमानस्थलमा २२ अर्वमा १० अर्व भ्रष्टाचार भएको कुराके होत?,negative,comment
Speech chai ramrai boldo raicha 😂,positive,comment
Well done . Estai ho vana chai gazzab nai hunxa la,positive,comment
यस्लाइ जमना जफत हुने अवस्था बनाउँनु पर्छ्।,positive,comment
नारायण नारायण नारायण नारद प्रचण्डे,negative,comment
Dami dami xa,positive,comment
' बालेन ' प्रधानमन्त्री भएको को को ले हेर्न चाहनुहुन्छ हाजिर गराउनु त ?? 😊,positive,comment
आफुले गरे सबै सही अरुले गरे प्रतिशोध !! अचम्म छ 🤔,negative,comment
बुढाको हैसियत राजनीति गर्ने चाहिँ  होइन। बोल्ने धेरै काम गर्ने परिवारबादीब्र कार्यकर्ता मानसिकता,negative,comment
हरुवा गोरुको क्षेरुवा दाउ 😅😅,negative,comment
मैले QR बाट दिएको पैसा तरुनी घुमाउन ढाल किन्न जाड खान होइन हिसाब किताब चाहियो।,negative,comment
Patha pathi hatarma thiye😂😂😂,negative,comment
हेट युवा प्रधानमन्त्री वालेनले प्रश्नको जवाफ चाहिँ सार्है सटिक अनि सान्दर्भिक तवरले दिए खुशी लाग्यो।,positive,comment
श्रद्धेय बिपि कोइराला प्रती हार्दिक श्रद्धा सुमन जय नेपाल !,positive,comment
"Ranesh parsai, why did you blame the  parties",negative,comment
"गोली लगेर मृत्युबरण गर्नु भयका सबैमा भावपुर्ण श्रद्धाञ्जली  अर्पण  गर्दछु  र शोक सन्तप्त परिवार जन प्रति धैर्य  धारणको शक्ति को लागी प्राथना गर्दछु । 
 केही  प्रश्न  छन मेरा यस सरकारलाइ मेरा मात्र नभयर आम जनताका प्रश्न हुन यि - 
भदौ २२/२३ को आन्दोलन मा जेन्जि युवाहरु माथि गोलि चल्यो केही अबोध बाल बालीका मारिय अहिले पनिअ गोली चल्यो केहि मानिस  मारीय २३/24 मा रमेश लेखक तात्कालिक  गृहमन्त्री र के पि oli तात्कालिक  प्र म ले गोलि प्रहार को जिम्मा लिनु पर्छ भनियो 
प्रश्न : अहिलेका गृहमन्त्री सुदन गुरुङ्ग र अहिलेका प्र म बालेन्द्र साह ज्यु ले जिम्मा लिनु पर्छ कि पर्दैन ?
तात्कालिक  गृहमन्त्री  लेखक र प्र म ओलि लाइ अपराधी  मानियो र अपराधी  मानेर यहि सरकारले छानबिन  समिती  बनाएर सोधपुछ  गरियो  अब
प्रश्न  अहिलेका गृहमन्त्री  गुरुङ र प्र म साह लाइ अपराधी मान्ने कि नमान्ने 
समिति  बनाएर छानबिन र सोधपुछ  गर्ने कि नगर्ने 
तात्कालिक  गृहमन्त्री  लेखक र प्र म ओलि लाइ नैतिक  जिम्मेवारी  लिदै राजिनामा देउ भन्दै आन्दोलन गर्नु र गराउनु भयो सुदन गुरुङ ज्यु र बालेन साह ज्युले 
प्रश्न  : सुदन गुरुङ ज्यु ले र प्रम बालेन साह ज्युले नैतिक जिम्मेवारी  लिनु पर्नेकि नपर्ने  ? 
नैतिकताको  आधारमा राजिनामा दिनु पर्ने  नपर्ने ? तात्कालिक  गृहमन्त्री  र प्र म लाइ आन्दोलन  गरेर र गराएर सत्ताबाट हटाइ  सरकार  परिवर्तन  गरियो । 
प्रश्न  : अहिलेका गृहमन्त्री  र प्र म ले  पदबाट हट्नु पर्ने कि नपर्ने अनि सरकार परिवर्तन  हुनु  पर्ने कि   नपर्ने ? 
तात्कालिक  गृहमन्त्री  र प्र म ले गोली हान्ने आदेश दियको मानियो ।
प्रश्न : अहिलेका गृहमन्त्री  ले  र प्र म ले गोली हान्ने आदेश  दियको मान्ने कि न मान्ने ?",negative,comment
One of the dopest beat ever produced in Nepali Hiphop.Underrated but understood by educated.,positive,comment
प्रभाकर लाई  पनि ल्याउनु परेयो prachand lastai ढाट्छन,negative,comment
को रैछ  yo मुला ? अनि विचार नाई त्यस्तै छ तिमीहरूको,negative,comment
भयो केहि खयासिन्न 😂 चुप बस,negative,comment
यो पत्रकार मलाई पहिला राम्रो लाग्थ्यो तर आज ओली हत्यारा को अगाडी कट्टु मा मुतेर question गरेछ अलि खरो सोध्न पर्दैन् यो हत्यारा लाई????,negative,comment
कति मीठो आवाज सोर शब्द 😢😢,positive,comment
😂😂😂kp tullu 🎉🎉🎉,negative,comment
Positive vibes positive thinking positive way I can't explain about him,positive,comment
Actor भन्दा बढी talent बूढो,negative,comment
अहिले मैले हर्क साम्पाङ को पुरै अन्तर्वाता हेरे मेरो मन पनि ठ्याक्कै हर्क साम्पाङ्ग्को जस्तै छ्,positive,comment
बढा लाईन मा आए जस्तो छहै,positive,comment
खुलित❤😂🎉😢😮😅,negative,comment
K bolya 😂 this is 2026 bruh,negative,comment
RONB le  Balen Shah's YouTube channel crosses 1 Million subscriber  post garepaxi Herna aaune Hajir hum 😊😅,positive,comment
prchand ji  tpilae bidesma dherai paisa deposit grnu vyxa ta aafno bikas matr grnu vyo,negative,comment
"""जसलाई खरो प्रश्न गर्नुपर्ने हो, त्यसलाई छैन। वरिपरिका (आसेपासेलाई) त खुबै प्रश्न गरेको देखिन्छ।""",negative,comment
Arko sher bdr. Raicha without Totlaa boli😂😂😂😂,negative,comment
"साच्चै संमयम्ता छ, जस्ले धमलालाई झेल्न सक्छ, पक्कै पनि दम छ बालेनमा । Vote him he is right candidate.",positive,comment
Balen को कुरा सुन्दानै कत्ती आनन्द आउँछ साच्चिकै भने जस्तो पूरा हुदो हो त कति मज्जा हुने थियो होला😊,positive,comment
यह बडि अछ्छी बात है😁😁😁🤣😃😀,positive,comment
"When Dr Wagle speaks it’s not just hopes and prayers but research and analysis. His role in shaping Nepals future is momentous. And I don’t even want him to be the PM or the party leader, his role behind the scenes will be the most crucial. Much respect. JaiNepal 🫡",positive,comment
यो कुन चाही झोले मीडीया हो मुजी  पार्क बनाउन राजयको बिकास हो ? यसले के गरो धरानमा सोधन चाहे मुजी,negative,comment
सारै मन छुयो रबिजी फुत्रकारहरूमा भयको कमाउ धन्दा र बेथिती बारेमा प्रष्ट पारी दिनु भयो धन्यवाद 😮,positive,comment
Kan katne  aaimai 😂😂😂😂❤,negative,comment
च्याखु रि बोल्न पर्दैन ।,negative,comment
Please lets share this post as much as possible. We shall never forget and KP oli must rot in jail as soon as new government is formed. RIP to all the martyrs.,negative,comment
Congratulations sampang ji Dharan lai modern banaunu holla..!!,positive,comment
Does Ex-Prime Minister Khadga Prasad Oli think that the vicious cycle of the institutionalized bribery at every agency of the state was constitutional according to the constitution of the federal republic of Nepal ?,negative,comment
"Wow sarai ramrow  
Balen sarkar",positive,comment
यत्ति को महाघमन्डी मान्छे जगतमा कोहि छैन होला ।<br>यहि घटना अरु प्रधानमन्त्री र पाटिको पालामा हुन्थ्यो भने यिनले  बाँङ्गा अौला ठडाएर कति कुर्लन्थे होला। अहंकारी मान्छे।,negative,comment
नेपाली कांग्रेस सबैको गुरु पार्टी र सबै पार्टीको मूल्य मान्यता को समर्थन गर्ने नराम्रामा खबरदारी र राम्रामा समर्थन गर्ने हो।,positive,comment
डेमोक्रेसिमा सबै हुनु तर सुसिला कार्कि जस्तो प्रधानमन्त्री नहुनु😅😅😅😅😅,negative,comment
"यिनी हरु मा लाज सरम छ कि नाइ 😅😅
6:10  साथी हरु are u ready 🎉🎉😅",negative,comment
why do i feel this rap was prepared to listen by the world 😅 just how prime minister  of nepal rap😮,positive,comment
जसरी यो आतंककारीको समर्थन पश्चात् देश बाट निक्लिन पर्यो परिवार पाल्न को निम्ति अब यो आतंककारी लाई देश बाट निकाल्ने हो,negative,comment
तिम्रो धेरै हेरियो अब पुग्यो,negative,comment
मुख लाउनी नौनी छैन  के मा लाउनी घिउ गेचुरेसन को कुरा कस्तो लागो PM उत्तर जय बालेन ❤,positive,comment
I m watching 👀  frm india ...hasho usthcha yo dekheraa ...,negative,comment
आयोगको report आएपछि थुनिन्छ यो डाका ।,negative,comment
यस्ता पतित पात्रलाई सम्बादका लागि बाेलाउदा हेर्न मन लाग्दैन सुन्न मन लाग्दैन ।,negative,comment
"जहाँ वीरताको कुरा आउँछ, त्यहाँ नेपालीको इतिहासले नै बोल्छ।""@balen shah",positive,comment
बाको कुटि अर्को आन्दोलनको लागि तयार गरियोस 😅,negative,comment
"Wow!! गित पनि कति मीठो गाउने ... सलाम छ सपुतलाई तपाईं जस्ता सपुतहरुको खाचो छ देशमा अब मेयर बाट उदायर देशको मुख्य केन्द्रमा हस्तक्षेप गर्नुपर्छ, जुन भ्रष्टाचार,दलाल माफिया र देश द्रोहिहरुले कब्जा गरिरहेकाछन। जय होस..",positive,comment
Hatyara sang k sahakarya garnu,negative,comment
पुरानो रिति बिधीको कुरा छोडेर बर्तामान परिबर्तित अनि नयाँ सरकारको कामकार्वाहीलाई सम्मान गर्न सिक झोलेहरु😢,positive,comment
मान्छे को ज्यान भन्दा सिहदर्बार thulo bho yaslai,negative,comment
Well done मेरा प्यारा भाई बैनी हेरेर मजा आयो। अब बन्छ नेपाल। र बिदेसीएका मेरा भाई बैनी हरू आफ्नै बाबा आमाको न्यानो कॅाखामा बसेर आमाले पकाएको खाएर रमाएर बस्ने दिन पक्कै आउनेछ। आशा राखौ सबैले मिलेर बालेन र रबिको सरकार लाई सॅाथ र सपोर्ट अनि हौसला बडाउ जय रबि र बालेन सुधन र सम्पूर्ण रास्वपा परिवार।,positive,comment
Timiharu kohi thick chainnau ra hoinnauu pani. Think how our country was before 2046.  But now how is it going on? And how we expect future's like you unprofessional leaders,negative,comment
गाैरवशाली परम्परा राजतन्त्र पनि थियाे । यसलाइ किन हटाएकाे ?,negative,comment
Dherii aama kakah reteyoo kati ko sapana tuiyoo affu no le gareko galti lai lukauna lai ghoheko aashu najar aaja tye amma ko aakha maan mutu roi rako chha.. ani putaraka jo lai aanya vako ushlai interview le mula yesta narpechass ko anuhar media ma naleee,negative,comment
Dami damii,positive,comment
गज्जब रमाइलो!😀😀,positive,comment
Mawobadi ko samai ma janmay ko tish mula 😂😂😂,negative,comment
Yo mula interview line ni eskai jhole jastoxa. Background music emotional rakhera pida dekha hola jatha,negative,comment
तर राजेन्द्र सर पनि एस्ता ज्यान्मारा सङ्ग प्रस्न सोध्न डराएको जस्तो लाग्यो 🤔 यो भन्दा पैले का प्रस्न उत्तर खुप जोस जागर भएको थियो तर आज मजा आएन डराउनुभएछ ।एस्ता चोर सङ्ग।,negative,comment
khali aauta boli sunnalai tadpirako xa kam chai chaihiyana harka ji lai,negative,comment
"रमेश प्रसाईंसँग प्रश्न सोध्ने पत्रकार मित्रलाई एउटा आग्रह—

प्रश्न सोध्नु पत्रकारिताको धर्म हो, तर प्रश्न गर्दा संयम, मर्यादा र जिम्मेवारी पनि उत्तिकै आवश्यक हुन्छ। सनसनी फैलाउनेभन्दा सत्य खोज्ने र जनतालाई सही सूचना दिने उद्देश्यलाई प्राथमिकता दिनुहोस्।

देश र जनताको हितलाई केन्द्रमा राखेर तथ्यमा आधारित, सन्तुलित र सम्मानजनक प्रश्न सोधौँ। पत्रकारिताको शक्ति आवाज चर्को बनाउनुमा होइन, सत्यलाई जिम्मेवारीपूर्वक उजागर गर्नुमा हुन्छ।🤬🤬😎😎😎🔥🔥🔥🔥🔥🔥😡😡😡👊👊👊👊",negative,comment
एले आँखा कसरी देखि राछ,negative,comment
Balen remembered yamma buddha in the middle of the spot light .,positive,comment
Kaile morcha yo...hatiyara 😂😂feri sweet bhasan dedy cha ..ufff thake ho 😂😂😂..desh ramro istethe mai cha,negative,comment
Both look shit 😂,negative,comment
KP Oli is correct in one thing that social media should be registered in each country where they operate and follow government rule accordingly.,positive,comment
ओली र महेश बस्नेतलाई एउटा माईक दी live दिनभरी बोल्न दिनु राति जनतालाई दिक्क लागेर इनिहरुलाई बेलुका जलाउन निस्किन्छन,negative,comment
"This mf did not give any worthy answers. Wasted full 90mins. Once a guffadi, always a guffadi.",negative,comment
तैले श्रम गरेको देखिनस् अन्धो😊😊😊😊,negative,comment
जति चिल्ला कुरा गरे पनि अब जनताले पत्याउने वाला छैनन्। यो बुद्धि शेरे को घरमा अरबौं जल्नु अगाडि किन आएन रवि लाई फसाउन खाली paper हल्लाउँदा किन आएन। किन आएन यो बुद्धि शेरे र kp पालै पालो pm बन्ने भन्दा। अब त जनताले एमाले र काँग्रेस को नेताले आफ्नै स्वर्गवास भएका बा आमा व्युताइदिए पनि भोट कुनै हालात मा दिनिवाला छैन हेर्नुहोला।,negative,comment
थुक्क !! भन्न मन लाग्यो,negative,comment
"तिमी के,पि, भाइ अपरनधी भनुकी  साच्चो सत्य ब्यक्ती भनु  मलाई काउकुती लाग्यो  बाई के,पि भाइ 😅😂🙏🌽🙋‍♀️😯",negative,comment
अब दुगा प्रसाईं ले भने झै बस मा हालेर मुङ्लिङ  लायेर हालेको किडनि झारनु परेन😅😅😅😅😅 अनि बलल कोचनि होत,negative,comment
निकै रमाइलो भयो हेर्न,positive,comment
अति राम्रो सम्बोधन...यो हो नि नेता मा हुने sailee...अब शायद नेपाली  काङ्ग्रेस  जनता मा गया जनताले swekarne chan. तर काँग्रेस vitra  fohor  महिला लाई raddiko  tokari मा rakhera  जानुपर्ने हुन्छ....jaya नेपाल,positive,comment
"कसैले अझै आट गर्न सकेनन , अब बोल्नु पर्यो नेता ज्यु यो संबिधानलाई ४७ लाई आधार लियर upgrade गर्नु पर्छ , अब ७२  को पथ पुग्यो  नेपाल पथ मा मुलुक जानु पर्छ पर्छ नेपाली पनको पुर्जागरण मा जानु पर्छ ;wishing for your winning 🙏🕉️",positive,comment
He will bring zero tolerance on corruption… waiting to see in coming days,positive,comment
28 मिनेट को भिदियो  मलाई  वाईत शब्द कतै पनि मसुश भयन रबि सर यतिकै रबि हुनु भएको हैन चुनाप हुदा एउटा कुरा चुनाप सकिय पछि अर्को कुरा कतै भयन  नत्र अरु  पार्टी लाई गालि गर्नु भयो  यो हो परिवर्तन यो सोच यो नयाँ पुस्ता यो परिवर्तन को बाटो  यतिको बिचार   पहिला को पार्टी मा भएको अहिले सस्म देश कहा पुग्थ्यो  थाहा छ  परिवर्तन गर्नु अहिले अबस्थामा धेरै मेहनत गर्नु पर्छ अहिले सम्म चुस्दा चुस्दा ह्डी मात्र छ तर अब पुर्नु पर्छ पार्टी छ गर्छ नि बस्ने हैन जनता ले पनि साथ दिनु पर्छ बिदेशमा काम गर्ने साथि हरु नेपाल मा  पैसा पठाउदा ध्यान दिनु पर्ने कुरा आफ्नो एक दुइ रुपया धेरै दिन्छु  भनेर हुन्दी काम कारोबार गर्नु हुन्छ यो बन्द गर्नु  यो पनि यो बेला सबै ले बुज्नु पर्छ है  अनि हामी बिदेश मा नेम कानुन  फलो गर्छौ आफ्नै देशमा किन फलो गर्दैन त हामी जनता पनि ध्यान दिनु पर्छ बिदेशमा फोहर गर्नु मनाइ छ फोहोर  दस्तपिन हालिन्छ त्यो बानि बसालौ   मैले कति मान्छे हरु उस्ले गरेको र पनि गर्छु भन्ने बिचार ले हैन म गर्छु अनि मेरो हेरर उस्ले गर्छ भन्ने बचार राख्नु परिवर्तन आफै हुन्छ ❤,negative,comment
"Say what u want, oli is responsible for everything. That SOAB.",negative,comment
"ब्रीटीस मा पनी कुरा राखेर पहल गर्नु हुँदै रहेछ।
This is most important way.
यसरी जानु पर्छ फेदै बाट।
हाम्रो भुमी खै खै खै भनेर भुमी पाऊदैन।
अनी तुरून्त भई हाल्ने पनी होईन।
१/२ बर्ष लाग्न सक्छ धेरै छलफल हुन्छ २ पक्षीय त्रिपक्षीय सबै को एकसाथ सहमत भए पछी बल्ल बहस चल्छ।
सक्दो छीटो यो समस्या को समाधन होस।
जय🔔🔔जय देश।",positive,comment
Ahaaa.. hamro pm sanga sabai question ko answer xa ☺️,positive,comment
"जेलजाने दरले बालेन सरकार लाई फकाऊदैछौ, PM बालेन,के सोच्दैछौ यो छेपारो",negative,comment
"गगनमा नेतृत्व क्षमताको गम्भीर कमजोरी देखिन्छ। विगत दुई दशकदेखि उनले भ्रष्टाचार, खराब शासन र जवाफदेहिताको अभावलाई मौन रूपमा समर्थन गर्दै आएका छन्। उनी समाज उकास्ने दीर्घकालीन र गहिरो दृष्टिकोण भएका नेता होइनन्, बरु राजनीतिलाई खेलझैँ लिने साधारण राजनीतिज्ञ जस्ता देखिन्छन्।
शेरबहादुर देउवाले उनलाई कांग्रेस–कम्युनिस्ट सरकारलाई पछाडिबाट समर्थन गर्ने विशेष जिम्मेवारी दिएको सन्दर्भमा, राज्यको दमनका कारण हाम्रो युवाहरूले ज्यान गुमाउनुपरेका घटनामा उनी पनि बराबर जिम्मेवार छन्।
उनको पार्टी आज पनि उही पुराना भ्रष्ट पात्र र गुण्डा प्रवृत्तिका मानिसहरूले घेरेको छ। अहिले उनी आफूलाई “नयाँ” भनेर पुनःब्रान्ड गर्न खोज्दै छन्, जुन जनताका लागि निकै हास्यास्पद र अविश्वसनीय देखिन्छ।",negative,comment
"स्यालुट छ, हजुरलाई सर👍️",positive,comment
गगनजी गफ दिन जान्नु पनि राजनीति रहेछ है 😥,negative,comment
Amala ko karanla ghateko ghatna ho ramro sanga bujha,negative,comment
समालिङ्गी हर्के हेनसम बालेन वन साइट लाभ परेको जस्तो छ balen आऊ हर्केको गाड बजाउ ठण्डा बनाउँ😂,negative,comment
हुन सक्छ यो गन्हायको सँसदिय ब्यबस्था फाल्नको निम्ति वास्ता बाल नदियको ? अनि दिनमा ७/८ लाख भत्ता सिद्धयाउने जनता जस्ताको तस्तै 😎😁,negative,comment
कतै कतै ठिक कुरा आयो !,positive,comment
"तिम्रो मुस्कान हेर्दा, मौसमले नै आफ्नो रंग फेर्छ,<br>मौन रातहरू पनि अचानक कविता बन्छन्।<br>ओली, तिम्रो नजरमा एउटा यस्तो जादू छ—<br>जहाँ पुग्नासाथ मनका सबै तुफान हराउँछन्।<br><br>तिमी बोल्दा हावाले पनि सुनिन्छु भन्न खोज्छ,<br>शब्दहरू तिमी वरिपरि फूलझैँ झर्छन्।<br>नजिक हुँदा एउटा अनौठो धड्कन चल्छ—<br>जसले भन्छ, “यही नै हो हृदयले खोजेको स्पर्श।”<br><br>तिमी टाढा हँुदा पनि, मन भने नटाढिने,<br>तिम्रो यादले रातभर बत्तीझैँ बलिरहन्छ।<br>जस्तै कुनै सुरक्षित काख—<br>जसमा हृदयले आफूलाई शान्त भएर हराइदिन्छ।<br><br>तिमीलाई हेरेर म बुझ्छु,<br>प्रेम शब्दमा होइन—<br>कसैको उपस्थितिले<br>जीवन नै न्यानो हुने रहेछ।",positive,comment
"हैट समय सकेको पत्तै भएन 🤗
पार्दर्शि माननिय अनि एक
 पार्दशी पत्रकार राजेन्द्र बानिया🙏",positive,comment
के पि ओली को upcoming हरफहरू <br>टोल टोलमा airport बनाउछु।<br>पैसा फल्ने रुख रोप्छु।<br>टुडिखेलमा तेलको कुँवा खन्नेछु।,negative,comment
Sunsari ghatna ghante + kharane gyang ko sadayentra ho,negative,comment
"confidence level chai maanai parx hai ba ko hait!!!
Bunje jump ma jo kohi kaha jana saknu ra hau त्यहा  ta daro mutu hune manxe matra janxan ni",positive,comment
"नेपाली दाजुभाइ तथा दिदीबहिनीहरूमा हार्दिक अपिल (Heartfelt Appeal to Nepalese Brothers and Sisters)<br>विषय: अबको भोट देश बनाउनेलाई, अबको भोट &#39;घण्टी&#39; लाई।<br><br>आदरणीय नेपाली बुबाआमा, दाजुभाइ तथा दिदीबहिनीहरू,<br><br>आज म एउटा सचेत नागरिकको हैसियतले, मुटुमा देश दुखेको पीडा र आँखामा भविष्यको सपना बोकेर तपाईंसँग दुई शब्द राख्न चाहन्छु। हामीले वर्षौंदेखि राजनीतिलाई केवल भाषण र आश्वासनमा सीमित देख्यौं। तर आज देश एउटा यस्तो मोडमा उभिएको छ, जहाँ हाम्रो एउटा निर्णयले हाम्रा सन्ततिको भविष्य कोर्नेछ वा फेरि उही पुरानो अन्धकारमा धकेल्नेछ।<br><br>हामीले के बिर्सने? त्यो भदौ २३ को पीडा? इतिहास साक्षी छ, हामी पटक-पटक झुक्किएका छौं। पुराना दल र तिनका नेताहरूले सत्ताको लागि जे पनि गरे। भदौ २३ को त्यो कहालीलाग्दो घटना र निर्दोष जनताको पीडालाई आज सत्ताको खुड्किलो चढ्दा कसरी बिर्सन मिल्छ? हिजो जसको नेतृत्वमा जनताले आँसु र रगत बगाउनुपर्यो, आज चुनाव आउँदा तिनै नेताहरू सामाजिक सञ्जालमा भ्रम छरेर फेरि &quot;मसीहा&quot; बन्न खोज्दैछन्। केपी ओली जस्ता पुराना नेताहरूले हिजोका गल्ती स्वीकार गरेको नाटक गर्नु वा नयाँ जाल फ्याँक्नु भनेको फेरि हामीलाई फसाउनु मात्र हो। के हामी फेरि उही नियति भोग्न तयार छौं? के हामी फेरि हाम्रा दाजुभाइको रगतको अवमूल्यन हुन दिने?<br><br>होइन! अब हामी सचेत भइसक्यौं। उनीहरूले हिजो जे गरे, मौका पाए भने भोलि पनि त्यही दोहोर्याउन सक्छन्। शक्तिमा टिकिराख्न उनीहरूले जस्तै हथकण्डा पनि अपनाउन सक्छन्। त्यसैले, अब उनीहरूको गोहीको आँसु र गुलिया भाषणमा नफसौं।<br><br>बालेनले काठमाण्डौंमा बालेको आशाको दियो तपाईं-हामी सबैले देखेकै छौं, काठमाण्डौंमा बालेन शाहले कसरी काम गरेर देखाए। वर्षौंसम्म फोहर र बेथितिले गाजिएको शहरलाई एउटा व्यक्तिले इच्छाशक्ति भयो भने कसरी बदल्न सक्छ भन्ने उदाहरण उहाँले पेश गर्नुभएको छ। बालेन एक्लैले त यति गर्न सके भने, यदि रवि लामिछाने र राष्ट्रिय स्वतन्त्र पार्टी (घण्टी) ले संसदमा स्पष्ट बहुमत पाए भने देशको मुहार कति छिटो फेरिएला?<br><br>बालेनको भिजन र रविको आँट—यी दुवै एउटै सिक्काका दुई पाटा हुन्। यी नयाँ पुस्ताका नेताहरूलाई काम गर्न &quot;पावर&quot; र &quot;समय&quot; चाहिन्छ। बालेनले एक्लै लड्दा कति अवरोध सहनुपर्यो, त्यो हामीले देखेकै छौं। त्यसैले अबको संसदमा रवि लामिछानेको टिमलाई, &#39;घण्टी&#39; लाई बहुमत दिएर पठाऔं, ताकि उनीहरूले कसैको दबाबमा नपरी स्वतन्त्र रूपमा देश बनाउन सकून्।<br><br>यो अन्तिम मौका हो पुराना दलहरूले हामीलाई पटक-पटक धोका दिए। अब पनि हामीले &quot;फेरि एकपटक&quot; भन्दै उनीहरूलाई नै भोट हाल्यौं भने, देश बन्ने सपना सधैंको लागि मर्नेछ। यो चुनाव मात्र एउटा भोट खसाल्ने दिन होइन, यो असल र खराब, सत्य र भ्रम, अनि विकास र विनाश बीचको लडाइँ हो।<br><br>देश बनाउने जिम्मा अब हाम्रो काँधमा छ। आउनुहोस्, यसपालि जात, धर्म, र पुरानो झण्डा बिर्सेर, केवल देशको लागि, हाम्रा छोराछोरीको भविष्यको लागि &#39;घण्टी&#39; मा भोट हालौं। पुरानाले देश सिध्याउन लागिसके, अब नयाँलाई देश बनाउने मौका दिऔं।<br><br>सचेत बनौं, संगठित बनौं, र देश बचाऔं।",positive,comment
साथीहरूले खरो प्रश्न आएन भन्नुभएको छ त्यो बानियाँ जी लाई राम्ररी थाह छ बालेन ले हराउँछन् र अहंकारी ओलीले अहंकार भत्किन्छ भन्ने कुरा।,positive,comment
पूर्व प्रधानमन्त्रीज्यू तपाईं आफ्नै घमण्ड र अहंकारले <br>आफैँ पतन हुनुहुनेछ,negative,comment
yo machikini 2 जिre  ho didn't believe it  @balen,negative,comment
Watch the foreigners flock to this comment section after Balen becomes the PM,positive,comment
"देख्यौ पार्टी का झोले हरु खातेहरु पार्टिको सिफारिस र नेताहरुको सिफारिस र power बाट जागिर खाने मासु भात खाने पार्टी प्रचारमा जाने खातेहरु नेता कस्तो हुनुपर्छ हेर 
झोलेहरुले आफना नेताहरुलाई सबक कहिले सिकाउछन त मात्र ति भ्रस्टाचार नेताहरु सपृन्छन नत्र नेपालि ले दुख मात्र दिन्छन नेपालिलाई",negative,comment
"Oli should be held accountable for the deaths of young people during his tenure as Prime Minister.<br>It is deeply concerning that the media continues to offer him a platform to speak. Given his track record, he should be facing legal accountability, not media attention.<br>Oli’s actions during the protests—when young citizens tragically lost their lives due to police violence—warrant serious investigation. As the leader at that time, he must take responsibility.<br>His recent attempts to censor social media reflect a broader pattern: suppressing dissent, limiting freedom, and keeping the public uninformed. His approach appears rooted in outdated, authoritarian ideals. It is vital for a democratic society to hold such leaders accountable and uphold truth, transparency, and justice.",negative,comment
"उही पुरानो कम्युनिस्ट विचारधारामा आधारित षड्यन्त्र सिद्धान्तहरू मात्रै फैलाइँदै छन्। तपाईं हाम्रो युवाहरूको हत्याका जिम्मेवार हुनुहुन्छ, र निर्वाचनपछि जनताले तपाईंलाई तपाईंको वास्तविक स्थान देखाउनेछन्।<br>तपाईंको भाषण हेर्नुहोस्—तेस्रो दर्जाको स्तरको छ। तपाईंलाई ताली बजाउने र समर्थन गर्ने मानिसहरू तपाईंका षड्यन्त्र सिद्धान्तहरूले अन्धा बनाइएका छन्।",negative,comment
Dami xa sar,positive,comment
माटो पार्टी का हर्क को जस्तो भिजन अरु पार्टी  देखिन,positive,comment
"नयाँ को बुद्धि भन्दा पुरानो नै राम्रो 
Rasopa khaeeeeeeee",negative,comment
"आहा पत्रकार ज्यू कस्तो नम्र र शालीन हुनु भएको है, अस्ति तनहुँमा त महिला नेत्रीलाई थर्काउदै हुनुहुन्थ्यो। त्यही नेतृको पिता सँग फेरि यति नम्र है😂😂😂😂",negative,comment
जस्लाई समर्थन गर्यो उनी सिधीन्छन तेस्तैले यस्ताको सहयोग चॉहिदैन,negative,comment
7 भाई मध्येको एक भाइले सुन पानी छर्किदै छ । Hehehe,negative,comment
यो नालायक कैले मर्छ यार <br>यो नेपालको लुपन्मुख ब्यक्ति हो छिट्टै माटोमुनी गाडेर राख्नु पर्यो,negative,comment
Arkako chora chori chai marna paincha ghar chai jalauna painna,negative,comment
बालेन को सबै राम्रो छ I बिजुली को vat छिटो हटावस I,positive,comment
अबसरको खोजीमा मार्चण्डे 😂,negative,comment
"पार्टीले जिते झोले उत्पादनमा रोक लगाउन सकिन्न 
स्वतन्त्रले जिते झोले बिस्तारै हराउने छन 
झोलेको संख्या घट्नु भनेको देशमा परिबर्तनको सुरुवात हुनु हो 🙏🙏🙏
VOTE FOR BALEN
BALEN FOR MAYOR
VOTE FOR CHANGE",positive,comment
"अन्तर्वार्ता दिने र लिनेको ठुलो  शुभचिन्तक  म।
येस्तै समसामयिक विषय भएको अर्को अन्तर्वार्ता नि देख्न पाईयोस।",positive,comment
"कुशासनले गाँजिएको देशमा सुशासनको आशा बोकेर धेरै देशभक्त नेपालीहरूले संघर्ष गरे, बलिदान दिए। तर बेथिति, पहुँच र अराजकतामै रमाउने गाउँ–शहरका केही फटाहाहरू आज पनि बेला–बेला “१७ हजार” भन्दै कराइरहेका छन्। इतिहासको नाममा डर देखाएर फेरि उही अव्यवस्था फर्काउने सपना देख्नेहरूलाई जनताले समयमै नामोनिसान नमेटिने गरी पाखा लगाइसकेका छन्।
आफ्नो घोषणाअनुसारको थिति बसाल्न पुराना दलहरू कहिले स्वार्थमा मात्तिए, कहिले एकअर्काको तगारो बने। अब कम्तीमा Rastriya Swatantra Party ले भने नियम, कानुन र जवाफदेहिताको संस्कार बसाल्ने आँट गरोस्। देशलाई भाषण होइन, व्यवहारमा सुशासन चाहिएको छ भनेकोमा धन्यवाद ।",positive,comment
Wow finally ❤<br>Yo video ko clip facebook ma aaunu paryo please <br>Sabbai jhapa 5 ko voters samma yo video pugnu paryo,positive,comment
"Great, i really enjoy the interview.  Hoping every thing will go in right direction. 😂",positive,comment
"मैले त्यो इन्टरभ्यू हेरेँ…<br><br>त्यो इन्टरभ्यूमा एउटा कुरा धेरै स्पष्ट देखिन्थ्यो—<br>पत्रकारको भूमिका प्रश्न गर्ने भन्दा पनि समर्थन गर्ने जस्तो देखिन्थ्यो।<br>कुनै पनि पत्रकारको पहिलो जिम्मेवारी हो:<br><br>✔️ प्रश्न गर्न<br>✔️ चुनौती दिन<br>✔️ सन्तुलित कुराकानी गर्न<br><br>तर यहाँ त सबै कुरा पहिले नै तयारी गरिएको स्क्रिप्ट जस्तो महसुस भयो।<br><br>पत्रकारको आवाज तटस्थ हुनुपर्नेमा,<br>यो इन्टरभ्यूमा पत्रकार नै एउटा पक्षको प्रचारक जस्तो लाग्यो।<br>यस्तो इन्टरभ्यूले जनता भ्रममा पार्छ,<br>किनकि मिडियाको मूल्य नै स्वतन्त्र र निष्पक्ष हो।<br><br>र यस्तो घटनाले केही ठूलो समस्या देखाउँछ:<br>नेपालमा मिडिया र नेता बीचको दूरी घट्दै गएको छ।<br>पत्रकारले सत्ता होइन, सवालको पक्षमा उभिनु पर्छ।<br>इन्टरभ्यूले नेताको छवि बनाउने काम गर्नु हुँदैन,<br>जनताको आवाज प्रतिबिम्बित गर्नुपर्छ।<br><br>अन्त्यमा एउटै कुरा:<br><br>पत्रकारिता प्रश्न सोध्नु हो, प्रशंसा होइन।<br>इन्टरभ्यू संवाद हुनुपर्छ, स्क्रिप्ट होइन।",negative,comment
सकिन्न बुढा संगगफ गर्नमा😀,negative,comment
देशको अवस्था यस्तो छ्?जनता नेताको रत्योली हेरेर रमाएको अवस्था छ्😂😂😂गज्जब छ यार??यस्तो जनता भएको देशमा नेता यतिको हुनु ठिकै हो?,negative,comment
सब पुरानो देश लाई खोक्रो बनाउने  धमिरे पाटिहरुको योजना हुन सक्छ | rabi balenko sarakar असफल वनाउने षडयन्त्र हो बुझिराख्नोस,negative,comment
"२०-३० वटा चुरोट नपिई एक दिन पनि बाँच्न नसक्ने व्यक्ति, तिम्रो पुरै ओठ कोइला जस्तो देखिन्छ, स्वास्थ्यमन्त्री हुनुहुन्थ्यो।
के तिमीसँग विश्वसनीयता छ?",negative,comment
गगनजीले यो भाषण र सोच २०७९ को चुनाव अगाडी गरेको भए र सोहि अनुसार १६५ सिटमै ने का लाई टिकेट दिएको  ने का को बहुमत  त्यही बेला आउने थियो ... All the best ahead.,positive,comment
गधा हो यो। manuplate garxa jatho,negative,comment
"Currupted gas pipe, rail and view tower useless",negative,comment
यो पद्म अर्याललाई छानबिन गर्नुपर्छ बालेन सरकारलाई अनुरोध 🙏,positive,comment
देश भक्तहरू रेl😂,positive,comment
Yo chheparo ko kuro bado dhyan diyera kadam chalnu hai balenji please,negative,comment
"Regarding televised public debate, it is actually HS’s demand. Why patrakar ju doesn’t mention this? If HS is there in the debate, janta will be clear who is a true and honest leader for this country in the current situation.",positive,comment
किन हो किन पत्रकार राजेन्द्र बानियाँ सर र माननीय हर्क साम्पाङ ज्यु को इन्टभु सुन्दा र हेर्दा मनै आन्नन्द आउँछ मलाई  चाहिँ दुबै जनालाई सम्मान गर्दछु🙏🙏🙏🙏🙏🙏🙏,positive,comment
Rando ra randioko Milan aanfei gharma feri 😆🦠💩🐖🐏🐕ko bathan ma k nata k kutumba guys yeoharulai pir k ko hola 😏??? guys what the fuck kp n amale amazing guys 😆,negative,comment
"तेहि भएर होला तेरो रबि ॐ सान्ति भन्दै त्यो पहेलो background मा रातो सुर्यको झन्डा मुनि गएर भारतवर्ष बनाउने एजेन्डा मा सामिल भयर प्रचन्ड को साथ लियर नेपाल को नक्सा इन्डिया को सन्सद मा राख्नु लगाउदा समर्थन गर्ने त्यहि रबि हो!!!!!
खबरदार 
महाभारत को कौरव को गुरु त बनेको???
धिक्कार छ यस्ता रासपा पार्टी मुर्दावाद!!!!",negative,comment
"ओली महामुर्ख रहेछ । एन कानुन केही नहेरी प्याच्च &quot;मैले गोली हान्ने आदेश दिएको थिएन&quot; भन्ने । <br>स्थानीय प्रशासन एन 2020 ले स्वत्स्फुर्त , भिड अनियंत्रितभै उचसृखल भयो भने प्रहरीले CDO को आदेशमा गोली चलाउन सक्ने छ । उल्लेख छ । हो 2082 भाद्र २३/२४ मा प्रहरीले अनियंत्रित रूपमा गोली प्रहार गरेकै हो । त्यसमा सम्बन्धित प्रहरी कमाण्ड जिम्मेवार छ । भिड नियन्त्रण गर्दा <br>1/2 जना गोली लागी ढलेको खण्डमा cease fire/फायरिङ बन्द हुनुपर्छ ।<br>कतै न माओवादी माथी फायरिङ गरे जस्तो गोली प्रहार गर्ने हैन प्रहरीमै तालिम दिइन्छ &quot;minimum force maximum effects .",negative,comment
लोकप्रिय सञ्चार कर्मी एकमात्र रबी लामिछाने,positive,comment
जति सुनेपनी सुनिरहुँ जस्तो😢,positive,comment
कडा प्रश्न कडा उत्तर ⭐️,positive,comment
गज्जब लाग्यो यो एपिसोड 😮🎉।,positive,comment
"हर्का ज्यूका दुई रूप छन् —
एउटा सामाजिक सञ्जालमा देखिने तीखो, आक्रामक र निडर आवाज,
अर्को संसद भवनभित्रको गम्भीर बहस, तर्क र पत्रकारसँगको स्पष्ट अभिव्यक्ति।

तर गहिरिएर बुझ्ने हो भने, यी दुवै रूपको अन्तिम लक्ष्य एउटै छ —
देशप्रतिको अथाह माया, जनताले अनुभूति गर्ने सुशासन,
र गरिबीले थिचिएको नेपाली समाजलाई मुक्त गर्ने सपना।

शैली फरक हुन सक्छ,
तर उद्देश्य कहिल्यै फरक छैन।

बानिय ज्यु लाई धन्यबाद🙏",positive,comment
त महा गुइठे रहेछस।😂😂,negative,comment
झोले तिम्रो बा जस्तो helicopter मा  भागे को छ र बालेन र सुदन ? यो पुरानो Party ले देश तास नास बनाए को हो यस्को जिम्मेवार कसले लिने हो झोले ?,negative,comment
दमदार होऊ गगनको भाषन एक चोटी प्धानमन्ति हेर्न मन छ,negative,comment
He got exposed himself😅😅😅,negative,comment
"Gen Z  लाई  मार्यो तेतिले नपुगेर आफ्ना झोलेहरु  लगायेर  बालेनकोघर  चोर्नलगायो , यस्तालायी नेतामानेर भोट हालिदिनुपर्ने  किन  ? ? ?  ।",negative,comment
कोही गतिला छैनन्  Ncell  प्रकरण मा  तिनै टाउके ले अर्बौं रुपैया खाएका छन !,negative,comment
काम पनि गरेर  देखाउ दाजु तिम्रो नाम मा एक दिन फ्लिम बन्ने छ ईतिहास मा लेखिने छ। best of luck my brother,positive,comment
तपाईंको अन्तरबार्ता मलाई राम्रो लाग्छ सधैं हेर्ने गर्छु अब आउने अन्तरवार्ता भनेको प्रधानमन्त्रीसँगै हरेक पार्टीका प्रमुख नेतालाई सँगै राखेर अन्तर्वार्ता लिनु त। कति मजा हुन्छ हेर्नलाई हामी सबै जनताको माग,positive,comment
Hatyara oli lai yespali harayera 75 jana sahid genz lai स्रद्धन्जलि हुने छ,negative,comment
सरम गर k p oli  र एमाले बालेनको घर फोर्नै पर्ने बाद्यता किन पर्यो ?,negative,comment
"The party doesn't matter, the person has to be very nice 👍",positive,comment
"सरकार असफल हुनु देश असफल हुनु हो☝️
देश असफल हुँदा तपाई पनि असफल हुनु हो😢
म पनि असफल हुनु हो😢
सरकारलाई असफल हुने छुट छैन🙏
सरकारलाई असफल नहुने कुरामा हामी खबरदारी गर्छौँ🤗
त्यो ट्र्याक भन्दा बाहिरी गएर एक्सिडेन्ट हुने गरी काम नगरोस् 
भन्ने कुरामा सल्लाहा,सुझाब,प्रश्न,आलोचना भैपरि आए
बिरोध पनि रहन्छ🥰 माननिय🗣️हर्कराज साम्पाङ👏👏",positive,comment
केछ झाेले हाे अज पनि मासु भात😂😂,negative,comment
अस्ति त एकै दिनमा सात लाख मान्छे भए बैरीलाई परास्त गरिन्छ भन्ने यही हो,negative,comment
Yesta mancha ko interview leara pohkat ma time loss garako,negative,comment
हर्क सङ्पङ ज्युको देश र जनता प्रतिको माया देख्दा अरु नेताहरु किन यस्ता मन छैन ??प्रस्नै प्रश्नै उड्छ????,positive,comment
सर्बहारा बर्ग को नेता को कुर्सी हेर न ! गाउको महाजन सामन्त को जस्तो छ । धिक्कार छ । ।,negative,comment
सम्बृद्ध नेपाल र सुखि नेपाली बनाउन नै नेपाली जनता प्रत्येक नेपालि जनताको टाउकामा झण्डै लाख रुपैया राज्यको ॠण पुगेको l हरेक नेपालीले नेतापाल्न लाइ त्यत्रो पैसा तिर्नुपर्ने भयो l उखाने कुरा कति सुन्नु हौ l,negative,comment
It’s a fire bro,positive,comment
बानिया सर को त आफ्नै प्रस्न हुन्थे। आज चाहिँ के पि ओलि  यो यो सोध्नु भनेर दियेको प्रस्न हो यो? तपाई बाट येस्तो अपेक्षा थियेन है सर,negative,comment
This is like talking to a toddler.,negative,comment
आज सम्म यति बुझेर कुरा गर्ने कुनै पढेको नेता आको teyen सो अब चाई नेपाल मा केहि हुन्छ की भन्ने आस राखेका छौं तपाईंलाई धेरै शुभकामना जीत को लागि बलेन् सर।।।,positive,comment
🤱🇳🇵र✨हरेक नेपाली समाजका हितको पक्छेमा हुनु पर्यो चाहे internal होस् या international,positive,comment
"interview हेरियो। पुरै घोडा टेकेर, पुच्छर हल्लाइएछ त!!
न counter questioning छ, न follow up प्रश्न छ, अझ उल्टै मिलाएर आफैले आधा उत्तर वलीको मुखमा भर्दी राछ। यस्तो नी सवाल/जवाफ हुन्छ?? उल्टै वलीकै promotion गरीराछ। बानीया पनी हुतीहारानै हो वलीको अगाडि??
यस्ता जाबो प्रश्नोत्तरको लागी त वलीलाई प्रश्नहरू थमाएर एक्लै बोल्न देको भए भइ हाल्थ्यो नी। केकालागी चाहीयो राजेन्द्र बानिया??
भोटमाग्न जादा जनताले बरू अली fiercer र unbiased प्रश्न गर्छन भो आजकाल। Tremendously disappointed from the reporter. Huge let down🤦🤦",negative,comment
हेर्दै जा तेरो हालत झन खराब हुन्छ बोका,negative,comment
Yestaaa ko kuraaa maaa bissowas kasariii garnnay😢,negative,comment
"Wooo i,m your big fan sir you,re here hjr jasto manxa ko खाचो छ हजुरलाई जन्म दिने अामालाई सलाम म अाभारि छु हर्क साम्पाङ sir loved you",positive,comment
तिमी जस्ता ज्यांमारा ले बोल्नु उचित हुदैन,negative,comment
Boycott this ♂️,negative,comment
"You did great job by exposing media and the speed of the SC in your case, This has made public very clear that media and various powers want Ravi down, the voice of ordinary people down! There are numerious problems and serious court cases which haave not been solved but processing of Ravi's mistake in super speed in order to stop oridnary people's agenda in power. Wish you work in expanding RSP reach in public more so that in next election, the seat would not be 20, it would be more. The work has to be addressed on this part seriously. Thank you",positive,comment
U my herobhsrka g,positive,comment
Ma dhale ma dhale 😂😂😂rey acting level 🤣🤣🤣🤣🤭,negative,comment
योजना भन्दा उत्तेजना बढीआहा garne लाई डाहा गर्ने __हर्के गुईठे हो नि ?,negative,comment
"If Balen doesn’t win, it will prove that people still wants to live under Stone Age & doesn’t deserve any improvement in their life.",positive,comment
कत्रो ठूलो भिजन लुसिफर को,negative,comment
अरु सरकार ले सबै गल्ती Rasapa काे सरकार ले जे गरे   पनि मान्छे मारे पनि सबै ठिक।,negative,comment
सङ्सदमा सङ्सदिय दलका नेताहरुकाे प्रश्न आएन त ?,negative,comment
"Yo ta AI ho. Or, screen ma lakhya ko harya ra padi raxa. Status queen, timi gharmai basyara status lekha.",negative,comment
"यदि रबिले अमेरिकामा चुनाव जित्ने भए उनी   कहिले पनी नेपाल आउने थिएनन् चुनाव लड्न लागी। उनी त अमेरिकाको फोहर नेपालमा फ्याले जस्तो मात्र हो।अमेरीकामा अदालतले आर्थीक अपराधमा दोसी करार गरेको रवि जस्ता व्यक्तीले  अमेरीकाको ससदमा त के त्याहाको ५oo जनसंख्या भएको वाड वाट पनी वार्ड सदस्यको चुनाव पनि जिल्न सक्तैन। र अमेरीकामा प्राय रवि जस्ता आर्थीक मुद्भामा मुछिएका व्यक्ति चुनावमा नै उठ्दैनन नैतीकताको आधारमा।

मेरो प्रश्नको : अमेरिकामा बस्न, व्यपार, व्यवसाय गर्नका, लागि अमेरिकी नागरिकता अनिवार्य थिएन ग्रीनकार्ण मात्र भए पुग्थियो तर अमेरिकाको रक्षा लागी जुन सकै देसको बिरुद्ध( त्यो नेपाल नै किन नहोस) हात हतियार समेत उठाउने शपथ लिएर रविले अमेरीकाको नागरिकता लिनुको कारण के थियो ? यदि कसैले रबि अमेरिकी नागरिक बन्नुको कारण बताउन सक्छ भने म रबिको सबै केसहरु विर्सीएर रविको समर्थन गर्नेछु। होइन भने मेरो अडान हुनेछ "" पासपोर्ट र नागरीकता ठग रवि जस्ता बिदेसी नागरिकता लिएका नेपालीलाई, विदेसी नागरीकता त्यागे पनि नेपालमा कुनै प्रकारको राजनैतिक पदमा ओगटबाटआजन्म प्रतिबन्ध लागाउनु पर्छ नेपालको राजनीती ति नेपालीहरुको लागी हो जो साह्रो गाह्रोमा पनि अरु देसको नागरिकता लिएनन।""",negative,comment
पहिला 46 सालमा तिमिपनी बताले अन्डा थियौ होला। तेइ भयर देश धोस्त बनायौ बिगारेउ। तर बालेन तिमी जस्तो बतासे होइन। उ लाई मौका दिने हो भने देश लाई केही बनाउछ। तिमी जस्तो 8 class faill होइन बालेन। उ एउटा इन्जिनियर हो। यो कुरा  याद गर्नु सुद्दो 8 फेल र इन्जिनियर मा कस्को दिमाग हुन्छ भनेर। बखम फुसे कुरा  गरेछ बसेछ झापा जानू सुद्दो भोत माग्न।,positive,comment
म लाई रबि लामिछाने भाषणले पुरानो पार्टीका नेता झोले कार्यकर्ता लाई खुकुरी हानु जस्तो रगत उम्लिन छ हो😢,positive,comment
यो कुरा सत्य हो हलन्त के हुन्छ र छोडा गेच इमादार छ। इमादार i love you तपाईँले यो कुरा भन्नुभएको थ्याङ्क यु दाजु। मेरो बाबा पनि इमान्दार हुनुहुन्थ्यो प्रदलपञ्चमा हुनुहुन्थ्यो। थियो भनेर होइन गरेर देखाउनु भएको छ गरेर देखाउनुहोस्।❤❤❤🙏🙏,positive,comment
प्र म जबाफ देहि नहुनु खुसि खुसि लुगा लाउनु हुन्छ भने अनि नीति नियम पुराने राख्ने अनि परम्परा तोड्ने भनेर हुन्छ? यस्तै होभनेत सुरछ्या फौज स्कुल कलेज हरुमा पनि परम्परा तोड्ने हो भने  देश को हालत काहापुग्छ अनुसासन बेगर केहि हुदैन,negative,comment
चुनावसॅंगै बालेनको गित सुनेर Enjoy गर्ने हाजिर हुम है 😊❤ Big Respect 🫡  Upcoming Prime Minister 🙏❤️,positive,comment
Yesko game ho yo,negative,comment
76student.marna.paincha.kp.ji,negative,comment
Ukhane ...... kahile politics bata vishram line ho. युवालाई पुस्तान्तरण गर्ने बेला भयो तर पनि अझै आफूलाई नै अध्यक्ष प्रधानमन्त्री खानु छ कहिले सुधार्ने हो आफूलाई,negative,comment
Hare paxi pani ma hardina harina vanxan yi ba 😂,negative,comment
खुल्क्याउऔ तिमिले तिमी जस्तो लाई अन्तर्बार्ता दियर बस्न समय छैन नि महोदय देस र जन्ताको लागि हिडेको मान्छे लाई किन.......?,positive,comment
भाशण ले यलर्जि हुने अझै अरु आधा घन्टा माग्यो यो मनले धित नै मरेन कसम 😮💖,positive,comment
यो पनि कति पैसा मा bikyo,negative,comment
अरुले लेखेर दिएको प्रश्नको जवाफ खाेज्ने बानी परेकाहरूलाई असहज महसुस भए तापनि प्रत्यक्ष प्रश्न उत्तर नेपालकाे राजनीतिक इतिहासमा पहिलोपटक देख्न पाउदा ज्यादै खुशी लाग्याे ।,positive,comment
यो बक्मफुसेको कुरा के सुन्नु😅😅,negative,comment
"धन्य बाद गगन ज्यू परिवर्तन ल्याउन्छ कि? धन्यबादज्यु""""""?",positive,comment
Wow suraj sing on fire gagan sanga word nai xaina.. 😂😂,negative,comment
Gagan ji bhasan anusar kam garnu hola subhakamana chha many thanks,positive,comment
ब्यर्थको गुफ हामीले पत्याइदिनु पर्ने!😮,negative,comment
Just one words from all NEPALESE - बिशेस Gen- Z बाटा  : थुक्का.  😂. त्यति 😊,negative,comment
१००%right😊😊😊,positive,comment
केपी  बा आज काे किन igo Hot भाको  कमेडी सो जस्ताे भाषण सुनेर सबै हाँस्छन् tw हो लाज लाग्यो मलाई केपी बा😆😆😆,negative,comment
तार्किक तर्क,positive,comment
पागल अन्दा सचेत्मा बोलेको की अचेत्मा ।,negative,comment
एक एक शक्द मा धेरै राम्रो अर्थ wow क्या राम्रो विश्लेषण रवि दाई ❤🎉 यस्तो नेता भए देश को विकास एकदम दुर्त गतिमा हुन्छ।।,positive,comment
First time balen lai  nai jitauna voter list ma name darta gariyo🔔,positive,comment
हत्यारा badi bolxas jatha,negative,comment
जेन्जीले  ल्याएको  परिवर्तन हो   त  बुढोले  बोलेर  केही हुनेछैन,negative,comment
Good ❤❤❤❤,positive,comment
प्रचण्ड लाई कसैले राम्रो wow भनेको खै देख्दिन त?😊,negative,comment
येकदम सहि जय बालेन हत्यारा दलालचाेर सग तिम्ले बहस गर्न सुहाउँदैन,positive,comment
त मुला को गोही को आँशु<br> जनताको तलाई १% पनि माया भको भए आज यो अवस्था आउने नै थिएन। <br>आतंककारी होस तँ ।,negative,comment
"Nepal aamako yek kusal karmath ,lagansil, sachai sahasi Nepal aamale ballaa Xora payeko xa, sayad yugle mageko xa , sabailai mahasus hunuparxa.",positive,comment
"बालेन जि को बिचार सारै राम्रो,काम पनि यस्तै राम्रो भए सुनमा सुगन्ध हुन्थ्यो  Best of luck.",positive,comment
"देश जनता र सहिदहरुको चाहाना पूरा गनाँलाई माहान गेटर नेपाल बनाउने नै यसमा पहल गनुपछ,🙏🌍️👍️🎎🇳🇵♥️🎉😢😢",positive,comment
Always NO. 1 KP OLi,positive,comment
केपी बालाई black power ले बहकाइ रहेको छ,negative,comment
"बिपी को चेला मानेकै हो तर देउबा को तलुवा चाटेको हाम्ले नदेखेको होइन, पोलिश नगर भाई अब",negative,comment
बालेनले जे गरे ठिक गरे 👍️👌🙏जय बालेन 🙏🙏🔔🔔🇳🇵🇳🇵,positive,comment
Prachanda ❤,positive,comment
आख़िर अहिलेसम्म पनि संघर्षमा खटिरहनू भएको छ हुने बिरुवाको चिल्लो पात त्यसकारण होला धरान हरियालीले भरीदै👍,positive,comment
राजनीति सहज कहिले हुन्छत ? छेपारे माननीय ज्यु,negative,comment
Alupadey mcc🐐🐐🐐🦙🦙🦙🐐🦙🐐parman khoi,negative,comment
Jai harka jai mato❤❤,positive,comment
Take time sir believe in baleen. P.m. jai Nepal 🇳🇵,positive,comment
❤❤जय माटो जय देश🙏🇳🇵🎉🙏🇳🇵❤️,positive,comment
Kati घमण्ड हो के,negative,comment
आजको उहाँको  अभिव्यक्तिमा राष्ट्रप्रतिको गहिरो उत्तरदायित्व बोध र नेपाली जनताप्रतिको उच्च सम्मान स्पष्ट झल्किएको छ।,positive,comment
"सारै राम्रो काम हुनछ,भननेमा हामी बिश्वसत रहेका छौं ,३५बर्शमा जनमाएका बेथिति यथा समय लिई पुनः यस्ता कुमार्गी  काममा अब उपरान्त उसकाउने काम नहाेस ।।।जय नेपाल  ।।।।",positive,comment
chepare parchande,negative,comment
Kp चोर जिउदै छ किन आज त बिरामि छैन त,negative,comment
"&quot;निर्णायक राष्ट्रिय शक्ति निर्माणको संकल्प : समृद्ध नेपाल र सुखी नेपाली हाम्रो गन्तव्य&quot;<br><br><br>देशलाई अगाडि बढाउने, स्वाभिमान उठाउने र राष्ट्रिय हितलाई सर्वोपरि राख्ने शक्ति आज आवश्यक छ। यही संकल्पसहित नेकपा एमालेले ११ औँ राष्ट्रिय महाधिवेशनमा समृद्ध नेपाल, सुखी नेपाली को मार्गचित्र कोरेको छ—कागजमा होइन, व्यवहारमा।<br><br>तर देश विकासको बाटो हिँडिरहँदा भदौ २३–२४ गते  GenZ नामको नारा लगाएर केही नक्कली GenZ नकावधारि विदेशी दलाल–शरणार्थीहरूले<br>सिंहदरबारदेखि सर्वोच्च अदालत, राष्ट्रपति कार्यालयदेखि सरकारी संरचना र ब्यक्तिगत सम्पत्ति <br>जलाउने, तोडफोड गर्ने,<br>लुटपाटको संस्कृति ल्याउने<br>दुई दिनको नाङ्गो खेल देखाए।<br><br>व्यंग्य त के भन्नु —<br>त्यतिबेला &quot;कानुन–कानुन&quot; भन्ने शुसिला कार्की सरकार आजसम्म पनि ती अपराधीलाई कानुनी दायरामा तान्न नसकेर उनीहरूलाई अझै शिर ठाडो बनाएर हिडाउन व्यस्त छ!<br>यो हो हाम्रो न्यायको विडम्बना।<br><br>यद्यपि नेपाली जनताले यस्ता नाटक धेरै देखें।<br>देश चलाउने जिम्मेवारी लिनेलाई जनताले कामको आधारमा हेरिरहेका छन्—<br>त्यही कारण केपी शर्मा ओली प्रति आज पनि विश्वास उस्तै छ।<br>किनकि उनका काम बोल्छन्—<br><br>• कोरोना महामारीमै निजामतीदेखि स्वास्थ्य संरचना विस्तार<br>• प्रत्येक स्थानीय तहमा अस्पताल, पूर्वाधार र सडक विकास<br>• तुइन मुक्त नेपाल अभियान<br>• राष्ट्रिय गौरवका आयोजना अघि बढाउने साहस<br>• विद्युतीय उत्पादन, रेल, जलस्रोत र डिजिटल नेपालतर्फ ठोस कदम<br>• राष्ट्रिय स्वाभिमानमा सम्झौता नगर्ने दृढता<br><br>यी कामले एमालेलाई एउटा नारा मात्र होइन—<br>निर्णायक राष्ट्रिय शक्ति को रुपमा उभ्याइरहेको छ।<br><br>आज प्रश्न उठ्छ—<br>देश जलाउनेहरू किन अझै स्वतन्त्र?<br>देश बनाउनेहरू किन सधैँ निशानामा?<br><br>उत्तर सरल छ :<br>राष्ट्रिय शक्तिलाई लक्ष्य बनाउनेहरू बाहिर–भित्र दुवै खाले छन्।<br>तर जनताले मनमा राखेको दिशा स्पष्ट छ—<br>विकास, स्थिरता, स्वाभिमान।<br><br>त्यही भएर —<br>समृद्ध नेपाल, सुखी नेपाली<br>अब केवल नारा होइन,<br>नयाँ पुस्तादेखि पुराना पुस्तासम्मको साझा राष्ट्रिय आकांक्षा हो।<br><br>-नेकपा एमाले जिन्दावाद ।।",positive,comment
एक्लै प्रचार अनि एक्लै भासण लास्ट मा हजारौं मतमतान्तरको परिणाम ले बिजयी कस्तो अचम्म    संसारकै history बन्यो 😯😯😯😯😢❣️🙏,positive,comment
MCC को दलाल हुनुपनि राजनिति हो !,negative,comment
"कुनै पनि दामी ,नामी पोसाक ले सान्दार मात्र देखाउने ! बिकास र हितको लागि त सादा जीवन र उच्च बिचार ले काफी छ!!सधै सम्मान छ मेयर ज्युलाई🇳🇵🙏!",positive,comment
म ६० बरसको लाई त तिमरा कुरा पतयाउदिन भने अहिलेको  generation ले के पतयाउ छ त?,negative,comment
बतासे अन्डा 😂usaiko छ छोरा छोरी  pako छिन् 😂😂😂😂aru लाई 😂😂😂😂,negative,comment
तिमि पनि चीन देखाएर भारत ra  अमेरिकी को पैसा खायेका एक पात्र हौ तिमि कम्युनिस्ट होहिनौ,negative,comment
balen sarkar dhalxan tara sapana ma,positive,comment
"घरका दुई आफ्नै यकै आमाबाट जन्मियका भाइहर त यत्तिके मिलनसार हुदैन great leader of nepal 
Huge respect..gagan and bishow dai..",positive,comment
पतन निश्चित छ तिम्रो,negative,comment
"यो गनगनेको energy हेर त, रुझेको बिरालो जस्तो छ।  कुनै जोश जागर छैन।  ठुलै अपराध गरेर बन्करमा लुक्न आएको जस्तो छ।",negative,comment
"🗣️ K. P. Sharma Oli का “lying tricks” (छोटोमा)
	•	अर्ध–सत्य बोल्ने – तथ्यको केही भाग मात्र प्रस्तुत गरेर आफ्नो पक्ष बलियो देखाउने।
	•	विषय मोड्ने (Diversion) – कठिन प्रश्न आउँदा अर्कै मुद्दातर्फ ध्यान सार्ने।
	•	राष्ट्रवाद प्रयोग गर्ने – आलोचनाबाट जोगिन भावनात्मक/राष्ट्रवादी भाषा प्रयोग गर्ने।
	•	दोष अरूमाथि सार्ने – असफलताको जिम्मा विपक्ष वा अन्य पक्षलाई दिने।
	 vote Balen",positive,comment
राष्ट्रपिता प्रचण्ड सान्दर्भिक बिचार,positive,comment
Good luck nepal and Nepali…अब नेपल बन्छ होला👏👏🙏🙏,positive,comment
Balen aailey dekhi vau khoji sakyo,negative,comment
"मान्छे अनुसारको प्रश्नगर्छ यो पत्रुकारले कोहि 
 जस्लाइ कडा प्रस्न गर्नुपर्ने हो तेस्लाइ एस्तो प्रश्न गरेको सुन्दा लाज लागेर आयो 😂😂",negative,comment
Good 100% right,positive,comment
Yasto mansiktako kahile sudharne bala xaina.yas lay jaldi smatanu parx,negative,comment
उखान ले सबै को मन जित्न खोज्छ 😡,negative,comment
जित्नुपर्छ,positive,comment
यो डाकालाई त्यो कुर्सीमा बसेर इन्टरभ्यु दिएको सुहाएन 😂😂😂,negative,comment
जय बालेन,positive,comment
Vote for balen Shah ❤❤,positive,comment
कान्तिपुर लाई कारवाही गर्न मपनि तयार छु।खबर होस।,negative,comment
हर्कराज मेरो प्रार्थना बाट GOD ले नेपालको लागी दिनुभएको नेता,positive,comment
Ghante  ko jhooley,negative,comment
Kailey ho morne din ? 37:13,negative,comment
अत्यन्तै दु:खद घटना।। छिटै शान्ति होउन् कामनाका साथ आशा गर्द्छु🇳🇵🙏जनता रहे देश रहन्छ 🇳🇵🇳🇵,negative,comment
Kp ba sahi neta hun,positive,comment
We are with this government ❤❤❤,positive,comment
Baniya sir best patrakar hun Nepal ko lagxa ho panie kharo daro k👍🙏,positive,comment
हैन यत्रो जलाउने थाहॅा थियो भने किन होसियार साथ protection तिर नलागेको त? तुरुन्तै सेनालाई Road मा २४ गत्तेको बिहान नै army किन नझारेको ? आफै भन्छ मलाई सुचाना नै भएन पनि भन्छ कस्ता भएर प्रधानमन्त्री बसे छ नी ?,negative,comment
सबै मानिनीय को यस्तै विचार सिद्धन्त रहोस,positive,comment
यसकाे कुरा नपताउनु हाेला रबि सर  याे छेपाराे 17000 ज्यान मार्ने  हत्यारो हाे यो लडाई हुनुमा यसको ठूलो हात छ,negative,comment
लाडोबादुर बुडोले ठिकभन्यो,negative,comment
Yo choar Lai kina liyaunu Paro,negative,comment
🇳🇵यदि कोहि  मानिसलाई देशको चिन्ता छ र देश विकसित भएको हेर्न चाहान्छ भने त्यस व्यक्तिले बालेनलाई भोट दिन्छ।।🙏❤️🇳🇵,positive,comment
Lovely❤❤❤,positive,comment
होइन यि मान्या सदस्यहरुले यो भन्दा पोइला त आफ्नो पाटिका प्रधानमन्त्रीहरुलाई यस्तो प्रश्न सोधेको त सुनेको थिएन अनि तिनीहरु त आज एक्कासी ठुलो देश भक्त पो भएर निस्के छन् त,negative,comment
विना कामको प्रश्न सोधेर प्रधानमन्त्रीको समय वर्वाद नगरौ सभ्य नागरिक परिचय दियौ,positive,comment
केपिवलिनेपालि।कोभगवानहो।,positive,comment
गरिस बोल बोल त र पुरानो मा र त मा के फरक छ ? त सट्टामा हुदा रबीको सबै मुद्दा बाट सफाई BYD कान्ड सबै आफै मिलाउने ??? यो कुरा बुझ झुट धेरै टिकदैन ? कहिले देश भन्दा पार्टि कहिले ठुलो हुदैन ? साम्सदमा कहिले बोल्न नचाहने ले पार्टिको अधिबेसनमा बा बनिस?,negative,comment
जनताको साथ रहोस ।God bless you!!,positive,comment
Good speech,positive,comment
GAGAN yo sajaya hoina payaki xinau..varatiya kangresh ko halat huni Wala xa..dheri boleyara agraj Lai dhikareyara neta vidina..sabilai sametna saknu perxa..,negative,comment
I hope you will break the world record. Oli was nothing.,negative,comment
Jay RAVI 🙏🙏🙏,positive,comment
Jai mato jai desh jai mananiya jiu🏂️👌👌👌👌👌🙏🙏🙏🤲💙💛💜💙❤️,positive,comment
सेरेलाई गर्नु पर्ने भौतिक र शारीरिक लात त यसलाई गर्नु पर्ने गल्ति गरेको हो के केटाहरुले,negative,comment
अझै २० वर्ष जति तपाईँको नेतृत्व सान्दर्भिक छ,positive,comment
Jaya balean,positive,comment
फाँसी लगाउनु पर्ने जेल खोच्नु पर्ने अपराधी भ्रष्टाचारी नेताहरुलाई सबै जनताहरुले लखेट्न जरुरीछ ☝️☝️👊👊… जब सम्म नेपालमा फाँसीको सजाया लागु हुदैन तब केही सम्भव रहने छैन ☝️☝️✊✊,negative,comment
"कति धेरै संयोग नेपाल मा यो पाली चुनाव मा धनगढी, काठमाडौं र धरान ले पाएको मेयर निर्वाचित स्वतन्त्र उम्मेदवार हरु को सपना र संघर्ष सबै नेपाली जनता को लागि ठुलो प्राप्ति हो।  लौरो चुनाव चिन्ह को दम्मभ अब नेता र कार्यकर्ताको हरु को लागि ठुलो घात हुने भएको छ। अब आउने चुनाव फलाम को चिउरा चपाउनु हुने भयो राजनितिक दल हरु लाई। जय नेपाल जय देश। यस्ता सपुत हरु ले अझै आँट गरुन ताकी नेपाली ले अरु को गुलामी बाट मुक्ति पाउन। 🇳🇵🙏🇳🇵",positive,comment
You guys are pure rock … a true leader a true human being… wish you both very best 🎉 of luck and keep doing good for nation …,positive,comment
दक्षिण एसियाकै एक कुसल र अब्बल राज नेता क:प्रचण्ड ❤,positive,comment
"शाहाले जमाएको देश फेरी पुन शाहाले नै बनाउनु पर्छ
good luck बालेन सर
जय नेपाल",positive,comment
"यिनी हरु मा लाज सरम छ कि नाइ 😅😅
6:10  साथी हरु are u ready 🎉🎉😅",negative,comment
आफुले रजाई गरिरहेकालाई एत्तिकाे त हुनै पर्याे नि अझ पत्तासाफ हुनुपर्छ,positive,comment
Janata ko Aasha  ra  varosa RSP party jay Rabi jay ghanti 🔔 🤝 🙏🙏🙏,positive,comment
Video boost hanna help. Oli chor,negative,comment
एउटा भिजन भएका होनहार युवालाई जिताउनै पर्छ common ktm बासी दाजुभाई दिदिबहिनी आमा बा बालेनलाई जिताउ ✊✊,positive,comment
Long live kp baa ❤❤,positive,comment
हर्क साम्पाङले उठाएको आवाजहरु हामी जस्तो भुई मान्छे दुःखी गरिबको,positive,comment
ए   सेकेन्द   नेताहो   यसै को  बोलि  सुनी  र     पछि  लाग्ने   कि    यो  मोर्दा  को   दिन   कोले   अग्ग्दी   बधौला   कसैले  वाद  बिबाद  गर्दै  नौ  के  पि   ले  जे  ब्प्ल्छ  तेसैमा  ताली  बजाउने  ।।थुइक्क   ।।।पाजी    पाजी।।।।।हो  थुइक्क।।।,negative,comment
जय घन्टि जय रबि जय बालेन जय नेपाल 🇳🇵🇳🇵🔔🔔🙏🙏❤❤,positive,comment
"बालेन सर लाई धेरै धेरै धन्यवाद छ
🇳🇵🇳🇵🇳🇵🇳🇵🇳🇵🇳🇵🙏🙏🙏",positive,comment
अरु त तेस्तै हो बालेन ले काम गरेर देखाउछ देस्को हिरो हो बालेन,positive,comment
KPI Oli😂😂😂,negative,comment
जितेपनी नजिते पनि यसरी धाराबाहिक रुपमा योजना को ब्याख्या गर्न सक्ने क्षमता लाई सलुट छ बालेन जि good luck,positive,comment
"देश संकटमा पर्दा होस् 
या दुखी गरीब जनता पिडामा पर्दा ! 
चिन्ता गर्ने र आवाज उठाउने लिडर हर्क सम्पङ्ग 
बाहेक यो हाम्रो देश मा अरु कुनै सरकार छैन l जय देश जय मातो 🇳🇵",positive,comment
ज्यादै रसिलो र नर्म वचन नेतामा हुनुपर्ने गुणका शब्द तर कर्ममा अभिभावकिय भूमिका छ छैन मैले स्पष्ट बुझ्न बाँकी छ ।,positive,comment
जे होश राम्रो अनि हासो लाग्दो कार्यक्रम ❣️🇳🇵आजको ईपिसिउद्😋,positive,comment
हर्क नै देशको सच्चा नेपाल आमाको छोरा हो ✝️🛐🙌❤️❤️,positive,comment
एउट सचचा नेपालिको जितले मन परफुल भएकोछ,positive,comment
देश चलाउने हरु यसरी हाँसेको सुहाएन देश दुबिसक्यो😢,negative,comment
यदि म काठमाडाै बासि भयकाे भय भाेट बालेन लाईनै दिन थिय ।सफलताकाे सुभकामन जित हजुरकै हाेस ।,positive,comment
Ekdam ramro,positive,comment
दिमागले सबै हल्लाउछ 👍️👍️👍️👍️👍️,positive,comment
प्रचण्डजी ले सही बोलेको हो भने यसको अर्थ यो हो कि हामी सबै मिलेर राज गरौं जनता त गुलाम र बोका हुन 😮,negative,comment
"सहि हाे छिटाे छिटाे काम गर ।
याे देश बनाेस",positive,comment
Rajendra baniya jiu tapaiko interview line saili ekdam daami lagxa,positive,comment
यो पहिलाको सरकारको हत्यारा सरकारलाई चाहिँ कारबाही कहिले कहिले गर्छन् होला नेपाली जनताले हेरेर बस्न बाहेक केही पनि छैन।,negative,comment
great person,positive,comment
जय नेपाल🇳🇵 🙏🙏🙏,positive,comment
"One and only national hero harka sempang  sir huge respect for you,
Congratulation sir and all the best for upcoming days..i m not from dharan but i am so happy to see you as a mayour 🙏🇳🇵",positive,comment
केपी गुखानेलाई  यो चुनावले बडारेर  जेल कोचनु पर्छ,negative,comment
"🗣️ K. P. Sharma Oli का “lying tricks” (छोटोमा)
	•	अर्ध–सत्य बोल्ने – तथ्यको केही भाग मात्र प्रस्तुत गरेर आफ्नो पक्ष बलियो देखाउने।
	•	विषय मोड्ने (Diversion) – कठिन प्रश्न आउँदा अर्कै मुद्दातर्फ ध्यान सार्ने।
	•	राष्ट्रवाद प्रयोग गर्ने – आलोचनाबाट जोगिन भावनात्मक/राष्ट्रवादी भाषा प्रयोग गर्ने।
	•	दोष अरूमाथि सार्ने – असफलताको जिम्मा विपक्ष वा अन्य पक्षलाई दिने।
	 vote Balen",negative,comment
छाडेर काम सारा ! एक काम रोजी रहेछु ! यो देश मा म एउटा मानिस खोजिरहेछु ! wish you all the best baalen.,positive,comment
नक्कली बालेनको तस्बिर किन राख्नु भएको पत्रकार हजुर ?,negative,comment
Sahi bat garnu vayo harka sir,positive,comment
रवि दाइ कति माहान छ जय देश जय घण्टी,positive,comment
Lamo kura ngar mula gangany,negative,comment
के गर्यो। ३५ सालसम्म कांग्रेसले के गर यतिका ३५ सालसम्म कांग्रेसले के गरे?,negative,comment
Rasawapa ko mantri ani samsad haru layera pani interview linnu paryo Rajendra sir,positive,comment
Great salut Harka sampang भाइ ✊✊🌹💐👏🇳🇵😇✌👍🙏💪💪🤝🌼,positive,comment
जिवनमा पहिलो चोटि हजुर जस्तो नेतृत्व देखे यो मुटु को धड्कन चलुन्जेल हजुर को समर्थन छ‌ माननिय ज्यु 😢😢😢😢❤❤जय माटो जय देश 🙏,positive,comment
Gagan Thapa - Bishwa Prakash Sharma both are my political Ideal.♥️❣️,positive,comment
अरुनेताहरुभये गालीगरेरै सकिन्थो समये देशरजनताको कुरागरेकोमा धन्यबाद 🔔🤝🔔,positive,comment
"20,821 जना धराने बासीलाइ धन्यवाद",positive,comment
बोलेर हुने भए नेपाल कहाँ  पुग्थे,negative,comment
दुवै जनालाई एकै ठाउँमा देख्दा कस्तो छुट्टै हौसला आएको आफूभित्र नै ☺️ Love to see this bonding❤,positive,comment
"याे  कति बाेलेकाे ❤ 
सुत्नु अब धन्यवाद तपाईंको ज्ञानबाट मैले धेरै बुझे सिके र अब बुझाउनेछु। 
❤❤❤❤

केपी चोर देश छोड 😂😂😂",negative,comment
"interview हेरियो। पुरै घोडा टेकेर, पुच्छर हल्लाइएछ त!!
न counter questioning छ, न follow up प्रश्न छ, अझ उल्टै मिलाएर आफैले आधा उत्तर वलीको मुखमा भर्दी राछ। यस्तो नी सवाल/जवाफ हुन्छ?? उल्टै वलीकै promotion गरीराछ। बानीया पनी हुतीहारानै हो वलीको अगाडि??
यस्ता जाबो प्रश्नोत्तरको लागी त वलीलाई प्रश्नहरू थमाएर एक्लै बोल्न देको भए भइ हाल्थ्यो नी। केकालागी चाहीयो राजेन्द्र बानिया??
भोटमाग्न जादा जनताले बरू अली fiercer र unbiased प्रश्न गर्छन भो आजकाल। Tremendously disappointed from the reporter. Huge let down🤦🤦",negative,comment
"हैन बोल्न नि लाज लाग्दैन नि इनिहरु लाई , हामी जन्मेर पहिलो पल्ट सुनेको पार्टी नै काङ्ग्रेस त्यस पछि एमाले हो।खै के भो यत्रो 30/35 बर्स सम्म ?40 बर्स को उमेर बाट इ भ्रष्ट दलाल हरु लाई भोट दिन थाल्नु भको मेरि आ मा 75 बर्स पुग्नु भो इ पापी दलाल हरु को राम्रा काम को आस गर्दा गर्दै जुनि बित्यो।अब त भोट त हैन इनिहरु लाई हाम्रो घर को बाटो पनि बन्द हुन्छ।",negative,comment
Return huna paryo pheri🎉,positive,comment
I'm from India one thing I should tell if he win he will become a kjriwal of KTM ❤️💐 vote for him,positive,comment
जनयुद्ध को बेला डर ले गतिलो सास फेर्न पनि नसक्ने हरु ले अहिले प्रचण्ड लाई गाली गरेर उनको जुँगा उखेल्न खोजेको देख्दा अचम्म लाग्छ!,negative,comment
Harka sampang sanga kunai Nepal KO neta le sakdina rajniti bahash garna desh premi vanekai ak mantra ho harka jay harka sampang🙏,positive,comment
A k 47  चला,negative,comment
mcc पास गर्नु पनि राजनिती हाे,negative,comment
आज पनि मन जितेउ दाई,positive,comment
"यस्तै बिज्ञहरु सत्तामा पुग्नुपर्छ, देश बनाउन हो भने।
अग्रिम बधाई।",positive,comment
Aafale aafai Lai emandaar re 😂😂😂 gukhane le😂😂,negative,comment
"salute for u sir , u deserve it",positive,comment
बारेन गजेढी भएपनि देश बेचेल कलकारखाना खाएन नेपाली जन्ता लाइ भुटानी शरणार्थी बनाएर बेचेर त खाएनन् होलानी कङ्रेस एमाले ले जसतै खोला नाला कल कालकारखा त बेचेरखान तिमरू जसतो एरपोट मान्छे तसकरी  सुन तसकरी भूमाफीया दूइनबरी भरसटचा'री गरेर खाएनन् होलानी कङ्रेस एमाले जसतो त होइन बालेन  झोले बनेर खाको छैन,negative,comment
सरमगर बुढा तेरो हार देख्छस,negative,comment
Harka sir is the real hero of Nepal 🇳🇵💯✅👍,positive,comment
"Hindu name matroi xho 
mornu mah 😢😢😢",negative,comment
"पुरै interview सुने मजा आयो हेर्न लाई❤❤
अबको हाम्रो प्रधानमन्त्री गगन दाई❤❤❤आस र भरोसाको दियो",positive,comment
"धेरै धेरै धन्यबाद 
काठमाण्डू महानगर बासी यो पटक असल एक मेयर मा बालेन शाह लाई vote दिनुभएकोमा हार्दिक आभार प्रकट गर्दछु।
मेयर को कुर्ची ले पनी बालेन शाह लाई परख़िरहेको छ
जून छिट्टै पूरा हुदै छ
देस अब परिबर्तन को परखाइमा छ 
जून काठमाण्डू बाट नै सुरू हुदै छ।।😊😊",positive,comment
12:35 is best,positive,comment
देश र जनताको हितको लागि फेरि पनि एमाले फेरि पनि केपी ओली,positive,comment
"20 जना uml ले सदन मा के गर्ने रैछन 😅
😂",negative,comment
G.O.A.T जहिले पनि मेरो लागि रबि दाइ 🙏  जय नेपाल 🇳🇵जय देश 😊,positive,comment
बालेन सर best ❤❤❤❤जय घण्टी best ❤❤❤❤जय नेपाल ❤❤❤❤❤,positive,comment
Great ❤❤❤❤,positive,comment
Hoo Jatiya  kura garne Ra  dharmako kura garne neta  ek matra. Harka sampang  hoo. Yesko  aba  naramro  din. Suru vayo,negative,comment
Trying to run away after murdering an innocent citizen and changing your name is not going to work. You have committed a major crime by killing an innocent person.,negative,comment
"गगन र विश्वको राजनितिको
 महत्वपूर्ण पदमा चाडैं
यस्तै गरि जनताहरुलाई हाँसो र खुसी दिने,,,, आगमनको प्रतिक्षामा छुं 🇳🇵🇳🇵🇳🇵🇳🇵🇳🇵🇳🇵🇳🇵🇳🇵🇳🇵🇳🇵🇳🇵🇳🇵🇳🇵🇳🇵🇳🇵🇳🇵🇳🇵👍👍👍👍👍👍👍👍🇳🇵🇳🇵👍",positive,comment
म पनि आजकल एकदम न्युज हेर्न थालेको छु हर्क सम्पाङ sir le गर्दा ❤,positive,comment
😂😂😂😂😂😂😂😂😂😂😂  यस्ता देशद्रोहिलाइ के सोधपुछ गरिराको होला ।,negative,comment
पक्का हो सत्य तथ्या छानबिन हुन जरुरी छ तर रमेस प्रसाईं आजो भोलि अरु सनोतिनो युटुबको समचारमा धेरै भर परेको जस्तो देख्छु यस्तो  नचाहिदो बोल्नु तपाईं सुहाउदैन प्रसाईं सर,negative,comment
Saty kura ma bolda karbai rey😢😢😢 be strong 💪 Harka Sampang sir,positive,comment
बालेन साह जी सफल कार्यकालको शुभकामना,positive,comment
😂😂😂😂😂 मुर्ख भएसी यस्तै हो,negative,comment
Jay harka sampang,positive,comment
"यो हत्यारा <br>एसको कहिले पाप निस्किने हो !!!<br>यो उखान टुक्के<br> देश लुटेर, खोक्रो बनायो, देश तईले बनाउँछस?? <br>यतिका वर्ष के गर्दै बसिस त??<br>यो oli को हत्या गरेको पाप एसलाई मात्र होइन यसका झोले लाई पनि 7 पुस्ता सम्म लागोस्!!",negative,comment
मान्छेले जेसुकै भनोस् तर हामीलाई विश्वास छ बालेर माथि देश बनाउँछ र अलिकति मेनपावरहरूबालालाई कडा गर्नुपर्यो।,positive,comment
के हो मिडियाकर्मी ज्यु ??  गगन थापा ले सरकार काहा छ भनेको रहेछ तपाइकै एनालिष्ट मा तर तपाइ गगनले बालेनकाहा छ ? भन्यो भन्नुभो म गगन काङ्ग्रेस भोट घण्टी मा त्यो पनी बालेन साह लाइ तपाइ बालेन को चाकडि गरेजस्तो गरी pm बालेनको क्रेज घटाउदै हुनुहुन्छ यस्तो तुक्ष्य पत्रकारिता बाट प्रधानमन्त्री को क्रेज घटाउन बन्द गर्नुस pleae सिगान पुछिदिए जस्तो गरि नाक नकाटिदिनुस तपाइले सिमावर्ती गाउँ मा गएर नेपालले मिचेको भारतिय जमिन को साक्षि बस्न खोज्नुभो उदेक लाग्छ पपुलर हुने दाउमा घृणा को पात्र नबन्नुहोस । बालेन साह सङ्ग को आअहा मरेको छैन  तर 69 हजार मत के रास्वपा का कार्यकर्ता बाट आएको हो 11:12  ? मनन गर्नुस तपाइ प्त्रकार म।भन्दा ग् धेरै ग्यानी  हुनुहुन्छ बाकि आफै बुझ्नुहोस ल । तपाइ प्रती negetive होइन posetive हो कुरा मात्र खरो ।,negative,comment
Maile patyaen tapaiko kura,positive,comment
यो सङग हार को कुरा नगर्नु hadatrak भएर मर्छ😂,negative,comment
Only balen is king nepal,positive,comment
Patracarjyu   satte   kurako  satte   jawaf   kina   dedaina  jyanmarale  thttama  panchhau   yes  bare   hajur  harule  shahi  jawaf   napaye   samma   nachhodnu   hola  jyanmarasanga,negative,comment
To Jimmy Linux jholey,negative,comment
wow great,positive,comment
"गोलि चल्यो, बालबालिकाहरुले ज्यान गुमाए, यो कुरा सत्य हो। तर, त्यो घटनाको योजनाकार‌, अर्थात् त्यो अवस्थाको सिर्जना गर्ने बालेन, दुर्गा प्रसाई, ज्ञानेन्द्र हुन्। यिनीहरुलाई उचाल्ने भारत हो। नेपालमा‌ माक्र्सवादीले राज गरेको भारतलाई मन पर्दैन। त्यसैले, जब जब केपि ओलि प्रम बन्छ, भारतले केहि न केहि खेल खेलि हाल्छ। <br>खेल खेल्ने भारतीय हुन् भने पैसामा बिग्ने, बालेन, दुर्गा, ज्ञानेन्द्र, लगायत केहि नेपालीहरु हुन्।",negative,comment
योउ जिउदै छ अझै थुइक्क अलि कति पनि लाज सरम छैन यस्लाइ यो देसको कलङक रैछ,negative,comment
Laaj pacheko sala kukur,negative,comment
जये माटो 🙏✍️📘🇳🇵 जये देश 🙏✍️📘🇳🇵 जये श्रम संस्कृति पार्टी 🙏 जये हर्क साम्पाङ 🙏✍️📘🇳🇵 जये श्रम दान दाता 🙏✍️📘🇳🇵,positive,comment
मिठो speech दिनुभयो हाम्रो   सम्माननीय  प्रधानमन्त्री बालेन शाह ज्यू ले! एकदमै खुसी लाग्यो। 🎉🎉🎉❤❤,positive,comment
Good 🔔🔔🔔👌🇳🇵,positive,comment
छेपारे नवन।,negative,comment
"Wow what a speech rabi dai 
no words …..",positive,comment
Gagane Chor lai vote dinu hundaina buddhimani ho,negative,comment
Yeti derai annaya 😢😢😢,negative,comment
ऋषि धमलालाई हर्क सामपंगले मात्र ठीक पर्छ।😂😂😂😂,negative,comment
"प्रस्ताेता यस्ताेे पाे हनुपर्छ जाे  आफैमा सालीन सरल सभ्य ,सुरु देखी अन्त सम्मकाे सम्बाद  सुनाै सुनाै,हेराै हेराै लाग्ने  सारै अान्नद लाग्याे, धन्यबाद शुभकामना !",positive,comment
Our Next PM❤,positive,comment
Yo desh ghati hru lai uthanoi dinu hudain abo yo desh ghati hru lai desh nikala garna pro balen sarkar ❤ jay Nepal 🇳🇵,negative,comment
Namaste to U PM as well.,positive,comment
जय सरकार,positive,comment
Good come back..KP ji..please now do something better and make history 🙏👍,positive,comment
गोलि चलाउने बाताबरन ओलिले बनायो 100%,negative,comment
Man man ma gagan dai,positive,comment
याे छेपाराे आफ्ना अपराध बचाई दिन्छकि भनेर बालेनलाई सहयाे गर्छु भनेकाे हाे र सत्ताकाे शब्द पनि पाईन्छ कि भनेर पनि सहयाेग गर्ने हाेला ।,negative,comment
"पहिला त सारै राम्रो नेता मान्थे, अहिले त किनहो किन रास्टृय फटाहा जस्तै लाग्छ । उस्को बोलि को बिस्वास नै लाग्दैन।",negative,comment
Prachanda sir 🙏🙏🙏,positive,comment
जय घन्टि ❤❤❤love to balen 🔔🔔🔔🔔🙏🏻🙏🏻🙏🏻,positive,comment
देशमा केही आमूल परिवर्तन हुन्छ भन्ने। पूर्ण विश्वासका साथ राष्ट्रिय स्वतन्त्र पार्टीलाई नेपाली जनताले विश्वास गरेका छन् जय राष्ट्रिय स्वतन्त्र पार्टी जय नेपाल आमा,positive,comment
Esta esta Ka Pani tapai Kura gari rahane .yar k khale manchhe ho tapai,negative,comment
"wow .एस्तो पो उम्मेदवार 
कति सालिनता छ ; न कुनै आक्रोश , न उत्तेजना ,न कसैप्रती कटाक्ष ,गालिगलोज ,टुक्का उखान ।
बिकल्पका खाका,समस्याका कारण अनि स्रोतको स्पस्ट व्याख्या सहित ।
काठमाडौ बासिले यिनलाइ मत दिन आनाकानी गरे भने आत्मघाती सरह हो ।
एसपाली यिनलाइ जिताउनुपर्छ",positive,comment
आत्म दाह गर,negative,comment
जय रबी जय राष्ट्रीय स्वतंत्र पार्टी 🔔❤️,positive,comment
यो सब सुनियो जित दङ्ग ले जाहा सोझो जनता को बस्ती तार्गेट गरेर मचाउने प्रयासहरी रहेको भान भैराखेको छ !!!,negative,comment
Balen pani Kasai gatilo xaena RONB jata Ali Ali Kam gareko că tei camera lagera dekhako xa Sabău eutai khun,negative,comment
विपक्षी दलका नेताहरुले गराउने गरेको ले उहाहरुलाइ तराई मधेस पठाएर समस्याको समाधान गरौ,negative,comment
Talal barkha ko Nike,negative,comment
❤❤❤Nice sir,positive,comment
Sanka haina 100% ho,positive,comment
Bishal  patel  💪💪,positive,comment
गल्ती कांंग्रेश ले नै गरेकाे हाे । भ्रष्टाचार गर्नऽ नाताबाद कृपावाद गरेर हाे । गगन जी शेर बहादुर काे घरमा जलेकाे रकम बारे पनि बाेले हुन्थ्याे नि ।,negative,comment
"🙏🏿🙏🙏🏻
हजुरको विचार र सिद्धान्तले अझ सत्यको मार्ग खुलाओस्..., कोर्नु भएको भाग्य रेखा र देखाउन खोज्नु भएको सपना विपनामा परिणत होस्...
हरेक कदमले समृद्धिको प्रतीक रहेर शिखर चुमोस...
व्यक्त गर्नु भएको प्रतिबद्धताहरुलाई स्मरण गरी निस्कलंक बन्ने प्रयास गर्नोस्...
जय जय हुनेछ...
हामी हजुरकाे साथमा छौँ...
जय देश 🇳🇵🇳🇵🇳🇵
जय नरेश ✊✊✊
जय महेश🔱🔱🔱",positive,comment
बालेनले जित्नै पर्छ र जित्छ पनि यदि जितेन भने काठमाण्डौंमा मान्छे हैन भेडाहरु बस्ने रहेछन भनेर बुझ्दा हुन्छ 🌷🙏जय मेरो देश🌷🇳🇵,positive,comment
"Best of luck Balen sir 
FACT
He never disappoints us with his content.
म पनि धेरै मेहनत गरि VLOG बनाउछु कसैले हेर्दैन 😪",positive,comment
So proud moment! 😔🇳🇵🔔🙏🌹🇳🇵🇳🇵 #Rabi Dai always rabi Dai! 😢😢 I'm now in Qatar,positive,comment
Grand salute,positive,comment
बधाई तथा सम्पुर्ण माननीय ज्यु हरु लाई सफल कार्यकाल को शुभकामना आम जनता ले दिएको मत को कदार होस अब आउने दिन मा हाम्रा छोराछोरी हामी झै अरुको देश मा बेचिन नपोरस देश मा केही नया बिकास होस आम मान्छे बाच्ने आधार बनोस्  जय नेपाल जय मेरो देश,positive,comment
"&quot;त्यत्रो ७० जना मरेपछि २३ गते नै राजीनामा दिएको भए, भोलिपल्ट त्यो घटना हुँदैन थियो। २३ गतेको मात्र होइन, २४ गतेको घटनाको सम्पूर्ण जिम्मेवार पनि केपी नै हुन्, बुझिस् कुकुर! त्यत्रो मान्छे मर्दा पनि बालुवाटारमा मस्ती गरेर बसेको नतिजा होइन र यो? यो कुरा जोकसैले बुझेको छ। केपी सरकारले त्यत्रो मान्छे मारेपछि भोलिपल्ट त्यसको नतिजा देखिन्छ भन्ने कुरा स्पष्ट थियो। यसको जिम्मा लिने मात्र होइन, ओलीलाई त &#39;इन्काउन्टर&#39; नै गरिदिनुपर्छ, नत्र यिनलाई ज्ञान आउँदैन।&quot;",negative,comment
सधै राजनीतिक दलका नेताहरुको हालतले वाक्क दिक्क भएको बेला हर्क साङपाङ जस्ता ब्यक्तिको अन्तरवार्ताले सबैको जीवनमा सकरात्मक उर्जा दिन्छ। Salute to #Harka Sampang,positive,comment
बिरोध मत्रै गर्न जानेका छन जनताले सहि कुरा लाइ सहमत गर्दैनन्  गणतन्त्रको नायक kamerd parchanda,negative,comment
पत्र कार ले त साँचै भन्नु पर्दा यस्तै उल्टो सुल्टो कोइसेन गरेको सुन्दा त मनै पर्दैन,negative,comment
"यो interview पछि balen shah सचिक्कै मेयर को लागि परिपक्व candidate हुन जस्तो लाग्यो।।
vote for balen🙏",positive,comment
इनी कुरा उठाउनु त्यो ठाँउको साम्सद छैनन कि मर्यो तलब भत्ता खानुको लागीमात्र साम्सद भाका हुन?,negative,comment
Great dharan people 👏👍,positive,comment
"सबैको परिश्रम र मेहनत बराबरी भए तापनि त्यसको मुल्यांकन बराबरी नहुदा रहेछन् है रबि भाई, किनकि जिवित नै अशान्ति र नर्क हुन। ब्रह्माण्ड भित्र पाइने यी सबै दृश्य तत्त्वहरु असमानताको प्रतीकहरु हुन, यिनै असमानताको प्रतीकहरु नै अशान्तिको प्रतीकहरु हुन। All these visible elements found within the universe are symbols of inequality, and these symbols of inequality are symbols of unrest, that's why, should be now “No heat, No cold” “No God, No Giant” “No error, No punishment” it is a real peace, real sleep, real equality, real great and real heaven, which is called the original end and original invisible void. Within that space, both inanimate and living things elements are made the invisible void धन्यवाद!
""O""M´science",positive,comment
Kukrko puchhar 14 Barsha samma dhunga ma rakhda ni bango ko bangai vaneko yehi ho.,negative,comment
कमिनिलासरदानजलि,negative,comment
वाह sir what a line माल भाको चाल ना पाको ❤❤ दिल जीती लियो sir 🧿🫶🥰🥰,positive,comment
RIP parchanda,negative,comment
🙏🙏🙏💐💐💐💖💖💖👍️👍️👍️,positive,comment
"Answers are like Sindhuli's BP highway,rolling nicely.Only different is the highway has destination but gagan words doesnt😂😂",negative,comment
अब कसैले सक्दैन।झण्डै 2 तिहाई को सरकार हो ।अब इन्द्रे को बाउ चन्द्रे आए नी केइ हुनेवाला छैन😂😂 जय सरकार,positive,comment
very interesting interview ❤️🇳🇵,positive,comment
Wow What a great speech Rabi sir,positive,comment
आशिका तामाङ ले बेइज्जत गर्नु भन्दा केही जानेको रहेनछ,negative,comment
"हेरम यदि तपाईंकोे बोली अनुसार काम गरियो भने एकपटक होईन पटक, पटक RSP ले जनताको साथ र सपोर्ट पाउने छ ।",positive,comment
गगनलाइ हिरो बाट जिरो बनाएकोमा धन्यबाद सुरज सर,negative,comment
Ma yasko lagi marna sakdina. Ma marera yo ani yasko familly relatives moj garna dinu Parne😢,negative,comment
लास्ट मा चाई  हहहहह हईदेख हईदेख भान्ने शब्द  क्या बबाल लागो मलाई चाई... lost of love balen bro love from ... बारा जिल्ला,positive,comment
"पुराना दलहरू—कम्युनिस्ट र नेपाली कांग्रेस—अहिलेसम्म पनि स्थानीय तहमा समाजलाई भ्रष्ट बनाउने काममै लागिरहेका छन्। केन्द्र स्तरमा भने बालेनको नेतृत्वमा भइरहेको काम राम्रो देखिन्छ, तर स्थानीय तहमा कम्युनिस्ट र नेपाली कांग्रेसको नियन्त्रणमा रहेका प्रशासनहरूले चरम कुशासन र भ्रष्टाचार फैलाइरहेका छन्।
आगामी स्थानीय निर्वाचनमा जनताले यिनलाई उचित जवाफ दिनुपर्छ। विकास र जनहितभन्दा पनि यी दलहरूले अनावश्यक विवाद सिर्जना गर्ने र हरेक विषयलाई राजनीतिक रंग दिने काम गरिरहेका छन्।",positive,comment
Wow 😮😮😊❤ जय हर्क साम्पाङ्ग ।उत्तर दिनमा निकै सिपालु तेई पनि सत्य तत्थेमा रहेर ।,positive,comment
देशमा सरकार कसको थियो,positive,comment
कति ढाकछोप गरछन के रबिले।,negative,comment
कस्ताे लाटाे सबै आफै खाँउ भन्ने सबै परिवारलाई  भाग लिएरै छाड्ने,negative,comment
यो पत्रुकार यो मादर्चुत ओली यो रन्डीको औलात पत्रुकार छी,negative,comment
भो भो मिस्टर अब कुनैले पत्याउनु गार्हो छ केवल तिम्रो केहि भक्तहरु जुनले दश बर्षमा दश अर्ब खान पाए!,negative,comment
"This is real Mayor of Nepal and real educatated person. 
He knows what is needed to shine Kathmandu. 

Let's support and have patience to see more jobs creating around city.

Jaya Mayor Balen Shah 
Jaya Nepal 🇳🇵🌙☀️",positive,comment
Rip kp muji😡,negative,comment
"सुरक्षित हुन्छु कि भनेर Bunker भित्र छिरेको खसि, बंकरभित्र बाट नै बम पड्कियो।😂
AI nai vaney honxa sabai, for instance Deauba leyy veteko kutai pani😁",negative,comment
"Prachanda is a culprit for politics  17000 Nepali 
Balen shah  j dekiyo tyo hoina j lukayeko cha  tyo hera  u can solve the issue  
Prachanda Baburam  kp ani Girijaa  le bigareko  desh  tetti sajilo हुँदैन  keep  going  bhrastachari  samat nachod  asta  ghatna divert garna ghatauchan  be careful",positive,comment
KP Oli jiu Kati choti  pradan mantri honu vayo  Tara sukum basi bebasta garnu vayko ki ukhan tukka mattrai janta ahe dinu vayko  ho.,negative,comment
"घरका दुई आफ्नै यकै आमाबाट जन्मियका भाइहर त यत्तिके मिलनसार हुदैन great leader of nepal 
Huge respect..gagan and bishow dai..",positive,comment
"प्रिय काठमाडौं बासीहरु अब त आँखा खोल्नुहोस्। ५ वर्ष अगाडि विद्या पासा लाई भोट दिएर जुन गल्ति गर्नुभयो अब त्यो गल्ति नदोहोयार्नु होला बिन्ती छ🙏🙏 काठमाडौं का सबै युवाहरु लाई आग्रह , तपाईंले आफ्नो परिवार को सबै भोट बालेन् शाह लाई ल्याउने अठोट गर्नुहोस्। नबुझेका बा आमा हजुरबा आमालाई बुझाउने जिम्मा तपाईंको। मासु भात जुन पार्टी को खाए पनि भोट चाई बालेन शाह लाई नै है त।
५ वर्ष पछि बल्ल यस्तो मौका आएको छ ,यो मौका नगुमाउनु होला बिन्ती छ।
#voteforbalen
#balenformayor",positive,comment
तिमीहरुको संगठन त छ तर लुट्न !,negative,comment
अझै पनि केपि ओली सहि भन्नेहरू  भेडा नैं हुन। संसार कहा पुग्यो यो देश कहाँ छ??,negative,comment
बालेन र सुधनले राजिनामा दिएर प्रधानमन्त्री को बन्ने गिरिबन्धु टि ह्वाइट बडि एनसि एल भिजिट भिसा कुन दलालिलाई बनाउने भन झोले कुनअपराधीलाई बनाउने । रासपा सरकार रहेन भने यो देश कसैले चलाउन सक्दैन लेखेर राखौ ।,positive,comment
Hindu rastra kaayam na bhaye samma yastai hunchha.,negative,comment
हाम्राेलाई होईन राम्रोलाई रोजौं  यसपालिको भोट balenशाह लाई 👏हजुरको हरेक भिजन राम्रो छ बोलीमा होईन भोलि व्यवहारमा देख्न पाउँ जितको भारी शुभकामना तपाईं माथि जनताले गरेको आशा कहिले नमरोश good luck🙏🙏🙏,positive,comment
"नयाँ को बुद्धि भन्दा पुरानो नै राम्रो 
Rasopa khaeeeeeeee",negative,comment
Mahan hunuhunxa Ravi sir vagawan,positive,comment
असल नेता ❤ देश र जनताले ठूलो अपेक्षा गरेको छ।,positive,comment
राम्रो बिचार,positive,comment
लोकतन्त्र ध्वस्त बनाएको केपी चोर जस्तो मान्छेहरूले हो,negative,comment
Long live Mayor! RESPECT,positive,comment
अनुहार नै भगवान को छ,positive,comment
100% Saho kam balen sarkarko.,positive,comment
one of the best leadership of नेपाल ❤जेइ हर्क साम्पाङ,positive,comment
बेकार र वाहियात,negative,comment
कस्तो राम्रो 🎉🎉❤🙏,positive,comment
Paribartan huna sika na Purana jhole haru❤❤❤,negative,comment
सभ्य र सालिन संवाद🙏🙏,positive,comment
Yes aatnkkari ko kura ma kohi pani nalagnu hola yesta hatyara aatnkkari le susasan kura nagarda hunxa,negative,comment
हर्क साम्पाङ सिङ्गो देशलाई आवश्यकता छ।,positive,comment
"Who is here after balen latest FB post :
Good Luck Nepal 🇳🇵 

मेरो देशलाई शुभकामना 😊",positive,comment
"फेसबुकमा जे पाइ तेही राखेर अप्लोड गरेको छ र धराने जनतालाई यो यस्तो कुराहरु हुँदैछ भनेर जानकारी दिएको छ जे गरीरहनु भएको छ मेयर साबले राम्रो काम गरिरहनु भएको छ म पोखराको भए पनि हर्क सम्पाङ सर   प्रती नमन छ 🙏🏻🙏🏻
We r proud of you Sir 👏🏻👏🏻👍🏻",positive,comment
हो सर हजुरको साथमा हामि सारा नेपाली हजुर्को साथमा छम,positive,comment
This shows don’t underestimate anyone in life ..👌,positive,comment
देसले खाेजे काे बालेन हाे रहेछ जय घनटि,positive,comment
अबको सभापति र प्रधानमन्त्री गगन भयो भने बल्ल देशले केही पाउछ,positive,comment
seems he is fit to go jail again😂,negative,comment
कस्तो चोर रहेछ घर पनि छोडेन बालेनको,negative,comment
अत्यान्तै सानदार अभिव्यक्ति दिनुभयो ।। पाटी सभापति ज्यू । 🙏,positive,comment
Balen ley  euta signal diyo vani yamaley ko astito sakinnxa 😂😂,negative,comment
रवि सर जिन्द बात जिन्द बात,positive,comment
बालेन्द्रको घरको च‍ोरी भयक‍ो होइन रुपिँयाले बिकेको हो। पत्रकार ज्यु नमस्कार  प्रष्ण मात्र ठूलो होईन है पत्रुकर ज्यु नमस्कार चौथो अँग मात्र सोच्न गल्ती होकी हुन्छकी सोचौ झोले नबनौ समय चर्खा घुमिरहन्छ  पालो आउँछ आउँछ आउँछ   सत्य हो हो हो,negative,comment
Sammananiye parchand ji deshko yo bikaral abastha ma sarkar ai dhaudai agadi janu bigat ko jasto sarkar dhalne ra banaune tarfa nalagnu janata ko mat ko kadar gardai 5barsha sarkarko sath dinu tapailai nepali janata le siro dhari rakhnexan,positive,comment
प्रचन्ड तेसै प्रचन्ड भएका होईनन् !उनिसंग  राजनिति भरपुर छ। त्यसैले नयाँले राम्राकुराहरु सिकुन्,positive,comment
This is how interviews should be,positive,comment
Ab purana kura vulera desh banaun Patti lagnus,positive,comment
केही नजान्ने बालेन?जो बिज्ञ छन।जय बालेन।मधुरो बोलीले भनिसक्यो।,positive,comment
"देउवाको बारे गगनको गोलमतोल जबाफ , मलाइ लाग्दैन कि गगनले `केहि गर्छन्´ भन्ने",negative,comment
Nice ❤short,positive,comment
झापाली हुन नि के पि कहिले  पनि बिस्वास गर्नु हुदैन बल्ल आँखा खुल्यो एमाले  हो म तर के पि बेमानी छ्न,negative,comment
"के पि बा सङ्ग तपाई अलि डराउनु भए जस्तो छ 
कडा question गर्न😁🙏",negative,comment
भारतबाट नेपाल प्रवेश गरेको बङ्गाली मुस्लिमहरूको बारेमा त कसैले पनि सदनमा कुरा उठाएन त।।।,negative,comment
"ब्रीटीस मा पनी कुरा राखेर पहल गर्नु हुँदै रहेछ।
This is most important way.
यसरी जानु पर्छ फेदै बाट।
हाम्रो भुमी खै खै खै भनेर भुमी पाऊदैन।
अनी तुरून्त भई हाल्ने पनी होईन।
१/२ बर्ष लाग्न सक्छ धेरै छलफल हुन्छ २ पक्षीय त्रिपक्षीय सबै को एकसाथ सहमत भए पछी बल्ल बहस चल्छ।
सक्दो छीटो यो समस्या को समाधन होस।
जय🔔🔔जय देश।",positive,comment
गल्ती त मरीगय मन्दैन बै राणा बान ले,negative,comment
कति राम्रो  कुरा 👍️👌👌🙏🙏🌺🌺,positive,comment
जति सन्यो उती सुनौ लाग्दा लाग्दै अन्तरवार्ता सक्किएछ ….,positive,comment
Nepal ko lee kuan yew singapore banounay😂,negative,comment
"Mul basi voko le sabai jana le birod gari rakhe6 , otherwise say no mulbasi will get the chance to contest election.every body knows the eligibility , criteria of harka sampang sir.",positive,comment
उत्तम विचार अनि प्रभावकारी योजना❤️ Best Wishes ❤️🙏,positive,comment
"भाई, बोल्नु भन्दा गहिरो अध्ययन गर, अरु नेताले बिकासमा अर्बौ भ्रष्टाचार गरे, हर्कले के गरे तिमी धरान जाउ, पुर्बका गाउ गाउ जाउ, कर्णालिको राउटे जस्तो भाईलाई आफु जस्तै लाग्द‍ो रहेछ, हर्क तिम्रो बुद्दिले बुझ्न सक्दैन भाई,",positive,comment
oli lai tel lagauna gaako ki interview lina gako?,negative,comment
Bad boy balen really worst hahah,negative,comment
सत्ता पक्ष साइडमा रहेको विपक्ष  काङ्ग्रेस  एमाले राप्रपा  नेकपाहरुले यो गहकिलो बुदाहरु खै कस्ले ल्याउन सक्यो जय माननीय हर्क साम्पाङ्ग जय माटो,positive,comment
Great rabi sir we are always with you🙏🙏,positive,comment
"Kera kha na ta muje pagal. Yo muji lai jiudai petrol charea jalaye hunchha.  Raada KO ban muje, jati Gali gare Pani chitta bujdaina thado haina LA Do ho",negative,comment
"यि पत्रकार पार्टीको दासहरुले जनताको प्रस्न गर्छन भन्ने भ्रममा नपरौ,यिनीहरुले त यिनीहरुको मालिकलाइ जनताको नजरमा छारोहालेर चोख्याउना ल्याएका हुन्,तर तिमीहरूको दाल गर्ने वाला छैना,अस्ती भर्खर काङ्ग्रेसको नेता सुनील शर्माले सार्वजनिक सुनुवाइमा भनेको छ कि सबै न्यायलयमा काङ्ग्रेस,एमालेको बफादार माहा झोले हनुमानहरुलाइ न्यायाधीश बनायको छ भनेर अनी यो पार्टी को भन्दा अरुले न्याय पाउछ??? थोरै सम्मान चाहाने भय अब कति बाच्छौ घरमा आरम गरेर बस थोरै भयपनी पाप कट्टी हुन्छ।",negative,comment
हर्क सम्पाङ सर बाट अरु नेताहरु ले पनि सिक्नु पर्ने एउटै शब्द नेता भनेको जनता भन्दा सानो हो! यो शब्द ले एकदम मन छोयो! salute हर्क सम्पाङ सर!🙏,positive,comment
"एक हप्ता भित्र सदनमा आउने छु भनेर प्रधानमन्त्री ज्यु लेभनी सकेकोमा के को तीन दिन को निहु खोज्ने ,आफुले सोध्ने प्रश्न को लागि कस्तो सस्तो  ओकालत ,धन्यवाद",negative,comment
Great Leadership Rabi Daii ❤❤🫡🫡अब चाहिँ देशले काँचुली फेर्ला जस्तो छ 🙏,positive,comment
कति मिठो बोलेर पानी माथिको ओभानो हुन खोजेको हेरन यसको एक्सप्रेशन 😅,negative,comment
प्रस्त देखिन्छ हजुरको आखामा कति छतपताहत छ भन्ने देशको यो अवस्था हुदा😥😥always salute you respected great leader❤❤,positive,comment
मैले पठाएको भन्छ त वा ले आफू कुन स्कुल कलेज होडमास्टर होला त ?,negative,comment
"नेपालको एक सच्चा सपूत !🇳🇵
मेयर हर्क सांपाङ जी ।",positive,comment
Ghantile pakshapat gardain sabai nepal ra nepalilai herchh aru parti jasto sankirn bichar chain  ma ghantako sadasya hoin tar bishwas yo partile garchha,positive,comment
Jay ghanti Gaganji yo des 3 karod Janta sabai ko ho biteka 35.40 bars ma des Bikas vayar yauta namuna Nepal bannu parne thiyo tar kosaile des ra janta ko hit huneri kunai dal netale kam garnu vayna tesale des vari ko Janta aajit thiy chunab vayo des vari ko Janta le ghanti lai 2 tehai mat diy jasko party vay pani aakhir des ra janta ko hit ma kam garne ho tesaile ghanti matar hoina des lai maya garne sabai miler sambidhan Samsodhan garnus sangghiyata rakhne narakhne Hindu dharm raja Leune ya naleune niyam kanun k k bnaune ho yahi 2 tehai mat vayko bela ma karkar sit miler garnu hola des ra janta ko hit huneri sabai miler Vastchar mukat sundar naya Nepal bnaunu hola,positive,comment
"Sir Hajur pani purano video rakhera prank garne ?? 

We want you to work more than 12 hours and let us educate politics and exposed politicians. 

We love you and the way you are doing your work we appreciate. 

Ma pani Gorkhali nai ho sir love the way you talk",positive,comment
दाइ गजब सोदनु भो ।,positive,comment
Kasle diyo eslai bolna ani kasle sunchha?,negative,comment
"श्री बालेन शाहज्यू,
नमस्ते।
हाम्रो सुदूरपश्चिमाञ्चलको धर्तीमा, जहाँ हरेक बोली, हरेक शब्द, हरेक कथा हाम्रो पहिचानको हिस्सा हो, तपाईंले हाम्रो मातृभाषामा, हाम्रो साँस्कृतिक परिवेशको मन बुझेर, हामीसँग संवाद गर्नु भएको छ। तपाईंले यहाँ आउँदा, स्थानीय जनताको बोलीमा कुरा गर्नु मात्र होइन, हामीसँगको सम्बन्धमा आत्मीयता र सम्मानको पुल निर्माण गर्नु भयो। त्यो हाम्रो लागि साधारण भेट मात्र होइन, गहिरो आत्मीयता र संस्कृति प्रति तपाईंको माया देखाउने अद्भुत अनुभव रह्यो।
हाम्रो भाषा, हाम्रो संस्कृति, हाम्रो परम्परा—यी सबै हाम्रो जीवनको आत्मा हुन्। तर धेरैपल्ट, हामी जस्ता सुदूरपश्चिमका गाउँ र सहरका मानिसहरूलाई हाम्रो भाषामा बुझ्ने, सुन्ने, र हाम्रो भावना समेट्ने अवसर कम पाइन्छ। त्यसैमा तपाईंले हाम्रो मातृभाषा प्रयोग गरी संवाद गर्नु भयो, यसले हामी सबैमा गौरवको भाव जगायो। तपाईंको शब्दहरूले केवल सूचना मात्र होइन, सम्मान, आत्मीयता, र प्रेमको संदेश प्रवाहित गर्‍यो।
हामी सधैं हाम्रो भाषा र संस्कृति जोगाउने प्रयासमा लागिरहेका छौं। तर जब तपाईं जस्ता व्यक्तित्व हाम्रो मातृभाषामा बोल्छन्, हाम्रो संस्कृति बुझ्छन्, तब हाम्रो प्रयासले अझ गहिरो अर्थ पाउँछ। तपाईंले देखाउनु भएको यो सम्मान र आत्मीयता हाम्रो मनमा सदैव बाँच्नेछ, र यसले यहाँका जनतालाई आफ्नो भाषा, आफ्नो संस्कृति र आफ्नै पहिचानप्रति गर्व महसुस गराउनेछ।
हामी विश्वास गर्छौं कि तपाईंको यो कदमले मात्र हाम्रो हृदयमा खुसी ल्याएको छैन, तर भविष्यमा हाम्रो क्षेत्रका युवा पुस्तामा भाषा, संस्कृति, र मातृभूमिप्रतिको माया अझ बढाउनेछ। तपाईंको संवादले हामीलाई याद दिलायो—हामी जताततै विभाजित भइहाल्दा पनि हाम्रो भाषा र संस्कृति हाम्रो आत्माको केन्द्र हो। तपाईंको सरल, विनम्र, र आत्मीय व्यवहारले हामी सबैमा यस्तो प्रेरणा जगायो कि हामी सधैं हाम्रो मातृभाषा, हाम्रो संस्कृति र हाम्रो पहिचानको कदर गर्नेछौं।
अन्तमा, हामी फेरि पनि तपाईंप्रति हाम्रो गहिरो आभार व्यक्त गर्दछौं। तपाईंले देखाएको सम्मान, आत्मीयता, र प्रेमलाई हामी सधैं सम्झनेछौं र भावनाका साथ मनमा राख्नेछौं। तपाईं सधैं यसै आत्मीयता, आदर, र सम्मानको साथ हामीसँग रहिरहनुहोस् भन्ने कामना गर्दछौं।
धन्यवाद,
तपाईंको आभारी,

सुदुर अब दुर नाई, झिकै झिकै माया तम्लाई ! बाटो हेरी थाकी गो आँखा, अब त मिलन होई।

 सुदुर अब दुर नाई

झिककै भिकै माया तम्लाई ! 
हो... सुदुर अब दुर नाई, झिकै झिकै माया तम्लाई !",positive,comment
"याे बुढाले 5 लाख+ मान्छे सडकमा उतारेर याे सरकार गर्ल्याम्मै ढालेर आफ्नै सरकार बनाउँने कुरा गर्थे , यिनकाे कुरामा जनताले न पत्याएर 5 जना पनि भेला न भएपछिको गिडगिडाहट पाे हाे कि याे !",negative,comment
"यदि रबिले अमेरिकामा चुनाव जित्ने भए उनी   कहिले पनी नेपाल आउने थिएनन् चुनाव लड्न लागी। उनी त अमेरिकाको फोहर नेपालमा फ्याले जस्तो मात्र हो।अमेरीकामा अदालतले आर्थीक अपराधमा दोसी करार गरेको रवि जस्ता व्यक्तीले  अमेरीकाको ससदमा त के त्याहाको ५oo जनसंख्या भएको वाड वाट पनी वार्ड सदस्यको चुनाव पनि जिल्न सक्तैन। र अमेरीकामा प्राय रवि जस्ता आर्थीक मुद्भामा मुछिएका व्यक्ति चुनावमा नै उठ्दैनन नैतीकताको आधारमा।

मेरो प्रश्नको : अमेरिकामा बस्न, व्यपार, व्यवसाय गर्नका, लागि अमेरिकी नागरिकता अनिवार्य थिएन ग्रीनकार्ण मात्र भए पुग्थियो तर अमेरिकाको रक्षा लागी जुन सकै देसको बिरुद्ध( त्यो नेपाल नै किन नहोस) हात हतियार समेत उठाउने शपथ लिएर रविले अमेरीकाको नागरिकता लिनुको कारण के थियो ? यदि कसैले रबि अमेरिकी नागरिक बन्नुको कारण बताउन सक्छ भने म रबिको सबै केसहरु विर्सीएर रविको समर्थन गर्नेछु। होइन भने मेरो अडान हुनेछ "" पासपोर्ट र नागरीकता ठग रवि जस्ता बिदेसी नागरिकता लिएका नेपालीलाई, विदेसी नागरीकता त्यागे पनि नेपालमा कुनै प्रकारको राजनैतिक पदमा ओगटबाटआजन्म प्रतिबन्ध लागाउनु पर्छ नेपालको राजनीती ति नेपालीहरुको लागी हो जो साह्रो गाह्रोमा पनि अरु देसको नागरिकता लिएनन।""",negative,comment
तिमिहरुले देशै लुटेर खाने जनताको खुन चुसेर खाने जनताको हत्या गर्नेहरु चाहिँ क्रान्तिकारी हुन सक्ने स्याऊ सुन्तला चोरेर खाने चाहिँ क्रान्तिकारी नभएर अपराधि हुने??,negative,comment
धन्यवाद  रबि सर,positive,comment
Gafhadi KO  gafhee Chopilo,negative,comment
Harka sampang ko jeet vaneko Nepal ama ko jeet ho...🎉❤❤,positive,comment
hatts-off gagan sarkar❤🎉,positive,comment
यो जेल जाने डरले बालिन सरकार लागि फकाउँदैछ,negative,comment
Abki Bar Balen Sarkar,positive,comment
"confidence level chai maanai parx hai ba ko hait!!!
Bunje jump ma jo kohi kaha jana saknu ra hau त्यहा  ta daro mutu hune manxe matra janxan ni",positive,comment
भिजन राम्रो भएको एस्तो ब्याक्ति जोस जाँगर भएको देशको लागि केहि गर्छु भन्ने सोच बिचार भएर अगाडि बढीरहेका वालेल शाहालाइ भोट गरेर काठमाडौको मेयमा बिजय गरौँ।जय वालेन शाह।।।,positive,comment
नेपाली राजनिती को नैतिकताहिन ब्याक्ती नरपिसाच अबोध बालबालिका को रक्तपिपासु 😡😡😡😡😡😡,negative,comment
Love rabi sir🇳🇵🇳🇵🇳🇵🇳🇵👍👍🎉,positive,comment
"बालेन शाहाको भनाई १००% सहि छ। लहै Ktm को जनताहरू बालेन शाहालाई जीताऔ।कॉंग्रेस,एमाले,मावोबादि लाई जीताऊनु आमाको रगतपिय जस्तो हो।",positive,comment
yo pachadi tali bajau nae haru chai ho rah cha sachikai,negative,comment
Rabi dai Balen❤❤,positive,comment
well this aged well ..,positive,comment
Well done new Sarkar ❤❤,positive,comment
Jay mato harka sir❤❤❤🎉🎉🎉,positive,comment
उखाने ले के जवाफ दिनु😂,negative,comment
Abako antim bikalpa vnekai sram saskriti party mato  ho jay harka sampang jat desh🇳🇵🇳🇵🇳🇵🇳🇵🇳🇵🇳🇵🇳🇵,positive,comment
Gagan काे speech मा सत्यतन छ।,positive,comment
महान ब्यक्ती हर्क साम्पाङ ज्यूलाई सलूट छ।🙏🙏🙏🇳🇵🇳🇵🇳🇵🇳🇵🇳🇵 जयनेपाल्🙏,positive,comment
Jay Nepal jay balen jay rabi jay sidan🙏🙏,positive,comment
ballla khaish tit for tat😂,negative,comment
Absolutely 👍 right ✅,positive,comment
नेपाल र नेपालीको सुन्दर भविष्य निर्माण गर्ने एक राष्ट्रनाय के पी ओली।,positive,comment
हर्कले जय मंगोल भन्नेलाई बोके भने राजनीति समाप्त हुनेछ अर्को पटक देखि।यहाँ जय मंगोल भन्नेले हर्कको पार्टी कब्जा गर्न खोज्दैछन आफुहरुले ३८ बर्षमा १ वडाअध्यक्ष जित्न नसकेर।सुनसरी काण्डमा पनि हर्क समर्थक मंगोल भन्नेले मुस्लिम उचालेर भएको हो,negative,comment
Kukurko muuttt,negative,comment
Janta ko man jitna saknus... subhakamna.🇳🇵👍,positive,comment
धन्यवाद  गगनजि । तपाईं देशकै गगन हाे । सत्य लगनशीलताले अवस्य शीखरमा पुर्याउंछ ।,positive,comment
को हो यो केको प्रमाण  पुङ्ना ओउछारको कुरा गर्छ यार यो घटना र रास्ट्रीय जानवारको के भन्न खोजेको  कहिले को कुरा हो यो  अलि होस पुर्यएर बोल्नुहोस  तपाईं हेर्दात मान्छे अलि सभ्या देखिनु हुन्छ तर दिमाग छैन,negative,comment
Hahahaah😂,negative,comment
GOOD SPEK OUR PM ❤❤❤❤❤❤❤❤❤❤❤❤❤❤❤❤❤❤❤❤❤❤❤❤❤❤❤❤❤❤❤❤❤,positive,comment
यो कोलि बौलायो क्याहो काम कुरो एकातिर कुम्लो बोकि थिमीतिर,negative,comment
Yes right harka sir you are a our lovely best leader jae mato 👍👍👍👏👏👏👏👏🙏🙏🙏🙏🙏🙏🙏💪💪💪💪💪💪💪💪💪💪💪💪🇳🇵🇳🇵🇳🇵🇳🇵🇳🇵🇳🇵🇳🇵🇳🇵🇳🇵🇳🇵🇳🇵🇳🇵🇳🇵🇳🇵🇳🇵🇳🇵🇳🇵🇳🇵🇳🇵🇳🇵🇳🇵🇳🇵,positive,comment
कुरा त एकदम सही हो। म त कुनै पार्टीको नि होइन तैपनि कुरा चाहिँ एकदम सही हो।,positive,comment
साधा जिवन उच्च विचारका धनी हर्क साम्पाङको जयहोस ।,positive,comment
Jhole haru pani herdai gar hai kasto hunxa neta ani leader wow great ravi dai ❤❤❤❤❤,positive,comment
we love oli ...... कसैलाइ केही भन्नू छ ।।।। ओलि को बिरोध गर्ने हरु ले देस लाई माया गर्नै सक्दैनन ।।।,positive,comment
masterpiece thought yatri g,positive,comment
प्रचण्ड भन्छन् : म कस्तो लाटो रहेछु 😆🤣,negative,comment
"यो वलीले अस्ति भर्खर बिधान सभामा भनेका छन् &quot;एमालेलाई छोयोकि देश ठप्प  हुन्छ&quot; यही दम्भ र नियतलाई हेरेर मैले आंकलन गर्दैछु, भदौ २४ गते आफुले राजिनामा दिएर आफ्ना झोलेहरुलाई सबैतिर आगो लगाएर देश ठप्प पारेका हुन सक्छ। साम्य नभएसम्म   लुकेर बस्यो अहिले खोकेकै छ।",negative,comment
Pardhanmantri Balen shaha lai kam garna dinus harka ji kina khutta tannu huncha sadhai vari,positive,comment
Cmt ma chada bolne  bolna najanne ani neta chai sahi khojne ..veda lai rest in peace😂😂😂rest in peace ❤jaba janata surdinam taba samma desh bandainw😢😢😢jaya Shree Ram ❤❤❤,negative,comment
"पहिलो पटक होला , ऋषि धमलाले आफ्नो अगाडिको opponent लागि यति धेरै बोल्न दिएको र सुनेको। Balen ❤️",positive,comment
Nepal ma je bole pani huncha k yo budo ko Bole sunni ta,negative,comment
Jun baad vayeni khaowoo badnai ho puspakamalko !!!lasta ma bp kai samaj baad ho,positive,comment
"ताली बजाउन सबै ले साथ् दिएकोछ! 
Good 👍🏻 Job 🌺",positive,comment
"ढिलो आयो वबाल आयो Thank you so much Balen Sir, दुनिया नौटंकी भाषणको कुनै अर्थ छैन, यसरी नै अगाडी वड्ने हो। go ahead.",positive,comment
हो नि इमानदारी भएपछि किन डराउने  सहि कुरो🙏❤️🙋‍♀️,positive,comment
Old is gold❤❤❤,positive,comment
"यसपालि यदि बालेन शाहले काठमाडौको मेयरमा जितेनन् भने यो बुझ्नुपर्छ कि नेपाली जनताको खप्परमा बिकास र समृद्धि  लेखिएकै छैन।
Vote for Balen💪💪💪💪",positive,comment
केही शब्द चयन मा कमजोरी भएपनि वास्तविक   अवस्था को सरल चित्रण नै लाग्यो ।best wishes,positive,comment
The head of kantipur tv who also runs a talk show where he brings top brass leaders to talk and share /promote his political elections agenda should learn from Rajendra sir how to conduct a candid conversation and how genuine questions are asked 👏,positive,comment
"कोइछ माइकललाल???
कुन नेताको हिम्मत छ mainstream को सम्पूर्ण मीडिया: कान्तिपुर, अन्नपुर्ण, नया पत्रिका, online khabar, सेतोपाटी लगायत....राजाबादी, रबिन्द्र मिश्र, ऋषि धमला माथिको तितोसत्यकुरा खुलेआम प्रमाण सहित ओकाल्ने हिम्मत, चाहे आक्रोशमानै सहि??? यसको मतलब उनलाई केहि कुराको लोभ छैन, कोहीसंग setting गर्नुछैन भन्ने प्रस्टहुञ्छ! 

पार्टीको तलुवा चाट्नेहरु नआवो अब अनेक भन्दै.... रबिले गृहमन्त्रि भएर नियम कानुनमा देश चलाउदा, सिस्टम बसाल्दा,तिमीहरुलेनी केहि सुख पाउथेउ,
खाऊ अब तेही.....

देशले पाएको सच्चा नेता, सच्चा योद्धा..... Salute रबि लामिछाने",positive,comment
good Balen jii,positive,comment
Look at his confidence 👍👍,positive,comment
Kp cor aslai marnu parxa kukur lai balan is pardammantry nwo rady,negative,comment
Jaya Mato Jaya Des Jaya Nepal ❤🙏❤️,positive,comment
Budho sabae hunxa thulo kura nagarnu motra,positive,comment
तेसै ले   जेनजि आन्दोलन  भको बेला हेलिकोप्टर  चढेर  भागेको थिस हैन  चोर  कति कमाउन  मन छ  पुगेन,negative,comment
रबि दाईको आवाज होईन आम नेपालिको आवाज हो यो आवाज लाई अघिल्लो सरकारले करिव डेड वर्ष त्यो कालो कठघरि  मा लगेर थुनेको फल भोगेको हो पुराना भर्ष्टहरुले जय देश 🙏🙏🙏🔔🔔🔔👏👏👏,positive,comment
"धरान नेपाल को अरु ठाउ भन्दा बेग्लै पहिचान छ। धरनेहरु चेतनामा आर्थिक मा र शिक्षा मा अगाडि छ्न। साचै नै धरान राम्रो मेयर पायको छ। अब त जनता जागौ देश को मुहार फेरौ। गालि गलौच गर्ने राज्नितिलाइ माथि नराखौ आवज बोल्ने बोक्ने समस्य पहिचान समधान गर्ने र vision भयको र vision अनुसार अघि बड्न सक्ने लाइ मात्र साथ दिउ।
मेरो देश नेपालको सधा जय होस।",positive,comment
राजेन्द्रजी बाँझो  मान्छेलाई सन्तानको माया के हो भनेर सोधिदिनुस न। राज्य सञ्चालन गर्ने प्रमुख व्यक्तिले स्कुले विद्यार्थी झुकाएर ल्याए अशान्ति मचाए  आन्दोलन गरे भन्दैमा गोली ठोक्न पाइन्छ ?,negative,comment
KO Chor अण्डाको कुरा नगर तँ सुद्रे   बालेन  must pm,negative,comment
जय बालेन सरकार 🙏🙏🙏🙏🇳🇵🇳🇵🇳🇵🇳🇵🇳🇵🇳🇵🇳🇵🇳🇵🇳🇵,positive,comment
हर्क साम्पाङ नेपालको जनता नेता हो,positive,comment
👍🔔👍🔔👍🔔💘🔔💘🔔💐🔔💐🔔💐🔔🔔🔔🔔,positive,comment
कपोली ओलि    को  ब्लु फिलिम को बोली घर फर्किने  जति त्यो लास हो जुन सतिगती गरेको  मुर्दा को आत्म भोलिपल्ट  चिच्याउदै रुदै घर फर्किन्छ अरे...  किन कि घोडा को घोडा चढ्नु  बादरको घोडा कहिलै न चढ्नु  kp ओलि त्यो बादर हो  जस्को   बाउ ले कन्दम न पाएर  दिक्क भएर  निकालेको हो,negative,comment
जय घन्टि रवि,positive,comment
रातभरि निनदरालाखदैन रात भडि पैसा बाड्ने काम हुनछ भनदा फराक नपरला।,negative,comment
रवि लामिछानेले दिएको आजको भाषणलाई इतिहासले सम्झिनेछ।,positive,comment
Purano video ho yo ❤.Desh lae chahiyaeko Hira hun hira hamro ex mayor Balen ji ❤. Suvakamana ❤,positive,comment
Kp oli lai vote no dinu hola amale lai vote dinu bhaneko pap ho USA,negative,comment
