text,candidate,source,channel,script
"यो हत्यारा <br>एसको कहिले पाप निस्किने हो !!!<br>यो उखान टुक्के<br> देश लुटेर, खोक्रो बनायो, देश तईले बनाउँछस?? <br>यतिका वर्ष के गर्दै बसिस त??<br>यो oli को हत्या गरेको पाप एसलाई मात्र होइन यसका झोले लाई पनि 7 पुस्ता सम्म लागोस्!!",kp oli,election_data.csv,comment,mixed
लुट्ने ठग्ने  मार्ने उद्देश्य किन चाहियो एमाले का झोले हरु संग छ त,kp oli,election_data.csv,comment,deva
आफु गतिलो भएको भए  अरु लाई जब पायो त्यही भनी दैन के पि बा,kp oli,election_data.csv,comment,deva
Sala gali garne sabda pani chaina talai.tero ghamanda ra ahankar le yamale ko patta saf garayo,kp oli,election_data.csv,comment,latin
"Yo manxe le 40 barsha dekhi rajniti garo euta nagar ko mayaer le purai desh nai banai deenu parne 40 barsha ma ba le chai purai kayapalat gare jasto furti lagauxa prashna naya lai sodhna pani laaz hunu parne janta jhukyaune,bharstha manav taskar bhanda aru khasai garya xainau.",kp oli,election_data.csv,comment,latin
kepi bajeko gaf kehi chalden 😊,kp oli,election_data.csv,comment,latin
उखानले देश चल्ला र?,kp oli,election_data.csv,comment,deva
ए एमाले मुझी  बतासे  अन्डा त त होस  आफैले  आफुलाई   किन  प्रश्न गर्दैछस,kp oli,election_data.csv,comment,deva
Budo jindagi nasudrine vo,kp oli,election_data.csv,comment,latin
हेर्दै जा वलि तेराेहाल भाेलि,kp oli,election_data.csv,comment,deva
"बतासे,हावा,झुटो,गफाडी, उखान- टुक्के, खाली आलोचना गर्ने बानी ले भरिएको बुढो गिधी 👈",kp oli,election_data.csv,comment,deva
Himali bhegma manxe nahunu chai terai Karan le manxe bidesh lagnu pareko!,kp oli,election_data.csv,comment,latin
त जस्तो अपुताली ले देश चलाएकाे भएर देश  खाली भएकाे पहाडी भेगमा मानिस नभएको हाे ।,kp oli,election_data.csv,comment,deva
हो कुरा त शहिछ,kp oli,election_data.csv,comment,deva
Yesle ta yamaraj lai ni thagxa marepaxi kasto fataha ho yo aputali thukka ali kati laaj ghin saram kei xaina,kp oli,election_data.csv,comment,latin
Bolyo Ki Polyo Oli Ba. Ab ki bar Balen Sarkar.,kp oli,election_data.csv,comment,latin
पहिला 46 सालमा तिमिपनी बताले अन्डा थियौ होला। तेइ भयर देश धोस्त बनायौ बिगारेउ। तर बालेन तिमी जस्तो बतासे होइन। उ लाई मौका दिने हो भने देश लाई केही बनाउछ। तिमी जस्तो 8 class faill होइन बालेन। उ एउटा इन्जिनियर हो। यो कुरा  याद गर्नु सुद्दो 8 फेल र इन्जिनियर मा कस्को दिमाग हुन्छ भनेर। बखम फुसे कुरा  गरेछ बसेछ झापा जानू सुद्दो भोत माग्न।,kp oli,election_data.csv,comment,mixed
थुक्क अपुत्राे,kp oli,election_data.csv,comment,deva
Balen ❤❤,kp oli,election_data.csv,comment,latin
ए माले पाटिले अब कमेडी शो चलायो भने चल्छ अब,kp oli,election_data.csv,comment,deva
Yeha 👏 👏 garne haru lai k vannu?,kp oli,election_data.csv,comment,latin
Ye dargaya.😅😅,kp oli,election_data.csv,comment,latin
Giri bandu Chor fatale k bhanchaa,kp oli,election_data.csv,comment,latin
"झापा 5 मा बालेन मात्रै त होइन होला नि, अरुको केही कुरै छैन,",kp oli,election_data.csv,comment,deva
j bolxas ni aba 1 mahina ho tespaxi gunddu ma bas..,kp oli,election_data.csv,comment,latin
Yetii bhanera jhan harne vayau buda,kp oli,election_data.csv,comment,latin
Aru ko khedo khanne matra tero kam xaen.,kp oli,election_data.csv,comment,latin
Yes kp oli,kp oli,election_data.csv,comment,latin
Aaputo kp,kp oli,election_data.csv,comment,latin
NARAN GOPAL KO GEET KO SABDA <br>KO SAHI THOU MA LAGAU,kp oli,election_data.csv,comment,latin
यो अहंकार ले अब देश नै छाडि भाग्ने दिन आउन सक्छ केपि लाई।,kp oli,election_data.csv,comment,deva
Dekho Choor Ka Sardar kya bol Raha hai😅😅😅😅😅,kp oli,election_data.csv,comment,latin
tero adhin hune adalat sadhai muji hatyara,kp oli,election_data.csv,comment,latin
Yeslai jel na kochera thulo galti vayo sarkarko,kp oli,election_data.csv,comment,latin
Amle aspali 10/15 site hola dherai vaya topani kini,kp oli,election_data.csv,comment,latin
Herata jhole harule tali bajako gu khane harule,kp oli,election_data.csv,comment,latin
तिमीहरुको संगठन त छ तर लुट्न !,kp oli,election_data.csv,comment,deva
Abako antim bikalpa vnekai sram saskriti party mato  ho jay harka sampang jat desh🇳🇵🇳🇵🇳🇵🇳🇵🇳🇵🇳🇵🇳🇵,kp oli,election_data.csv,comment,latin
यो फर्किए आउने हो कि होइन के थाहा छैन भन्ने शब्द कुन प्रकारको बनेको यसले यसलाई चाहिँ कारबाही हुनुपर्छ यो शब्दले गर्दा,kp oli,election_data.csv,comment,deva
"उही पुरानो कम्युनिस्ट विचारधारामा आधारित षड्यन्त्र सिद्धान्तहरू मात्रै फैलाइँदै छन्। तपाईं हाम्रो युवाहरूको हत्याका जिम्मेवार हुनुहुन्छ, र निर्वाचनपछि जनताले तपाईंलाई तपाईंको वास्तविक स्थान देखाउनेछन्।<br>तपाईंको भाषण हेर्नुहोस्—तेस्रो दर्जाको स्तरको छ। तपाईंलाई ताली बजाउने र समर्थन गर्ने मानिसहरू तपाईंका षड्यन्त्र सिद्धान्तहरूले अन्धा बनाइएका छन्।",kp oli,election_data.csv,comment,mixed
yo aputuo ho,kp oli,election_data.csv,comment,latin
त्यस्सैले हेलिकप्टर चढेर भाग्नु परेकाे छ। अझै ठुलाे कुरा गर्छ ।,kp oli,election_data.csv,comment,deva
"यो अपराधीलाई भोट हाल्नेहरुको नर्कमा बास हुन्छ। अरु त परै जाओस्, एमालेकै सज्जनहरुले पनि यस्ता चोरलाई भोट दिनुहुन्न।",kp oli,election_data.csv,comment,deva
यो देशको लागि अब मात्र हर्क साम्पाङ चाहिएको छ अरु सबै झुसे घुसे हो। जय माटो जय देश❤,kp oli,election_data.csv,comment,deva
अब हत्याराको अन्तिम भुकाईजस्तो छ गयो हत्यारा गयो चित्रगुप्तलाई भेट्न,kp oli,election_data.csv,comment,deva
Tw gadha kin lagdaina yamraj le xito laija ylll kati boleko yo gadha,kp oli,election_data.csv,comment,latin
Machikney  dar le gu niskiyo oli ko,kp oli,election_data.csv,comment,latin
तेरो वाऊ,kp oli,election_data.csv,comment,deva
जेन्जी हरुले नछोडेको भय हुनेथियो भदोै  चोैबिसमा गल्ती गरेछन किन बक बक गरेको होला,kp oli,election_data.csv,comment,deva
herdai garula Fata chor,kp oli,election_data.csv,comment,latin
Vote halne manchae chaina bhamera chunab nagarau... Oli lai pm forever....,kp oli,election_data.csv,comment,latin
Vrast gran janya xain. Jay bale .jay ghanti.,kp oli,election_data.csv,comment,latin
"<a href=""http://www.youtube.com/results?search_query=%23ripkpoli"">#ripkpoli</a>",kp oli,election_data.csv,comment,latin
बतासे अन्डा त केपि ओलिको हो,kp oli,election_data.csv,comment,deva
Tero din gaisakyo,kp oli,election_data.csv,comment,latin
हर्क साम्पाङ जस्तो मान्छे चाहिन्छ यो देश लाई 👍💪🙏💯🙏,kp oli,election_data.csv,comment,deva
जय माटो जय देश जय हर्क साम्पाङ जिन्दाबाद 💯🙏👍💯🙏👍💪🙏,kp oli,election_data.csv,comment,deva
"राबणकाे दम्भ मान्छे काटेर आउने चाहिँ अर्जीनल अन्डा,बालेन बतासे,दुर्याेधनकाे दम्भले दुर्याेधन सकियाे,रावणकाे दम्भले रावण सकियाे,केपि आफ्नै दम्भले सकिने भयाे।",kp oli,election_data.csv,comment,deva
आफै बतासे भएको थाहा छैन😂😂😂😂,kp oli,election_data.csv,comment,deva
budo vayrw ni dimaakh kohile aahunxa hola yo budo ko,kp oli,election_data.csv,comment,latin
Kp oli lai bharast chari garnu matrai jane xa,kp oli,election_data.csv,comment,latin
Ta ho batase tehi vayara xora xori na vayako mula k p batase anda,kp oli,election_data.csv,comment,latin
हेर  ताली  dhokeka,kp oli,election_data.csv,comment,mixed
KO Chor अण्डाको कुरा नगर तँ सुद्रे   बालेन  must pm,kp oli,election_data.csv,comment,mixed
Ukhane Bahadur paagal hattyara Khate,kp oli,election_data.csv,comment,latin
Thukk kukur laj pacheko,kp oli,election_data.csv,comment,latin
फेरि हेलिकप्टरबाट बाट भागने छुट छैन  मुजि,kp oli,election_data.csv,comment,deva
Terima Baula?,kp oli,election_data.csv,comment,latin
No vision and no plan for development.  Just talking bad for others. <br>What he is going to achieve.,kp oli,election_data.csv,comment,latin
Pataha Oli hitalar ho,kp oli,election_data.csv,comment,latin
Kp ko pachadi basya chor jasto dekhine haseko dekhda Daya lagyo 😢,kp oli,election_data.csv,comment,latin
Talai aputa kasko lagi chunap ladxas chor,kp oli,election_data.csv,comment,latin
Khanxa aspali kp le,kp oli,election_data.csv,comment,latin
Rip kpoli,kp oli,election_data.csv,comment,latin
बतासे अन्डा 😂usaiko छ छोरा छोरी  pako छिन् 😂😂😂😂aru लाई 😂😂😂😂,kp oli,election_data.csv,comment,mixed
त्तहिले गर्दा हो,kp oli,election_data.csv,comment,deva
अबकि बार यमाले पत्तासाफ,kp oli,election_data.csv,comment,deva
जय घण्टि जय बालेन जय नेपाल,kp oli,election_data.csv,comment,deva
Budho sabae hunxa thulo kura nagarnu motra,kp oli,election_data.csv,comment,latin
Jay balen,kp oli,election_data.csv,comment,latin
Rip hatiyara,kp oli,election_data.csv,comment,latin
त्यही भएर त! बाजेको चल्लै भएनछ 😂😂😂 बतासे बुढा😊,kp oli,election_data.csv,comment,deva
के गर्नु एउत गफदि,kp oli,election_data.csv,comment,deva
उखानले गोरु चोर को काम नै अरु लाई गालि गर्ने बाहेक के जानेको छ र,kp oli,election_data.csv,comment,deva
yo sudhridaina... Aba yeslai media ma block garnu paryo...yeslai dekhda nai ghin lagcha,kp oli,election_data.csv,comment,latin
त्यसो भए तिमि नै हो बतासे अण्डा नभए तिम्रो चल्ला खै काहा छ 😂😂😂😂,kp oli,election_data.csv,comment,deva
Sahi ho balen batase anda ho 😂😂😂,kp oli,election_data.csv,comment,latin
8 fail joker,kp oli,election_data.csv,comment,latin
Budo darayo jasto xa,kp oli,election_data.csv,comment,latin
Thukka radical moron !!! Tero hawa gaf chahi kole patyeuchha mula??? Please vote for 🔔 vote for Balen ❤❤,kp oli,election_data.csv,comment,latin
जेन्जीले  ल्याएको  परिवर्तन हो   त  बुढोले  बोलेर  केही हुनेछैन,kp oli,election_data.csv,comment,deva
Kam se Kam cheli beti lager France wa Europe country ma bechdain ni,kp oli,election_data.csv,comment,latin
तपाईं काे यस्तै घमण्ड ले हाम्रो एमाले सक्कियाे बा,kp oli,election_data.csv,comment,deva
Khusket katti kheddho khaneko aruko kura nakati khana pachdaina,kp oli,election_data.csv,comment,latin
केपि बा अब २०८२ देखि आरम गर्नुस जेल्मा बसेर 😂😂😂,kp oli,election_data.csv,comment,deva
Galat kament garne kukur haru,kp oli,election_data.csv,comment,latin
हत्यारा को पार्टी    मुर्दाबाद,kp oli,election_data.csv,comment,deva
आफु नि सन्तान  अरुलाई बतासे,kp oli,election_data.csv,comment,deva
"<a href=""https://www.youtube.com/watch?v=joFg8u9kbmc&amp;t=545"">9:05</a> aafu le chai k ramro garyo rw .  Afno neta party xaderw gayo vanerw herw na k vanye .. Ali ber parkheko vaye hunthiyo ne palai palo pauthiyo ni Rey .. 🤦 yesta xan desh banaune vision.. k vanu rw khai abo janta le k garxan chunab ma herum .. yo UML ko top 3 partys ma ni aayo vane tha hunxa Nepali janta sachai veda nai hunn.. ani kei hune bala xaina yo desh KO",kp oli,election_data.csv,comment,latin
केपी बालाई black power ले बहकाइ रहेको छ,kp oli,election_data.csv,comment,mixed
"Raswapa le uthayeka sahi maang awaz dabako harek bharsthachar ma ,seting ma aafai misiyeko desh ko bacha bacha lai taha <a href=""http://xa.ma/"">xa.ma</a> emale thiye aaba patasaaf parxau hami timi lai chai",kp oli,election_data.csv,comment,latin
"Ti party xodne le tero paap ko bhagidar huna bata bache, tee budhimani rahe xan ajai damnha ghamanda 40 barsha dekhi desh lootne le ajai jhuta kura gare ra janta jhukyauna khojdai xau, ani oripari basera tali pitne jiuda  lash haru sudhera bellai ma xora nati ko bhavishya banauna laaga yo aputra ho aafna nani babu haru xainan yo aparadhi le feri kanda machauxa. Okahldhunga ma sunita le pani ghanti mai vote halne hare ta.",kp oli,election_data.csv,comment,latin
KP Chor hatera bacha bachi nahune Bodo Chor,kp oli,election_data.csv,comment,latin
Corrupted politician are so good on making dramas and illusion.. Hats up,kp oli,election_data.csv,comment,latin
2/3जना हेरन बुढा जनता सबै घन्टि बझाउने भइसके।,kp oli,election_data.csv,comment,deva
Oli le anda Parera bijok xa,kp oli,election_data.csv,comment,latin
Hatyara party jungle vagnumatrai Baki xa.,kp oli,election_data.csv,comment,latin
"अपुतलिले नेपाली जनतालाई टुक्का सुनाएर मख्ख पार्ने दिन गईसक्याे ,भ्रष्टाचार फाईल खुल्छ रासपाकाे सरकार बनेपछि भन्ने नेपालिल  जनतालाई अहिले लागेकाे छ 🇳🇵🇳🇵🇳🇵🇳🇵🔔🔔🔔",kp oli,election_data.csv,comment,deva
Oli tanashai ho but yi jholeharu haseko talibajako dekhda achamma lagxa,kp oli,election_data.csv,comment,latin
"Kina Daraunu bhako baa, Cunab dekhi....k bhayo k...",kp oli,election_data.csv,comment,latin
"Currupted gas pipe, rail and view tower useless",kp oli,election_data.csv,comment,latin
Darpok harxu vanera,kp oli,election_data.csv,comment,latin
Sala hatyara ta mareko din nepali janta chain nindra le sutxa.,kp oli,election_data.csv,comment,latin
Ta jasta tukele desh banaudaine,kp oli,election_data.csv,comment,latin
Jay balen jay ghanti,kp oli,election_data.csv,comment,latin
Ya  shing vhacniyako goru ta sakkal n dhekha kukur hatyara,kp oli,election_data.csv,comment,latin
Jai ghanti,kp oli,election_data.csv,comment,latin
JAY balen jay ravi Jay ghanti jay Nepal jay rasopa Vote for ghanti 🔔🔔🔔🔔🔔🔔🔔🔔❤️❤️❤️❤️❤️❤️❤️,kp oli,election_data.csv,comment,latin
Yo kaput le nepal lai barbaad banayo gorkhali ko apamaan garayo thukka machikne kp oli Randi ko xora,kp oli,election_data.csv,comment,latin
Yo kasto creation ho,kp oli,election_data.csv,comment,latin
Yo Kabila morchha,kp oli,election_data.csv,comment,latin
Ta jasto li tw kukurla Pani xodnu prxa,kp oli,election_data.csv,comment,latin
kati hasnu,kp oli,election_data.csv,comment,latin
Goli haia rubber ko goli tero bau le chapayo ki tero kisney ferne bela bechis.xori maxeko ko kidey rakehe dekhe dekhi naiyo xakka bahi sako,kp oli,election_data.csv,comment,latin
"This creep and corrupt KP Oli can give only oily speech, he is the most arrogant and hated political leaders of Nepal. He should be kicked in jail or hell.",kp oli,election_data.csv,comment,latin
Thukka laaj navako jhole,kp oli,election_data.csv,comment,latin
aba janta le yemale lai zero seat dinu parcha ..yesta apradhi aru pani chan hai yes party ma !!,kp oli,election_data.csv,comment,latin
Oli jasto pagal ko pani kura garne ??<br>Napal ma Pani Jahaj lychu bhanne. Ghar ma gas pipe lyuchu bhancha bahula Oli le.,kp oli,election_data.csv,comment,latin
जय घण्टि,kp oli,election_data.csv,comment,deva
"We want a forensic report episode for the blast that was done by the protestors, we’re really not interested for this sort of political stunts 🙏🙏",kp oli,election_data.csv,comment,latin
Medias.. and news personas are fourth most powerful factors of nation .... so they shouldn&#39;t be bias to one side...,kp oli,election_data.csv,comment,latin
machikney unpad khatey,kp oli,election_data.csv,comment,latin
Nautaki debate yemale kangres,kp oli,election_data.csv,comment,latin
5 mahina paxi sradanjali pani deko rey k olile,kp oli,election_data.csv,comment,latin
"नेपाली दाजुभाइ तथा दिदीबहिनीहरूमा हार्दिक अपिल (Heartfelt Appeal to Nepalese Brothers and Sisters)<br>विषय: अबको भोट देश बनाउनेलाई, अबको भोट &#39;घण्टी&#39; लाई।<br><br>आदरणीय नेपाली बुबाआमा, दाजुभाइ तथा दिदीबहिनीहरू,<br><br>आज म एउटा सचेत नागरिकको हैसियतले, मुटुमा देश दुखेको पीडा र आँखामा भविष्यको सपना बोकेर तपाईंसँग दुई शब्द राख्न चाहन्छु। हामीले वर्षौंदेखि राजनीतिलाई केवल भाषण र आश्वासनमा सीमित देख्यौं। तर आज देश एउटा यस्तो मोडमा उभिएको छ, जहाँ हाम्रो एउटा निर्णयले हाम्रा सन्ततिको भविष्य कोर्नेछ वा फेरि उही पुरानो अन्धकारमा धकेल्नेछ।<br><br>हामीले के बिर्सने? त्यो भदौ २३ को पीडा? इतिहास साक्षी छ, हामी पटक-पटक झुक्किएका छौं। पुराना दल र तिनका नेताहरूले सत्ताको लागि जे पनि गरे। भदौ २३ को त्यो कहालीलाग्दो घटना र निर्दोष जनताको पीडालाई आज सत्ताको खुड्किलो चढ्दा कसरी बिर्सन मिल्छ? हिजो जसको नेतृत्वमा जनताले आँसु र रगत बगाउनुपर्यो, आज चुनाव आउँदा तिनै नेताहरू सामाजिक सञ्जालमा भ्रम छरेर फेरि &quot;मसीहा&quot; बन्न खोज्दैछन्। केपी ओली जस्ता पुराना नेताहरूले हिजोका गल्ती स्वीकार गरेको नाटक गर्नु वा नयाँ जाल फ्याँक्नु भनेको फेरि हामीलाई फसाउनु मात्र हो। के हामी फेरि उही नियति भोग्न तयार छौं? के हामी फेरि हाम्रा दाजुभाइको रगतको अवमूल्यन हुन दिने?<br><br>होइन! अब हामी सचेत भइसक्यौं। उनीहरूले हिजो जे गरे, मौका पाए भने भोलि पनि त्यही दोहोर्याउन सक्छन्। शक्तिमा टिकिराख्न उनीहरूले जस्तै हथकण्डा पनि अपनाउन सक्छन्। त्यसैले, अब उनीहरूको गोहीको आँसु र गुलिया भाषणमा नफसौं।<br><br>बालेनले काठमाण्डौंमा बालेको आशाको दियो तपाईं-हामी सबैले देखेकै छौं, काठमाण्डौंमा बालेन शाहले कसरी काम गरेर देखाए। वर्षौंसम्म फोहर र बेथितिले गाजिएको शहरलाई एउटा व्यक्तिले इच्छाशक्ति भयो भने कसरी बदल्न सक्छ भन्ने उदाहरण उहाँले पेश गर्नुभएको छ। बालेन एक्लैले त यति गर्न सके भने, यदि रवि लामिछाने र राष्ट्रिय स्वतन्त्र पार्टी (घण्टी) ले संसदमा स्पष्ट बहुमत पाए भने देशको मुहार कति छिटो फेरिएला?<br><br>बालेनको भिजन र रविको आँट—यी दुवै एउटै सिक्काका दुई पाटा हुन्। यी नयाँ पुस्ताका नेताहरूलाई काम गर्न &quot;पावर&quot; र &quot;समय&quot; चाहिन्छ। बालेनले एक्लै लड्दा कति अवरोध सहनुपर्यो, त्यो हामीले देखेकै छौं। त्यसैले अबको संसदमा रवि लामिछानेको टिमलाई, &#39;घण्टी&#39; लाई बहुमत दिएर पठाऔं, ताकि उनीहरूले कसैको दबाबमा नपरी स्वतन्त्र रूपमा देश बनाउन सकून्।<br><br>यो अन्तिम मौका हो पुराना दलहरूले हामीलाई पटक-पटक धोका दिए। अब पनि हामीले &quot;फेरि एकपटक&quot; भन्दै उनीहरूलाई नै भोट हाल्यौं भने, देश बन्ने सपना सधैंको लागि मर्नेछ। यो चुनाव मात्र एउटा भोट खसाल्ने दिन होइन, यो असल र खराब, सत्य र भ्रम, अनि विकास र विनाश बीचको लडाइँ हो।<br><br>देश बनाउने जिम्मा अब हाम्रो काँधमा छ। आउनुहोस्, यसपालि जात, धर्म, र पुरानो झण्डा बिर्सेर, केवल देशको लागि, हाम्रा छोराछोरीको भविष्यको लागि &#39;घण्टी&#39; मा भोट हालौं। पुरानाले देश सिध्याउन लागिसके, अब नयाँलाई देश बनाउने मौका दिऔं।<br><br>सचेत बनौं, संगठित बनौं, र देश बचाऔं।",kp oli,election_data.csv,comment,mixed
"kp oili bhat khanchha ki GAJA , kinaki bolima youta pani truth chaina",kp oli,election_data.csv,comment,latin
"people in jhapa 5 be careful kp oili is the real killer of the country, don&#39;t rust him at all and vote Balen Shah . he is writing this on social media now who banned social media in the country to hide his corruption and killed the people while he was prime minister of the country",kp oli,election_data.csv,comment,latin
this one is only for election winning strategy oli trying to fake on Nepalese . please don&#39;t trust this killer and vote Balen Shah,kp oli,election_data.csv,comment,latin
यो निर्वाचन साना नानी बाबुहरुको हत्यारालाई जिताउने कि देश जलाउनेलाई जिताउने दुईमा एक ठाउँमा मतदान गर्नु छ जनताले ।<br>मान्छे मार्नु ठिक कि देश जल्नु ? दुबै गलत भए पनि मतादान गर्नैपर्छ ।,kp oli,election_data.csv,comment,mixed
गरिबि सुन्य मा झारेको रे थुक्क पाटकि बुढा।।देश रिमिट्यासन्सले  चेलिराको छ यस्ले गरिबि निर्मुल पारेको रे😢,kp oli,election_data.csv,comment,deva
Pm ko haisiyatle balbacha marirax kina jel nahaleko,kp oli,election_data.csv,comment,latin
Khulla manch ma uttar dine hoena talae khulla manch ma lagera tero xala karnu parne hatyara lai,kp oli,election_data.csv,comment,latin
Olile ramro kam gsreko natija falgun 23.24 ma paudae x,kp oli,election_data.csv,comment,latin
If Oli get one vote then the voter also has blood of the kids in their hands.<br>I fail to understand how people still supports him?,kp oli,election_data.csv,comment,latin
"जो,, चोर, उसैको ठूलो स्वर",kp oli,election_data.csv,comment,deva
Nalayak sarkar ab Des  cahena. Vot for 🔔🔔🕉️🇳🇵🫡👍👍🇳🇵🇳🇵,kp oli,election_data.csv,comment,latin
Nalayak sarkar ab Des  cahena.,kp oli,election_data.csv,comment,latin
Omg <br>Charam garibi <br>0 ma jhare ko ree omg <br>Hey buda khada hoo <br>Rest garam abo xodi deu <br>Marera lanu k xa tyatroo corruption ko paisa <br>Please guys convince your parents and grandparents <br>Please help them to get relief,kp oli,election_data.csv,comment,latin
Chunav ma Harla vanera kati janeko kati janeko thukka  narapisaach,kp oli,election_data.csv,comment,latin
Jan Mara  kp  bagera ra kina moreko ha namara ko baye . Yesta lai vote dine harue sapai Veda harue ho janta gue khai hun cha janmara ko baye,kp oli,election_data.csv,comment,latin
नरपिशाच भ्याम्पियर राक्षस नालायक थुक्क उखाने खुनखाने डाँका,kp oli,election_data.csv,comment,deva
गाेहीकाे आँसु,kp oli,election_data.csv,comment,deva
gohi ko aasu,kp oli,election_data.csv,comment,latin
यसको करङ भचनु पर्छ,kp oli,election_data.csv,comment,deva
चुनावको लागि भोट कुम्ल्याउन अहिले गोहीको आँशु झार्दैछ यो अपुताली किर्ते,kp oli,election_data.csv,comment,deva
🔔१००% जित्ने पक्का छ।जित्नु पनि परो माटोलाई पनि समर्थ छ है।,kp oli,election_data.csv,comment,deva
Yo KP Oli kahily sudhrindaina Pani mathiko ovano Vanna khojxa vot magnako lagi,kp oli,election_data.csv,comment,latin
त पर्धानमन्तिरी भए पछि कस्ले लिन्छ जिम्मेवारी 😡😡,kp oli,election_data.csv,comment,deva
"old history  halnuna hjr ko boli bhanako anandha  lagxa ❤❤❤❤❤❤❤present  ma vairako feel  huxa  <br>raja , ranaa  ko bara ma.ajaa dharai post garnuna sir ❤❤❤❤ plz ani  ❤❤",kp oli,election_data.csv,comment,latin
gagan thapa &gt;  KP Oli,kp oli,election_data.csv,comment,latin
Kp 😂😂😂😂😂,kp oli,election_data.csv,comment,latin
ओली जत्तिकै रास्वपा बालेन प्रचण्ड साझा विवेकशीलका नेताहरुकाे पनि हत्यामा हात छ । बालबालिकालाई आन्दाेलनमा लाग्न उक्साउने प्रचण्ड बालेन रास्वपा साझा विवेकशीलका नेताहरु हुन् ।,kp oli,election_data.csv,comment,deva
Thyo din vagya hoena Rey yeso mutna gako Rey. Helicopter ma jhundera basna Pani na Pali😂😂😂,kp oli,election_data.csv,comment,latin
Hatyara oli lai yespali harayera 75 jana sahid genz lai स्रद्धन्जलि हुने छ,kp oli,election_data.csv,comment,mixed
Kp Chor 😊,kp oli,election_data.csv,comment,latin
Aru k ni hoina nepali janta ra bal bacha haru lai hepeka hun.<br>Mo vageko jasto garxu .. 2/4 din ma tehi bacha haru lai lalipop dera fakai halxu veri raj garxu.. Ghamand jo rahexan 👹😠,kp oli,election_data.csv,comment,latin
"यो वलीले अस्ति भर्खर बिधान सभामा भनेका छन् &quot;एमालेलाई छोयोकि देश ठप्प  हुन्छ&quot; यही दम्भ र नियतलाई हेरेर मैले आंकलन गर्दैछु, भदौ २४ गते आफुले राजिनामा दिएर आफ्ना झोलेहरुलाई सबैतिर आगो लगाएर देश ठप्प पारेका हुन सक्छ। साम्य नभएसम्म   लुकेर बस्यो अहिले खोकेकै छ।",kp oli,election_data.csv,comment,mixed
"Kuna desh jane, airport samma jane haisiyeta pani ta hunu paryo ni, senako helicopter ma gayera dulo vitra lukethis vanne sabailai thah xa",kp oli,election_data.csv,comment,latin
"Desh chalaune kp haina  arunai thiyo, aadesh maile haina kanun palana garda vako re, sarkarko daitow, santi suraksha dina nasake kina deshko pramukh hune, yo felar patra aba aaunu hudaina, yeslai kanun anusako kada karbai hos, 19 haina 76 ko hatyara bachha haruko yo crur hatyara ho, yo gala garera jyan jogauna sutukka vagera 4-5 din gumnam vako sabailai thah xa",kp oli,election_data.csv,comment,latin
Army lai paap lagxa yesto manxe bachako ma,kp oli,election_data.csv,comment,latin
ओलि जस्तो फटहा को अब पत्याउनु देशकै ठूलो भुल हुने छ अरुलाइ खिसिटिउरी गर्ने आपराधिक सोच भएको हराम हुन ओलि,kp oli,election_data.csv,comment,deva
"<a href=""https://www.youtube.com/watch?v=fjkMTREcjCQ&amp;t=735"">12:15</a> uniharu ko Jyan bachauna Haina afno chai Jyan bachauna helicopter maa vageko ho ni. Natra sher Bahadur Le jhai Janata ko laat khanththyo.",kp oli,election_data.csv,comment,latin
"Oli hatyara nai ho ,Hatyara ho",kp oli,election_data.csv,comment,latin
चुनावी गफगाफ मा ओली,kp oli,election_data.csv,comment,deva
"<a href=""https://www.youtube.com/watch?v=fjkMTREcjCQ&amp;t=108"">1:48</a> hatya garna lagayeko ho. Natra helicopter maa vagne parne k badhyata thiyo ra?",kp oli,election_data.csv,comment,latin
के पि ओलि हार्ने दरले बल्ल घैतोमा घाम लागेछ,kp oli,election_data.csv,comment,deva
यस्तो बकम्फुसे कुरा na garnus आनन्द जी यस्ता हत्यारालाई साथ na dinus😡😡😡,kp oli,election_data.csv,comment,mixed
५ महिना पछि कुरा मिलाईयो तुरुन्त किन आएन …,kp oli,election_data.csv,comment,deva
pradip bhattrai ko status dami xa,kp oli,election_data.csv,comment,latin
Timi media kaam xaina … balen jitauna jor gara…. Tara media swatantra hunu parthiyo… desh tesai ta dubi sakeko xa,kp oli,election_data.csv,comment,latin
Aba janta lai sabaat bat mantri hai prataxya nirbachan r stir sarkar chahiyako ho,kp oli,election_data.csv,comment,latin
Yesko mukh ma thukna parxa,kp oli,election_data.csv,comment,latin
"गोलि चल्यो, बालबालिकाहरुले ज्यान गुमाए, यो कुरा सत्य हो। तर, त्यो घटनाको योजनाकार‌, अर्थात् त्यो अवस्थाको सिर्जना गर्ने बालेन, दुर्गा प्रसाई, ज्ञानेन्द्र हुन्। यिनीहरुलाई उचाल्ने भारत हो। नेपालमा‌ माक्र्सवादीले राज गरेको भारतलाई मन पर्दैन। त्यसैले, जब जब केपि ओलि प्रम बन्छ, भारतले केहि न केहि खेल खेलि हाल्छ। <br>खेल खेल्ने भारतीय हुन् भने पैसामा बिग्ने, बालेन, दुर्गा, ज्ञानेन्द्र, लगायत केहि नेपालीहरु हुन्।",kp oli,election_data.csv,comment,mixed
Yo narapisach le ma rajinama dinxu timi haru sinhadarbar jalaunu karyakarta khata ko ho yo chor bharsthachari lai jail kochnu parxa.,kp oli,election_data.csv,comment,latin
सुइकारेको होइन आफुलाइ शुद्ध छु भनेर भनेको छ।,kp oli,election_data.csv,comment,deva
भाग्या त होनी के पी बा तिमी,kp oli,election_data.csv,comment,deva
Yo Gagan ko masterplan ho congress kabja garnu lai gen z lai wukasawni nai kangress nai ho,kp oli,election_data.csv,comment,latin
Ta vagera talai army le bachayo natra tero halat shere arju vanda ni khattam hunthyo tara aba tero ghamanda le sima nagyo  ra swam vagwan Balen KO rup ma tero ghamanda todna aaunu vo jay Budhasubba vagwan jai Pathivara Mata yo Oli ko ghamanda chaknachur pardinuhos Balen sir lai jitaidunuhos please god,kp oli,election_data.csv,comment,latin
Kp ko vani 😂😂😂😂😂,kp oli,election_data.csv,comment,latin
"बाउ बाजेको नाम , गाउ नभको मान्छे लाई जिताएसी एस्तै हो, लाज पनि लाग्दैन , जे गर्दे नि भयो, जे भन्दे नि भो ! कसै को डर नभको भगौडा चोर  !",kp oli,election_data.csv,comment,deva
a veda janata haru aana ta aankha kholera ysto hatyara harulai vote halera desh lai pachadi dhakalne kaam na garnu hola vote jashlai dinus tara hatyara ani desh drohi hatyra lai haina binti cha,kp oli,election_data.csv,comment,latin
Hutihara,kp oli,election_data.csv,comment,latin
Rip kp muji😡,kp oli,election_data.csv,comment,latin
Yo oli vanne jantu le garda makasam ragat tatera aoucha yeslai ta,kp oli,election_data.csv,comment,latin
केपी गुखानेलाई  यो चुनावले बडारेर  जेल कोचनु पर्छ,kp oli,election_data.csv,comment,deva
Hatyara brastchai Lai karbahi kahile huncha hola,kp oli,election_data.csv,comment,latin
KP daka hatiyara ho😮😮😊,kp oli,election_data.csv,comment,latin
"हत्यारा हो भन्ने थाहा छ त, निकम्मा सरकार जेल हाल्न सक्दैन।,",kp oli,election_data.csv,comment,deva
"Kasto prasna ho yo <br>Dhilaii vaye pani shradanjali dida pani kina birod vairako xa vanera <br>Is this a valid question 🤔 I was not accepting this from your channel <br>Qns should be <br>aafno galti ko jimmeywari naliney ,  yesto manxey lai chunab maa uthney mawka dinu parney ho r ?? Oli laii investigate garnu parney hoina ra",kp oli,election_data.csv,comment,latin
कारबाही किन नगरेको हाेला 😡,kp oli,election_data.csv,comment,deva
Nabhage helima kahagaeko,kp oli,election_data.csv,comment,latin
"देखेउ बालेन भन्या बालेन हो न्यालय लाई ख्याल सम्जिने ले बालेको जवाब दियो झुटै भय पनि ,, जेहोस पहिलो चोटि बा लाई धक्का लाग्यो",kp oli,election_data.csv,comment,deva
जम्मा २३ जना हो र जेन्जीहरू मरेका?,kp oli,election_data.csv,comment,deva
KP oli lai sabrajanik fasi dino hos,kp oli,election_data.csv,comment,latin
Harek sarkari Goli ko hisab dinu parne huncha. Mathi bata order na aaye Goli chaldaina. Sushila Karki sarkar le jyanmara lai jogaye.,kp oli,election_data.csv,comment,latin
अहंकारी खडक ओलि बल्ल गल्दैछन !,kp oli,election_data.csv,comment,deva
5/10 बर्ष पछि बन्ने देशको योजना को जस लिन हानथाप गर्ने किड्नि पन्चर बा कलिला जनता मर्दा 5 महिना लाग्यो त्यो पनि चुनाबको मुखमा कुर्सिको लोभले,kp oli,election_data.csv,comment,deva
Kp ba 🤛🤛,kp oli,election_data.csv,comment,latin
यो केपि मान्छे होइन अराजक फैलाउने देश कै लागि कुलङ्गर हो,kp oli,election_data.csv,comment,deva
तेसो भए तेस्तरी कोक्रो मा चढेर भागेको हो त,kp oli,election_data.csv,comment,deva
Kahile marxa kp oli😢😢😢 where are yumraaj😊,kp oli,election_data.csv,comment,latin
अरु केही हैन चुनाब आउँदैछ त्यही भएर भनेको यति कुरा पनि नत्र त जेन्जी भनेको त आतंककारी हो भन्छन्। एउटा उमेर समूह हो त्यो कुरा  भए ती उमेरसमुह सबै आतंककारी ।,kp oli,election_data.csv,comment,deva
mass manipulation! wake up ppl!,kp oli,election_data.csv,comment,latin
Jaymara nalayak pasu ko pani dimag huncha Yesko bhandha 😡,kp oli,election_data.csv,comment,latin
कहाँ भागेको हुनु नि हेलिकप्टरमा झुन्डिएर हिडेको हो नि,kp oli,election_data.csv,comment,deva
Pahile nai rajinama kina na Deko ta natak chunaav aayo haena ava,kp oli,election_data.csv,comment,latin
"<a href=""https://www.youtube.com/watch?v=fjkMTREcjCQ&amp;t=219"">3:39</a> that statement he agreed. The law states that they have to use necessary force (Guns) in that case. KP Oli didn&#39;t learn lesson from RaPraPa protest few months earlier so he kept that law of using force the same as it is. It was not revised and looked after. So the both Prime Minister and the Home minister are accountable.....aba tyo law malai thaha thiyena bhannu paudaina...afulai status lekhe pachi !!",kp oli,election_data.csv,comment,latin
Kp bye bye,kp oli,election_data.csv,comment,latin
Aaba oli lai jail halnai parxa,kp oli,election_data.csv,comment,latin
Tyo vidma ani bhatbhaenima arajak ta bhayekai ho singhadurbar jalaywra deshlai ta nangai banaune Jo bhaye ni tyaslai paap lagera kuhiyera bachnuparos😢,kp oli,election_data.csv,comment,latin
"How KP Oli Govt M*rdered 19 Children That Day? <a href=""https://www.youtube.com/watch?v=8MSs6d_4rh4"">https://youtu.be/8MSs6d_4rh4</a>",kp oli,election_data.csv,comment,latin
Wake up Nepali peoples you  and your family could be the next victims so please wake up  in time,kp oli,election_data.csv,comment,latin
Yasto video nai khojeko ho maile make it more viral best one good job,kp oli,election_data.csv,comment,latin
Share this video as much as you can,kp oli,election_data.csv,comment,latin
"&quot;Genz - terrorist&quot; - Kp Oli, Mahesh Basnet<br>Never forgive",kp oli,election_data.csv,comment,latin
Ko chro MC,kp oli,election_data.csv,comment,latin
"Yeto vandaema kasle manne tetikherko unko ahankar yerda thok 3, 4 janalae thoke paxi vagihalxan ni vanne socheko hunu parx",kp oli,election_data.csv,comment,latin
Aafu sarkarma huda taukama goli handa kehi paxuto namanne aj bahir deshko aatankarilae mare jasto thanne ani ewako paxma yeuta statat lekhnedaema usle aago lagako hune yestalae kasaele vot dinu hudaena,kp oli,election_data.csv,comment,latin
Yeslai tadpai tadpai marnu parcha 👍,kp oli,election_data.csv,comment,latin
Everyone comment and like this video so that the algorithm will push this video to Jhapa-5 residents and voters.,kp oli,election_data.csv,comment,latin
Video sabbai samu pugnu paryo,kp oli,election_data.csv,comment,latin
Wow finally ❤<br>Yo video ko clip facebook ma aaunu paryo please <br>Sabbai jhapa 5 ko voters samma yo video pugnu paryo,kp oli,election_data.csv,comment,latin
Respect your Ability love you Daju❤,kp oli,election_data.csv,comment,latin
Last minutes of the video was so lit 🔥 so powerful ❤. I hope you makes these kind of video without any fear and heritage,kp oli,election_data.csv,comment,latin
"We should comment this on every OLI , Mahesh, and every Jholey post.",kp oli,election_data.csv,comment,latin
"Thank you so much for the video brother, aba yo video lai ghar ghar ma pauryaune kaam hamro..",kp oli,election_data.csv,comment,latin
"Unfortunately, yo video jo sanga pugnu parne, tyo janta samma pugdai ppugdaina. Manxe haru purai kura nabujhi kana tyo din goli chalaaeko legal thiyo vandai xan. You have done a great job creating this video. Plz expose them more. I wish this video was viral in fb, tiktok, all over social media.",kp oli,election_data.csv,comment,latin
म त्यो दिन समुद्रपारि कति रोएको थिए। अझै आत्मा रोएको छ। अब यो जनमत संग्रहमा जनताले मान्छे चिन्न जरुरी छ,kp oli,election_data.csv,comment,deva
"Yo Budo le ek dujana lai lada na marde bhanne thado aadesh diye ko prastha hunxa yo vdo bata mero shatta jasri pani jogauna chanthe , swaisfurta sinhadarbar gate bhanda tadha raheko balak lai takera tauko ma haanne lai yo desh ma basna pani layak xaina.",kp oli,election_data.csv,comment,latin
Jhapa ma basne janata sabailey yo video herna jaruri cha . Yo video herera pani feri yemalelainai vote halnu bhaneko aafu pani hatyaralai Saat deko bhanne bujincha yani hatyaranai ho.,kp oli,election_data.csv,comment,latin
"I rarely comment, but I’m leaving this comment as an endorsement for this video💙",kp oli,election_data.csv,comment,latin
Khatra explanation. Respect 🫡🫡,kp oli,election_data.csv,comment,latin
"Big respect EON , make this content viral",kp oli,election_data.csv,comment,latin
Ati vayera pani ajhai Nepali Janta party ko paxi lagxa..sarai Mann dukhera aauxa,kp oli,election_data.csv,comment,latin
मान्छे मारेर 14 वर्ष जेल बसेको हत्यारा हो यो नेपालको सबैभन्दा ठूलो र पुरानो अपराधी हो।,kp oli,election_data.csv,comment,deva
Tara pani Veda Nepali ajhai sudriyako xoinan ajhai Tei KP kai Jay jaykar Garera Hidexan 😢,kp oli,election_data.csv,comment,latin
Rip KP oli,kp oli,election_data.csv,comment,latin
Kp ba I love you 😗❣️,kp oli,election_data.csv,comment,latin
Boost up guys salute to the Eon🫡❤️,kp oli,election_data.csv,comment,latin
Kp murderer oli,kp oli,election_data.csv,comment,latin
केपी ओलीले सबै झुट बोलेका छन्। सारा नेपालीलाई भ्रममा राखेर सबै झुट बोलेका हुन्। सबैजना सचेत बनौँ। सबैजनाले अहिले भोट परिवर्तन गर्ने बेला आएको छ।,kp oli,election_data.csv,comment,deva
Kp oli hatyara,kp oli,election_data.csv,comment,latin
Khoi ajhai ni murkha haru kp bhanxan. Khoi ini haru lai laj ni xaina ajhai ni .... xi kp baru rajinama diyeko bhaye sahnubhuti tw pahune thiyo ki?,kp oli,election_data.csv,comment,latin
Brp very very misleading yaar. Atti propogandish,kp oli,election_data.csv,comment,latin
केपी ओली लाई मारेर जेन्जी ले जबसम्म बदला लिदैन तब सम्म आरामदायी आरामीको स्वास फेरिन्न ?,kp oli,election_data.csv,comment,deva
Kp mareko din party garnu parxa,kp oli,election_data.csv,comment,latin
Boost .!!!!!!. We want this video to be spread everywhere and have to reach everyone’s phones,kp oli,election_data.csv,comment,latin
Ek bottle rakshi ma bikney haru lai esko k matlab?,kp oli,election_data.csv,comment,latin
Jawaab dine ta Haisiyat nai na vayeko abastha...😡😡,kp oli,election_data.csv,comment,latin
Subscribed Brother 👍,kp oli,election_data.csv,comment,latin
पुराना दललाई भोट किन?<br>1. एक एक वर्षमा सरकार बनाउन!<br>2. संसदमा कुर्सी हानाहान गर्न!<br>3. सत्ताको लागि जस्तो पनि गठबन्धन गर्न!<br>4. एउटा सरकारले बजेट बनाउने अर्को सरकारले कार्यान्वयन    गर्न!<br>5. 9/10 महिना सम्म निरन्तर संसद अवरोध गर्न!<br>6. सत्ता र शक्तिको चरम दुरुपयोग गर्दै जथाभावी राजनैतिक नियुक्ति गर्न!<br>7.बिधिको शासनको धज्जी उडाउन!<br>8. कार्यकर्ता पोस्न!<br>9.नेताको प्रभाव क्षेत्रको आधारमा बजेटको असमानुपातिक बितरण गर्न। <br>10. भ्रष्ट र अपराधीहरुलाई राजनैतिक दलको आस्थाका आधारमा संरक्षण गर्न<br>11.देशैभरी भ्रष्टाचारको जालो फैलाएर देश लुट्न!<br>12. .............. थप्दै जाँउ!,kp oli,election_data.csv,comment,mixed
Guys the video is shadow banned. I can’t see it in my other account. Wow,kp oli,election_data.csv,comment,latin
"ओहो! क्या गज्जबले तपाईंले ओलिले छरेको भ्रम चिरिदिनु भएकोमा धन्यवाद !🙏ओलि सारै दम्भ,घमण्ड ,क्रुर दानव प्रबिर्ती का रहेछन् ,केही गरि ओलि फेरि जितेर सत्तामा गएभने छानीछानी मान्छे मार्न बेर लाउदैनन,जेलमा कोच्ने छन।त्यसैले यो पटक नो भोट  ओलि,नो भोट एमाले ।",kp oli,election_data.csv,comment,deva
ओलि र एमाले दुबै देश का शत्रु र देश बेच्ने दलाल हुन यही चुनाव बाट यिनलाई सक्काउने प्रण गरौं,kp oli,election_data.csv,comment,deva
Dai yo video ko link uskai post ma paste handinu na herera k tha buddhi palauxa ki,kp oli,election_data.csv,comment,latin
"Please harka suppoters vote Balen, for the country, cuz samir won&#39;t win ever just cut votes",kp oli,election_data.csv,comment,latin
bichara tyo vai 😔RIP,kp oli,election_data.csv,comment,latin
Kina yo budo lai tapai bhandai sambodan dai you muge ole lai don&#39;t respect,kp oli,election_data.csv,comment,latin
"Say what u want, oli is responsible for everything. That SOAB.",kp oli,election_data.csv,comment,latin
Video boost hanna help. Oli chor,kp oli,election_data.csv,comment,latin
"ओली महामुर्ख रहेछ । एन कानुन केही नहेरी प्याच्च &quot;मैले गोली हान्ने आदेश दिएको थिएन&quot; भन्ने । <br>स्थानीय प्रशासन एन 2020 ले स्वत्स्फुर्त , भिड अनियंत्रितभै उचसृखल भयो भने प्रहरीले CDO को आदेशमा गोली चलाउन सक्ने छ । उल्लेख छ । हो 2082 भाद्र २३/२४ मा प्रहरीले अनियंत्रित रूपमा गोली प्रहार गरेकै हो । त्यसमा सम्बन्धित प्रहरी कमाण्ड जिम्मेवार छ । भिड नियन्त्रण गर्दा <br>1/2 जना गोली लागी ढलेको खण्डमा cease fire/फायरिङ बन्द हुनुपर्छ ।<br>कतै न माओवादी माथी फायरिङ गरे जस्तो गोली प्रहार गर्ने हैन प्रहरीमै तालिम दिइन्छ &quot;minimum force maximum effects .",kp oli,election_data.csv,comment,mixed
"He is a creep and an old virus for all Nepalis. This old arrogant and selfish, greedy KP Oli should be in jail or hell by now.",kp oli,election_data.csv,comment,latin
😭😭😭jAnta le Nya dinu porxa yo vrasta cahi jyan mara lai pata sab garum,kp oli,election_data.csv,comment,latin
यो ज्यानमाराले केहि पनि स्विकार गर्दैन …….<br>अव यसलाई पुरै देशले अस्विकार गर्नु पर्छ ….<br>तर झापा क्षे नं ५ का जनताले के गर्छन ….???…<br><br>ति जिउंदा लास र दास हुन कि होईनन अव हेर्न बांकी छ …???,kp oli,election_data.csv,comment,mixed
A really most watch video <br>Kasari boost garne Facebook TikTok ma kasari viral garaune sathi horu garanunu paro aam Nepali especially jhapa 5 ka la herna jaruri xa,kp oli,election_data.csv,comment,latin
👍👍👍👍👍👍👍👍👍👍,kp oli,election_data.csv,comment,latin
"Bro huge respect to you keep it up, we are with you❤️",kp oli,election_data.csv,comment,latin
Boost this video,kp oli,election_data.csv,comment,latin
Daaa boost garum sabai ma puram yo video Yo kp lai aba chodnu hunaa 😔😔😔🥺🥺,kp oli,election_data.csv,comment,latin
Yes really is a murder,kp oli,election_data.csv,comment,latin
Emale congress ra kp oli sakeko din yo desh banx,kp oli,election_data.csv,comment,latin
Maile  oli lai dm ma pathaue hai uo video.,kp oli,election_data.csv,comment,latin
ओलि लाई जेल हुनुपर्छ,kp oli,election_data.csv,comment,deva
Share this on platforms. Please....,kp oli,election_data.csv,comment,latin
Please lets share this post as much as possible. We shall never forget and KP oli must rot in jail as soon as new government is formed. RIP to all the martyrs.,kp oli,election_data.csv,comment,latin
thank you for making people aware and not letting it forget 🙏,kp oli,election_data.csv,comment,latin
Is this the only video in this topic 😔😕🤔,kp oli,election_data.csv,comment,latin
oli#😅papi,kp oli,election_data.csv,comment,latin
"Not just KP Oli, Keep exposing Prachande, Shere and Oli until they cry to the death like Aftaf Alam. SAY NO TO OLI. MAKE THEM REMEMBER BHADRA 23 EVERY SECONDS OF THEIR LIFE",kp oli,election_data.csv,comment,latin
How can a true Nepalese vote for him now?? Absolutely disheartening to see our brothers murdered like this.<br>KP oli is a murderer,kp oli,election_data.csv,comment,latin
"Naramro rw weak point ko responsibility kailey lina nokhjney ani katai road, bridge banyo vanii hamiley hoo kp oli ley gareko hoo vanxan. Kasto hypocrisy hoo jholey haru koo?",kp oli,election_data.csv,comment,latin
चुपचाप घण्टीमा छाप। यो पालि घण्टीलाई बहुमत।,kp oli,election_data.csv,comment,deva
Fuck damn KP oli,kp oli,election_data.csv,comment,latin
hoina goli haneko kp le ho ki police le?,kp oli,election_data.csv,comment,latin
Yeti derai annaya 😢😢😢,kp oli,election_data.csv,comment,latin
hatyaara budo,kp oli,election_data.csv,comment,latin
Ramesh lekh lai pani fasi,kp oli,election_data.csv,comment,latin
Hattyra kp oli lai fasi hos,kp oli,election_data.csv,comment,latin
Ist true 😢,kp oli,election_data.csv,comment,latin
Dai you have to see that post what kp oli post today he said that i did not give permission to shots people or he is doing just politics. I request that make a video about that post which kp oli  post  pinned comment please,kp oli,election_data.csv,comment,latin
"<a href=""http://www.youtube.com/results?search_query=%23ripkpoli"">#ripkpoli</a><br>pinda khau aba desh ko khusi khojne khusi hunchan",kp oli,election_data.csv,comment,latin
Hasya kalakar,kp oli,election_data.csv,comment,latin
Tero bau le deko vaye ta ramro kam garthis hola aafai ra janta le gareko vayera desh bigareko chor ho,kp oli,election_data.csv,comment,latin
Chup.   Mota.   KPO li potty,kp oli,election_data.csv,comment,latin
Jholey randikochora,kp oli,election_data.csv,comment,latin
तेरो बाउ अमेरिकाले देको भन्न खुलेर सक्छस भने। वाइयात देश्द्रोर्ही  अमेरिकन-इन्डियन बिर्य...,kp oli,election_data.csv,comment,deva
Vision ta rakhnu parxa natra kasaiko Kam xain,kp oli,election_data.csv,comment,latin
Natak ta khatara Garxa yo jyas le sala hatyara,kp oli,election_data.csv,comment,latin
Yo msg kahile marxa 🤔,kp oli,election_data.csv,comment,latin
Aani nepali ko lage k  garne vayo kp ba vanu ta kura ta ramro  thik garnu vayo tara nepali ko lage k garnu vayo,kp oli,election_data.csv,comment,latin
Ho but tero buddhi aayean kahile ni,kp oli,election_data.csv,comment,latin
He still thinks he&#39;s fucking selling it. What a load of crap,kp oli,election_data.csv,comment,latin
Neta jasto nabol  Hai abo Pradhan mantri  hoinas ni aba ta suhaaudaina yesari bolna,kp oli,election_data.csv,comment,latin
Ho pahile 99% janata uneducated thiye ABA aaja ko din ma Sara janata educated vaisake vanne kuro chal pauda paudai Pani timi le educated nepali upper tyahi purano natak munchan garna ko tito parinam ho yo.,kp oli,election_data.csv,comment,latin
"जति नै देवत्वकरण  गर झोले पत्रुकार , जनताले चिनिसकेको छ। योहत्यारा केपी ओलीलाई",kp oli,election_data.csv,comment,deva
Ser bhadur le k Sochne hola video herera 😅,kp oli,election_data.csv,comment,latin
Just one words from all NEPALESE - बिशेस Gen- Z बाटा  : थुक्का.  😂. त्यति 😊,kp oli,election_data.csv,comment,mixed
यो अन्तरवार्तम लिने पत्रुकार ओलि दाहिने गेडा हो,kp oli,election_data.csv,comment,deva
kp oli chor ho,kp oli,election_data.csv,comment,latin
Yo budo ko kura sunara  basnee hami ra tyo prasna sodhna manxe gadha ho..,kp oli,election_data.csv,comment,latin
Kukurko muuttt,kp oli,election_data.csv,comment,latin
Ho  mula taila pani janata  lai  thagais ani aila ayara,kp oli,election_data.csv,comment,latin
Flash him nonsense,kp oli,election_data.csv,comment,latin
"Talai kasle chai vote diyo kya PM huna bhanera. Achamma cha. Kati sajilo cha hai blam game khelna, hijo sabai ghuspetiya lyaune main patra timi nai ho buda ba.",kp oli,election_data.csv,comment,latin
"machikney jantako naam linchhas muji. k garis deshko lagi,, sigapoore, UAE  kasto banaye leader ley dekhekai holas",kp oli,election_data.csv,comment,latin
Return huna paryo pheri🎉,kp oli,election_data.csv,comment,latin
Right but you only fullfil your hunger oli baula budo,kp oli,election_data.csv,comment,latin
Jun din bachcha mariyo tyo din ko aadhesh pm kp oliko thiyn aadhesh grihako thiyo girihamantri le rajinama dihi sakeka thiy Ani deshlai kharabau kharab ko xeti puryaune gari kin tod fod ra aaglagi gariyo yasko jabaf ahileko sarkarle dinu prx,kp oli,election_data.csv,comment,latin
"Dear Ex PM KP Sharma Oli .. Your poor decision making has killed about 70 innocent young Nepali citizens, more than 1000 People injured and lost government properties of billions  NRS. Always respect human being and their requirement. Please accept your irresponsible actions and Surrender to Government for punishment. Say extremely sorry to Nepali citizens especially parents of innocent children who lost their lives due to your dictatorship attitude as a Prime Minister. You will be remembered as a murderer of innocent children..",kp oli,election_data.csv,comment,latin
पहिलो कुरो मिडिया झोले छ दोस्रो <br>हेया म मेरो आमा को कसम खएर भन्छु<br>इनि हरु हामिलाइ पागल बनाउदै छ 😡😡,kp oli,election_data.csv,comment,mixed
"सेप्टेम्बर ८/९ मा नेपाली जनताले बगाएको रगत, आँसु र बलिदान अझै पनि यो भूमिको नसा–नसामा धड्किरहेको छ। अर्को दिनको तिम्रो राजिनामा इतिहासको सबैभन्दा कायर क्षणका रूपमा दर्ज भएको छ। देशलाई गलत बाटोमा धकेल्ने, प्रणालीलाई विष बनाउने, अनि जनताको विश्वासलाई बेच्ने तिमी जस्ता नेताप्रति मेरो होइन, सम्पूर्ण नेपालीको भावना  शून्य सम्मान र असीमित घृणा मात्र हो !!आजको पुस्ताले तिमीलाई नेता होइन, अपराधीको रूपमा सम्झनेछ। आज प्रत्येक नेपाली नागरिक तिमीलाई घृणा गर्छ, ओली। इतिहासले क्षमा गर्दैन !!!",kp oli,election_data.csv,comment,deva
बच्चालाइ गडिले ठक्कर दिदा सामान्य हो भन्ने त कुन जनताको सम्बोधन गर्दैछस?,kp oli,election_data.csv,comment,deva
Yo kahile ko video hooo hummm 🤔🧐🧐,kp oli,election_data.csv,comment,latin
Chup chor maku ri,kp oli,election_data.csv,comment,latin
Are aapko to yah Janata Jo Ajanta bahut badi galti kiye hue Hain Magar kya kijiega Janata jisko Janardan kaha jata Hai yah ulta samajh ke aapko paper se hata Diya bahut Ham logon se yad kar,kp oli,election_data.csv,comment,latin
यो पुरानो भिडियो हो यो <br>यस्ले बोले जस्तो अहिले गरेको भयेत देश काहा बाट काहा पुगिसक्थ्यो,kp oli,election_data.csv,comment,mixed
Tapai neta haina pandit huna parne manchhe ho mero sujhab tapai lai,kp oli,election_data.csv,comment,latin
Bro this video makimhim inosent,kp oli,election_data.csv,comment,latin
Fasaiyo purai,kp oli,election_data.csv,comment,latin
Actor भन्दा बढी talent बूढो,kp oli,election_data.csv,comment,mixed
Balla buddhi aaye jasto cha buda ko ..maya lagyo nauro aajuhar delhda,kp oli,election_data.csv,comment,latin
Teso ho vane swiss bank ma vayeko nepal janata ko niji sampati sabhai firta lyaijaa . Sakchas ?,kp oli,election_data.csv,comment,latin
Chor ta kp ba tapai saral vasama,kp oli,election_data.csv,comment,latin
Kp daka xito niski hadae Sama ko karbai hununparx yeslai,kp oli,election_data.csv,comment,latin
yo kukur lai janta le hoina hoina yesko bharaute jhole harule deko ho yo jasto nirghini manxe xaina nepali itihaash maa. tero dosh hoina talai upachar garni tyo khatte doctor bhete bhane poila tyo marxa,kp oli,election_data.csv,comment,latin
Chor ahile aayer nirdosh  😡😡😡,kp oli,election_data.csv,comment,latin
Vitra auta kura garo bahira arko kura,kp oli,election_data.csv,comment,latin
Aayo pheri fakauna muji,kp oli,election_data.csv,comment,latin
Tw chor lai des bata nikalnu parxa,kp oli,election_data.csv,comment,latin
"Thukka yoh Manche aajai freely move gareko chaa, tetro students maarera Pani, Janata KO laaghi kahile kaam garayoh yesle,",kp oli,election_data.csv,comment,latin
Hage  paxi doilo dekheraw k garnu!,kp oli,election_data.csv,comment,latin
"के गरीस जनता का निम्ति??? भ्रष्ट लाई संरक्षण गर्दै, जनता लाई गोली को नाल बाट तर्साऊदै तेरो रानिति बचाईस खप्रे??? अब जनता लाई  पार्टी भन्दै दोषारोपण गरेर सुरक्षित रहुंला भनेर बक्वास नबोल। चेतना भएन? पश्चाताप छैन??? अझै आर्मी प्रयोग गर्दै थिईस् जनता मार्न। अपराधि, दम्भि शासक लाई यो देश मा बस्न छुट दिनै हुन्न।😡😡",kp oli,election_data.csv,comment,deva
Salute✊✊✊✊✊,kp oli,election_data.csv,comment,latin
त मुला को गोही को आँशु<br> जनताको तलाई १% पनि माया भको भए आज यो अवस्था आउने नै थिएन। <br>आतंककारी होस तँ ।,kp oli,election_data.csv,comment,mixed
Full interview kata x,kp oli,election_data.csv,comment,latin
Full video link plz... makeup ali badhi vayexa..,kp oli,election_data.csv,comment,latin
नापीस् बूढ़ा,kp oli,election_data.csv,comment,deva
Where can I get full interview ?,kp oli,election_data.csv,comment,latin
पहिला बाट प्रस्ट बन्नु पर्थ्यो कार्यकर्ता लाई सहि शिक्षा दिनु पर्थ्यो एउटा जिम्मेवार दल को लिडर भएसी ढिलो भयो सबै कुरा तपाईं सहि भएनि समय ले गलत प्रमाणित गरि सक्यो,kp oli,election_data.csv,comment,deva
"Astisamma teenager jasto provocative sentence haru bhannu, bhrasta ra criminal lai save garne, desh ko sensitive time ma pani majak garera jokes garera udaune, desh ko lagi k gareu ???? Ukhane buda, afno khamba lai dosh nadeu, self judge gara aru lai. Dori ma Timro hinai nai gatilo bhayena, khamba lai dosh. Nachna najanne aagan tedo 🤔",kp oli,election_data.csv,comment,latin
muji hatyara hos mahesh bansnet jasta balatkari ko snangarchays ho pu lic  m aayer delha randi ko baan,kp oli,election_data.csv,comment,latin
Where is the full video,kp oli,election_data.csv,comment,latin
केपी बा गलत हैन उहाँलाई समय र परिस्थितिले गलत बनायो।केपी बा ले नेपालको लागि कति गर्नु भएको छ कति कुरा घुमाउनु भएको छ पुरै हिस्ट्री चेक गर अनि नराम्रो भन केपी बा लाई।भिडेहरु कुरै नबुझी भ्रष्टाचारीहरुको पछि लागेर को राम्रो को नराम्रो छुटाउनै सकेनौं।आफ्नै देशलाई खरानी बनाइस झोलेहरु।केपी बा ले पनि गरे होलान कुनै गलत काम तर तहरुले जस्तो आफ्नो देश कहिले जालाएनन् बुझिस् नी पापीहरु। एउटा कुरा याद राख जति केपी ओलीलाई गलत भन्छौ नी तिमीहरू त्यो भन्दा गिरेको छौ।हाम्रो देशको सार्वजनिक भवनहरू भत्काउन तिमीहरुलाई कसले आधिकार दियो?सिंह दरबार किन जलाएउ त्यो तिमीहरुको आफ्नो सम्पत्ति थिएन हामी सबैको हो।यो देशको शान मान थियो राजा नभएनी राजाहरूको इतिहासले भरिएको हाम्रो सिंह दरबार जलाउने आधिकार तहरुसंग थिएन।आन्दोलन गरेउ देश बनाउन भनेर तर सबै खरानी बनाइदिएउ किन?घरबाट देशको विकास गर्ने भनेर निस्कियौ तर सबै विनाश गरेर फर्कियौं किन?आन्दोलनको नाम मा कति लुटपाट गरेउ सुन पसलहरु फोडेर लुटेउ साना देखि ठूला ठूला मार्केटहरु लुटेउ अनि नेताहरुले भ्रष्टाचार गर्यो भनेर किन गुनासो गर्छौ? तिमीहरूले पनि त पाएउ भने त छोरदैन रैछौ नी अनि नेता चाहिँ किन असल खोज्छौ?,kp oli,election_data.csv,comment,deva
"नेपाली भेडा जस्ता जनतालाई भर्खरै मान्छे नै मारेर आएको व्यक्तिले दुई थोपा आँसु झार्दै मात्र पनि “लु, तैले माफ पाइस” भन्ने खालका देखिन्छन्। यति अशिक्षित र गोबर-ग्वार्चे भए पनि के राम्रो र के नराम्रो छुट्याउन नसक्ने भए नेपालीहरू। झन् यो दस–पन्ध्र वर्षको अवधिमा जब प्रचण्डे र उसका छौराहरूले देशको विद्या–लय नष्ट पारेर राखे, नेपालीहरू भेडाबाट गधा भइसके जस्तो देखिन्छ।<br><br>ए भगवान्, अलिकति बुद्धि देऊ नेपालीहरूलाई, ताकि उनीहरूले के सही र के गलत छुट्याउन सकून्। भावनामा बगेर होइन, विवेक प्रयोग गरेर निर्णय गर्न सकून्।😢😢😢",kp oli,election_data.csv,comment,mixed
Kalakaar ho yo aanek janechha.,kp oli,election_data.csv,comment,latin
Full video Kun channel ma xa ??,kp oli,election_data.csv,comment,latin
गधा हो यो। manuplate garxa jatho,kp oli,election_data.csv,comment,mixed
युगले जन्माएको  राजनेता <br>हजुरको महत्त्व धेरै छ नेपाल देश लाई <br>केही जमात ले गाली होहल्ला  गर्दैमा केही फरक  पर्दैन  आफ्नो देशको अस्तित्व जोगाउन सक्ने  ल्याकत भएको  देश र जनताको  अंगरक्षक  हुनुहुन्छ   ❤️🙏🙏,kp oli,election_data.csv,comment,mixed
Be strong kB baa❤,kp oli,election_data.csv,comment,latin
अपुतो कति आमाको कोख रित्यस राडिको छोरो,kp oli,election_data.csv,comment,deva
😢😢😢aasu aayo,kp oli,election_data.csv,comment,latin
Kuri kuri  😅😅😅😅😅😅😅,kp oli,election_data.csv,comment,latin
उखान ले सबै को मन जित्न खोज्छ 😡,kp oli,election_data.csv,comment,deva
Yo mula interview line ni eskai jhole jastoxa. Background music emotional rakhera pida dekha hola jatha,kp oli,election_data.csv,comment,latin
Gen z ko najarma Pani tapai harule gareko  Bhrastachar ati laaj lagdo thyo Gen x Gen Y ta tapai haruka jhole bhaera hide Tara innocent Gen z pusta Le bidroh gare Tara Janata ta sab masu Ra raksima bike Ani innocent bachha harule bidroh gare hai kp ba Bhrastachari harulai karbahi garera harek kand lai ramro sang suljhyaunu bhaeko bhae tapai ramro manchhe ho Tara tapaiko ghamand chulieko thyo janat bhitra ko hunu Gen z Hun Jo sab hamro pratek gharma chhan abo kaslai ghuspet bhanne hamra nani baby haruko najarma Pani tapai haru Dosi thaharainu bho uni harule tatkalin sarkar bata kehi asha dekhenan nirash bhae bhabisya andhakar dekhe Bhrastachar Le desh dubeko dekhe bethiti Le desh Khai sakeko dekhe Ani school dress ma bidroha gare tapai ramro imandar manchhe desh lai Maya garne manchhe ho Tara tapaile sabai Bhrastachariharulai support garnu bho Bhrastachar Le desh dubeko dekhnu bhaena Khali uni harulo pransasa garnu bho tyai bhaera tapai yo desh ko pm huna deserve garnu hunna abo,kp oli,election_data.csv,comment,latin
Chup mug 19-20 Jana bachha mareko harami,kp oli,election_data.csv,comment,latin
"Jantale biswas matrai ta garyo NE ani aafule tyo biswas ma ubhinu parena desma kei Vikas garnu parena,",kp oli,election_data.csv,comment,latin
Ali Badi aham vo ki,kp oli,election_data.csv,comment,latin
Dherii aama kakah reteyoo kati ko sapana tuiyoo affu no le gareko galti lai lukauna lai ghoheko aashu najar aaja tye amma ko aakha maan mutu roi rako chha.. ani putaraka jo lai aanya vako ushlai interview le mula yesta narpechass ko anuhar media ma naleee,kp oli,election_data.csv,comment,latin
Sala hatyara bharstachari ajai thula kura gardaixas daka,kp oli,election_data.csv,comment,latin
Full video kaha chha yesko,kp oli,election_data.csv,comment,latin
Janta haina jholeko nimti matraii vayeo k😂😂😂,kp oli,election_data.csv,comment,latin
"Yo chikne aaghai mareko xaina ,, papi",kp oli,election_data.csv,comment,latin
"अपुतोले सोमबार नै मेरो कोही छैन भनेर........,मङ्गलबार भाग्यो",kp oli,election_data.csv,comment,deva
नेता भयर पनि जनता सङ्ग जान नसक्नु मुख्री कमजोरी भयो घमन्ड बढ्यो।,kp oli,election_data.csv,comment,deva
"यो देश बरबाद बनाऊने  चुतिया नेता लाई  जेल चलान गर्नु  पर्छ,",kp oli,election_data.csv,comment,deva
Machikney tetro mero sathi vai lai maris ta mugi lai kahiley ramro hunna,kp oli,election_data.csv,comment,latin
Cmt ma chada bolne  bolna najanne ani neta chai sahi khojne ..veda lai rest in peace😂😂😂rest in peace ❤jaba janata surdinam taba samma desh bandainw😢😢😢jaya Shree Ram ❤❤❤,kp oli,election_data.csv,comment,latin
प्रस्त देखिन्छ हजुरको आखामा कति छतपताहत छ भन्ने देशको यो अवस्था हुदा😥😥always salute you respected great leader❤❤,kp oli,election_data.csv,comment,mixed
Aaja ta muji ko bolai nai fark x ta,kp oli,election_data.csv,comment,latin
Radiko xoraa,kp oli,election_data.csv,comment,latin
always support you kp baa❤,kp oli,election_data.csv,comment,latin
तपाइले गल्ति अथ भस्टचार  गर्नुभो त म भन्न सक्दिन तर पनि गल्ति भस्टचार गर्ने लाइ सम्रक्षण गर्नुभएको ले आज यो दिन आएको भने पक्कै हो है ।,kp oli,election_data.csv,comment,deva
"हो त्यही भएर मन्त्रीले गाडी ठोक्दा नी यस्तो सानो तीनों कुरा हो र मान्छे मार्ने आदेश दिएको मानव जाती , धरती, जनताको पक्षमा भएर खुब कुरा घुमाउँछ झापाली को बेजती",kp oli,election_data.csv,comment,deva
गल्ती त मरीगय मन्दैन बै राणा बान ले,kp oli,election_data.csv,comment,deva
"Marera khaldo ma purni bhaneko holani,,sampati lai....",kp oli,election_data.csv,comment,latin
Gadda ramro ho,kp oli,election_data.csv,comment,latin
kura ta sahi ho,kp oli,election_data.csv,comment,latin
यो केपी चोरकाे सम्पूर्ण सम्पति जफत गरेर😮 आजीवनजेलमा हाल्नुपर्छ। स्कुलले बच्चारको हत्या गर्ने हत्यारा,kp oli,election_data.csv,comment,deva
यह बडि अछ्छी बात है😁😁😁🤣😃😀,kp oli,election_data.csv,comment,deva
Galat vaneko raina xa,kp oli,election_data.csv,comment,latin
Ta bhagyamani hos tesaile tolai khalto mai purnu parxa😅,kp oli,election_data.csv,comment,latin
"Ko ho asti galti bolne yar xya,<br>Gadnu agadi paila tukra tukra parera katney, tyas paxi gadne honi yar, ko ho sedai gadne vanne,",kp oli,election_data.csv,comment,latin
"आफै लाई सोध न मैले जनता ले चाहे अनुसारको काम गरेको रहेछु या गरेको रहेन छु भनेर , आफ्ना भरौटे हरुलाइ पोस्ने बाहेक ,देश र जनता को हकमा के गरेउ?अझै बुझ पचायेर पानी माथी ओभानो हुने प्रयास गर्दैछौ,जनता अब लाटा छैनन् ।",kp oli,election_data.csv,comment,deva
"KP woli gold Hun tesaile KP lai aagole polnu ,katkut garnuparcha",kp oli,election_data.csv,comment,latin
Aaba vote magne Sympathetic tarike <br>Na sakenevayo Ba lai,kp oli,election_data.csv,comment,latin
Thik vanecha,kp oli,election_data.csv,comment,latin
Tero jastai raixa mansaya jasto aaphu testai chapu,kp oli,election_data.csv,comment,latin
बच्चामा हुने गुण 80 बर्ष सम्म हुदा पनि नगएको रुन्चे स्वभाव भन्न सकिन्छ ।😂😂,kp oli,election_data.csv,comment,deva
Ho sahi vaneko ho chor aparadhi gadnu parxa hadi rakhera ab aaune bachanlai dekhaunu parxa,kp oli,election_data.csv,comment,latin
Raamro hota chhito gaadaam,kp oli,election_data.csv,comment,latin
"<a href=""http://www.youtube.com/results?search_query=%23ripkpoli"">#ripkpoli</a><br>tmi mara desh ko pragati huncha",kp oli,election_data.csv,comment,latin
"Tetro manxey lai marne ani thulo Kura garne,tero ghar ta hola ni teta basnu ni milxa, tara uniharu ko jindagi firta auxa,thak",kp oli,election_data.csv,comment,latin
तेरो काम हो यो बालेन ले भनेको हो तर तैले जलायर बालेन को बदनाम फर्दैछस,kp oli,election_data.csv,comment,deva
Tapai pm hunuhunthyo<br>Dos mayor lai matra lagaune<br>Mayor thulo ki  Pm?,kp oli,election_data.csv,comment,latin
Ho ho ho haina vanna sakidina paisa ma bigyo sabai,kp oli,election_data.csv,comment,latin
Sanka haina 100% ho,kp oli,election_data.csv,comment,latin
76 jana bacha kasle maryo,kp oli,election_data.csv,comment,latin
Yo narapisach kahileanxe na banne ho tyo shihadarbar tero aakado pat lulupta bhayera jogauna lai goli kanda machais ani bholipalt terai karya karta lagayera jalauna lagais ani naya lai laxit bhashan gardaixas ni daka...,kp oli,election_data.csv,comment,latin
Shala Apute marchhas ta Mero Haat Baata,kp oli,election_data.csv,comment,latin
"कम्निष्ट त पिसाच नै हो क्या ! यिनको झट्केलो बाउ स्टालिनले २ करोड , ठुलो बाउ माओले ७ करोड मारेको जानकारी छ ! गरिवको नाउमा कम्निष्ट ब्राण्ड को दोकान हो यिनको। कन्मिष्ट लाई सपोर्ट गर्नु भन्दा आफैले हगेको गू खाए हुन्छ।",kp oli,election_data.csv,comment,deva
Oi!! Ta mujai lai jaghani aapradha gareko chhu. Bhane pachatap bhako chhain. Tuka mujai ta rawan rahe chha. Paapi maha paai hos..,kp oli,election_data.csv,comment,latin
Tero Karan le jaleko ho muji,kp oli,election_data.csv,comment,latin
Kp oli le jalako ho,kp oli,election_data.csv,comment,latin
chor darii nabol chup lag,kp oli,election_data.csv,comment,latin
Yasto mansiktako kahile sudharne bala xaina.yas lay jaldi smatanu parx,kp oli,election_data.csv,comment,latin
Yo ajhai bacheko xa?? desh ko kulangar,kp oli,election_data.csv,comment,latin
देश लाई माया गर्ने ले देशवासी माथी बन्दूक को गोली चलाऊंछ त,kp oli,election_data.csv,comment,deva
This incident occurred due to corrupted autocratic leaders.,kp oli,election_data.csv,comment,latin
ए काका जहिले तिम्रा बुद्धि धुन्धुकारीकाे मात्रै आउँछ हैन??? अझ हामीले गलत गरेछाै भन्ने त हाेईन। 40.50 बर्ष देखि देश दाेहन गरेर खाएर पुगेन ??? फेरि पनि उहीँ दिमाग चलाकाे छ।,kp oli,election_data.csv,comment,deva
"याे भनाईलाई सहयाेग गर्ने आधार १, पहिल्यै देखि भनेकाे २, आगाे लाग्दा बारुणयन्त्र नपठाउनु , ३, यतिका बिध्वंश पश्चात् पनि कुनै बक्तब्य नआउनु ।",kp oli,election_data.csv,comment,deva
Taile goli chaplain adesh kin diis pahila asfule ramro gareko talai anuvuti X ukhan tikka garer ramra manchhe lai parti ma karbai garis ab feri jurmuran lagis talait Kalo koktharima Bana garnu parthyo abhibekti din kachhas,kp oli,election_data.csv,comment,latin
chor haru Le Garda ho,kp oli,election_data.csv,comment,latin
"यत्रो युवाहरुलाई माय्रो तं लाई चिन्ता छैन, सिंहदरवार जलाउदा फेरी अर्को बनाउन सकिन्छ। तेरो बाउ मर्दा अर्को बाउ बानाउन सकिन्छ,?",kp oli,election_data.csv,comment,deva
Ki timi aafaile ho ki balen le ho.tesma pani timi parti nai badi sanka lagxa.aru lai dos lagauxa fokat ma aafaile jalayera.ta aafaile ho ghuspet gareko vaye.janata le ta aandolan gardai thiye sarkar ko birudda ma.,kp oli,election_data.csv,comment,latin
"नेपाली दाजुभाइ तथा दिदीबहिनीहरूमा हार्दिक अपिल (Heartfelt Appeal to Nepalese Brothers and Sisters)<br>विषय: अबको भोट देश बनाउनेलाई, अबको भोट &#39;घण्टी&#39; लाई।<br><br>आदरणीय नेपाली बुबाआमा, दाजुभाइ तथा दिदीबहिनीहरू,<br><br>आज म एउटा सचेत नागरिकको हैसियतले, मुटुमा देश दुखेको पीडा र आँखामा भविष्यको सपना बोकेर तपाईंसँग दुई शब्द राख्न चाहन्छु। हामीले वर्षौंदेखि राजनीतिलाई केवल भाषण र आश्वासनमा सीमित देख्यौं। तर आज देश एउटा यस्तो मोडमा उभिएको छ, जहाँ हाम्रो एउटा निर्णयले हाम्रा सन्ततिको भविष्य कोर्नेछ वा फेरि उही पुरानो अन्धकारमा धकेल्नेछ।<br><br>हामीले के बिर्सने? त्यो भदौ २३ को पीडा? इतिहास साक्षी छ, हामी पटक-पटक झुक्किएका छौं। पुराना दल र तिनका नेताहरूले सत्ताको लागि जे पनि गरे। भदौ २३ को त्यो कहालीलाग्दो घटना र निर्दोष जनताको पीडालाई आज सत्ताको खुड्किलो चढ्दा कसरी बिर्सन मिल्छ? हिजो जसको नेतृत्वमा जनताले आँसु र रगत बगाउनुपर्यो, आज चुनाव आउँदा तिनै नेताहरू सामाजिक सञ्जालमा भ्रम छरेर फेरि &quot;मसीहा&quot; बन्न खोज्दैछन्। केपी ओली जस्ता पुराना नेताहरूले हिजोका गल्ती स्वीकार गरेको नाटक गर्नु वा नयाँ जाल फ्याँक्नु भनेको फेरि हामीलाई फसाउनु मात्र हो। के हामी फेरि उही नियति भोग्न तयार छौं? के हामी फेरि हाम्रा दाजुभाइको रगतको अवमूल्यन हुन दिने?<br><br>होइन! अब हामी सचेत भइसक्यौं। उनीहरूले हिजो जे गरे, मौका पाए भने भोलि पनि त्यही दोहोर्याउन सक्छन्। शक्तिमा टिकिराख्न उनीहरूले जस्तै हथकण्डा पनि अपनाउन सक्छन्। त्यसैले, अब उनीहरूको गोहीको आँसु र गुलिया भाषणमा नफसौं।<br><br>बालेनले काठमाण्डौंमा बालेको आशाको दियो तपाईं-हामी सबैले देखेकै छौं, काठमाण्डौंमा बालेन शाहले कसरी काम गरेर देखाए। वर्षौंसम्म फोहर र बेथितिले गाजिएको शहरलाई एउटा व्यक्तिले इच्छाशक्ति भयो भने कसरी बदल्न सक्छ भन्ने उदाहरण उहाँले पेश गर्नुभएको छ। बालेन एक्लैले त यति गर्न सके भने, यदि रवि लामिछाने र राष्ट्रिय स्वतन्त्र पार्टी (घण्टी) ले संसदमा स्पष्ट बहुमत पाए भने देशको मुहार कति छिटो फेरिएला?<br><br>बालेनको भिजन र रविको आँट—यी दुवै एउटै सिक्काका दुई पाटा हुन्। यी नयाँ पुस्ताका नेताहरूलाई काम गर्न &quot;पावर&quot; र &quot;समय&quot; चाहिन्छ। बालेनले एक्लै लड्दा कति अवरोध सहनुपर्यो, त्यो हामीले देखेकै छौं। त्यसैले अबको संसदमा रवि लामिछानेको टिमलाई, &#39;घण्टी&#39; लाई बहुमत दिएर पठाऔं, ताकि उनीहरूले कसैको दबाबमा नपरी स्वतन्त्र रूपमा देश बनाउन सकून्।<br><br>यो अन्तिम मौका हो पुराना दलहरूले हामीलाई पटक-पटक धोका दिए। अब पनि हामीले &quot;फेरि एकपटक&quot; भन्दै उनीहरूलाई नै भोट हाल्यौं भने, देश बन्ने सपना सधैंको लागि मर्नेछ। यो चुनाव मात्र एउटा भोट खसाल्ने दिन होइन, यो असल र खराब, सत्य र भ्रम, अनि विकास र विनाश बीचको लडाइँ हो।<br><br>देश बनाउने जिम्मा अब हाम्रो काँधमा छ। आउनुहोस्, यसपालि जात, धर्म, र पुरानो झण्डा बिर्सेर, केवल देशको लागि, हाम्रा छोराछोरीको भविष्यको लागि &#39;घण्टी&#39; मा भोट हालौं। पुरानाले देश सिध्याउन लागिसके, अब नयाँलाई देश बनाउने मौका दिऔं।<br><br>सचेत बनौं, संगठित बनौं, र देश बचाऔं। जय नेपाल!",kp oli,election_data.csv,comment,mixed
"Hahahahaha, Oli! You fled in a helicopter because of the protests and your weak leadership. Now you’re living a thug life, surrounded by your gang of thugs in Gundu.",kp oli,election_data.csv,comment,latin
केही नजान्ने बालेन?जो बिज्ञ छन।जय बालेन।मधुरो बोलीले भनिसक्यो।,kp oli,election_data.csv,comment,deva
यो नालायक भ्रष्टाचारी बोलेको लाज सरम भन्ने छाईना र छ नि,kp oli,election_data.csv,comment,deva
सकिन्न बुढा संगगफ गर्नमा😀,kp oli,election_data.csv,comment,deva
Yaslai fari YouTube ma dhekhanu parana Mero durvaghaya 😅,kp oli,election_data.csv,comment,latin
Mero k he bigareko xaena butponi kina ho kina maloi yo manxe kati mn pardainw <br>Hamro des khatam paryo yo mujile,kp oli,election_data.csv,comment,latin
"धरहरा कसले बनायो, होला।।",kp oli,election_data.csv,comment,deva
"अपराधि बूढो ,राम्रो  गरेको भयपो राम्रो  भन्छन् त , राम्रोकाम नर्नु छैन जनतालाइ नराम्रो  भन्न कसरी सकेको होला , बोल्न पनि कति जानेको",kp oli,election_data.csv,comment,deva
केपी शर्मा ओली ज्यू नमस्कार तपाईको जित पक्का छ❤ निर्धक्क बन्नुहोस्,kp oli,election_data.csv,comment,deva
"तिमी के,पि, भाइ अपरनधी भनुकी  साच्चो सत्य ब्यक्ती भनु  मलाई काउकुती लाग्यो  बाई के,पि भाइ 😅😂🙏🌽🙋‍♀️😯",kp oli,election_data.csv,comment,deva
"रविले फसाको हैन बालेन अाफैले हिम्मत गरेका हुन, हारेपनि जितेपनि अाँट गर्नु ठूलो कुरा हो। अाफै हार्ने डरले उमेदवारी झिक्दिए हुन्थ्यो भन्ने मनसायले जनतालाई रनभुल्ल पार्दै छन अझै। हारेपनि बालेनले भिडनैपर्छ, ल है झापाली जनता सचेत भएर अाफ्नो मताधिकार प्रयोग गर्नुहोला🙏",kp oli,election_data.csv,comment,deva
याे के पि जस्ताे दृष्टि बिहिन् मान्छे अरुु काे हालार उल्लाई मईले एसाे गराे भने एस्काे परि नाम ठिक् हन्छ या बे ठिक् हुन्छ केही था छैन उल्लाई सबै एमाले हुनुपराे सबैकाे आँखा पट्टि बाँधे पनि वा के पि बा भन्नू पर्ने एसताे दुसात् बाेकेकाे मान्छे हाे।,kp oli,election_data.csv,comment,deva
ओलि बेकुफ ले केही गरेको छैनस सिरफ तुक्के गधाहा होस!,kp oli,election_data.csv,comment,deva
सरमगर बुढा तेरो हार देख्छस,kp oli,election_data.csv,comment,deva
Biks ksrihunx to balen sang siknu prxa,kp oli,election_data.csv,comment,latin
Kp back out,kp oli,election_data.csv,comment,latin
Kep chorho phathaho,kp oli,election_data.csv,comment,latin
"केपि ओलि सपना देख्ने र त्यसलाइ मुर्तता दिनसक्ने भिजनरी नेता त थिए तर देशलाइ सुसासन दिने भन्दा जसरी पनि सत्तामा टासिइरहने ३ दलिय मौसमी गठबन्धनले भ्रस्टाचार, बेतिथि र सुचनाको दुरुपयोग दुरुत्साहन को कारण किशोरहरुको आन्दोलनमा अर्को शक्ति हाबि भएर आयो तर पनि देशले स्थायी राजनितिक परिवर्तन खोजेको छ्।",kp oli,election_data.csv,comment,deva
Bahumat  hoena  50 set jitera dekhau,kp oli,election_data.csv,comment,latin
🐕🐕🐕🐕🐕🐷🐷🐷🐷🐨🐨🐨🐨🐨🐨☝️☝️☝️☝️☝️☝️☝️🐨☝️,kp oli,election_data.csv,comment,latin
Jaya ghanty,kp oli,election_data.csv,comment,latin
"Esko pattasaf hunxa,yo ghamandi ho,bikas gareko aafai dawa garxan.Samaya anusar hune bikas Pani aafaile garxa.",kp oli,election_data.csv,comment,latin
Ggalt bakmfuse ukhane chutiyakurogarekochhi budo vayra lajsarmpanichhina ystakokurokasariptuyayka,kp oli,election_data.csv,comment,latin
रहर ले लहर ले हाेईना  बिकाश लाई हेर्नू  परयाे,kp oli,election_data.csv,comment,deva
Kura sunda😂😮😅,kp oli,election_data.csv,comment,latin
Ta salakukur l,kp oli,election_data.csv,comment,latin
Kukur kuKP chor aputtri Sala ku,kp oli,election_data.csv,comment,latin
KP chor aputtri Sala murdabad,kp oli,election_data.csv,comment,latin
Kukur Sala aputtri KP chor,kp oli,election_data.csv,comment,latin
Jai ghanti Jai rabi jindabad,kp oli,election_data.csv,comment,latin
ओलिकाे अन्तर्वार्ता पुरै हेरेछु अचम्म लाग्याे।<br>बुढाले जिते भने नी प्रधानमन्त्री अर्काेलाई बनाउछन् कि के हाे।,kp oli,election_data.csv,comment,mixed
Vote yemela,kp oli,election_data.csv,comment,latin
Ajai jotna sakxu jasto lagxa yo pidi lai budo mg laaj saram xaina alikati pani xya,kp oli,election_data.csv,comment,latin
Balen pani Kasai gatilo xaena RONB jata Ali Ali Kam gareko că tei camera lagera dekhako xa Sabău eutai khun,kp oli,election_data.csv,comment,latin
Randeko xoro  boleko vasa her,kp oli,election_data.csv,comment,latin
Kp oli lai jel hunu parcha hai,kp oli,election_data.csv,comment,latin
Yo pali plz jhapa basi yasko jhuto boli ma nafasnu hola 🙏,kp oli,election_data.csv,comment,latin
Hatiwar ko kura garcha bhane esle nai parichalan garcha prachanda sanga milera janta sachet hau,kp oli,election_data.csv,comment,latin
Kp oli lai vote no dinu hola amale lai vote dinu bhaneko pap ho USA,kp oli,election_data.csv,comment,latin
Kp oli le hareko hernu man chha USA,kp oli,election_data.csv,comment,latin
उहाँको मत 100000 काट्छ नेपालमा सबै भन्दा सभ्य मान्छे उहाँ मात्र हो,kp oli,election_data.csv,comment,deva
पूर्व पश्चिम रेल कुस्मा मा रेल स्टेशन अनि  पानि जहाज अनि ग्याँस को पाइप लाइन  घर घर सबै भइसक्यो होइन त अब बाँकी केही छैन होइन त बनावटी कुरा गरेर केही फाइदा छैन,kp oli,election_data.csv,comment,deva
Dherai.n.bhasea.huncha.k.p.g.har.nishchitsh.jay.ghati,kp oli,election_data.csv,comment,latin
Timi janchhau khaldo ma kp,kp oli,election_data.csv,comment,latin
"Kathai, Kantipur ko Quality.",kp oli,election_data.csv,comment,latin
धनुषा महोतरि तेेरै पाटि जितेर गएको हैन,kp oli,election_data.csv,comment,deva
Tero ghamad aafu khaldoma pareko ta thaha xaina arulai dekhau hatyara,kp oli,election_data.csv,comment,latin
Kun teru bahule  linx jimba apoto aslai jantale xodinna yo manxe nepali nepali ko lagi katra ho  aslai  jantale hesab kinx,kp oli,election_data.csv,comment,latin
हँसाउनु पनि कति हँसाको हो,kp oli,election_data.csv,comment,deva
Yo video maile purai hernai sakina …. Amamama Anxiety le haanla jasto laagyo .. 😡,kp oli,election_data.csv,comment,latin
Tero bau,kp oli,election_data.csv,comment,latin
Vedaa haru lai k thaha china sanga vukampa paxii ko simaanaa kholna rah china sanga sambandh bistaar garna rah india lai size maa lyaauna kati thulo vumika cha vanerah hola aru kura maa uni chukey hola tara rastriyata ko kura maa uni jati ko neta aheley samma raja mahendra paxadi ko beykti kp nai dekheko chu,kp oli,election_data.csv,comment,latin
aduniktako kura garne ho bane adhunik nita chaiyo ni hoina🙏,kp oli,election_data.csv,comment,latin
Girbandhu Oli,kp oli,election_data.csv,comment,latin
Ta mantri bayesi ta jimawari naline ta kukur KP k Khana baseki mantri padh ma pagal khuskeko hateyara,kp oli,election_data.csv,comment,latin
ma dhanusha ko manchhe ke hahile jahile ghuha ne balhe ho thukka  tero dimag timiharureleai khana khuyeko bekar bhayo,kp oli,election_data.csv,comment,latin
afailaii bhot halna paunuhnxa,kp oli,election_data.csv,comment,latin
Mukha I kalo vayako xa,kp oli,election_data.csv,comment,latin
Mato le kulit banako herney man xa jhapa xetra no. 5 Ma,kp oli,election_data.csv,comment,latin
Ravi le sai samayama sai manxe lai patayxa❤❤❤,kp oli,election_data.csv,comment,latin
Aba khulkyaudain,kp oli,election_data.csv,comment,latin
पूर्व प्रधानमन्त्रीज्यू तपाईं आफ्नै घमण्ड र अहंकारले <br>आफैँ पतन हुनुहुनेछ,kp oli,election_data.csv,comment,mixed
Laaj pacheko sala kukur,kp oli,election_data.csv,comment,latin
Jasari boleu tesari nai kehi gareko vaye kina lakhathey ho janata ley laaz sharam xaina yrr,kp oli,election_data.csv,comment,latin
Thukka laj lagnu parne ho !!,kp oli,election_data.csv,comment,latin
"Talai randikoban oli ,kasaile hariyo baasma laija yolai",kp oli,election_data.csv,comment,latin
बाटो  पुल बिकास मैले बनायेको भन्ने ले किन  भदौ 23 गते मैले गोलि चालाउन order  दियेको किन भन्न न सक्ने?❤❤❤❤❤,kp oli,election_data.csv,comment,mixed
Bharastchari hatyara KP woli jindabad,kp oli,election_data.csv,comment,latin
Question grnu nskne ley k interview liyeko mula pturkar 😡😡😡😡😡😡😡😡,kp oli,election_data.csv,comment,latin
Hona yo buda lai jel kina nhaleko tirro manxe maryo r pni lukdai vukdai x yo fuli bude ley k greko ho pm hunu vnda aagadi t jel halnu prx vndai thiyo thauma puge pxi chup chap,kp oli,election_data.csv,comment,latin
Nonsense hawa kura garcha sunna pani pressure badne,kp oli,election_data.csv,comment,latin
"अेालि एउटा कुकुर हेा,भन्दा अनुयुक्त नहेाला",kp oli,election_data.csv,comment,deva
आशा त केही छैन तर यो अन्तरवार्ता गर्ने मुन्छे बुज्ने झै लागेथो तर रहेनछ। झोले,kp oli,election_data.csv,comment,deva
४ पटक प्रधानमन्त्रीको विचार यस्तो हुन्छ?,kp oli,election_data.csv,comment,deva
कस्तो मानसीक्ता भयको मान्छे हामीले भोगीराछौ,kp oli,election_data.csv,comment,deva
😂😂😂😂chor yoo,kp oli,election_data.csv,comment,latin
बोल्न पनि रतीभर लाज लाग्दैन रहेछ,kp oli,election_data.csv,comment,deva
धन्यवाद केपि बा जनताको मनमनमा बस्नु भएको छ । केही अराजक तत्वले घृणा गर्दैमा केही फरक पर्दैन हामी जस्ता युबा तपाईंको साथमा छौ । ❤️🙏,kp oli,election_data.csv,comment,deva
Kp chor shale phata thuka,kp oli,election_data.csv,comment,latin
Thuka chyal gu khayaea chuas ral ha ha ha,kp oli,election_data.csv,comment,latin
"सुन्नुहोस् यीनका जालीझेली कुरा, सतर्क हुनुपर्छ सबैजना।",kp oli,election_data.csv,comment,deva
74 जना जेन्जिको रगत पिउने केपी ओली नरपिचास हुन् ।,kp oli,election_data.csv,comment,deva
7 भाई मध्येको एक भाइले सुन पानी छर्किदै छ । Hehehe,kp oli,election_data.csv,comment,mixed
यी ओलिको भोट भक्तपुरमा दिन्छकी झापा ५ मा निर्वाचन आयोगमा स्थाई ठेगाना भक्तपुरको छ,kp oli,election_data.csv,comment,deva
Yesta mancha ko interview leara pohkat ma time loss garako,kp oli,election_data.csv,comment,latin
एउता बुधी लाई ब्याउनी बनाउन नसक्नी ले देश बनाउन सक्छ,kp oli,election_data.csv,comment,deva
बाहिर र भित्र त चुनाब पछि थाहा भैहाल्छ नि तेरिमाचिक्नी आँदे चोर,kp oli,election_data.csv,comment,deva
Jutta chappal samma Kiner laune hyisiyat navayeka netaHaru ...ahile janata Becher saukh garera bilasi jiwan bitairaheka xan...thukka<br>Ab aakha kholau....imandar byakti rojau...vrastachari lai bahiskar garau,kp oli,election_data.csv,comment,latin
Yo sab aakros Nepali Janata ma tesai aaeko hoina ni...nepalka nalayak varsta netaharu  ko kusasan le Garda vayeko ho....purana party ra teska netaharulai  boycut garau...vote magna aauda khedau.....new ra sahi person lai jitayer  pathau ...,kp oli,election_data.csv,comment,latin
यो कान्तिपु भन्ने पत्रुकार हरु सबै ओलि को हलि हो कि के हो यस्ता अपराधी लाई सधै बुइमा बोकेर हिंड्छ,kp oli,election_data.csv,comment,deva
Kanun ta kp khalt maa hunxa tasai ko lagi bhot change garnu parxa,kp oli,election_data.csv,comment,latin
हत्यार बलत्कारी हिम्सक अहंकारी चोर गुण्डा लुटेर भ्रष्टाचारी के पी बोली ।,kp oli,election_data.csv,comment,deva
We luv u k.p ba we need u again vote for k.p ba.,kp oli,election_data.csv,comment,latin
KP Oli jiu Kati choti  pradan mantri honu vayo  Tara sukum basi bebasta garnu vayko ki ukhan tukka mattrai janta ahe dinu vayko  ho.,kp oli,election_data.csv,comment,latin
काे बाहिर काे बालेन पनि नेपाल काे हाे 😂😂😂,kp oli,election_data.csv,comment,deva
"Interview line tarika k ho yesto,,, hawa management podcast ho ki interview",kp oli,election_data.csv,comment,latin
Bhadari mara papi kp balhatyara kalo kp,kp oli,election_data.csv,comment,latin
Antim time ko chatpathaat,kp oli,election_data.csv,comment,latin
Aru desh ko kura garera example dine yo khate le tee desh kaa leader haru ko guu khaa na muji jathaa,kp oli,election_data.csv,comment,latin
Yo khate kahilai sudrine haina yo vanada ta khet jotne goru pani sajilai sudrinxa,kp oli,election_data.csv,comment,latin
Mula pahile America jasto bana desh ani balla America ko example de<br>Ani aarko kura singhadurbar janta le aafno mahasus huney gari kaile kam gareu timiharule <br> j boleni vaxa,kp oli,election_data.csv,comment,latin
Pm  ko lga mli hruo 3 days pachi 🇳🇵 bhawana devi aid krishana god sathi cover ♥ hanro shuma grula fum ckamndo❤🚩🇵🇰🇳🇵🇮🇳🎉,kp oli,election_data.csv,comment,latin
Kriykam xa bhani la lara audixen mann athethi bbr kabi kabita shanti karti asnati❤🗣🤹🧘‍♀️🧖‍♂️🧖‍♀️🧖🤺🏇🏿🧗‍♂️🏂🎉👅🙏💯🖤🤎💜💜💙💙💚💛🧡💖💗💓❣💔💔💝💘💌💋😝🤪😜😛🍎🍊🍋🍍🍯🍺🍻⚽️🏓⛳🚩🇮🇳🇳🇵tyar hi deye 3 arun bhandari dahandi bishiw dai neuoani thrtha axharya kathmandu model institute bicc paxdi samgenuho by teik kpi olidai bhawana daevi riamal kraishana god bibek bhattarai baburaja samjna thpili sumpakoxu bat hako xena❤🚩🇳🇵,kp oli,election_data.csv,comment,latin
Aja❤bide arju buju nearni Lara party ko smbad adebsan ko barma Kota meeting garnhoki Berlin hunuxa bhanalago excited garna divs setup jump higum lugm cesium bol bomb Shiva om 🕉🕉 kp oli ba ko ba ko  hom sure ma thna tan 💖 ksri pdukna thatauna cdkuna sdkuna 🔫❤🚩🚩🇮🇳⛳🎿🤿🎣🇮🇳🇳🇵🇰🇳🇭🇳🇭🇳🇭🇳🇬🇷🇬🇸🇬🇶🇲🇵🇲🇵🇳🇺🇳🇺🇵🇰🇵🇰🇵🇬🇵🇫🇵🇦🇳🇮🇴🇲🇵🇼🇵🇼🇵🇹🇸🇻🇸🇴🇸🇴🇸🇷🇸🇸🇹🇬🇹🇬🇹🇫🇸🇿🇹🇦🇹🇴🇹🇷🇹🇲🇹🇴🇹🇻🇺🇳🇺🇳🇺🇿🇻🇳🇻🇳🇻🇳🇻🇳🇻🇳🇺🇾🇺🇾🇼🇫🇼🇫🇼🇸🇽🇰🇲🇪🇲🇪🇪🇦🇪🇦🇧🇧🇧🇧🇧🇧🇧🇧🇧🇧🇧🇧🇧🇧🇧🇧🇦🇶🇦🇶🇦🇷🇦🇿🇦🇿🇦🇴🇦🇬🇦🇬🏴‍☠️🏴‍☠️🏴‍☠️🏴‍☠️🏳️‍⚧️🏳️‍⚧️🏳️‍⚧️🏳️‍⚧️🏳️‍⚧️🏴🏴🏴🏴🏳️‍⚧️🏳️‍⚧️🏁⚽️🎾🏓🌍🌎🌏🌅🌅🌄🎠🚆🚆🚅🚄💒💒🏨🚁🚁🪂🛫🛬🛩✈🛰🛸🚀🚡🚠🛎🚟🕗🕗🕗🕗🕗🕗🌘🌗🌖🌕🌕🌔🌓🌒🌚🌛🌜🌡☀️🌝🌞🪐🌟🌠🌌☁️⛅🌤🌬🌬🌬🌬🌬🌬🌬☃️⛄☄🔥💧🌈🌈🌈🌈🌈🌈🌪🌪🌪🌪🌪🌠🌠🌠🌌🏓🏓🏓⚽️⚽️⚽️⛳⛳⛳⛳♦️♦️♥️♠️🪆🖼🖼🎴🗂✒✏🗳🗳📮📬📭📨📦📩📥📪⚔⚔⚔⚔⚔⚔🪝🪝💊🩸💉🩹🚬🚬🚬🚬🚬🚬🚬🚬🚬🚬🚬🚬🚬⚱🗿🪧🇨🇰🇨🇾🇨🇾🇨🇾🇨🇾🇨🇾🇨🇾🇨🇾🗿🗿🗿🗿🗿🗿🗿♣️♣️♠️♠️♠️♣️♠️♠️♣️♣️♣️♣️♣️♥️♥️♦️♦️🪆🪅🪅🪅🪅🪅🧸🪅🪅🪅🍺🍻🍻🍺🍯🍹🍯🍺🍯🍻🍯🍺🍯🍺🏺🏺🍻🍻⚱⚱🚬🧋🔪🥄🍽🥢🧃🏺🗣🗣🗣🗣🗣👤👤👤👥🫂🫂🦲👣👣🧘‍♂️🧘‍♂️🧘‍♀️🧘🤹‍♀️🤹‍♀️🤹‍♂️👭👭💏🤸‍♂️🤸‍♂️🤸🤼‍♂️🤼🚣‍♀️🏊🚣🏊‍♂️🚣‍♂️🏄‍♀️⛷🏄🏂🏊🚣🤺🏇🏿🏇🏿🧖‍♂️🧖‍♀️🧖🧖‍♂️🧖🧗‍♂️🧖‍♂️🧗‍♂️🧖‍♂️🧖🏂🧖‍♀️🧖‍♂️🧖‍♂️🧖🧖‍♂️,kp oli,election_data.csv,comment,latin
त हरामिले बालबालिका मारेपछी जलाउने काम  भएको हो धेरै घुमायर कुरा नगर हत्यारा भ्रष्ट,kp oli,election_data.csv,comment,deva
सम्बृद्ध नेपाल र सुखि नेपाली बनाउन नै नेपाली जनता प्रत्येक नेपालि जनताको टाउकामा झण्डै लाख रुपैया राज्यको ॠण पुगेको l हरेक नेपालीले नेतापाल्न लाइ त्यत्रो पैसा तिर्नुपर्ने भयो l उखाने कुरा कति सुन्नु हौ l,kp oli,election_data.csv,comment,mixed
Kp Oli jyu sachikai mahan ho sabai le bujhnu parxa.,kp oli,election_data.csv,comment,latin
Yasto manche   Desko pm banyo ! Dhikkar chha !,kp oli,election_data.csv,comment,latin
Both look shit 😂,kp oli,election_data.csv,comment,latin
Brainless shit !,kp oli,election_data.csv,comment,latin
Kasto poor sound,kp oli,election_data.csv,comment,latin
तपाईकाे  पार्टीमा लाेकतन्त्र छैन ?,kp oli,election_data.csv,comment,deva
"पार्टी चाहिँ सक्ने नै भए यपनले , पक्का हाे ?",kp oli,election_data.csv,comment,deva
तपाईले जे गरे पनि ठिक भनिदिए हुने हाे ? यस्ताे अतिवादी अडानले हाे देश बन्ने हाे ?,kp oli,election_data.csv,comment,deva
"थुक्क बुढा ! कस्ताे ढिट ? अाफ्नाे रत्तिभर कमजाेरी नदेख्ने अनि प्रधानमन्त्री हेलि चढेर भाग्नु पर्ने अबस्था अायाे , फेरि पनि सरकार  दुरुस्त थियाे ? कस्ताे ढिट ?",kp oli,election_data.csv,comment,deva
कस्ताे कुतर्क ? भुकम्प र विद्रोह एउटै कुरा हाे र ?,kp oli,election_data.csv,comment,deva
अान्तरिक कारण चाहिँ पटक्कै थिएन !,kp oli,election_data.csv,comment,deva
कुतर्क अाेलीकाे ! गैरजिम्मेवार प्रस्तुतीकरण !,kp oli,election_data.csv,comment,deva
kati lamo question suru mai ?,kp oli,election_data.csv,comment,latin
Jhurrrrrrrrrrrrr audio,kp oli,election_data.csv,comment,latin
यो पत्रकार हो कि तलुवा हो,kp oli,election_data.csv,comment,deva
शुभशंकर कडेलले ओलीको अलिक चाकडी गरे।,kp oli,election_data.csv,comment,deva
एस्लाई टुडी खेल मा लगेर झुन्ड्याउनु पर्छ । साथै नेपाल सबै पार्टिको टप १० नेता हरु लाई जिउदै जलाए पनि फरक पर्दैन । कम्ती मा जन्म कैद चाइ हाल्नु पर्छ । देश खत्तम बनाएको हुनाले आम कार्बाइ गर्दा पनि हुन्छ । अब देश ले नयाँ बाटो लिनु पर्छ । भ्रस्ट्चार बाट कमाएको अकुत सम्पती कम्ती मा ३ पुस्ता र नाता गोता सम्म को सम्पती मा गम्बिर छान्बिन गर्नु जरुरी छ । स्रोत नखुलेको अवस्थामा सबै सम्पती जफत गरी रास्ट्र को ढुकुटी मा तानु पर्छ । समलग्न परिवार सद्स्य वा नाता गोता सबै कानुनी दायारा मा ल्याउनु पर्छ । एस्त हरामी नेता हरु लाई फेरी फेरी चुनाब मा भोट हाल्ने गोबर लोबी पापी जनता लाई पनि मुख मा गु किच्नु पर्छ ।,kp oli,election_data.csv,comment,deva
देश र जनताको हितको लागि फेरि पनि एमाले फेरि पनि केपी ओली,kp oli,election_data.csv,comment,deva
"डिस्ट्रवेन्सलयत्राे छ के हेरेर प्रडक्सन गरेकाे,,गाँजा काे झ्उाप मा ईडिटिङ्ग गर्या हाे कसाे,,आईन्दा यस्ताे भयाे भनी बन्द हाेला है च्यानल😂",kp oli,election_data.csv,comment,deva
"Ek number corrupt muji kukur oli,",kp oli,election_data.csv,comment,latin
"Yesto machikne kukur neta re, thuikka muji kukur, We dont wanna see ur face....you fuckn kukur oli",kp oli,election_data.csv,comment,latin
भदौ २३/२४ निमतिनु को मुख्य बेक्ती।,kp oli,election_data.csv,comment,deva
यो पत्रुकार यो मादर्चुत ओली यो रन्डीको औलात पत्रुकार छी,kp oli,election_data.csv,comment,deva
Good and straight questions.,kp oli,election_data.csv,comment,latin
वलिले जति कुरा गरे पनि वलि कति जीम्मेवारहिन मान्छे हाे भन्ने कुरा जेन्जि आन्दाेलनमा भागेर आफ्नाे हैसियत देखाइहाल्याे।,kp oli,election_data.csv,comment,deva
Record ramro bhauena hajur,kp oli,election_data.csv,comment,latin
"Yasta kamjor patrakar,hansera lalakluluk bhaera gambhir rupma eutapani prasna sodhna sakena.Thukka Yasta pani patrakar",kp oli,election_data.csv,comment,latin
बच्चाको आवाज अन्तरबार्ताकारले नसुनेझै लाग्यो।,kp oli,election_data.csv,comment,deva
"स्टुडियो हो कि गुन्डुको नवनिर्माण दरबार ? मसिनको आवाजले प्रभावित गर्यो , फेरी अध्यक्ष का प्रत्यासी।",kp oli,election_data.csv,comment,deva
"Autai party ko manche haru ko gaf chaldai racha yeta, thukka yesto pani interview aray",kp oli,election_data.csv,comment,latin
खुराफातमा व्यवस्थित एमाले यसका नायक ओली।ऋण बोकाएर भाबि सन्ततिलाई बोझ थप्ने नायक।,kp oli,election_data.csv,comment,deva
Yo kukur lai kina interview liyako sala napaugsak nalayak,kp oli,election_data.csv,comment,latin
"Thukka paji , medicine ko double dose khayecha ki kya ho yesle ? 2 tihahi ler aune re . Hahahahaha",kp oli,election_data.csv,comment,latin
प्रतिक्रान्ति र आतंक पक्कै हो । सरकार बाहिर भित्र कतैबाट पनि देशद्रोही र बिधन्सका मतियारहरुलाइ कानुनको कठघरामा उभ्याउन ढिला गर्नु हुदैन ।,kp oli,election_data.csv,comment,deva
भान्सा मा भात पकाइराको मान्छे लाई टाइ लगायर पत्रकार बनायछ्न 😂,kp oli,election_data.csv,comment,deva
यत्ति को महाघमन्डी मान्छे जगतमा कोहि छैन होला ।<br>यहि घटना अरु प्रधानमन्त्री र पाटिको पालामा हुन्थ्यो भने यिनले  बाँङ्गा अौला ठडाएर कति कुर्लन्थे होला। अहंकारी मान्छे।,kp oli,election_data.csv,comment,mixed
यो नालायक कैले मर्छ यार <br>यो नेपालको लुपन्मुख ब्यक्ति हो छिट्टै माटोमुनी गाडेर राख्नु पर्यो,kp oli,election_data.csv,comment,mixed
Tero ta dhad bhachna Baki cha,kp oli,election_data.csv,comment,latin
Sala fata bolni kehi tha xoina vnyarw,kp oli,election_data.csv,comment,latin
देशको प्रधानमन्त्री को बोली कति गैरजिम्मेवार  !!!!!!,kp oli,election_data.csv,comment,deva
Randi ko ban chor,kp oli,election_data.csv,comment,latin
यो असक्ष्यम र सपना जस्तो अहङ्कार मात्र भको छिट्टो ठेकान लाउनु पर्छ सबै भडकाउनु लाग्यो,kp oli,election_data.csv,comment,deva
sarbocha ma pheri aago lagna sakxa sansad punarsthapana bhayena bhane kina bhane sarbocha ko purba ko najeer bhanda bahira gayera phaisala garyo bhane.,kp oli,election_data.csv,comment,latin
parda ko paxadi bata ko ko thiye ra desh ma bipaksha ko jimmewari k hunxa.aago lagaune,kp oli,election_data.csv,comment,latin
parchand RSP ko sadyantra inquri hunu parxa.,kp oli,election_data.csv,comment,latin
भ्रष्टाचारिको नाइके हत्यारा ओलि,kp oli,election_data.csv,comment,deva
Yesko gamabdale dwsh karani vako ho,kp oli,election_data.csv,comment,latin
Kp fataha ho,kp oli,election_data.csv,comment,latin
यो केपि ( खड्गे) र पत्रकार दुबै गान्धिमाक्सका विर्य हुन- देश वेचिसके- यिनिहरु कथित राजनितिको नाममा अपराध गरेर आएका दलाल हुन् । यिनिहरुको( गान्धिमाक्सको) समुल अन्त गरि हाम्रा मौलिक नेपालवाद( बिभुति) को सिदान्त सहित राजासंस्था स्थापना नगरे देश विदेशीले खान्छ- हामीलाई तातो गोली र बुठ हान्छ । हान्छ हान्छ ।।,kp oli,election_data.csv,comment,deva
"फटाहा , मुजि  , हुति हारा , भ्रष्ट  ,  कुकुर",kp oli,election_data.csv,comment,deva
हतेर हो यो केपि,kp oli,election_data.csv,comment,deva
केपिवलिनेपालि।कोभगवानहो।,kp oli,election_data.csv,comment,deva
Solty karyakram pura naani sutechha aba daal dadyo hola kati sitty lagi sakyo local bhale jasto lagyo,kp oli,election_data.csv,comment,latin
Chor gaddar bharastra chari ko interview line media pani jhole nai ho,kp oli,election_data.csv,comment,latin
"कस्तो लन्ठु पत्रकार रहेछ ,घरि बच्चा रुन्छ घरि कुकरले सिट्ठी बजाउँछ । विचरा केपी बा बालकोट दरबारको राज बाट आज गुण्डाको भान्सामा सरण लिन परेको छ त्यैपनि म नै एमाले हुँ र एमाले नै म हो भन्ने अहंकार जस्ताको तस्तै छ । त्यसमाथि प्रतिस्पर्धामा रुझेको बिरालो जस्तो ईश्वर पोखरेल । सकिन्छ एमाले आगामी चुनावमा । ६ लाख कार्यकर्ता छन् भन्छन् पाँच लाख भोट देसभरमा आउला जस्तो छैन । २०४५ साल देखि रगत र पसिना बगाएको पार्टी आज यो अवस्थामा पुग्दा दया लागेर आयो । ६४ मा माकुनेले जस्तो हालतमा एमाले लाई पुर्याएको थियो आगामी चुनावमा ओली ले त्यो भन्दा दयनिय बानएर छोड्ने भयो । के गर्नु युवा जति विदेसमा एमालेको नेतृत्व लिने आँट भएको कोहि युवा रहेनछन् देसमा ।",kp oli,election_data.csv,comment,deva
dislike kti aako hola,kp oli,election_data.csv,comment,latin
Asti darayar questions sodi ratho yo jhole aaj kp ko chhauro rhx..ke sodheko ..ali timepass greko...loser ke kura sunnu ...boycott kp jhole,kp oli,election_data.csv,comment,latin
यो के पि चोर लाई देशको भन्दा महाअधिबेशन को चिन्ता छ साले भगुवा फुट,kp oli,election_data.csv,comment,deva
नेपालमा रहेकाहरू  धेरैजसो निम्न वौद्भीकता भएका भेँडाहरू झुण्ड हो । हावामा  कुद्छन । गाली गलोच र पर पीडामा रमाउँछन ।  यीनिहरूलाइ कुराको चुरो वुझाउन एकदम गार्हो छ ।,kp oli,election_data.csv,comment,deva
प्रचण्ड सग प्र मन्त्री आलाेपालो भन्ने बेला प्रचण्ड सेरे भन्दा ओलिनै ठिक भन्ने जमात थियो रबि अभियान्ता ज्ञानेन्द्रले त हामी साथ दिन्छौ भन्थे  बिस्लेसक डाक्टर हरु ओलि नै ठिक भन्थे  य्यहि भयर संसद बिगठन गरेकाे,kp oli,election_data.csv,comment,deva
राजाबादिलाई लाग्याे यति गरेसि राजा आउछ रास्वपालाई लाग्यो रबि छुट्छ प्रचण्डलाई लाग्याे मेरै पालो,kp oli,election_data.csv,comment,deva
Chhi chhi,kp oli,election_data.csv,comment,latin
केपि छिटो छोड पार्टी,kp oli,election_data.csv,comment,deva
Yasko mukh maa laamo kochnu parne.hoina kate ghamanda ho?,kp oli,election_data.csv,comment,latin
"ए तोरी पत्रुकार, कुरो सधारण छ, अहिलेको सरकार अबैधानिक हो भने ६२/६३ को आन्दोलन पछि बनेको सरकार पनि अबैधानिक होला नि।के देश त्यो भन्दा अगाडि लगेर पहिलेकै संविधान ल्याएर राजा ल्याउने?अच्चम छ, देशलाई अगाडि बढाउने सोछ राख्नु छैन आफू सहि अरु गलत भन्ने प्रबृतीले नै यो अवस्था आएको हो। जहाँ पनि खुरापत गर्ने कस्तो बिडम्बना हो?",kp oli,election_data.csv,comment,deva
सिंहदरबार जलाउने तोडफोड गर्ने कुत्ताहरू र हार्दिक श्रद्धाञ्जली यो घमण्डीलाई सत्ताबाट बाहिर फालौँ छिटो।,kp oli,election_data.csv,comment,deva
यिनको छोराछोरी भएको भए उनले पनि यिनको कुरा मन पराउने थिएनन् होला? अष्ट लक्ष्मी शाक्य ले कुन्नी?,kp oli,election_data.csv,comment,deva
Intervew of 🐵DAD &amp; SON 😎This interview is very bad in time.,kp oli,election_data.csv,comment,latin
Intervew of 🐵DAD &amp; SON This interview is very bad sad.,kp oli,election_data.csv,comment,latin
Both are Nonsence! Wahiyat gaf...,kp oli,election_data.csv,comment,latin
बाउ छाेरा भेट भएछ,kp oli,election_data.csv,comment,deva
Emale vanekai vrastachari parti ho 😂😂😂😂😂😂,kp oli,election_data.csv,comment,latin
Pressure kukar po adkinxa hola he ai😂😂😂,kp oli,election_data.csv,comment,latin
"जेन जी ले मात्रै २४ गतेको बिध्वंस भएको होइन रहेछ,जहाँ कंग्रेस ,एमाले ,माओवादी लगायत धेरै पार्टीका नेता कार्यकर्ताहरु संलग्न भएछन् भने सरकार  वा प्रतिपक्षका शीर्ष नेताहरूले आफ्नो कुनै गल्ती नै छैन भनेर लाजपचाउन मिल्दैन ।पहिले तीनकुने घटनामा एउटा निश्पक्ष स्वतन्त्र छानबिन आयोग बनाउनु पर्छ भन्दा पर्दैन भन्ने कंग्रेस एमालेको पूर्व सरकारले हालको सरकारले बनाएको छानबिन आयोगलाई अबैध भन्न लाज लाग्दैन  ?",kp oli,election_data.csv,comment,deva
भरस्टचारि चुपलाग,kp oli,election_data.csv,comment,deva
Kp oli jindabad vision vayeko neta salute cha.,kp oli,election_data.csv,comment,latin
यो द्रोही चोरको अनुहार हेर्न। मन छैन भन्छन् त ।,kp oli,election_data.csv,comment,deva
Hoina tyo cooker ma chai k pakako hau...vaisi Ko kutta ni ho ki k ho...10 city lagisako ta...ajai pakena😂😂😂,kp oli,election_data.csv,comment,latin
यस्तो घटिया मान्छे नेपालि राजनितिमा अर्को देखिन।,kp oli,election_data.csv,comment,deva
"Hatyara oli lai marnu parcha 😡😡Arajakta ko jad yehi fataha,",kp oli,election_data.csv,comment,latin
हैन यत्रो जलाउने थाहॅा थियो भने किन होसियार साथ protection तिर नलागेको त? तुरुन्तै सेनालाई Road मा २४ गत्तेको बिहान नै army किन नझारेको ? आफै भन्छ मलाई सुचाना नै भएन पनि भन्छ कस्ता भएर प्रधानमन्त्री बसे छ नी ?,kp oli,election_data.csv,comment,mixed
Yo Kukhyaat Dalal Lootera deshdrohi hattyara Khate ukhane Bahadur paagal lai pakrau garna kina dhilaa 😅 ???????,kp oli,election_data.csv,comment,latin
Rasta ghati hattiyara kp oli bade rip rip,kp oli,election_data.csv,comment,latin
A chor vasta Dalal hattiyara oli madar chud yo sabai taile 4osal dekhe sikako hoina ra gunda ko Nike ta hosni main,kp oli,election_data.csv,comment,latin
"Hajar barsa ma yestu chutiya paida huncha, badluck Nepal ... U will shock in this election",kp oli,election_data.csv,comment,latin
बाको कुटि अर्को आन्दोलनको लागि तयार गरियोस 😅,kp oli,election_data.csv,comment,deva
gahan ra gambhir bhayera sabai nepali le sochnai parne ra bujhnai parne mahatwapurna kura garnu bhako xa kp oli le hola katipaye  jawaf chitta nabujhdo bhayepani samagra ma uha ek rastrabadi neta ho ra 23 ra 24 ko aandolan ko  sahara liyera aafno udeshye pura garna deshi bideshi shakti haru lageka hun kp oli lai villian banayer  kp oli sarkar dhalera sampurna jimma kp oli ma thoparera ra kp oli ra amale party lai sidhauna khojiyekai ho bhanne bujhinxa jasko lagi nirdosh zenz yuba haru ko ragat ko kholo bagaune batabaran srijana gariyekai ho bhanne nai bujhinxa,kp oli,election_data.csv,comment,latin
पत्रकार कथा सुन्दै हुनुहुन्छ,kp oli,election_data.csv,comment,deva
"Oli should be held accountable for the deaths of young people during his tenure as Prime Minister.<br>It is deeply concerning that the media continues to offer him a platform to speak. Given his track record, he should be facing legal accountability, not media attention.<br>Oli’s actions during the protests—when young citizens tragically lost their lives due to police violence—warrant serious investigation. As the leader at that time, he must take responsibility.<br>His recent attempts to censor social media reflect a broader pattern: suppressing dissent, limiting freedom, and keeping the public uninformed. His approach appears rooted in outdated, authoritarian ideals. It is vital for a democratic society to hold such leaders accountable and uphold truth, transparency, and justice.",kp oli,election_data.csv,comment,latin
"मैले त्यो इन्टरभ्यू हेरेँ…<br><br>त्यो इन्टरभ्यूमा एउटा कुरा धेरै स्पष्ट देखिन्थ्यो—<br>पत्रकारको भूमिका प्रश्न गर्ने भन्दा पनि समर्थन गर्ने जस्तो देखिन्थ्यो।<br>कुनै पनि पत्रकारको पहिलो जिम्मेवारी हो:<br><br>✔️ प्रश्न गर्न<br>✔️ चुनौती दिन<br>✔️ सन्तुलित कुराकानी गर्न<br><br>तर यहाँ त सबै कुरा पहिले नै तयारी गरिएको स्क्रिप्ट जस्तो महसुस भयो।<br><br>पत्रकारको आवाज तटस्थ हुनुपर्नेमा,<br>यो इन्टरभ्यूमा पत्रकार नै एउटा पक्षको प्रचारक जस्तो लाग्यो।<br>यस्तो इन्टरभ्यूले जनता भ्रममा पार्छ,<br>किनकि मिडियाको मूल्य नै स्वतन्त्र र निष्पक्ष हो।<br><br>र यस्तो घटनाले केही ठूलो समस्या देखाउँछ:<br>नेपालमा मिडिया र नेता बीचको दूरी घट्दै गएको छ।<br>पत्रकारले सत्ता होइन, सवालको पक्षमा उभिनु पर्छ।<br>इन्टरभ्यूले नेताको छवि बनाउने काम गर्नु हुँदैन,<br>जनताको आवाज प्रतिबिम्बित गर्नुपर्छ।<br><br>अन्त्यमा एउटै कुरा:<br><br>पत्रकारिता प्रश्न सोध्नु हो, प्रशंसा होइन।<br>इन्टरभ्यू संवाद हुनुपर्छ, स्क्रिप्ट होइन।",kp oli,election_data.csv,comment,mixed
"Na cheteko vaneko yei ho <br><a href=""https://www.youtube.com/watch?v=1qhQ4BPE9No&amp;t=4588"">1:16:28</a>",kp oli,election_data.csv,comment,latin
पत्रकार  गतिलो भएना,kp oli,election_data.csv,comment,deva
"आन्दोलन  हाईज्याक भयो भन्छन, फेरी बालबालिका युवाहरुलाई गोली टाउकोमा ताकी ताकी किन हानेको ? मर्न त हाईज्याक गर्नेहरु मर्नुपर्ने होईनर? यो त ओलीजीको कुन्ठा र असफलताको पराकाष्ट लाग्यो ।",kp oli,election_data.csv,comment,deva
Yo Mula patrukar raixa qst sodhana ni darai darsai has era sodherako cha,kp oli,election_data.csv,comment,latin
dislike kti aayo hern millne banaunu paro ....waha gaphadi.......ukhan tukkka....kin ahile  samm jiudo x yo.....80 jana marne lai kohi t maree diu n.....,kp oli,election_data.csv,comment,latin
Kp ba sahi neta hun,kp oli,election_data.csv,comment,latin
KP Oli Go Back from uml party. Crupted and criminal . Plzz arrest to kp oli as soon as possible.,kp oli,election_data.csv,comment,latin
Gunduma basera gundagardi garnapani ramraihola ta?,kp oli,election_data.csv,comment,latin
He is mentally sick.,kp oli,election_data.csv,comment,latin
फन्टुस तर्क नगरौ न हो! यत्रो powerful PM भएको मान्छे!,kp oli,election_data.csv,comment,mixed
I love you kp baa ❣️❣️,kp oli,election_data.csv,comment,latin
Yesto kukur lae  interview lene kasto patrukar?,kp oli,election_data.csv,comment,latin
महान नेता केपी ओली जिन्दाबाद,kp oli,election_data.csv,comment,deva
Good kp Oli,kp oli,election_data.csv,comment,latin
je hos euta samajik sanjal niyaman tarika janena bhaneko baye. ..kuro gatlagdo chha,kp oli,election_data.csv,comment,latin
हत्यारा badi bolxas jatha,kp oli,election_data.csv,comment,mixed
Marni bela hariyo bas,kp oli,election_data.csv,comment,latin
Desh nai sohaa parne pani pradhan mantri hunxa😂,kp oli,election_data.csv,comment,latin
गरिब जनताको पसिना बगाएको पैसाको खाएर मौलाएको केपी ओली आजभोलि आफ्नै पैसाले खानुपरेको छ। चेरा परिवर्तन भइसक्यो गरिब जनताको चुसेर खाएको रगत बिस्तारै विस्तारै निस्किँदैछ,kp oli,election_data.csv,comment,deva
यस्ता मुझे नेताको इन्टरभ्यु लिनुभन्दा गरिब जनताको इन्टरभिउ लिनु राम्रो होला जस्तो लाग्छ।,kp oli,election_data.csv,comment,deva
नेपालीहरुले चिन्न नसकेको हिरा केपी हुन् 🙏,kp oli,election_data.csv,comment,deva
Nepal’s only visionary and witty leader: kp oli,kp oli,election_data.csv,comment,latin
तिमिहरुले देशै लुटेर खाने जनताको खुन चुसेर खाने जनताको हत्या गर्नेहरु चाहिँ क्रान्तिकारी हुन सक्ने स्याऊ सुन्तला चोरेर खाने चाहिँ क्रान्तिकारी नभएर अपराधि हुने??,kp oli,election_data.csv,comment,deva
Long live kp baa ❤❤,kp oli,election_data.csv,comment,latin
सेरेलाई गर्नु पर्ने भौतिक र शारीरिक लात त यसलाई गर्नु पर्ने गल्ति गरेको हो के केटाहरुले,kp oli,election_data.csv,comment,deva
Yo muji media kp ko jhole ho,kp oli,election_data.csv,comment,latin
गोदि मिडीया 😅😂😂,kp oli,election_data.csv,comment,deva
"&quot;निर्णायक राष्ट्रिय शक्ति निर्माणको संकल्प : समृद्ध नेपाल र सुखी नेपाली हाम्रो गन्तव्य&quot;<br><br><br>देशलाई अगाडि बढाउने, स्वाभिमान उठाउने र राष्ट्रिय हितलाई सर्वोपरि राख्ने शक्ति आज आवश्यक छ। यही संकल्पसहित नेकपा एमालेले ११ औँ राष्ट्रिय महाधिवेशनमा समृद्ध नेपाल, सुखी नेपाली को मार्गचित्र कोरेको छ—कागजमा होइन, व्यवहारमा।<br><br>तर देश विकासको बाटो हिँडिरहँदा भदौ २३–२४ गते  GenZ नामको नारा लगाएर केही नक्कली GenZ नकावधारि विदेशी दलाल–शरणार्थीहरूले<br>सिंहदरबारदेखि सर्वोच्च अदालत, राष्ट्रपति कार्यालयदेखि सरकारी संरचना र ब्यक्तिगत सम्पत्ति <br>जलाउने, तोडफोड गर्ने,<br>लुटपाटको संस्कृति ल्याउने<br>दुई दिनको नाङ्गो खेल देखाए।<br><br>व्यंग्य त के भन्नु —<br>त्यतिबेला &quot;कानुन–कानुन&quot; भन्ने शुसिला कार्की सरकार आजसम्म पनि ती अपराधीलाई कानुनी दायरामा तान्न नसकेर उनीहरूलाई अझै शिर ठाडो बनाएर हिडाउन व्यस्त छ!<br>यो हो हाम्रो न्यायको विडम्बना।<br><br>यद्यपि नेपाली जनताले यस्ता नाटक धेरै देखें।<br>देश चलाउने जिम्मेवारी लिनेलाई जनताले कामको आधारमा हेरिरहेका छन्—<br>त्यही कारण केपी शर्मा ओली प्रति आज पनि विश्वास उस्तै छ।<br>किनकि उनका काम बोल्छन्—<br><br>• कोरोना महामारीमै निजामतीदेखि स्वास्थ्य संरचना विस्तार<br>• प्रत्येक स्थानीय तहमा अस्पताल, पूर्वाधार र सडक विकास<br>• तुइन मुक्त नेपाल अभियान<br>• राष्ट्रिय गौरवका आयोजना अघि बढाउने साहस<br>• विद्युतीय उत्पादन, रेल, जलस्रोत र डिजिटल नेपालतर्फ ठोस कदम<br>• राष्ट्रिय स्वाभिमानमा सम्झौता नगर्ने दृढता<br><br>यी कामले एमालेलाई एउटा नारा मात्र होइन—<br>निर्णायक राष्ट्रिय शक्ति को रुपमा उभ्याइरहेको छ।<br><br>आज प्रश्न उठ्छ—<br>देश जलाउनेहरू किन अझै स्वतन्त्र?<br>देश बनाउनेहरू किन सधैँ निशानामा?<br><br>उत्तर सरल छ :<br>राष्ट्रिय शक्तिलाई लक्ष्य बनाउनेहरू बाहिर–भित्र दुवै खाले छन्।<br>तर जनताले मनमा राखेको दिशा स्पष्ट छ—<br>विकास, स्थिरता, स्वाभिमान।<br><br>त्यही भएर —<br>समृद्ध नेपाल, सुखी नेपाली<br>अब केवल नारा होइन,<br>नयाँ पुस्तादेखि पुराना पुस्तासम्मको साझा राष्ट्रिय आकांक्षा हो।<br><br>-नेकपा एमाले जिन्दावाद ।।",kp oli,election_data.csv,comment,mixed
डेमोक्रेसिमा सबै हुनु तर सुसिला कार्कि जस्तो प्रधानमन्त्री नहुनु😅😅😅😅😅,kp oli,election_data.csv,comment,deva
Jenji le kehi huana Pani ko Pani ho Pani boknere aaja aayra teshto😢😢😢😢,kp oli,election_data.csv,comment,latin
Juna jogi aaya Pani kanchireko kp oli Lai bichar garnu parcha hoiii,kp oli,election_data.csv,comment,latin
Yo patrukar oli ko jhole ho,kp oli,election_data.csv,comment,latin
देशमा यी जनताबाट तिरस्कृतहरुको राम्रो सुशासन ल्याएको भए देशले क्षती व्यहोर्दैन थियो।,kp oli,election_data.csv,comment,deva
Muji pata papi buda,kp oli,election_data.csv,comment,latin
"तिम्रो मुस्कान हेर्दा, मौसमले नै आफ्नो रंग फेर्छ,<br>मौन रातहरू पनि अचानक कविता बन्छन्।<br>ओली, तिम्रो नजरमा एउटा यस्तो जादू छ—<br>जहाँ पुग्नासाथ मनका सबै तुफान हराउँछन्।<br><br>तिमी बोल्दा हावाले पनि सुनिन्छु भन्न खोज्छ,<br>शब्दहरू तिमी वरिपरि फूलझैँ झर्छन्।<br>नजिक हुँदा एउटा अनौठो धड्कन चल्छ—<br>जसले भन्छ, “यही नै हो हृदयले खोजेको स्पर्श।”<br><br>तिमी टाढा हँुदा पनि, मन भने नटाढिने,<br>तिम्रो यादले रातभर बत्तीझैँ बलिरहन्छ।<br>जस्तै कुनै सुरक्षित काख—<br>जसमा हृदयले आफूलाई शान्त भएर हराइदिन्छ।<br><br>तिमीलाई हेरेर म बुझ्छु,<br>प्रेम शब्दमा होइन—<br>कसैको उपस्थितिले<br>जीवन नै न्यानो हुने रहेछ।",kp oli,election_data.csv,comment,mixed
बृद्धवालक,kp oli,election_data.csv,comment,deva
"&quot;त्यत्रो ७० जना मरेपछि २३ गते नै राजीनामा दिएको भए, भोलिपल्ट त्यो घटना हुँदैन थियो। २३ गतेको मात्र होइन, २४ गतेको घटनाको सम्पूर्ण जिम्मेवार पनि केपी नै हुन्, बुझिस् कुकुर! त्यत्रो मान्छे मर्दा पनि बालुवाटारमा मस्ती गरेर बसेको नतिजा होइन र यो? यो कुरा जोकसैले बुझेको छ। केपी सरकारले त्यत्रो मान्छे मारेपछि भोलिपल्ट त्यसको नतिजा देखिन्छ भन्ने कुरा स्पष्ट थियो। यसको जिम्मा लिने मात्र होइन, ओलीलाई त &#39;इन्काउन्टर&#39; नै गरिदिनुपर्छ, नत्र यिनलाई ज्ञान आउँदैन।&quot;",kp oli,election_data.csv,comment,mixed
"राम्रो काम को जस आफुले लिने , दोष जति अरुलाई बोकाउने केपी ओली को पुरानै रोग हो निको कहिल्यै हुँदैन।",kp oli,election_data.csv,comment,deva
"Congress chai chuikka boldo Rainxa ...j kurama...pani chor parti raixa , ma congress thiya aba haina",kp oli,election_data.csv,comment,latin
"KP Ba You are great leader, go ahead we always with you.",kp oli,election_data.csv,comment,latin
Worthless interview,kp oli,election_data.csv,comment,latin
Raj sasta is most important in nepal,kp oli,election_data.csv,comment,latin
K khaalko patrukaar ho yo? Guff gareko ho ki interview liyeko hos????? Kina question garnu nasakeko?????,kp oli,election_data.csv,comment,latin
"यि पत्रकार पार्टीको दासहरुले जनताको प्रस्न गर्छन भन्ने भ्रममा नपरौ,यिनीहरुले त यिनीहरुको मालिकलाइ जनताको नजरमा छारोहालेर चोख्याउना ल्याएका हुन्,तर तिमीहरूको दाल गर्ने वाला छैना,अस्ती भर्खर काङ्ग्रेसको नेता सुनील शर्माले सार्वजनिक सुनुवाइमा भनेको छ कि सबै न्यायलयमा काङ्ग्रेस,एमालेको बफादार माहा झोले हनुमानहरुलाइ न्यायाधीश बनायको छ भनेर अनी यो पार्टी को भन्दा अरुले न्याय पाउछ??? थोरै सम्मान चाहाने भय अब कति बाच्छौ घरमा आरम गरेर बस थोरै भयपनी पाप कट्टी हुन्छ।",kp oli,election_data.csv,comment,deva
"एउटा कथा पढेको थिय मैले,जस्मा दुइजना नेता हुन्छन,एकजना पढेलेखेको बुद्धिजीवी हुन्छ र अर्का माहा मुर्ख हुन्छ,पढेलेखेको ले भन्छ मलाई नेता बनाउ म सबैलाई लुट्ना,भ्रष्टाचार गर्ने सबै अपराध गर्न छुट दिन्छु र अर्का बुद्धिजीवीले भन्छ मलाई जिताउ म तिमीहरूलाइ क्षमता अनुसार काम दिन्छु तर सबै लुटेराले मुर्खलाइ जितायछन्,त्यो मुर्ख केपी ओली हो,,,न यस्को पढाइ लेखाइ छ,न स्वास्थ्य राम्रो न उमेर छ,न भविष्यको चिन्ता छ,अपुतालीलाइ केको मतलब? न यो राम्रो संस्कारमा हुर्केको हो,अनपढ,गवार,बुद्धि विवेकहीन,बृद्वा,हत्यारा,अपराधीले देशको बिकास जनताको हित गर्नु र गोरु ब्याउनु एउटै हो,यस्लाइ साथ दिने सबै लुटेरा,भ्रष्ट,अपराधी,बलत्कारी,माहा मुर्ख,दृशद्रोहीहरु हुन्,जुन व्याबाहारमा छर्लङ्ग छ।",kp oli,election_data.csv,comment,deva
"Jhole patrakar ,",kp oli,election_data.csv,comment,latin
Oli ba tapaiko jun sukai interview heryo jhan janta aakrosit hunxan itehaas kai jhur pm maa ganenu hunxa,kp oli,election_data.csv,comment,latin
Long live KP Oli 🤘,kp oli,election_data.csv,comment,latin
Great leader❤,kp oli,election_data.csv,comment,latin
केपी बा I love yo धेरै राम्रो लाग्यो यो अन्तरवार्ता,kp oli,election_data.csv,comment,mixed
Does Ex-Prime Minister Khadga Prasad Oli think that the vicious cycle of the institutionalized bribery at every agency of the state was constitutional according to the constitution of the federal republic of Nepal ?,kp oli,election_data.csv,comment,latin
He is a great leader,kp oli,election_data.csv,comment,latin
नेपाल र नेपालीको सुन्दर भविष्य निर्माण गर्ने एक राष्ट्रनाय के पी ओली।,kp oli,election_data.csv,comment,deva
कानुन सबै तिमिगरुको कब्जामा छ के कानुनि उपचार खोज्नु,kp oli,election_data.csv,comment,deva
ठिक त केपी ओली रैछन्। केपीको बहिर्गमन पछि विदेशी चलखेलले प्रमाणित भयो। केपी आउ देश बचाउ।❤❤❤,kp oli,election_data.csv,comment,deva
oli lai tel lagauna gaako ki interview lina gako?,kp oli,election_data.csv,comment,latin
kp ba jindabad❤❤❤❤,kp oli,election_data.csv,comment,latin
"<a href=""https://www.youtube.com/watch?v=1qhQ4BPE9No&amp;t=3213"">53:33</a>",kp oli,election_data.csv,comment,latin
"<a href=""https://www.youtube.com/watch?v=1qhQ4BPE9No&amp;t=2636"">43:56</a>",kp oli,election_data.csv,comment,latin
आतंककारी हुन साला चोर हरु यिनिहरु लाई जेल कोच्नु पर्छ ।,kp oli,election_data.csv,comment,deva
Dalal patrakarita,kp oli,election_data.csv,comment,latin
Aba ta chor lai nai marnu parne,kp oli,election_data.csv,comment,latin
Chor rip,kp oli,election_data.csv,comment,latin
केपी बा बाचुन्जेल एमाले पार्टी जिवित हुन्छ ❤❤,kp oli,election_data.csv,comment,deva
Kp oli ❤❤,kp oli,election_data.csv,comment,latin
"भदौ। २३ ,२४ को रगत को होली कस्ले  खेलेको, निर्दोष बिधार्थी  कस्ले मारेको ,यस्तो नर्सहार कस्ले  गर्न सक्छ बिचार गर्नु होस, छानबिन समिति बनेको छ,छान बिन गर्छ  होला ,तर दिमाग लगाउनुस त यो अपराध, लुटपाट, भाटभटेनी माथि  तारगेट , लुटपाट, जेन्जी हत्या, प्रहरी हत्या कस्ले गर्न सक्छ, त्यो काहालीलाग्दो, हत्या कस्ले गर्न सक्छ, सोच्दै जानु,को होला त्यो अपराधी,। यो काम जस्ले गरेको छ त्यो मान्छे रगत खाने ले मात्र गर्न सक्छ, हजारौं मान्छे को रगत खाने ले मात्र गर्न सक्छ,त्यो मान्छे साधारण मान्छे होईन, जस्ले निर्दोष,जनता मार्यो, निर्दोष को रगत खायो, देश खरानी बनायो, परिबार छिन्न भिन्न बनायो , देश को भौतिक सम्पत्ति खरानी बनायो, उस्बेला गर्न  नसकेको  काम अहीले  गरेर देखायो । उसैले २३,२४ को घटना गरायो,।उस्बेला गर्न नसकेको काम गरायो, जस्तै सिंहदरवार जलाउन उहिले सकेन अहीले जलायो, अदालत बाँकी थियो जल्न अहीले जलायो, देश को राजधानी बाँकी थियो जल्नरगत अहीले जलायो, जिल्ला जलायो, अंन्चल जलायो, मिडिया हाउस जलायो,जल्न बाँकी सबै जलायो,  जनता, लाई पार्टी, लाई सेना, प्रहरी,झुक्याउन सफल भयो । उ आफै   सेना को सरणमा लुक्यो, तेती पनी नबुझ्ने , बुझेर पनी बुझ्पचाउने अहीले का लोभिपापी हरू ,पत्रुकार हरू सुरक्षा कर्मी हरू धन्न तिमी हरू । अब त बुझ , देश को लागी बुझ , जनता को लागी बुझ, त्यसलाई जनताको अगाडि ल्याएर झुन्ड्याउने काम गर।",kp oli,election_data.csv,comment,deva
जनता का नेता नेपालीका भविष्य राज नेता के पि ओलि,kp oli,election_data.csv,comment,deva
यो सही कुरा हो। छेपारो ले गरेको छ १००%<br>छेपारो 🦎 Raw को इसारामा चल्ने प्राणी हो।<br>यो लुटपाट र आगजनी गर्न सबै मावोवादी हुन्<br>आगजनी गर्ने माओवादीका को कार्यकता हुन सबै<br><br><br>Love you kb baa,kp oli,election_data.csv,comment,mixed
नेपाल मा कानुनी उपचार सर्बसाधारण को पहुँच मा छैन।किनकी न्यायमुर्ती हरु दलको कोटामा नियुक्त छ्न।,kp oli,election_data.csv,comment,deva
RIP OLI the terrorist murderer..,kp oli,election_data.csv,comment,latin
भ्रष्टाचार विरुद्धमा आन्दोलन गरेका विद्यार्थीलाई टाउकोमा ताकेर गोली हान्ने जस्तो घृणित काम अरु केही पनि हुन सक्दैन। निष्पक्ष छानबिन हुनुपर्छ। हत्यारालाई कुनै पनि हालतमा छोड्नु हुँदैन।,kp oli,election_data.csv,comment,deva
Yo chor ho,kp oli,election_data.csv,comment,latin
सिपाहिले  बिना आदेश गोलि चलाउदैन।किन भने त्यो संगठन सिस्टम र कमान्ड कन्ट्रोल ले चल्छ।,kp oli,election_data.csv,comment,deva
नेपाल ओलीका बाउको बिर्ता हो र ?,kp oli,election_data.csv,comment,deva
Terrorist,kp oli,election_data.csv,comment,latin
Murderer,kp oli,election_data.csv,comment,latin
सभ्य र सालिन संवाद🙏🙏,kp oli,election_data.csv,comment,deva
Yesto pani patrakar toit,kp oli,election_data.csv,comment,latin
Gafadi ukhane,kp oli,election_data.csv,comment,latin
Pagal oli tukke,kp oli,election_data.csv,comment,latin
एमाोले रहने हेा भने येा वुडेा जानुपर्छ,kp oli,election_data.csv,comment,deva
KP baa iloveyou,kp oli,election_data.csv,comment,latin
Kutarka matra garchha ta,kp oli,election_data.csv,comment,latin
"एक मात्र आशा आगामी चुनाव बाट। यसपालीको चुनावमा कुनै दल ले मासुभात, पेट्रोल तथा नोट वितरण भएन। जित हार जो कोही जिते नि त्यति आशालाग्दो नहुन सक्छ ।",kp oli,election_data.csv,comment,deva
रास्ट्र्वादी नेता के पि ओलि ❤❤❤,kp oli,election_data.csv,comment,deva
कुर्सी अली सानो भो की प्रभु ?,kp oli,election_data.csv,comment,deva
yasta maanxe lai media maa nalyaau,kp oli,election_data.csv,comment,latin
kasto hawa 8 class fail chor raixa KP OLi...Pahila goli chalera maanxe mareko kaaranle hoo testo aago laageko. Aago lagera hoina goli chaleko. Janata lai goli haanesi desh maa aago nalaagera k laagxa ta? Janata lai goli haaneko kura chai gardaina...khaali aago aago vaniraaxa. Janata lai Real goli haanesi aago laagxa desh maa jahilei yaad garess chor KP OLi.,kp oli,election_data.csv,comment,latin
Khali arule yesto garyo testo garyo matra vanxa aafule chahi k garyo vannu paryo ni<br> K view tawar banayera desh banxa,kp oli,election_data.csv,comment,latin
Sathaci arba ko galthi garni chai ko ni sun leaune ko,kp oli,election_data.csv,comment,latin
Rabi Lai kasari kudayao Yaad Gara To din haru Aba chai timi Pani kudxau......,kp oli,election_data.csv,comment,latin
Yo choar Lai kina liyaunu Paro,kp oli,election_data.csv,comment,latin
Yo sallla kp ley ukhan tukha ley matrw desh chalako rahicha vanne parmadit vyo 😅,kp oli,election_data.csv,comment,latin
Yo hatyara apradhi lai jogaune mission khorma nahali dis bandina.,kp oli,election_data.csv,comment,latin
आचि भन्दा बाहेक यस्को दिमाग म केही छैन हुन त  अब किडनि त आफ्नो छैन दिमाग काहा बाट हुनु😂😂😂😂😂😂😂,kp oli,election_data.csv,comment,deva
के पि चोर का के कुरा सुन्नु,kp oli,election_data.csv,comment,deva
Yo suita ko anuhar herda kukur ra chyal jastolagchha,kp oli,election_data.csv,comment,latin
सस्कार बिना काे प्रस्न येा नेपाल<br>हाम्रेा हाेइन केपि मात्र हाे भन्ने हिसाव ले,kp oli,election_data.csv,comment,mixed
रविका झाेले  जस्ताे बाेलेर के<br>सेाधे काे येा धमाला ले,kp oli,election_data.csv,comment,mixed
उखान दीये पछि हासने नेताहरूलाई के भन्छ राम राम।,kp oli,election_data.csv,comment,deva
रबि लाई थुनेर ओली ले गुन्डु मा बस्ने मौका पाए।,kp oli,election_data.csv,comment,deva
Chor radiko xoro kp,kp oli,election_data.csv,comment,latin
याे मुजिले २०८२| ५ | २३ २४ काे आन्दोलन अगाडि जे जस्तो सानो तिनाे भ्रष्टाचार गरे पनि २०८२|११|२१ काे चुनावमा बहुमत लिएर आए पनि भ्रष्टाचार गर्न नपाउनेभयो भनेर  एमालेको पत्तासाप हुने भयो केपी ओलिलाई कानुन नलाग्ने साेजाे जनतालाई कानुन लाग्ने देश चलाउने प्रधनमन्त्रिलाई कानुन नलाग्ने जय जेनजि नेपालकाे कानुन गरिब दुखि  र साेजाे जनतालाई जानुन छ जना नेताले नेपालकाे बजेट भ्रष्टाचार गर्न पाउन जय  <br>ग्रेटर नेपाल,kp oli,election_data.csv,comment,mixed
Desh ka nirdos janta marne ahangkari ghamandi pagal budo,kp oli,election_data.csv,comment,latin
Sala  goro karung rail ghar ghar mas bhutwa,kp oli,election_data.csv,comment,latin
"Maanxche jasto bhaye pani Oli jasto bhrashta nahos , Oli ko paalaama samuchai administrative dhaacha nai bhrashta bhayeko xcha , desh barbaad huda pani jockey tukka sunaaune nikrishta charitra ko sarvesarva K.P. Oli 😅",kp oli,election_data.csv,comment,latin
76student.marna.paincha.kp.ji,kp oli,election_data.csv,comment,latin
खुबठुलाेकुरागरे््भनेकाेहाेला,kp oli,election_data.csv,comment,deva
भंडयाआेलिघमनडिकेभनछ,kp oli,election_data.csv,comment,deva
Desh lootuwa chor ho kp oli,kp oli,election_data.csv,comment,latin
"Yeslai ke KO realisation ho bhane Kura chai euta Kalo Kotha ma Layera hath khuta badera nagai Parera sisnu Pani le handai sodnuparcha  ani Bala ke KO realisation ho bhane sabai Kura bhancha ,talai Jyan mara chor fata",kp oli,election_data.csv,comment,latin
Digri padheko le question sodhna sakeko xina..8 pass vayeko lai xixixixixi.. hamro desh..!,kp oli,election_data.csv,comment,latin
मैले नैमेरै पार्टीका साथीहरुले गरेको काम राम्रो रामौ आफैं के भन्दै होइन अरुले भन्नु राम्रो हुन्छ भनेर मलाई चु हिडौ भनेर चुप्प लागेर बसेको तो त चिया खानु भनेर दिऐको थोरै रकम के कुरा गन्नुर,kp oli,election_data.csv,comment,deva
Iaj mardo,kp oli,election_data.csv,comment,latin
Jhole hari hase tara,kp oli,election_data.csv,comment,latin
Teso vaya loktantra mati part le vanako,kp oli,election_data.csv,comment,latin
केपी वली राडीछोरो माचिने चोर लाइ झुन्डा,kp oli,election_data.csv,comment,deva
यो बहुलाई  सङ्ग के सोधी राको    एस्को औकात छैन,kp oli,election_data.csv,comment,deva
Pakalamthu bahun,kp oli,election_data.csv,comment,latin
मा ठास्न्या केपी,kp oli,election_data.csv,comment,deva
एमराज कहाँ जानपनी ५मिनेट ढिलो भयो  क्यार होइन त्यस्तै भनेको सुनिएको थियो,kp oli,election_data.csv,comment,deva
Rip oli kikur,kp oli,election_data.csv,comment,latin
Arabou   khrabou   taile   khyeko   karanle   tyo   ghatna   gateko  ho   kambodiyama   rakheko   paisa   tero  baule  kamayeko ho,kp oli,election_data.csv,comment,latin
Patracarjyu   satte   kurako  satte   jawaf   kina   dedaina  jyanmarale  thttama  panchhau   yes  bare   hajur  harule  shahi  jawaf   napaye   samma   nachhodnu   hola  jyanmarasanga,kp oli,election_data.csv,comment,latin
Yaslai mati tyllai aaglagaunahau,kp oli,election_data.csv,comment,latin
Damalajiko parsnako jawap Kai mukma aaudaina budyskalma jyljanu parxavanyr honi jyl lagaunu ra jylbasnu parakxa dhxa kukurlai aani jawip didaina,kp oli,election_data.csv,comment,latin
Aapai cutoxa kybujnu kuro,kp oli,election_data.csv,comment,latin
Aysko shi kuro sunnalai giccukma hannuparxa,kp oli,election_data.csv,comment,latin
kp oli good,kp oli,election_data.csv,comment,latin
Ysako palama kamisan thiyoni tehivayra muda authena,kp oli,election_data.csv,comment,latin
एस्ता गुन्डा को कुरा सुनेर हुन्छ योत नेपाल बिकास हुननै चाहादैन,kp oli,election_data.csv,comment,deva
Unpaad ko udharan,kp oli,election_data.csv,comment,latin
Kam xaina kp reply dina nasakne,kp oli,election_data.csv,comment,latin
"देशमा, लुटेरा, तस्कर, माफिया, भ्रष्ट, दलाल, बिचौलिया, पाल्ने चोरहरु को नाइके के पि ओली।",kp oli,election_data.csv,comment,deva
के पि ओली को upcoming हरफहरू <br>टोल टोलमा airport बनाउछु।<br>पैसा फल्ने रुख रोप्छु।<br>टुडिखेलमा तेलको कुँवा खन्नेछु।,kp oli,election_data.csv,comment,mixed
ओलीत चोरै हो झोले हरू कसरी हासेको,kp oli,election_data.csv,comment,deva
"Namskar,hajur",kp oli,election_data.csv,comment,latin
याे केपी कहिले सुध्रिदैन है,kp oli,election_data.csv,comment,deva
Talai herne chai ko ta aafai vanta vrastachari desh bechera khane daka ta pradhan mantri huna yogya xas talaita asti nai marnu parne thiyo alikati 5 minute dhilo vako vaye hunthiyo tero sas tehi janthiyo ani tehi helicopterma talai jhundayera kunai jungle ma fyakdinu parthiyo tara aajai pani jantaharuko ris mareko xaina tyo kura chai hekka rakh taile feri alikati galti matra gareko thaha vayo vane yo pali chai talai turdikhelma lagera jhundahinxa herdaija daka chor,kp oli,election_data.csv,comment,latin
भ्रस्टाचार को छानबिन यस्ले बाचुन्जेल खोल्दैन,kp oli,election_data.csv,comment,deva
Kp chor😂,kp oli,election_data.csv,comment,latin
महेस बस्नेत उत्तराधिकारी छ त।,kp oli,election_data.csv,comment,deva
जबाफ दे न उखाने खाते,kp oli,election_data.csv,comment,deva
यहाँ भनदा कति जवाफ चाहिने हाेर?,kp oli,election_data.csv,comment,deva
मर्न नसकेको बुढो,kp oli,election_data.csv,comment,deva
सत्तामा बसेर देशमा आगो लगाउने यस्तो पनि नेता हुन्छ केपिको बोली सुन्यो कि दिमाग सन्किन्छ,kp oli,election_data.csv,comment,deva
जनताको गु खाने मन्त्री फटाहा,kp oli,election_data.csv,comment,deva
Vadhi.  Janne.  Bhayar. Nai. Helicopter. Ma. Jhundinu. Pareko. Ho.   Hain. Ra,kp oli,election_data.csv,comment,latin
Kukur vukdei6,kp oli,election_data.csv,comment,latin
Kura Sunda pani kan ko rong thado vyo ho uff,kp oli,election_data.csv,comment,latin
Ram Ram Amale aba siddiyo,kp oli,election_data.csv,comment,latin
Jay shree hari jay nepal Aama,kp oli,election_data.csv,comment,latin
Tai vayera Nepal ma real gureko ho hahaha 😅,kp oli,election_data.csv,comment,latin
Ukhan tukka mai jindgi gayo jantalai kun disa tarfa lagaune thaha rahenaxa.,kp oli,election_data.csv,comment,latin
Kasle rokyo,kp oli,election_data.csv,comment,latin
Khadka oli jan mara gafadi pagal tera din gaya,kp oli,election_data.csv,comment,latin
थूक तेरे ज़िन्दगी नेपाली लाई ऊखान टूका मै खैईश,kp oli,election_data.csv,comment,deva
kp aafno gard le marne chha,kp oli,election_data.csv,comment,latin
लुटेराको नाइके तइहो,kp oli,election_data.csv,comment,deva
Yo jatho kp pagal ho jpt bolxa,kp oli,election_data.csv,comment,latin
Jai Mato....Mato le matra Desh bachauncha ra banauncha,kp oli,election_data.csv,comment,latin
जुन मान्छेको अनुशासन बुद्धि नेत्रज्योति नै छैन उहीँ केपि ओलिका ठुला कुरा,kp oli,election_data.csv,comment,deva
Gafadi oli chor..Sabai Hawa.,kp oli,election_data.csv,comment,latin
ऋषि धमला ले गर्नु भएको प्रश्न को जवाफ नै दिन न सकेर अन्तिम अन्तिम भनेर भाग्न खोज्दैछ ओलि चल्लाको ढेल पोलि,kp oli,election_data.csv,comment,deva
यलाई यहि बेला पछाडी बाट गोलि ठोक्न मिल्दैन भन्या😂,kp oli,election_data.csv,comment,deva
गफ गर्न मात्र सिपालु छ यो उखाने।,kp oli,election_data.csv,comment,deva
यो कोलि बौलायो क्याहो काम कुरो एकातिर कुम्लो बोकि थिमीतिर,kp oli,election_data.csv,comment,deva
risi sir le gajapko koesan sodno vho tar k p ko cak dhoyera hinne cakadi garne haru le hasoma udayo ni koesan thehi ho vhanera sakyo ghar kharca nacalne janatako karan le pani ho nepal sakkeko sudharma aaw janata,kp oli,election_data.csv,comment,latin
Jasta questions ko testai  jawaph rastra badhi neta good,kp oli,election_data.csv,comment,latin
Kp ba 🙏♥️👍🇳🇵,kp oli,election_data.csv,comment,latin
कुरा बुझ्दा 2 कार्यकाल खाएर गैजाउला सोचेर पहिला त्यो बिधान बनाउनु भए छ अनि किट्नी अलि कडै परेर अर्को कार्यालय पनि खान सकिन्छ भन्ने ठानेर उनले बिधान संशोधन गर्न सकिन्छ भन्दै भारत चीन आदि देशको उदाहरण दी 😂😂😂😂,kp oli,election_data.csv,comment,deva
त चोरले जति रङ्ग बदल्ने अरुको छर नेपाल मा थुक्क उखाने भष्टचारि रक्त पिपसु७६जानकलिलानानि को रगतखायर पनि नअघाउने चोर,kp oli,election_data.csv,comment,deva
Rabi ko chhoraa keboleko laajalaabaen,kp oli,election_data.csv,comment,latin
Ukhane ...... kahile politics bata vishram line ho. युवालाई पुस्तान्तरण गर्ने बेला भयो तर पनि अझै आफूलाई नै अध्यक्ष प्रधानमन्त्री खानु छ कहिले सुधार्ने हो आफूलाई,kp oli,election_data.csv,comment,mixed
उखाने ले के जवाफ दिनु😂,kp oli,election_data.csv,comment,deva
Yo pusta namari desbandaina,kp oli,election_data.csv,comment,latin
Dhamala ko ans yestai ho oli baa ?,kp oli,election_data.csv,comment,latin
मलाई त याे पापिहरुकाे जन्म भयाे अब देस र जनता खानेछ अब लाग्थ्याे बुडा बा आमा चाहिँ केपिले दिये हामिलाई भत्ता भनेर रमाउन बा आमा आज देख्दै हुनुहुन्छ सपना  भताले सता र नानि बाबू खायाे  आँखा अगाडि तेसैले कसैले केही दियाे भने किन र केकाे लागि दियाे भनेर पहिला गहिराई ले साेचौ,kp oli,election_data.csv,comment,deva
Aalu Aalu Aalu,kp oli,election_data.csv,comment,latin
Gafhadi KO  gafhee Chopilo,kp oli,election_data.csv,comment,latin
Kuhe KO  kaju,kp oli,election_data.csv,comment,latin
important.,kp oli,election_data.csv,comment,latin
Xixixi astale k desh chalaix,kp oli,election_data.csv,comment,latin
एस्तो दलाल लाई पनि  नेता मान्नुपर्ने नेपालीको भाग्य पनि कस्तो यार,kp oli,election_data.csv,comment,deva
Ho hamle PM banai sayau. Ta Mula Buda Nepal ko khattam hos. Talai ta jail ma rakni nai ho. Bolni dherai Kam 0000.  Aru ko kina chinta garya aafno Hera. Comedy garera desh vandai. Logic nai chaina yesle boleko. Yesle marya ho student.,kp oli,election_data.csv,comment,latin
"यदि नेपाल नभएको भए वा इस्लाम भएको त मुहम्मद ओली हुन्थेस, तलाई कोरा हानेर, वा घाँटी काटेर मारिएको हुन्थ्यो (हलाल)। झापामा त ले आफ्नो जग्गाधनी र ती ७८ जना बच्चाहरूलाई कसरी हत्या गरेको थिस? नेपालमा कुनै पनि ब्राह्मण मारिएन त्यसैले त बचाइएको छ र कुकुर जस्तै हिँडिरहेको छस? <br>पृथ्वीपथले यो देश बचाए, बचत गरियो आफ्नो पुर्खाको बाटो, पहिचानलाई माया गर्ने मानिसहरू बचाइएको छ,? विदेशीहरू, विदेशीहरूको कठपुतलीहरू, ईसाईहरू, मुस्लिमहरू, वामपन्थी/कम्युनिस्ट जे सुकै झुटा घृणा प्रचार, अफवाहहरू, घृणा कीर्तिपुरेको नाक काट्ने, राई, लिम्बूको हत्या गर्ने, हुम्ला, जुम्लाका महिलाहरूलाई बेच्ने, पर्वतका रानीहरू, २२,२४ राज्यहरू हराएका राजा रानीहरू ,छोरीहरूलाई बलात्कार गर्ने, सबै नक्कली घृणा हुन्, घृणा दासहरू जे सुकै भनून्, फस्टाउन, फहेलाउन उनी किराँत, गोपाल, लिच्छवि, खस, मैथिली युग पछिको आधुनिक नेपाल एकीकरणकर्ता हो? यो उत्तम हो किनभने यो पहिलो आधुनिक इतिहासको मानवीय सिद्धान्त हो, युरोपले पनि त्यो उत्कृष्ट सिद्धान्त विकास गरेको थिएन?<br><br>किन सबैले एकै समयमा लुकाउँछन्, नेपालको दक्षिण, उत्तर-पूर्व, दक्षिण-पश्चिम बौद्ध, हिन्दू, प्रकृतिपूजकहरूलाई के भइरहेको थियो, मुस्लिम, बेलायती, युरोपेलीहरूले आसम, नागाल्याण्ड, कलकत्ता, बिहार, मुम्बई, हैदराबाद, महाराष्ट्र, पञ्जाब, कश्मीर, लाहोर, अफगानिस्तान, तिब्बत, चिनियाँ प्रान्तमा चिनियाँ साम्राज्यहरूले के गरिरहेका थिए सबै लुकाउँछन्, युरोप, अमेरिका, अष्ट्रेलिया भित्र पनि के भइरहेको थियो? शत्रुको गतिविधि कसरी सुक्षमा हिसाब देख्छ र नेपाल र नेपालीलाई एकताबद्ध गर्ने आवश्यकतालाई,महत्वहीनता कसरी कार्यान्वयन गर्छ नेपाली जनताको लोप हुने समय कहिले हुनेछ,तब उनीहरूले बुझ्न सक्छन्?",kp oli,election_data.csv,comment,mixed
😂😂😂dherai karaunu aab timi kashi jau atti vayo,kp oli,election_data.csv,comment,latin
Mother cud saiko budo,kp oli,election_data.csv,comment,latin
Yo budo chunap samma rahecha hola ra yesto pressure le kidney le kam garna chadcha hola eti nepali haruko ragat chusecha Kira parera flat huncha hola,kp oli,election_data.csv,comment,latin
तिमि के पी ओली तिम्रो र तिम्रो पार्टीको पत्ता साप हुने वाला छ हेर्दै जा चुनावमा,kp oli,election_data.csv,comment,deva
कुत्ता के पिल्ला कुत्ता होता हे शेर नहीं केपी तू कुत्ता के पिल्ला हे अपने के शेर समजते हे,kp oli,election_data.csv,comment,deva
Kati घमण्ड हो के,kp oli,election_data.csv,comment,mixed
"Yo Chor, dalal, Hathiyara party ko din gayo? Ajhai churi fure gardai xa.<br>Aba yesta lai gaun ghar Tira aayo vane janta le vatta Hannu parxa.",kp oli,election_data.csv,comment,latin
Lado MA sala,kp oli,election_data.csv,comment,latin
Aba yobuda loyal hunx,kp oli,election_data.csv,comment,latin
Pura neta pura party sab lai bidae garnu jaruri x nepal 🇳🇵🇳🇵🇳🇵🇳🇵ma neta harule lutia ko des nepal ho sara nepali le yo kura bujnu jaruri x,kp oli,election_data.csv,comment,latin
Timi kahile morchhau,kp oli,election_data.csv,comment,latin
Ta kip chor 70/80 jana marera pugen yas lai goli hanu parxa,kp oli,election_data.csv,comment,latin
Ghamandako parakastha,kp oli,election_data.csv,comment,latin
Aba dherai tukka nadiya hunchha kple,kp oli,election_data.csv,comment,latin
Sakieo ho sakieo aba gafi baaa KO guff,kp oli,election_data.csv,comment,latin
"Oli Kai boli le emale sakine vo . Kasto damv ,ghamanda xi k sunnu.",kp oli,election_data.csv,comment,latin
Hitalar papi hos oli,kp oli,election_data.csv,comment,latin
येस्ता हत्यारा बाघ रे तेरिमा भ्रष्टाचार को नाइके तैले बोल्दा ताली बजाउनी ती नेपाली होइनन् कि तिन्का बच्चा त्यो जेन्जी आन्दोलन मा ज्यान गुमायेका छैनन् ज्यान गुमायेका भये ताली बजाउदेन्थे तेरि मा जोकर बिशाल रे तेरो घमण्ड अझै गाको छैन है त राक्षस होस मान्छे होइनस हेरदै जा तेरो तालु बाट पसिना आउँछ तेरो भ्रष्टाचार ले जनता पिल्सिय्को हुनाले आगो लगायेको हो अझै येस्तै बोल्दै गरिस भनी कुन दिन जेन्जी ले मान्छे लाई आगो लगाउछ्न हेरदै जा,kp oli,election_data.csv,comment,deva
Hahahahahaha,kp oli,election_data.csv,comment,latin
Hoina oliko Mukh ta chaladai xa ta khutta Matrai po nachalera hola aayogma bayan dinu nagako? Aba yo mukh pani kati din challa ra?,kp oli,election_data.csv,comment,latin
केपी बा अब तपाईंका दिन गए अब जति तपाईंले ढाटे पनि जनताले पत्याउँदैन,kp oli,election_data.csv,comment,deva
"जुन दिन हतकडी लगाऐर चन्द्रगडीको कारागार मा केपी सवारी भऐको दिन हेर्न आतुर😂 <br>समय धेरै छैन, बुडाको फुरफुर र घमन्डको अन्तिम बिदाई,<br>तेती खेर सबै मिडीयाहरुले कभर गरेको हुनुपरेउ है। 🤝",kp oli,election_data.csv,comment,mixed
23 ko kurai gardaina sala chorle 24dekheko x kali,kp oli,election_data.csv,comment,latin
Testa ko ni k kura garnu aatankakari,kp oli,election_data.csv,comment,latin
2 zivrea KP oli hattyra,kp oli,election_data.csv,comment,latin
Ta muji 36 sal samma ka the eesa yar pagal taro napal banauena bechara x ke xaina,kp oli,election_data.csv,comment,latin
यो बुढेसकालमा राम नाम गाएर बस बाजे ् एकदिनमर्न  नै पर्छ किन देसका युवाहरूसंग जोरकातोड गर्छौ ?,kp oli,election_data.csv,comment,deva
कतिको हिम्मत छ हेरु एकलै लद्छ कि गठ बन्धन  मा जान्छ आगोमा सलाइ कोर्ने  आफै,kp oli,election_data.csv,comment,deva
"जनताले त बनाइसके ,के गर्छौ त अपराधी, भ्रष्टाचारी, ज्यान मारा,यस्ताको कुरा सुनेर तालि बजाउने पुच्छर देख्दा दिग्दार लाग्छ",kp oli,election_data.csv,comment,deva
जिम्मेवार पदमा बसेर जनता मारेर मैले हैन अझै लाज लागदैन,kp oli,election_data.csv,comment,deva
मरनेबेला  हरियो  काँक्रो  अोली बुढो    ३०  ३५  बर्षा    के  गर्यो  ३  ४  पटक   मन्त्री   बनेर,kp oli,election_data.csv,comment,deva
Thukkaa bhrastachari chorr haraam khorr desh ra jantako lagi gaddari xexe xexe tero anuhar herdai. purai sarir..ko ragat umlinxa,kp oli,election_data.csv,comment,latin
Zen z Lai jasari goli hanera mare talai Pani kanchetma goli thoknu parxa sala hatyara radiko ban,kp oli,election_data.csv,comment,latin
"आफुले गठन बन्धन गर्दा  मिल्दा भने कुखुरा बाख्रा संग को मिलन नहुने अरुले गर्दा भने आत्तयर यतिको डाड किन गर्नु , महासय ?",kp oli,election_data.csv,comment,deva
यो झोले हरुको 👏👏👏 थुक्का,kp oli,election_data.csv,comment,deva
जनता साथ मा छैन ! 10/20 जना आउरे बाउरे को साथ मा बेतुके टुक्का हान्यो बस्यो 🎉🎉🎉🎉 काम गर्ने लाइ पनि भुलाउदै छ ! बिचरा जेन्जि को हत्यारा त गयो बरै लै लै !!,kp oli,election_data.csv,comment,deva
Haha oli baa ko dimagle kaam garn xodo aba😂😂,kp oli,election_data.csv,comment,latin
Ta muji chor ko Pura kasla sunca jhapa ma aaija,kp oli,election_data.csv,comment,latin
Kuro Chae ramrae garyo yo khate le pani sabae Vanda thulo 2 dalmildaramro aaru milda baulayo,kp oli,election_data.csv,comment,latin
त चोरको दिन सकियो अब २०८३ मा पकै पनि केपि पर्च्न्ड सेरे जेल्मा 100% ठोक्वा,kp oli,election_data.csv,comment,deva
कार्यक्रम पछि प्रसारण समाप्त 😅,kp oli,election_data.csv,comment,deva
अहिले हासो र मजाकको टिका र टिप्पणी गर्नु तपाईको बहसमा छ बा तर २ मैना पछी कृतीपूरको गगन जीको डाडोमा बसेर उडायो सवै सपना हुरीले गित गाएर वस्तु होला😂😂,kp oli,election_data.csv,comment,deva
"ताली बजाउने कति जना होलान।१५,२० जना होला।सुन्ने र ताली बजाउने मान्छे हरु देखाउनु पर्‍यो।",kp oli,election_data.csv,comment,deva
Manxe ta Really  kura garne ho...bujdai jada gahiro...xa ......,kp oli,election_data.csv,comment,latin
tero patta saph hunxa,kp oli,election_data.csv,comment,latin
थुइक्क यस्तो हत्यारा चोर भ्रस्टचारी बोल्दा नि ताली ठोक्ने हातहरु किन कुहियर नझरेका होलान थुइक्क नेपाली हो 1 छाक मासु भात मा बिक्ने वाला अलि कती सोच बदल तिमिले त देस बनेको देख्न पायानौ आफ्नो आउने पुस्ताले त हाम्रो देस भन्ने गर्भ गरून् तेस्ता नेता चुन मासु भात हरु,kp oli,election_data.csv,comment,deva
Let&#39;s see 👍,kp oli,election_data.csv,comment,latin
Yesta ko kura diner tali Marne vaneka kasta holan,kp oli,election_data.csv,comment,latin
तेरो दिन गयो हत्यारा अझै भुक्दैछ पापि,kp oli,election_data.csv,comment,deva
"Balla talla jyan bachayera vagne vagoda Bagh re ukhane le tukka lei sakiyo desh chor,dalal  papi oli😡😡😡",kp oli,election_data.csv,comment,latin
तँ तेरि माकि चुत रण्डिकाे छाेराे,kp oli,election_data.csv,comment,deva
Churifuri nagar baje sakinxan timra din ab,kp oli,election_data.csv,comment,latin
Aba vot hoina lati kanxas aba tahile ta,kp oli,election_data.csv,comment,latin
Taro pata saf hunxa hardai gar sala chor kukur 😡😡😡,kp oli,election_data.csv,comment,latin
Taro pata saf hunxa hardai gar,kp oli,election_data.csv,comment,latin
Ta marrna,kp oli,election_data.csv,comment,latin
"KP OLI LAI FASI KO SAJA DINU PARXA, HE IS THE VICTIM OF GENZ DEAD CASE.",kp oli,election_data.csv,comment,latin
"मान्छे चाहिँ देखिदैन त??!अहिले ओलिले तेस्तै गर्दै छ रे भन्ने समाचार छ।घर कम्पाउन्ड भित्र कार्यक्रम गर्ने र स्रोता नदेखाउने,दुई चार जनाले ताली बजाउन लगाउने र हल्ला गर्ने ठुलो कार्यक्रम गरेको धेरै  जनता आएको जस्तो भ्रम बनाउने।",kp oli,election_data.csv,comment,deva
Tr vrateharulai nasta garna vyana teams dukhixu ju ju vasanle matryai hudaina 😂😂😂😂😂😂😂😂😂😂😂😂😂😂.        😢😮,kp oli,election_data.csv,comment,latin
केछ झाेले हाे अज पनि मासु भात😂😂,kp oli,election_data.csv,comment,deva
Hawa chatake mukhma ram 2 bagalima xura,kp oli,election_data.csv,comment,latin
Mc tyo aandolan ma tero nati xora xori ko mritu vako vaye. ksto feel garthis...socheko xas,kp oli,election_data.csv,comment,latin
खेलौनाहरु खेल।,kp oli,election_data.csv,comment,deva
Aajw yo din tmiharu ley garda vako vako ho Nepal banaunw sakni vaye etro barsha luterw basdainw sabai becherw khaisakyo ajai janta laai jhuto aas dhekhaudai xa,kp oli,election_data.csv,comment,latin
जति सकतिसलि भयरनि पुलिस ले छाठि दिय खतम,kp oli,election_data.csv,comment,deva
"Hali Gothala haru Le jimmewari Lidainan sabai dosh Goru ,bastu Lai dinchhan .",kp oli,election_data.csv,comment,latin
Kaile morcha yo...hatiyara 😂😂feri sweet bhasan dedy cha ..ufff thake ho 😂😂😂..desh ramro istethe mai cha,kp oli,election_data.csv,comment,latin
Good come back..KP ji..please now do something better and make history 🙏👍,kp oli,election_data.csv,comment,latin
माधर्चोद रिप रिप रिप रिप रिप केपि रिप रिप रिप रिप रिप रिप रिप रिप रिप रिप,kp oli,election_data.csv,comment,deva
यो भ्रष्टाचारी को नाईके उखानेको गु खानि कुकुर हरु को पारा हेरन नेपाली जनताहो 😅😅😅😂😂,kp oli,election_data.csv,comment,deva
"पार्टीका उपाध्यक्ष ज्यूहरु उपस्थित हुनुभएन कि क्याहो, सम्बोधन गर्दा एकैचोटी &quot;पार्टीका महासचिव ज्यू&quot; भनेको सुनियो !?🤔",kp oli,election_data.csv,comment,mixed
धेेर रमराे भयाे,kp oli,election_data.csv,comment,deva
Sala kukur daka choor vrasta janmara kutta,kp oli,election_data.csv,comment,latin
Purana neta thyagau naya lai rojau. Aba e  purana netale desh banauxan bhannu ra saade ko khoi ke jharxa ra syal le khanxu bhanejastai ho sathi ho. Tesaile belamai buddhi purau.,kp oli,election_data.csv,comment,latin
Kp ba mawobadi ra anaya parti ka sathi haru lai  aauna aatur hunuhunaxa aahawan garnu hola..,kp oli,election_data.csv,comment,latin
अब तलाई जलाउनु छ,kp oli,election_data.csv,comment,deva
थुकना नालाय भतुवा हरु।,kp oli,election_data.csv,comment,deva
Hatyara varastachary dalal fataha  kp olii  lagayat sabai varastchari haru lai jail hunnu jarury chha,kp oli,election_data.csv,comment,latin
Kidney fel bhayeka marna nasakeka😂😂😂,kp oli,election_data.csv,comment,latin
ए   सेकेन्द   नेताहो   यसै को  बोलि  सुनी  र     पछि  लाग्ने   कि    यो  मोर्दा  को   दिन   कोले   अग्ग्दी   बधौला   कसैले  वाद  बिबाद  गर्दै  नौ  के  पि   ले  जे  ब्प्ल्छ  तेसैमा  ताली  बजाउने  ।।थुइक्क   ।।।पाजी    पाजी।।।।।हो  थुइक्क।।।,kp oli,election_data.csv,comment,deva
सार्वभौमसत्ता राष्ट-राष्ट्रियतामा भनेरअ लेखिदीएकाेभयए खाेलानुहायएर कमन्डलुबाेकेरअ कुटिझुपराझापराे टहराे बााशहुन्थ्याे आगाेतअलाऊनुपर्दैनथ्याे हाेलानीिंँ।-Gen-zZ,kp oli,election_data.csv,comment,mixed
उखाँने लाई टाइम पास गफ बाहेक केही आउँदैन बिचरा,kp oli,election_data.csv,comment,deva
राजनितिकाे पनि कुनै भरसाे हुदाे रहेनछ जनताले चाहेमा सबै लाेकताउने रहेछन केकार रहेछ   जतिसक्ति सालि भयपनि पुलिसले हात  झिकिदियसि खेल खतम🎉,kp oli,election_data.csv,comment,deva
Kp oli budo vayo yesko dimag khuskiyo kidni ferne bela vayo,kp oli,election_data.csv,comment,latin
Rando ta  rando bhayo bhayo aaru sabei rando bhayera muluk Lai rando banaune ukhane 🦠🖕tero gumale thuikka 🦠🦟💩🐖🐏 agadi pare tero khopadi Bata gidi nikalera tehi gidiko tero kuttalai Tika lagayera morne man xa bujirakh 🐖🐖🐖🐖🐖💩🦟🦠🖕ramrajjyeko kura garna tero rando aaukatle na Milla vik mag Indian sanga Malai ghumne rahar Pura garde ma tero pauko jalpani khanxu bhanera Yeo sarkar le ki yes Lai karbhai gar natra Malai gar namarda sarkar chaideina natra Karantiko paribhasha sikauna na paros teriaamako kaput khadge rando Sala bhanchoo bhanna chaye darle kamera kina runxa hijo nihatyha yek jana marda 14 barsha basne aja tero ijaat ta lilam garis bancheka aaruko k bijok banauxax yesko kurama Tali thokne sab yehi randako banharuko Palo kuri bas thuikka Khana payo bhandeima gu khane kaput tero khatepate Hun bhushidike aaulat haru amale 🦠🖕🖕🖕🦠🦠🦠🦠🦠🦟🦟💩💩💩💩,kp oli,election_data.csv,comment,latin
Fuck up kp rando tero bauaamako banssha dhanna na sakne bhanxa tan kaputlai Yeo Des khel khelne thalo banako yesko parama thuikka hijo aathraibata aato dhindo Khana na payeko kutta aahile yekxak kalho ko lagi bhukirako xa aaru paxi lagnelai tehi kalho Pani Milne waka xaina thuikka 💩🐏🐖🐈🐕,kp oli,election_data.csv,comment,latin
Kp ko loka tantra ra amale ko boka tantrama samel hunejati yeta Des bhandma jaye ham fir wapash Aaye ka nara lagayne aawastha yr yehi halko sarkarle gareko xa jail ma hune kutta railma xa Yeo k ???😡,kp oli,election_data.csv,comment,latin
Rando ra randioko Milan aanfei gharma feri 😆🦠💩🐖🐏🐕ko bathan ma k nata k kutumba guys yeoharulai pir k ko hola 😏??? guys what the fuck kp n amale amazing guys 😆,kp oli,election_data.csv,comment,latin
UML ka yuva haru mridubhasai ra sahansil hunchan rey.....<br>Mahesh Basnet is the biggest example..🤣🤣🤣🤣,kp oli,election_data.csv,comment,latin
कपोली ओलि    को  ब्लु फिलिम को बोली घर फर्किने  जति त्यो लास हो जुन सतिगती गरेको  मुर्दा को आत्म भोलिपल्ट  चिच्याउदै रुदै घर फर्किन्छ अरे...  किन कि घोडा को घोडा चढ्नु  बादरको घोडा कहिलै न चढ्नु  kp ओलि त्यो बादर हो  जस्को   बाउ ले कन्दम न पाएर  दिक्क भएर  निकालेको हो,kp oli,election_data.csv,comment,mixed
काल गतिले त मर्दैनस जनताले झापाको भुत घर टावर्मा झुन्न्यौनु पर्छ,kp oli,election_data.csv,comment,deva
संविधान वनाउछु भन्दै जनता हंसायर उखान मात्र हाल्ने हंसाउने उखाने बुढाको फटाहा कुरा मात्र हो,kp oli,election_data.csv,comment,deva
संविधान बचाउछु  भन्दै जनता लाई पागल बनाउँदै    आफै संसद विघटन  भस्टचार  गरेर    आज जनता मारेर अझै आस देखाउँदै छ  जनता उस्तै पागल  भेडा हुन,kp oli,election_data.csv,comment,deva
we love oli ...... कसैलाइ केही भन्नू छ ।।।। ओलि को बिरोध गर्ने हरु ले देस लाई माया गर्नै सक्दैनन ।।।,kp oli,election_data.csv,comment,mixed
यो सबै तिमी हरु को कारण हो,kp oli,election_data.csv,comment,deva
येस्का उखान सुन्दा सुन्दा वाक्क लागेको फेरि उखान हान्दैछ सकिने बेला😮😮😮,kp oli,election_data.csv,comment,deva
थुक्क कुकुर,kp oli,election_data.csv,comment,deva
"जबसम्म मेरो घरमा नि:शुल्क उपचार, नि;:शुल्क शिक्षा र जनताबाट प्रत्येक्ष निर्वाचितको ब्यबस्थापन हुन्न, र मेरो नेपाली बजार भित्र बिहारी फिल्म र बिहारी गितहरुमा प्रतिबन्ध गरिन्न, तबसम्म म मेरो आफ्नो घर फर्किन्न, र म बाहिरी ब्रह्माण्ड भित्रै रुमली रहनेछु। धन्यवाद!&quot;O&quot;M´science",kp oli,election_data.csv,comment,mixed
पहिला बुद्धि आएन बुढेसकालमा छाेरा नातिहरू चाहिने रहेछ भन्ने बुद्धि  बल्लबल्ल जेनजी भाईबहिनीहरूले गर्दा पलाएछ ।,kp oli,election_data.csv,comment,deva
आफ्नै देशमा काम गरेर खान पाए गुईठा नै बालाैला,kp oli,election_data.csv,comment,deva
Ho tyo pakkai aparadh ho ra tyo aparadhi bhaneko K.P S Harman Oli ho Kina Bhane aafule khai pani aayeko subhida aaru laai dinna bhanera ho . Kina bhane yu  aafule  rajye bata  upachar marphat karadau rupiya linchha tara yesta sadharan  bidhuwa le aafno upachaar garaauda pakho Bari bechen parne hunchha  . Wah kya ganatantra lyachhau badhaai,kp oli,election_data.csv,comment,latin
"Sama thapa jyu laai mero prasna yedi bechen jha pakraau pachhi oli sidhai sher bahadur deuba ko saran ma gayer  sarkaar dhalnu parne Karan  k rahechha spasta parading hunchha ki, ma ta Kiran pare malaai k thahah hazoor haru ko kanuni bhasa?",kp oli,election_data.csv,comment,latin
Balen sanga bahas garna ramrari padheko hunu parcha <br>Aaukat chaina kp muji ko,kp oli,election_data.csv,comment,latin
Balen le thik garyo,kp oli,election_data.csv,comment,latin
Zen z आन्दोलन क्यू हुआ ? किसने मारा ? जनताको सब पता है । बलेन शाहने ठीक किया  है ।,kp oli,election_data.csv,comment,mixed
१ . गगन थापाको &#39;सक्कली कागजात&#39; कहाँ हरायो? रबि लामिछाने विरुद्ध &#39;सक्कली कागजात छ&#39; भन्दै मञ्च थर्काउने गगन थापा अहिले जिम्मेवार पदमा छन्। खै ती प्रमाण?   २.तनहुमा mid term  elections हुदा स्वर्णिम वाग्लेलाई टुरिस्ट नेता भन्ने ले  अहिले उनि मधेस मा चुनाब लड्ने नैतिकता  कस्तो ? कि त्यो केवल चुनाव जित्ने &#39;सस्तो स्टन्ट&#39; र जनतालाई झुक्याउने प्रपञ्च मात्रै थियो? अब प्रमाण देखाउने कि माफी माग्ने?&quot;,kp oli,election_data.csv,comment,mixed
ओली हत्यारा गगन मतियार भए बालेन् के नी?? रवि के नी??,kp oli,election_data.csv,comment,deva
Chup chor😮😮,kp oli,election_data.csv,comment,latin
"Gu lie chalayo bhane afno mukh ma pani gu parcha, KP oli sanga debate garnu vaneko tehe ho. 30 barsa samma desh lutera khane, 23 gate ma kehe vayeko chaina jasari 24 gate matra dekne sanga debate garera kehe kaam chaina. Debate vaneko afno standard ko sanga garnu parcha. Dhanyabad.",kp oli,election_data.csv,comment,latin
"He addressed this entire scenario as culture used terms as advance. He means people get killed, big money etc. And still people of Nepal are gonna vote for this person? I don&#39;t support anyone but the first 40 seconds of the video is explanatory.",kp oli,election_data.csv,comment,latin
Her her kattee hepdo rahecha jai balen,kp oli,election_data.csv,comment,latin
"Gagan le ma pani garchu, prachanda le ma pani garchu bhannu paryo ni ... bhanchan ?",kp oli,election_data.csv,comment,latin
Kp ra gagan le genz ko aama buwa sanga debate garnu paryo balen desh banaun aako debate garna aako hoina jay balen 🔔 prime minister balen shah jay ghanti 🔔🔔🔔🔔🔔🔔🔔🔔🔔,kp oli,election_data.csv,comment,latin
हत्यारा सङ्ग बहस गर्न जरुरी छैन,kp oli,election_data.csv,comment,deva
येकदम सहि जय बालेन हत्यारा दलालचाेर सग तिम्ले बहस गर्न सुहाउँदैन,kp oli,election_data.csv,comment,deva
Aru ko bacha marna paincha hatyara,kp oli,election_data.csv,comment,latin
Hatyara oli 76 bacha ko khun garne oli tero haar nischit cha,kp oli,election_data.csv,comment,latin
"Regarding televised public debate, it is actually HS’s demand. Why patrakar ju doesn’t mention this? If HS is there in the debate, janta will be clear who is a true and honest leader for this country in the current situation.",kp oli,election_data.csv,comment,latin
"Oli ko bhanaima arka ko ghar jalaune annaya bhayo bhanyo. Yes I agree to some extent but can he prove, that ghar is built my his clean money?? Same question goes to Gagan. How they managed to build such lavish houses with their under 1 lakh salary per month.",kp oli,election_data.csv,comment,latin
oli vs balen rap battel lets go,kp oli,election_data.csv,comment,latin
Oli aafu bolera jitxu sochirako<br>Kina ki vote maa jitna sakdina thaa xa teslai<br>Hatyara sanga kina garnu paryo debate?<br>pahila kina garena?<br>ahile kina?,kp oli,election_data.csv,comment,latin
Oli is murderer! He should admit he/his leadership killed 76 innocent school kids.,kp oli,election_data.csv,comment,latin
Ta jatha sanga k ko debate,kp oli,election_data.csv,comment,latin
Vision vakosanga po debate garni???,kp oli,election_data.csv,comment,latin
KP Muji UML  ko jhole muji haru,kp oli,election_data.csv,comment,latin
sulfey balen ley 1 hajar vote ni kataudaina.,kp oli,election_data.csv,comment,latin
उखाने संग डिबेट गर्दिनभन्नु  बालेनको कुराले एकदम मन छोयो,kp oli,election_data.csv,comment,deva
Oil is lossing Gagan is lossing guess gonna be election 😂??,kp oli,election_data.csv,comment,latin
Ghar ta naya banauna sakxa kp oli tara mareko genz haru lai jiundo banauna sakxa,kp oli,election_data.csv,comment,latin
Very Good Reply🎉🎉🎉🎉🎉🎉🎉Upcoming PM,kp oli,election_data.csv,comment,latin
Arkako chora chori chai marna paincha ghar chai jalauna painna,kp oli,election_data.csv,comment,latin
यो चोरसँग बहस गराउनु जरुरत छैन।,kp oli,election_data.csv,comment,deva
Veda janta xan sabai.,kp oli,election_data.csv,comment,latin
"<a href=""https://www.youtube.com/watch?v=OpXO11Rdq38&amp;t=430"">7:10</a> bahas garnu hudaina galat ho yo hateyara ho brastachari ho ateychari pashu Chor pagal ho manapta harako abaradhi ho KP Oli ❌",kp oli,election_data.csv,comment,latin
"<a href=""https://www.youtube.com/watch?v=OpXO11Rdq38&amp;t=490"">8:10</a> ta 76 Jana marne hateyara talai no 3 carod jantale xodne wala xaina ta 76 jana KO ragat ma Holi khelirako xa",kp oli,election_data.csv,comment,latin
"<a href=""https://www.youtube.com/watch?v=OpXO11Rdq38&amp;t=31"">0:31</a> yo hateyara  sanga bahas garnu hudaina kinaki yo 23 gate 19 student road ma goli Hanne Adesh dine hateyara 76 Jana marne hateyara sanga bahas nagarau yo KP Oli hateyara laj saram pachera khullam khulla bolirako xa  yo jell janu parne ho yo hateyara",kp oli,election_data.csv,comment,latin
Testo hoina. Balen must do public debate with KP Oli a.k.a. The Culprit. Debate garda duita faida huncha: 1. Balen ko agenda jhan mass ma pugcha ani arko xhai 2. Balen can publicly place KP Oli as culprit for that murder.,kp oli,election_data.csv,comment,latin
Balen did right ❤ still oli said that no rights to burn others house but he will never open his mouth for 76 innocent lives,kp oli,election_data.csv,comment,latin
Kp oli rip 🪦,kp oli,election_data.csv,comment,latin
"केपी सँग वहस गर्न हर्क, गगन, प्रचण्ड र कुलमानहरू तयार भए भैहाल्यो ।<br><br>गफाडीहरूको debate मा देश हाक्ने राजनेता सुहाँउदैन ।",kp oli,election_data.csv,comment,mixed
nice informative video,kp oli,election_data.csv,comment,latin
बिदेह राज्यका इक्ष्यकु बंशका माहान दार्शनिक राजर्षी(प्रतापी राजा) जनकको पबित्र भुमिबाट नया &quot;जेलेनेश्की&quot; को उदियमान प्रार्दुभाब !,kp oli,election_data.csv,comment,mixed
Balen sanga janta sanga bolne desh banaune azenda nai xaina,kp oli,election_data.csv,comment,latin
Balen lai aaba bhagwan bishnu ko 10 sau aavtar kalki ho vanna matra baki xa,kp oli,election_data.csv,comment,latin
Kp Oli मरेपछि debate garda vaihalyoo ta,kp oli,election_data.csv,comment,mixed
Mornu lako budha taile j bhaney tei huncha justo laag cha ajhai pani?????? Jail haalnu parney manchhe kassari chunaab ladnu payo tiyo achammmako kura ho,kp oli,election_data.csv,comment,latin
जस्ले आफ्नो नेतृत्वमा हुँदा  पावरमा हुँदा  भयका त्यत्रो विध्वंसको जिम्मेवारी लिन  सक्दैन त्यसलाइ जनता सामू अनुहार देखाउन लाज  हुनु पर्ने हो  उल्टै ठूला कुरा  सुन्नु परेको छ  । ति स्कूले बच्चाहरूलाई ताकि ताकि गोलि हिनेको सम्झदा बहस त के अनुहार हेर्न पनि घिन लाग्नु पर्छ,kp oli,election_data.csv,comment,deva
बालेनले के पि संग वार्ता गर्न आवश्यक छैन।,kp oli,election_data.csv,comment,deva
Nakh ma sugne nasa tanne pachi matra kalo chasma layera confidence aucha balen ko 😂 ..natra vele  haru yestai ho darcheruwa indian dalal...nepal ko chuche naksa nikale pachi oli lai hataune sadayantra ho yo india ko..,kp oli,election_data.csv,comment,latin
Balen mayor hunu vanda aagadi ktm kasto fohor thyo jata paye tetai fohor thyo teti bela ni pradhanmantri tima haru nai hunthyo,kp oli,election_data.csv,comment,latin
"Easo garum na ta, oli lai tala vui ma rakhum, balen, gagan ra aru lai stage ma rakhera debate garum😂.",kp oli,election_data.csv,comment,latin
Prakar sama ji: Balen KP sangai uveyeko hoina<br><br>Paapi hatyara kP ko against ma utreko ho<br>Tesma jamin asman ko farak cha..,kp oli,election_data.csv,comment,latin
Murkha sanga debate maha murkha le garxan ..tara balen maha murkh ta pakhai haina..baula oli,kp oli,election_data.csv,comment,latin
भ्रष्टाचारी हत्यारा एमाले मुर्दावाद!,kp oli,election_data.csv,comment,deva
Last breath of KP Oli.,kp oli,election_data.csv,comment,latin
Oli lai 75 jana balbalika mareko Pir rainacha uni haru ko kaaryakarta ko ghar jaleko ma chai chinta raicha. Antim ma tha bhayo,kp oli,election_data.csv,comment,latin
कायरता हो सार्वजनिक बहस गर्दिन भन्नु । मान या नमान मै तेरा मेहेमान हो ओली। ओलीले गरेको कामको क्षम्य छैन तर पनि एमालेको नेता हो। भोली कुनै न कुनै रूपमा संम्बाद नगरी निकास निस्कन्न ।,kp oli,election_data.csv,comment,deva
America aayara gaidaas and daaphes bhanera bolyau yauta student le sodheko question ko answer Dina sakena arkako kidney bokera k ko furti lauxau baa,kp oli,election_data.csv,comment,latin
ओली र महेश बस्नेतलाई एउटा माईक दी live दिनभरी बोल्न दिनु राति जनतालाई दिक्क लागेर इनिहरुलाई बेलुका जलाउन निस्किन्छन,kp oli,election_data.csv,comment,mixed
"पपुलिजम मात्र भएको,भिजन नभएको बालेनले देशको बाघडोर सम्हाले युक्रेन हुनेछ देश,मतदाता होशियार",kp oli,election_data.csv,comment,deva
यो भन्दा अगाडि ३ पल्ट चार चार पल्ट प्रधानमन्त्री बन्नेहरूचाहिँ  के हेरेर  बसेको थियो। अहिले आएर डिफेट चाहियो।,kp oli,election_data.csv,comment,deva
परेन हेरियाे देखियाे अब जेनजि ल्याईन्छ🎉,kp oli,election_data.csv,comment,deva
Ani bacha haru lae taki taki goli hane lae chai karbahi hunu parcha ki nai tyo pani bhanu hola..,kp oli,election_data.csv,comment,latin
हाेत हत्यारा भ्रष्टे दलाल संग केका छलफल 🎉🎉बनाउने भए त पहिले बनाउथ्याे आठ फेलले के गर्लाखै🎉🎉🎉उखान टुक्काले देश बन्ना त🎉🎉🎉,kp oli,election_data.csv,comment,deva
Chaina jaruri chunab ta  uthnata nahune ho k p oli le,kp oli,election_data.csv,comment,latin
मान्छे मार्नेलाई छुट दिने ! के बोल्छ गोरु हो कि मानव........,kp oli,election_data.csv,comment,deva
😂😂😂😂😂😂 KO sanga debate gayra xa ra aaja Sama yo tapay lay,kp oli,election_data.csv,comment,latin
Oli pashu ani pagal ho raxa,kp oli,election_data.csv,comment,latin
अनि हत्यारा लाई के गर्ने <br>घर बन्ला <br>मारेको लाई लाई ल्याउन सकिन्छ,kp oli,election_data.csv,comment,mixed
"Yo video ko last ma bajne musik hataunu paryo, video play garera nidauxu tyo last ko musik le uthaidinxa jahilei.. tei vayara play garna man huda hudai pani aru video play garera nidaunu parya xa 😢😢😢",kp oli,election_data.csv,comment,latin
k.p. oli sachikai neta ho bhane ti 19 jana balbalika ko ama buwa sanga debet garnu ....ma yemale lai vote halxu,kp oli,election_data.csv,comment,latin
terima chikney khatey unpad Ukhaney,kp oli,election_data.csv,comment,latin
हत्यारा लाई कारगार लैजाने हो बहस गर्न लाउने होइन,kp oli,election_data.csv,comment,deva
Marne bela kati bolnu parne. Manxe marne lai chai karbahi hunna hajurba,kp oli,election_data.csv,comment,latin
तेस्तो मुला उखान टुक्का र झुट फटाहा बाहेक केही नबोल्ने बोलिको ठेगान नभको लुटेरा चोर ओलि सङ केही बहस गर्नु को औचित्य छैन,kp oli,election_data.csv,comment,deva
OP oli: Ghar jalaunah payenxa? <br>aye teso vaye aarkao ko bachha chai marnah payenxa vanerah question kina garrenah tho so called patrakaar leh!? <br>orri pari patraakaar hau pani jhole haru xan. question pani testai sodhxan.,kp oli,election_data.csv,comment,latin
23 24 ko ghatna ma sarkar le oli lai bayan dina bolauda chi teha na jane ani balen sang k ko bahas ho,kp oli,election_data.csv,comment,latin
Tauko katera aauda 14 barsa ko jail bhayo ….. 76 jana ko hisab chahiyo …,kp oli,election_data.csv,comment,latin
Ani harka sampang sg garda voigo tah dam xa vane,kp oli,election_data.csv,comment,latin
यो पहिलाको सरकारको हत्यारा सरकारलाई चाहिँ कारबाही कहिले कहिले गर्छन् होला नेपाली जनताले हेरेर बस्न बाहेक केही पनि छैन।,kp oli,election_data.csv,comment,deva
नेपाली जनताका छोराछोरी चाहिँ मार्न पाइन्छ केपी ओली,kp oli,election_data.csv,comment,deva
"anand ji sabailai question garne aat garnu hos hai, natra tapai pani baised journalist vako bujincha",kp oli,election_data.csv,comment,latin
हत्यारासित किन बहस गर्नुपर्यो? हत्या गर्ने खुसी हुने मान्छेलाई त हत्या गर्नै दिनुपर्छ,kp oli,election_data.csv,comment,deva
के पि वलि सँग बहस गर्नु जरुरी छैन,kp oli,election_data.csv,comment,deva
बालेनले जे गरे ठिक गरे 👍️👌🙏जय बालेन 🙏🙏🔔🔔🇳🇵🇳🇵,kp oli,election_data.csv,comment,deva
केपि ओलि सङ कुनै बहस गर्नु जरुरी छैन,kp oli,election_data.csv,comment,deva
"Thukkkkaa KP Desko ex-PM. Tann to ekdam low ghatiya level ko manchhe rahichha—ahile prasta vo. I don’t know how he even became PM in previous years. Desh bigreko yestai netaharu chunera ho rahechha.<br>Bin him in this upcoming election, please. I don’t want to see his miserable face again.. Balen ko chheuma KP nowhere near kya",kp oli,election_data.csv,comment,latin
Tik banue bayo balene saha le yesto jan mara sage mug nalagda jan mara ho kp,kp oli,election_data.csv,comment,latin
"Balen brother le thik decision linu vayo cha...murkha, ghamaat, chor ani chothalaay haru sanga kaile jitna sakkidaina vanchan.... bitter truth..balen ko yo buddhi mani ho😊❤ samaye le bataucha....",kp oli,election_data.csv,comment,latin
Yo..kp.Lushifar.baa.m.dibayt.garxau.8.kalas.fal.sag.ok,kp oli,election_data.csv,comment,latin
"बोल्न पायो भने जे पनि बोल्ने एमालेका कार्यकर्ता भन्दिने चोरे पनि नेपाली नै होला तेसो होभने सिंहदरबार, संसद भवन, सर्वोच्च अदालत  देश नै जलायो ७६ युवाहरूलाई मार्ने को थियो सीधै रास्वपा बालेन लाई भन्दा  हुन्छ     रिस मा। सत्य तथ्य  कुरा पत्ता नलागुन जेल नराम्रो कसैलाई  नबोलौ देश  खरानी बनाय खुतियाउने कसैले हैन बिदेशी कै डिजाइन सडेनत्र खेल  हो चुनाव  नेपाल  समाप्त पार्ने मात्र  हो युवाहरूलाई खाडी  जानै पर्छ  ।उत्साहित नहौ",balen,cache.json,comment,deva
सरम गर k p oli  र एमाले बालेनको घर फोर्नै पर्ने बाद्यता किन पर्यो ?,balen,cache.json,comment,mixed
बालेन शाह को अर्को जाल हो आफ्नै मान्छे लगाएर,balen,cache.json,comment,deva
"90 percentages educat, Wise, madhesi public demand ghanti government,, Balen is prime minister of Nepal,, deleted Amale, congress, maubadi, comnist, from madhesh Pradesh,, madhesi public kick the legs out side from madhesh Pradesh Amale, congress maubadi, comnist party All are cheater, corruption, ghuskhor, commission khor, criminal shooter leaders,, Amale, congress government killed Gen z group of Nepal,, crimanl, Amale congress party leaders Neta go to Jel,, after election falgun months,, jay ghanti, jay madhesh,",balen,cache.json,comment,latin
Ptuka kin vharam charchu verahow 😂😂😂,balen,cache.json,comment,latin
"Gen Z  लाई  मार्यो तेतिले नपुगेर आफ्ना झोलेहरु  लगायेर  बालेनकोघर  चोर्नलगायो , यस्तालायी नेतामानेर भोट हालिदिनुपर्ने  किन  ? ? ?  ।",balen,cache.json,comment,mixed
बारेन गजेढी भएपनि देश बेचेल कलकारखाना खाएन नेपाली जन्ता लाइ भुटानी शरणार्थी बनाएर बेचेर त खाएनन् होलानी कङ्रेस एमाले ले जसतै खोला नाला कल कालकारखा त बेचेरखान तिमरू जसतो एरपोट मान्छे तसकरी  सुन तसकरी भूमाफीया दूइनबरी भरसटचा'री गरेर खाएनन् होलानी कङ्रेस एमाले जसतो त होइन बालेन  झोले बनेर खाको छैन,balen,cache.json,comment,deva
ए चोर दलाल मिडिय हावा कुरा किन गर्छौ,balen,cache.json,comment,deva
Kepi oliko goonda Ani maubadikogoondale dakait garekoho,balen,cache.json,comment,latin
Amalera parchandko gundaleho,balen,cache.json,comment,latin
Cowres ko k news banako hola,balen,cache.json,comment,latin
कृपया झुठो समाचार संप्रेषण नगरौ।,balen,cache.json,comment,deva
"चोर मिडिया, आफै थपेर बोल्दो रैछ। सायद ओलीको घर जलाउन र लुटन उसैका मान्छे गएका थिए होलान र अहिले त्यतै तिर शंका गर्दो रैछ",balen,cache.json,comment,deva
कस्तो चोर रहेछ घर पनि छोडेन बालेनको,balen,cache.json,comment,deva
"काँग्रेस, एमाले भ्रस्टाचारी र हत्यारा पार्टिको नेपाली जनता सावधान यि दुइ पार्टीको सरकार बने नेपाली जनता नाँङ्गो भएर रोडमा कचौरा लिएर जोडनु पर्नेछ",balen,cache.json,comment,deva
"Remember this election is a golden opportunity for you people to get rid of mad dogs , save  the country from mad dogs comreds , these dogs do not have the capability to run the country , why do you repeatedly hand over the country to these nad dogs and cause your and country's misery , whether you all  sensible people or not will be known from this election , do not become personality -worshippers , think only about the upliftment of the country , that's all , Jay Nepal 👏",balen,cache.json,comment,latin
Madhes ma 32 ko 32 ghanti ko sit jay Nepal,balen,cache.json,comment,latin
मेडिया पनि बाले काे पछे पता,balen,cache.json,comment,deva
yo midiea pagal vyaxa kp buda ko dar le ke lekhau vnera cori ko kura tara,balen,cache.json,comment,latin
दुई तिहाई जण्टी हो १०० % यस्तै गर्दै जाने हो भने एक लप्टी घण्टी छाप हुने छ,balen,cache.json,comment,deva
बालेन्द्रको घरको च‍ोरी भयक‍ो होइन रुपिँयाले बिकेको हो। पत्रकार ज्यु नमस्कार  प्रष्ण मात्र ठूलो होईन है पत्रुकर ज्यु नमस्कार चौथो अँग मात्र सोच्न गल्ती होकी हुन्छकी सोचौ झोले नबनौ समय चर्खा घुमिरहन्छ  पालो आउँछ आउँछ आउँछ   सत्य हो हो हो,balen,cache.json,comment,deva
गुडा पालेरदेस सिधाउने भनेकै के पी नै हो‌ गुनडाको नाईके नै‌ के पी हो,balen,cache.json,comment,deva
Ab jholeko kam tyhi nao rahyo,balen,cache.json,comment,latin
नक्कली बालेनको तस्बिर किन राख्नु भएको पत्रकार हजुर ?,balen,cache.json,comment,deva
Baskota ma matrai jitxu bhandaichas hani?,balen,cache.json,comment,latin
एमालेनैहोला गुन्डपाल्ने तिनिहरुनैहो,balen,cache.json,comment,deva
फेरि अर्को नाटक,balen,cache.json,comment,deva
Chor amale khate....,balen,cache.json,comment,latin
Yiniharu ko dhanda nai tyahi ho ….!!! Rati kasaile nadekhi chorna pase antimma yinai hun vanera bihana sabaile dekhi gaye ….!!!!😡😡😡😡😡😡😡😡😡😡😡,balen,cache.json,comment,latin
किन यति धेरै नबुझि दोष लगाउने गर्दछन्??????,balen,cache.json,comment,deva
कारेस गगन थापा ‌चाेर,balen,cache.json,comment,deva
Umale ko chor xa gunda xa jayanmara xa enaile todfod gareko chireko hunuparxa.,balen,cache.json,comment,latin
Yesto kaam ta aba umk le gardai hindchan janta sajag huna jaruri cha,balen,cache.json,comment,latin
गंजेडी बालेकाे घरमा के भेटियलार त्यही गाजा,balen,cache.json,comment,deva
Only balen is king nepal,balen,cache.json,comment,latin
प्रदेस सभा सदस्य निर्वाचन खारीज गर्नु पर्छ  जय नेपाल जय राष्ट्र  हिन्दुराज्य जिन्दावाद,balen,cache.json,comment,deva
"balen shah new song
https://youtu.be/YUtlHjRwWL8?si=_sJm7QgwEwITy1dy",balen,cache.json,comment,latin
Nachaine kura.,balen,cache.json,comment,latin
Aba jetne vaneko ghanti balen shaha rabi lamichhane oli lakhatne vayo,balen,cache.json,comment,latin
Aba Ko P.M.Balen Shah Ho.Balen Janta Ko Aasa Ra Varosa Ho. Rabi Janta Ka Aasa Ka Kiran Hun. Jay Rasopa Jay Ghanti Jay Janta Jay Youwa Jay Rabi Jay Balen,balen,cache.json,comment,latin
Good.  Sister,balen,cache.json,comment,latin
जय बालेन,balen,cache.json,comment,deva
"No balen❌❌❌
No ghanti ❌❌❌
Only Harka sampang ✅✅✅
Jay mato ✅✅✅
Jay desh✅✅✅",balen,cache.json,comment,latin
Jay   ghanti   jay   rasopa,balen,cache.json,comment,latin
जय बालेन जय घन्टी 🙏🇳🇵🔔🔔🔔🔔🔔🔔,balen,cache.json,comment,deva
Jay Ghanti,balen,cache.json,comment,latin
Very good answer nani ❤❤,balen,cache.json,comment,latin
Nepali ko eak matra asha,balen,cache.json,comment,latin
Jayhobalen,balen,cache.json,comment,latin
Jaya ghantiw❤🎉❤🎉,balen,cache.json,comment,latin
बधाई छ छोरी  राम्रो लाग्यो डोटीटेली छोरी,balen,cache.json,comment,deva
Yuba lai vot diu  nepal lai bachau. Jai ghanti,balen,cache.json,comment,latin
Vote for ghanti,balen,cache.json,comment,latin
"कहा को  राजधानी  भन्या हो,  डोटी ? ?",balen,cache.json,comment,deva
Rawol ko rakhet bro.,balen,cache.json,comment,latin
Jay ghati jay,balen,cache.json,comment,latin
"बहिनी भाइरल अब
इन्टरभ्यु दिएको हो कि भाषण दिएको हो?",balen,cache.json,comment,deva
Today solution is the #balen❤,balen,cache.json,comment,latin
Good jay balen jay ghandi ❤❤,balen,cache.json,comment,latin
Jay desh jay Ghanti jay Janata jay Rabi Balen ❤❤❤🎉🎉🎉,balen,cache.json,comment,latin
Vote for ghanti jay RSP we are next pm balan sha 🇳🇵🔔🔔💐🙏♥️♥️,balen,cache.json,comment,latin
Attankbadi jihadi party china connection congress RPP mao Badi communist yi gadha chor bhrastchari attankbadi hatyara bhumafiya Bank Loan mafiya gunda bakhra chor Balatkari ghuskhori Lai ab BALEN sarkar le Kim jong jasto kada shasan lagu garer yi hatyara bhrastchari lai noon ko jel r Aircon jel vitra thusnu pakka guaranty ho hjr BALEN ek politely Desh ko mutu kalejo talent technical political engineer geopolitical scientist no1 strong younger capacity ko quality person ho Ghanti ma chhap lagau Desh bachau 🔔🔔🔔🔔🔔🇳🇵🇳🇵🇳🇵🇳🇵🇳🇵🇳🇵🙏🇳🇵🙏🇳🇵🙏🇳🇵🙏,balen,cache.json,comment,latin
Sahi bichar x aamjantako verry good,balen,cache.json,comment,latin
Good work sister ❤❤❤,balen,cache.json,comment,latin
Jai ghanti jai rabi sir jai balen sir good luck all ghanti party 🎉🎉🎉,balen,cache.json,comment,latin
केपि ओलि जातिले घर फाेरेकाे हाे,balen,cache.json,comment,deva
जय बालेन जिदबाद रबि 🎉🎉🎉❤❤❤,balen,cache.json,comment,deva
Janata sabayle ayle bujhi sakeka chan  purana  dade biralole kukhura horerera kasari khane vanera yojana banayiraheka chan saayi janata hosiyar,balen,cache.json,comment,latin
Balen ko ghar futaune bekti nirbachan harne hatash manasthiti bokeka purana dal ka manxe hunasakxa sukahma Adheyen garnu parxa.Ktm Tokha regular,balen,cache.json,comment,latin
Jaya balen,balen,cache.json,comment,latin
"Balen new song
https://youtu.be/YUtlHjRwWL8?si=VZ3DUZygF5o5wTtC",balen,cache.json,comment,latin
इन्दिया बाट रेगुलर,balen,cache.json,comment,deva
"हैन बोल्न नि लाज लाग्दैन नि इनिहरु लाई , हामी जन्मेर पहिलो पल्ट सुनेको पार्टी नै काङ्ग्रेस त्यस पछि एमाले हो।खै के भो यत्रो 30/35 बर्स सम्म ?40 बर्स को उमेर बाट इ भ्रष्ट दलाल हरु लाई भोट दिन थाल्नु भको मेरि आ मा 75 बर्स पुग्नु भो इ पापी दलाल हरु को राम्रा काम को आस गर्दा गर्दै जुनि बित्यो।अब त भोट त हैन इनिहरु लाई हाम्रो घर को बाटो पनि बन्द हुन्छ।",balen,cache.json,comment,deva
त्यापे गाजे गजडिया ले सिङहदरबार लगाएत नेपालको सार्जजनिक सम्पत्ति जलाएर ढोषट बनायो घर टोडफोड मात्रै होईन त्यो लाई नै जलाई दिए पनि हुन्छ,balen,cache.json,comment,deva
Gagane Chor lai vote dinu hundaina buddhimani ho,balen,cache.json,comment,latin
Kangrasra amale sudrinura kukurko puxar sidahunxa bhannu ekho 35 barsasamma heryo jantale,balen,cache.json,comment,latin
काग्रेस एमाले मुर्दाबाद केपि लाई जेलमा जाक्नु पर्छ केपि जेलमै मोर्नु पर्छ,balen,cache.json,comment,deva
कांग्रेस ममाले लाई नोभोट गगने तो झनभरटाचारीनैहो अहलेपनी  अकतीयारमा मूददाछ😊😊😊😊😊😊😊😊😊😊😊😊😊😊😊😊😊😊😊😊,balen,cache.json,comment,deva
के गर्यो। ३५ सालसम्म कांग्रेसले के गर यतिका ३५ सालसम्म कांग्रेसले के गरे?,balen,cache.json,comment,deva
कुन गुन्डा नाइके हो सला झोले लाई झुण्डाउनु पर्छ l जय बालेन शाह🐅 जय घन्टी🔔🔔🔔💪💪💪🇳🇵🇳🇵🇳🇵🇳🇵🇳🇵,balen,cache.json,comment,mixed
महेन्द्र बस्नेत लाई पक्राउ गर्नु पर्छ किन कि त्यो त हो बालेन को घर तोड्फोड्गर्न लगाउनी महा सेठ एस्लाइ ३० बर्स जेल जाक्नु पर्छ र केपि ओलि लाई 76 जना जेन्जी आन्दोलन मा बच्चा लाई मारेको आरोप मा ३० बर्स जेल हाल्नु पर्छ,balen,cache.json,comment,deva
Jai nepal,balen,cache.json,comment,latin
जय बालेन डराउनु पर्दैन ❤❤❤,balen,cache.json,comment,deva
Kalale sacheko budo le 👈 yatika barsa padhmaa basera khuttiyako chai k?? Mula auta raw KO agent ayara Sarkar Dali magne BATA des banxa vhannu Sade KO khai k ustai -ustai ho 😂😂,balen,cache.json,comment,latin
झापाली का गफ मात्रै हुनकी काम गरेर देखाउँछन् हेर्न बाँकी,balen,cache.json,comment,deva
बालेन्सर सय होइन परेको बेला लुक्ने शान्ता होसी निस्किने सबैले विश्वास गर्नुस् मनले मानेको छैन मैले एकदम आफ्नो ज्यान भन्दा पनि बढी विश्वास गरेको मान्छे तर खोइ मैले भोजन नसकेको कि के के हो,balen,cache.json,comment,deva
I don't believe balen,balen,cache.json,comment,latin
Kp kursi chhader bhage Pani kin jiskyayeko,balen,cache.json,comment,latin
Tamuje le desh ramro Banauna khoje ko thes vane harkalai kina jimma deanas muje fuck u balen yo mujelai jole jaha vetxa tahi handinu  jenz sathy ho yesto deshdhroi more pane farak pardaina.,balen,cache.json,comment,latin
Ta muje balen chor hos  varsta hos des Lai indian ko hatma lagaune manxe hos ta aile ayera kura bananuna nakhoj.,balen,cache.json,comment,latin
"प्रजाजनहितकारी कर्म गरौ भाइ 
कसैको केही लाग्दैन केही लाग्द‌ैन।
धेरै धेरै शुभकामना छ !!",balen,cache.json,comment,deva
Right ❤❤❤,balen,cache.json,comment,latin
KP Chor radi KO ban,balen,cache.json,comment,latin
Balen I am with you,balen,cache.json,comment,latin
Sir  तपाइँको लागि यो केहि छौन।‌ सर ❤,balen,cache.json,comment,mixed
बेर छैन ❤❤❤,balen,cache.json,comment,deva
Good 100% right,balen,cache.json,comment,latin
🌟 kina ktm plaza hero banauna 0 vo?,balen,cache.json,comment,latin
Balenko birodhi varastachari Hun,balen,cache.json,comment,latin
I think Balen shah is great 👍🏻.,balen,cache.json,comment,latin
Stunt bazi garda gardai raja lai nachalunu vai desh ra janatako asa ko kendra hun raja,balen,cache.json,comment,latin
Balen dai is good,balen,cache.json,comment,latin
Jaya baalen sahaa Jaya Nepal,balen,cache.json,comment,latin
Balen showing his levels. 😎,balen,cache.json,comment,latin
Desdubaun khojny thokidai xan npl ma ab new bikash chaiyo,balen,cache.json,comment,latin
Right ✅️,balen,cache.json,comment,latin
Kp cor aslai marnu parxa kukur lai balan is pardammantry nwo rady,balen,cache.json,comment,latin
Kukur ko kam k ho jaile bole ra desh ma bharastachar failako xa kukur neta haru balen sarkar lai ta kai garna de awa marna na sake ka bheda haru,balen,cache.json,comment,latin
Satik baktbye dinu vayo 🤘🤘🤘,balen,cache.json,comment,latin
Balen ek yajna ra des kasari banaune vanne yojna vayka byakti hun ra tapai kunai yojna navayko ukhan tukka garera jock garera garib janta ko pet katera dhanadaya udhayogpati taskari ko lagi faida sochne kunai yojna bihen paklanthu bykti ho,balen,cache.json,comment,latin
100%Sahi kura Bhannu Bhayo Balen Saha 👍💐🌹🌺💐,balen,cache.json,comment,latin
Das ta dubaisaka,balen,cache.json,comment,latin
❤❤❤❤❤❤❤❤❤❤❤,balen,cache.json,comment,latin
Right Balen Daie❤❤,balen,cache.json,comment,latin
महान बिचार,balen,cache.json,comment,deva
Jay balan 👍👍🇳🇵🇳🇵🇳🇵🇳🇵🙏🙏🙏,balen,cache.json,comment,latin
"Aba Hami Sabai janta miler Balen lai Prime Minister banaunu parchha. 
Jay Nepali.",balen,cache.json,comment,latin
Balen janta bidsinu desma call karkhana hos,balen,cache.json,comment,latin
देश त यी भ्रष्ट नेताहरुले डुबाइ सक्यो।।।😢😢😢,balen,cache.json,comment,deva
जय देश जय बालेन,balen,cache.json,comment,deva
🌹🕉🌹 Hamare Desh Mein Balam Balaji Restaurant Jay Ho Pashupatinath Balan bhai ko Raksha karna🕉🔱🥰🇳🇵🌹🙏💯🏵🌹🏵🌹🏵🌹🏵🌹🏵🏵🏵🏵🏵🏵🏵🏵🏵🏵🏵🏵🏵🏵🏵🏵🏵🏵🏵🏵🏵🏵🏵🏵🏵🏵🏵🏵🏵🏵🏵🏵🏵🏵,balen,cache.json,comment,latin
देसले खाेजे काे बालेन हाे रहेछ जय घनटि,balen,cache.json,comment,deva
Balen🙏🙏❤️❤️🔔🔔🔔🔔🔔🔔🔔,balen,cache.json,comment,latin
JayA ghanati,balen,cache.json,comment,latin
Jaya.  Ghanti.    Apradhi.     Hatyara.   Ko.    Antya.    Garoo,balen,cache.json,comment,latin
🔔🔔🔔🔔🇳🇵🇳🇵🇳🇵🇳🇵,balen,cache.json,comment,latin
Jay desh jay Balen,balen,yt:Balen Shah,comment,latin
Good 👍 Pradhan Mantri jiu.,balen,yt:Balen Shah,comment,latin
Hjur lai asafal banau ne sadyantra ho.. pm sir... plz aba galti garney lai daro sajaye dinu parxa jo sukai hos indre hoski indreko bau chandre.. yemale hos ki congress swantantra hos wa shramsaskriti daro vanda daro karbai garnu parxa taa ki arko galti garne layak nai na hoss,balen,yt:Balen Shah,comment,latin
Balen bro love u,balen,yt:Balen Shah,comment,latin
"Please sabai jana miler yo corrupted oli,prachanda shere tiniharuko kura ma biswas ngarum balla talla balen trustworthy sochiram hamiley .plz lets trust Balen this time.",balen,yt:Balen Shah,comment,latin
"बालेन शाहज्यू, रवि लामिछानेज्यू र स्वर्णिम वाग्लेज्यू,

आज तीन करोड नेपालीको आशा तपाईंहरूमाथि टिकेको छ। अब भाषण होइन, परिणाम देखाउने समय हो। जनता अब बहाना सुन्न चाहँदैनन्; काम हेर्न चाहन्छन्। इमानदारी, सुशासन र राष्ट्रहितलाई पहिलो प्राथमिकता बनाएर अगाडि बढ्नुहोस्।

यदि तपाईंहरू साँच्चै परिवर्तनका पक्षमा हुनुहुन्छ भने, व्यक्तिगत स्वार्थ, पदको लोभ र अहंकारलाई त्यागेर एउटै लक्ष्यका साथ अघि बढ्नुस्। देशलाई सक्षम नेतृत्व चाहिएको छ, विभाजित नेतृत्व होइन।

नेपाली जनताले भ्रष्टाचार, बेथिति र पुरानो राजनीतिक संस्कृतिबाट मुक्ति खोजिरहेका छन्। त्यो आशा पूरा गर्ने जिम्मेवारी तपाईंहरूको काँधमा छ। इतिहासमा नाम लेखाउने हो भने, जनताको विश्वासलाई कर्मबाट जित्नुपर्छ।

देश पहिले, जनता पहिले—यही मन्त्र बनाएर अघि बढ्नुस्। यदि तपाईंहरू एकताबद्ध भएर काम गर्नुभयो भने, तीन करोड नेपालीको सपना साकार हुन सक्छ। अब समय गुमाउने होइन, परिणाम दिने समय हो।

नेपालले तपाईंहरूबाट ठूलो अपेक्षा गरेको छ। जनताको विश्वासलाई सम्मान गर्दै काम गरेर देखाउनुहोस्।

देश बदल्ने अवसर आएको छ—अब प्रमाणित गर्ने पालो तपाईंहरूको हो।💪💪🙏",balen,yt:Balen Shah,comment,deva
Aaba national war hunxah,balen,yt:Balen Shah,comment,latin
जय घण्टी  जय नेपाल सरकार 🔔🔔🔔🔔🇳🇵🇳🇵🇳🇵🇳🇵,balen,yt:Balen Shah,comment,deva
"हरेक बहानामा सरकारलाई असफल बनाउन, हिजोसम्म देश लुट्दै आएका तर अहिले लुट्न नपाएका भ्रष्टाचारी, तस्कर र बिचौलियाहरू योजनाबद्ध रूपमा सक्रिय छन् भन्ने आरोप सुनिन्छ। यस्तो अवस्थामा प्रधानमन्त्रीले हरेक पाइला निकै सोचविचार गरेर चाल्नुपर्ने चुनौती छ।

तर मुख्य गल्ती भनेको भ्रष्ट नेता र अराजक गतिविधिमा संलग्न व्यक्तिहरूलाई कानुनको दायरामा नल्याई खुला छोड्नु हो। यही कमजोरीले अवस्था झन् बिग्रिएको छ। धेरैको बुझाइमा यो एमाले र कांग्रेस को राजनीतिक खेल हो, तर दुर्भाग्यवश केही सोझा जनताले त्यो खेल नबुझी आफ्नै ज्यान जोखिममा पारिरहेका छन्।",balen,yt:Balen Shah,comment,deva
nepali sena chahi lagaunu hunthyn,balen,yt:Balen Shah,comment,latin
I request our government to amend the citizenship law,balen,yt:Balen Shah,comment,latin
"योस्तो बेला समाज र जनता भाड्न खोज्ने जो सुकै किन नहोस चाहे सरकार,माननिया होस र चाहे जनता त्यस्लाई कार्वाही होस र सरकारले पनि निस्पक्ष छानबिन होस",balen,yt:Balen Shah,comment,deva
"त्यसैले सरकारले थुप्रेका भ्रष्टाचारी नेताहरूलाई भटाभट कारबाही नगरेको र साँढे झैँ छाडा छोडेकोले पनि सामाजिक सद्‌भाव भड्काउने, अराजकता निम्त्याउने  र सरकार कमजोर पार्ने र हिलोमा माछा मार्ने काम तीनबाट भएको हुनसक्छ भन्ने ब्यापक जनविश्वास छ।",balen,yt:Balen Shah,comment,deva
छिटो भन्दा छिटो वैदिक सनातन रास्ट्र कायम गर्नुपर्छ नत्र ढिलो हुन्छ र भोलिको दिन पछुताउनु नपरोस।।धन्यवाद।।,balen,yt:Balen Shah,comment,deva
Hamra nepali jantaharu nepal bikash garnako lagi agi badhnu parne thauma deshlae agi badhaune hamro balen sir vaneko nepalko vagwan hun asta bektila raja baunu parne thauma jan uskae beget garer hunxa sunnush hamra nepali dagu vae paeshakolagi aafnu deshlae ani aafu pariwarlae jokhimma parer aafno nam aafaele badnam garer hunxa hamro vagwan hun sakdo sahayog garnu natra uha harulae kan garnu dinu best up lock hamra balen dadalae hajurko full sapod xum hajurle sarkarlae kehinee vannu pardae hami nepal youwa xam dada hajur vannush matra hami youwale garxum😢😢😢😢😢😢,balen,yt:Balen Shah,comment,latin
❤❤❤❤❤❤❤❤❤❤❤❤❤❤❤❤❤❤❤❤❤❤❤❤👏👏🙏🙏💪💪,balen,yt:Balen Shah,comment,latin
"रमेश प्रसाईंसँग प्रश्न सोध्ने पत्रकार मित्रलाई एउटा आग्रह—

प्रश्न सोध्नु पत्रकारिताको धर्म हो, तर प्रश्न गर्दा संयम, मर्यादा र जिम्मेवारी पनि उत्तिकै आवश्यक हुन्छ। सनसनी फैलाउनेभन्दा सत्य खोज्ने र जनतालाई सही सूचना दिने उद्देश्यलाई प्राथमिकता दिनुहोस्।

देश र जनताको हितलाई केन्द्रमा राखेर तथ्यमा आधारित, सन्तुलित र सम्मानजनक प्रश्न सोधौँ। पत्रकारिताको शक्ति आवाज चर्को बनाउनुमा होइन, सत्यलाई जिम्मेवारीपूर्वक उजागर गर्नुमा हुन्छ।🤬🤬😎😎😎🔥🔥🔥🔥🔥🔥😡😡😡👊👊👊👊",balen,yt:Balen Shah,comment,deva
Herera padeko 😢,balen,yt:Balen Shah,comment,latin
kasle lekhera diyo padira xa amro balen ji,balen,yt:Balen Shah,comment,latin
Jaya balean,balen,yt:Balen Shah,comment,latin
Sana YouTuber le sahayog garau ekarkalai,balen,yt:Balen Shah,comment,latin
"Ranesh parsai, why did you blame the  parties",balen,yt:Balen Shah,comment,latin
Chill na haneyra Muji desh lai kina sochnu,balen,yt:Balen Shah,comment,latin
रोपेको बिउ फल्न थालेको छ।😢,balen,yt:Balen Shah,comment,deva
"Hindu name matroi xho 
mornu mah 😢😢😢",balen,yt:Balen Shah,comment,latin
Khai ta 20 hajar ma khadee pathako Khai ta desh ma roj gari Khai ta lal Purja etc. Sab jhut sab thikk sab chor ho desh chalaone,balen,yt:Balen Shah,comment,latin
Jantalai Taki Taki goli hanney tw sarkarnai hotw.  Aafailai karbai garna.. muji dosi kasalai chodidarnwrey.. chanbin garney team bana charey . Kina chanbin garnu paro.. temiharulai sab thachatw goli kina kasari ko ley chalayo vaneyrw..,balen,yt:Balen Shah,comment,latin
Hajur pani  hindu birodi  ho  muslim  lai  sallakar banaucha  bhaichra garis  hindu lai nai marcha k hirdai hindu kalanka,balen,yt:Balen Shah,comment,latin
Nepal lai hindu Rastriya banaunu parxa Aru kai chaidaianw malai sarkar bata dherai vayo natra yo India pak jastai vayeh vane hami kai garna sakdainaw,balen,yt:Balen Shah,comment,latin
"T O B को जकेट लगाएर हाम्रा  सान बालबालिकालाई  विद्यालयको पोसाकमा 
निसेधित क्षेत्रमा होमेर अबोध  बालबालिकालाई मराउने सुजन  गुरुङ जस्तो पात्रलाई  भाबुक  दयालु भन्नू हास्यास्पद  होइन र !?????????",balen,yt:Balen Shah,comment,mixed
"फुटेर होइन ।जुटेर जाउ। सरकार लाई साथ दिउ। देश हाम्रो नै हो हामीले नै हो बनाउने अनि जोगाउने पनि।
अनावश्यक अरुको लह लहै भ्रम मा परेर बिक्र्ती नफैलाउ।",balen,yt:Balen Shah,comment,deva
"गोली लगेर मृत्युबरण गर्नु भयका सबैमा भावपुर्ण श्रद्धाञ्जली  अर्पण  गर्दछु  र शोक सन्तप्त परिवार जन प्रति धैर्य  धारणको शक्ति को लागी प्राथना गर्दछु । 
 केही  प्रश्न  छन मेरा यस सरकारलाइ मेरा मात्र नभयर आम जनताका प्रश्न हुन यि - 
भदौ २२/२३ को आन्दोलन मा जेन्जि युवाहरु माथि गोलि चल्यो केही अबोध बाल बालीका मारिय अहिले पनिअ गोली चल्यो केहि मानिस  मारीय २३/24 मा रमेश लेखक तात्कालिक  गृहमन्त्री र के पि oli तात्कालिक  प्र म ले गोलि प्रहार को जिम्मा लिनु पर्छ भनियो 
प्रश्न : अहिलेका गृहमन्त्री सुदन गुरुङ्ग र अहिलेका प्र म बालेन्द्र साह ज्यु ले जिम्मा लिनु पर्छ कि पर्दैन ?
तात्कालिक  गृहमन्त्री  लेखक र प्र म ओलि लाइ अपराधी  मानियो र अपराधी  मानेर यहि सरकारले छानबिन  समिती  बनाएर सोधपुछ  गरियो  अब
प्रश्न  अहिलेका गृहमन्त्री  गुरुङ र प्र म साह लाइ अपराधी मान्ने कि नमान्ने 
समिति  बनाएर छानबिन र सोधपुछ  गर्ने कि नगर्ने 
तात्कालिक  गृहमन्त्री  लेखक र प्र म ओलि लाइ नैतिक  जिम्मेवारी  लिदै राजिनामा देउ भन्दै आन्दोलन गर्नु र गराउनु भयो सुदन गुरुङ ज्यु र बालेन साह ज्युले 
प्रश्न  : सुदन गुरुङ ज्यु ले र प्रम बालेन साह ज्युले नैतिक जिम्मेवारी  लिनु पर्नेकि नपर्ने  ? 
नैतिकताको  आधारमा राजिनामा दिनु पर्ने  नपर्ने ? तात्कालिक  गृहमन्त्री  र प्र म लाइ आन्दोलन  गरेर र गराएर सत्ताबाट हटाइ  सरकार  परिवर्तन  गरियो । 
प्रश्न  : अहिलेका गृहमन्त्री  र प्र म ले  पदबाट हट्नु पर्ने कि नपर्ने अनि सरकार परिवर्तन  हुनु  पर्ने कि   नपर्ने ? 
तात्कालिक  गृहमन्त्री  र प्र म ले गोली हान्ने आदेश दियको मानियो ।
प्रश्न : अहिलेका गृहमन्त्री  ले  र प्र म ले गोली हान्ने आदेश  दियको मान्ने कि न मान्ने ?",balen,yt:Balen Shah,comment,mixed
"Yo ta AI ho. Or, screen ma lakhya ko harya ra padi raxa. Status queen, timi gharmai basyara status lekha.",balen,yt:Balen Shah,comment,latin
फुटेर होइन जुटेर जाउ। सरकार लाई साथ दिउ। देश हाम्रो नै हो।हामी ले नै हो जोगाउने बनाउने।,balen,yt:Balen Shah,comment,deva
Reading from the screen. Good job our status queen.,balen,yt:Balen Shah,comment,latin
"प्रधानमन्त्री ज्यु लाई हार्दिक नमन 🙏🙏यस्तो जटिल अबस्थामा देश र देश बाशिको नाममा सम्बोधन गर्न ढिलाइ नगर्नु होला ,,कानुन संसोधन गरि न्यायलय लाई चुस्त बनाउने र बाहिर बसेर सरकार को खुट्टा तान्ने र आमनागरिक मा भ्रम फैलाउने गतिविधिमा सम्लग्न हुने लाई कानुनी दायरामा ल्याई कारबाही गर्नु ढिला नगर्नु होला ,,,देश हाम्रो हो बनाउने पनि हामीले हो,,,जय ,,रा स्वा पा ,,जय 🔔🔔🔔🔔🇳🇵🇳🇵🇳🇵🇳🇵",balen,yt:Balen Shah,comment,deva
Good job ❤❤  balen sarkar,balen,yt:Balen Shah,comment,latin
Good pm sab,balen,yt:Balen Shah,comment,latin
"😂😂😂😂😂😂😂😂
Saknu hunu hunxha.",balen,yt:Balen Shah,comment,latin
🇳🇵🇳🇵🇳🇵🇳🇵🇳🇵,balen,yt:Balen Shah,comment,latin
समस्यको मूल जड नै संबिधान हो जवसम्म यसलाइ खारेज गरिंदैन तबसम्म देशले सही लिन सक्दैन। मिलर बसेको समाजलाई भड्काउने काम २०८७२काे संबिधान बाट भएकाे सवैलाई थाहा भएर सङ्घीयता र प्रदेश हो भन्ने थाहा हुँदा हुँदै पनि किन कोही बोल्दैन न बुझ्न गार्हो भएकाे छ,balen,yt:Balen Shah,comment,deva
"बिक्रम भनिने ब्याक्ती, दुर्गा प्रसाईं, अन्यले खुलेआम के बोलेका छन, किन पक्राउ हुद्दैनन???",balen,yt:Balen Shah,comment,deva
Jay Nepal,balen,yt:Balen Shah,comment,latin
Balen sir le ta haat ma kalo patti lagaunu vako xa ta k ho yesto,balen,yt:Balen Shah,comment,latin
discourt,balen,yt:Balen Shah,comment,latin
"सम्माननीय प्रधानमन्त्री ज्यू, यस्तो अवस्थामा, कृपया आगामी दिनहरूमा राष्ट्रका नाममा गरिने सम्बोधनहरू समयमै गर्नुहोस्, ढिलाइ नगर्नुहोस्। साथै, गृह मन्त्रालय र गृहमन्त्री ज्यूँलाई पनि समयमै अवस्थाको सक्रिय नियन्त्रण लिन निर्देशन दिनुहोस्, ताकि अहिले जस्तो विषयहरू नियन्त्रण बाहिर जान वा बिग्रिन नपाऊन्।",balen,yt:Balen Shah,comment,deva
"Hindu rastra kayam garera kota system hataunus sir
Nepal Hindu ko ho 
Jastai Pakistan ma Islam, bahek kei chhaina
Saudi ma ,Qatar ma Ra Aru Islam country ko rule thaha nai chha ra usa, paschim muluk haru ko pani aafnai Christian religion chha
Sabai le aa-aafno desh ma aafno paramparalai herchhan
Tara Nepal India jasto muluk le loktantra lyaera ra kota system ra sa sabai dharma Lai Saman byawahar garekole ra dharma pariwartan garaune ishai ra Islam ka agent haru Lai khula chhut dieko le hamro desh barbad hudaichha
Raja ko Pala Christmas ra IED bakrid haru ma sarkari chhutti didaina thiyo Tara pani manaerq basekai thie 
Tara netq haru le ra maowadi le aafno vote bank ko lagi hamro desh Nepal Lai ^sajha rastra"" banaera hak dilaera Bolna Lai jun bato banaidie tyo Swarthi sarkari le Garda ho
Malai yaad chha 2060 ma Mero slc ko barsa ma IEd ma chhutti hudaina thiyo Tara ahile Bada maharaja Dhiraj prithvi Narayan Shahdev le banaeko Nepal ma chhut diera yasti sthiti srijana vaeko ho",balen,yt:Balen Shah,comment,latin
God bless you brother ❤,balen,yt:Balen Shah,comment,latin
ABA gadi hoina desh chalaunuhuncha jay Nepal amako jay,balen,yt:Balen Shah,comment,latin
Jay Nepal👍🇳🇵🇳🇵🇳🇵🙏,balen,yt:Balen Shah,comment,latin
Jay. Nepal❤👍🇳🇵🇳🇵🇳🇵🇳🇵,balen,yt:Balen Shah,comment,latin
"Balen Sir,  Aab Chhittai Desh ko Sakkali Gadi Chalayer Vikash Garnu Hos , Wish you All The  Best.",balen,yt:Balen Shah,comment,latin
Desh ko Bhalo garne desh bhakta Balen ji,balen,yt:Balen Shah,comment,latin
❤❤❤❤ very nice 👍👍❤❤,balen,yt:Balen Shah,comment,latin
Jay Balen Shah🏠💐🌹,balen,yt:Balen Shah,comment,latin
Same south movie ko hero ko kahaani hudaixa lekin villen vi abi jabarjast he jay ghanti🙋‍♂️🔔🔔,balen,yt:Balen Shah,comment,latin
Jaya balen superb be strong 💪💪,balen,yt:Balen Shah,comment,latin
God bless You balen babu ani nani lai 🙏🙏,balen,yt:Balen Shah,comment,latin
Balen dada❤❤❤❤❤❤❤❤ilove😂,balen,yt:Balen Shah,comment,latin
God❤❤❤🎉🎉🎉🎉🎉🎉🎉,balen,yt:Balen Shah,comment,latin
Thanks for 244 subscriber,balen,yt:Balen Shah,comment,latin
Wow This React For Lovely 🕊Couple💝🕊,balen,yt:Balen Shah,comment,latin
Gadi kaha vetaunu vako mayor sir😅😅😅 lai bujhdaina,balen,yt:Balen Shah,comment,latin
I love you Nepal and balen ❤❤❤❤😊😊,balen,yt:Balen Shah,comment,latin
"My.  Fale.  Balen.  Shah❤❤
❤❤❤❤❤.  😊",balen,yt:Balen Shah,comment,latin
Song name please,balen,yt:Balen Shah,comment,latin
Jay nepal balen sir🙏🙏,balen,yt:Balen Shah,comment,latin
Jay ghanti 🛎️🛎️🛎️🛎️🛎️🛎️🇳🇵🇳🇵,balen,yt:Balen Shah,comment,latin
Very nice ❤❤,balen,yt:Balen Shah,comment,latin
Very nice,balen,yt:Balen Shah,comment,latin
Wow nice,balen,yt:Balen Shah,comment,latin
dajai❤vauju,balen,yt:Balen Shah,comment,latin
jati duman tate agadi❤❤,balen,yt:Balen Shah,comment,latin
Very nice jay hos 🙏🙏🙏🙏,balen,yt:Balen Shah,comment,latin
Jaya balen superb be strong,balen,yt:Balen Shah,comment,latin
Love from Bharat,balen,yt:Balen Shah,comment,latin
Balen sir 👏🏻👏🏻👏🏻🙏🏻🙏🏻🇳🇵🇳🇵🇳🇵🇳🇵,balen,yt:Balen Shah,comment,latin
Chitwan ot bardiya...bardiya ma pani maukai mauka chha,balen,yt:Balen Shah,comment,latin
"Bumble 
Humble 
Love you ❤",balen,yt:Balen Shah,comment,latin
Nepalko raja balan sir ❤❤,balen,yt:Balen Shah,comment,latin
Gadi hoina desa Bana vai,balen,yt:Balen Shah,comment,latin
"Jay Bhart ,Jay Nepal",balen,yt:Balen Shah,comment,latin
Jay hoss jay ghanti 🔔🔔🔔🔔🙏,balen,yt:Balen Shah,comment,latin
यो  बेलुन  घण्टी  मा  आय  बाट  मलाई  rsp  मा पर्दैन,balen,yt:Balen Shah,comment,mixed
jay Nepal🎉,balen,yt:Balen Shah,comment,latin
जय नेपाल,balen,yt:Balen Shah,comment,deva
G late glamour dust,balen,yt:Balen Shah,comment,latin
🎉🎉🎉❤🎉❤❤ leather reggae home never ever ever,balen,yt:Balen Shah,comment,latin
याे जाेडि लाई कसैकाे नजर न लागाेस🎉🎉🎉🎉🎉🎉🎉,balen,yt:Balen Shah,comment,deva
Jay ghanti❤❤❤,balen,yt:Balen Shah,comment,latin
Balen uncle namaskar yoindian chhprihau  jabapani nepali gorkhaharulai aphnoindian armybhanxa sabai gorkhalilai nepal bolaunuta machai vai bolako,balen,yt:Balen Shah,comment,latin
Now he can make songs as well as Rules together 😅,balen,yt:Balen Shah,comment,latin
Nice song good 👍,balen,yt:Balen Shah,comment,latin
Danch balen❤❤❤🎉🎉🎉,balen,yt:Balen Shah,comment,latin
"नेपालको अनाथ आश्रम को सुधार गर्नु पर्यो, अवस्था दैनिया छ।   ।।  ।",balen,yt:Balen Shah,comment,deva
Good❤❤❤❤❤❤❤❤❤❤❤❤❤,balen,yt:Balen Shah,comment,latin
Jay Balendra sah,balen,yt:Balen Shah,comment,latin
उत्तम अवस्था : 🎉🎉😮🎉🎉।,balen,yt:Balen Shah,comment,deva
"👋👋👋👋👋👋👋👋 
👋👋 👋 👋 
👋 👋 
👋 
👋 
👋❤❤❤🎉🎉🎉 beautiful ❤️❤️❤️❤️❤️❤️🎉🎉🎉",balen,yt:Balen Shah,comment,latin
❤❤❤❤❤🎉🎉🎉🎉😊😊😊,balen,yt:Balen Shah,comment,latin
A❤❤❤❤❤am,balen,yt:Balen Shah,comment,latin
Matlab jindagi k maje lete hue😂,balen,yt:Balen Shah,comment,latin
King jong...😅,balen,yt:Balen Shah,comment,latin
हन कहिलेको गाडी हो नी,balen,yt:Balen Shah,comment,deva
Bishal  patel  💪💪,balen,yt:Balen Shah,comment,latin
Hero heroni ani vilen  ko........,balen,yt:Balen Shah,comment,latin
Jay ghanti vote for balen,balen,yt:Balen Shah,comment,latin
Jay ganti❤❤❤,balen,yt:Balen Shah,comment,latin
Good boy balen,balen,yt:Balen Shah,comment,latin
🔔🔔🔔🔔🔔🔔👍️👍️👍️🙏🙏,balen,yt:Balen Shah,comment,latin
I hope you will break the world record. Oli was nothing.,balen,yt:Balen Shah,comment,latin
❤❤❤❤❤👍️👍️👍️👍️👍️🔔🇳🇵,balen,yt:Balen Shah,comment,latin
What about?\nLet's go for empty,balen,yt:Balen Shah,comment,latin
India assam❤❤❤❤❤,balen,yt:Balen Shah,comment,latin
"Balen Shah jee lai message chha ki bhote diye bhanne all sukumbasi lai hatai dinchha bhanner chitwan ma & jhapa ma galat message prabah garer maobadi & amale le prachar gardai hinech.vote bigardai chha.hosiyar balen ,Ravi ,sabita Gautam lai jankari garaun chahanchhu.",balen,yt:Balen Shah,comment,latin
❤❤❤❤❤❤❤🎉🎉,balen,yt:Balen Shah,comment,latin
❤❤❤❤❤❤❤🙏🏻🔔🇳🇵🙏🏻,balen,yt:Balen Shah,comment,latin
🕉️🇳🇵🕉️🌷🙏🔔,balen,yt:Balen Shah,comment,latin
Our PM❤❤❤❤❤,balen,yt:Balen Shah,comment,latin
😮😮😮😮😮😮😮😮😮😮😮😮😮😮😮,balen,yt:Balen Shah,comment,latin
❤❤❤❤👍👍👍👍👌🙏🙏🌹🌹😂😂😂🌹🌹,balen,yt:Balen Shah,comment,latin
Yo balean ho ki balan ho mughi,balen,yt:Balen Shah,comment,latin
Purano video ho yo ❤.Desh lae chahiyaeko Hira hun hira hamro ex mayor Balen ji ❤. Suvakamana ❤,balen,yt:Balen Shah,comment,latin
ECP2PM😮siting,balen,yt:Balen Shah,comment,latin
Balen 💀☠️,balen,yt:Balen Shah,comment,latin
🇳🇵🇳🇵🇳🇵🇳🇵🇳🇵🇳🇵🙏🙏🙏🙏😘,balen,yt:Balen Shah,comment,latin
😂😂😂😂😂😂😂😂,balen,yt:Balen Shah,comment,latin
❣️❣️🫵💐💐👍👍💪💪🤝🙏🙏🇳🇵❤️,balen,yt:Balen Shah,comment,latin
Balen  only no kp ❌,balen,yt:Balen Shah,comment,latin
Dinosaur Walmart❤😂😂😂😂😂🤣🤣🤣🤣😡😡🤏,balen,yt:Balen Shah,comment,latin
बालेन सर best ❤❤❤❤जय घण्टी best ❤❤❤❤जय नेपाल ❤❤❤❤❤,balen,yt:Balen Shah,comment,mixed
Laro kha mughi 😅 firee fire band gorkhas,balen,yt:Balen Shah,comment,latin
मिठो speech दिनुभयो हाम्रो   सम्माननीय  प्रधानमन्त्री बालेन शाह ज्यू ले! एकदमै खुसी लाग्यो। 🎉🎉🎉❤❤,balen,yt:Balen Shah,comment,mixed
भन्नेले जेसुकै भनुन तर हामीलाई बिश्वास छ बालेन ले देश बनाउनेछ।,balen,yt:Balen Shah,comment,deva
बालेन  को सोच अनुसार देस  चल्यो भने छिट्टै आमूल परिवर्तन हुनेछ ।,balen,yt:Balen Shah,comment,deva
रास्वपा उठेकै बालेनको कारण हो र देश अघि बढाउने पनि बालेन नै,balen,yt:Balen Shah,comment,deva
आज बालेन दाइको कुराले मन छोयो अनि देश अब बन्छ भने आश पनि लागेउ🎉जय बालेन दाइ जय रबि दाइ जय रास्वपा🎉❤,balen,yt:Balen Shah,comment,deva
युवा सरकार जय हो नमस्ते,balen,yt:Balen Shah,comment,deva
सलाम छ प्रधानमन्त्री ज्यु❣️🙏🔔🇳🇵,balen,yt:Balen Shah,comment,deva
टाईमलाग्छ देशबन्छ बन्छ पक्कै बन्छ अन्तिम सक्ती बालेनरबि ज्यु धेरै धेरै बधाईछ,balen,yt:Balen Shah,comment,deva
रबिलामिछाने को रोजाइ राम्रो छ देश बन्छ अरुले हैन बालेन रबि सुदनले बनाउछ जय नेपाल जय घण्टी,balen,yt:Balen Shah,comment,deva
पाटिको महाअधिबेसन होइन सदनमा बोल्नु पर्छ,balen,yt:Balen Shah,comment,deva
मान्छेले जेसुकै भनोस् तर हामीलाई विश्वास छ बालेर माथि देश बनाउँछ र अलिकति मेनपावरहरूबालालाई कडा गर्नुपर्यो।,balen,yt:Balen Shah,comment,deva
"यो सुनेर हाम्रो भोट खेर जान्न , बिश्वास र भरोसा जागेको छ। रबि बालेनको रास्वपाले ल्याएको  परिवर्तनले देश र जनता अवश्य हसाउ छ। 🇳🇵🔔",balen,yt:Balen Shah,comment,deva
नमस्ते  प्रधानमन्त्री बालेनजी,balen,yt:Balen Shah,comment,deva
बालेको कुरा सुनेर मन आनन्द हुन्छ।,balen,yt:Balen Shah,comment,deva
हामीलाई गहिरो विश्वास छ । बालेनले देश बनाउँछ । जय निलो क्रान्ति !!!!!,balen,yt:Balen Shah,comment,deva
जयदेश जय घन्टी 🔔🔔,balen,yt:Balen Shah,comment,deva
हजुर प्रति विश्वास छ नेपाल हाम्रो पालामा नै बन्छ,balen,yt:Balen Shah,comment,deva
Amazing ❤❤,balen,yt:Balen Shah,comment,latin
जये देश जये नेपाल जये बालेन शरकार्🇳🇵🇳🇵🇳🇵🇳🇵🇳🇵🇳🇵🇳🇵🇳🇵🇳🇵,balen,yt:Balen Shah,comment,deva
जय देश जय घन्टी 🔔🔔🔔,balen,yt:Balen Shah,comment,deva
बालेन बाहेक यो देश कसैले बनाउन सक्दैनन् जय घण्टी,balen,yt:Balen Shah,comment,deva
Congratulations 👏👏 and Best of luck PM Balen Daju and Rabi Daju and sabai RSP family haru jay Bir gorkhali haru jay ghanti ❤❤❤❤,balen,yt:Balen Shah,comment,latin
दमदार भाषण प्रधानमन्त्री ज्युको ❤❤,balen,yt:Balen Shah,comment,deva
WOW Good Balen sir,balen,yt:Balen Shah,comment,latin
नमस्ते नमस्ते बालेन सरकार ज्यु,balen,yt:Balen Shah,comment,deva
जय घन्टी ❤❤❤❤❤,balen,yt:Balen Shah,comment,deva
धेरै  राम्रो,balen,yt:Balen Shah,comment,deva
good Balen jii,balen,yt:Balen Shah,comment,latin
Jai Nepal jai balen shah sarkhar ju ❤❤❤❤❤❤,balen,yt:Balen Shah,comment,latin
मेरो पाटी तेरो पाटि होइन हाम्रो पाटी हाम्रो देश🙏मेरो भोट खेरा जादैन म ढुक्क छु🙏🙏जय घण्टी🔔,balen,yt:Balen Shah,comment,deva
"बोल्नु पर्छ थोरै थोरै , ठिक्क र बिषेश बिषेश ।कति पय कुरा त बोलेर पनि मुख बुझो लाग्छ। रबि जी र बालेन राजा सधै मिलेर अगाडी बढ्नु होला। आजको भनाइ राम्रो छ। बोली तल माथी होला तर काम सहि सहि होस ।🙏 जिबन जिबान्त बालेन प्रधानमन्त्री  अमर रहोस, राजा 🙏🙏❣️❣️❣️",balen,yt:Balen Shah,comment,deva
जय घन्टि जय रबि जय बालेन जय नेपाल 🇳🇵🇳🇵🔔🔔🙏🙏❤❤,balen,yt:Balen Shah,comment,deva
Namaste to U PM as well.,balen,yt:Balen Shah,comment,latin
Positive vibes positive thinking positive way I can't explain about him,balen,yt:Balen Shah,comment,latin
Huge respect Balen Nd Rabi sir,balen,yt:Balen Shah,comment,latin
Namaste ho hjr ho,balen,yt:Balen Shah,comment,latin
यक्दम सै बोल्नु भो प्रधानमन्त्री ज्यु ले गन्तब्बे मा गयर मात्रै रोकिन्छ जय नेपाल 🌺🙏🇳🇵🔔🇳🇵🙏🌺,balen,yt:Balen Shah,comment,deva
Dammi dammi 🙏jay desh,balen,yt:Balen Shah,comment,latin
Hats off 👏🏼😘❤️,balen,yt:Balen Shah,comment,latin
Very nice ❤❤❤❤❤❤❤❤❤❤❤❤❤❤❤❤❤❤❤❤❤❤❤❤❤❤❤,balen,yt:Balen Shah,comment,latin
Hjur lai sunnai pugeko chaina❤❤❤BALEN JEE❤❤,balen,yt:Balen Shah,comment,latin
Very good very nice ❤❤❤❤❤❤❤❤❤❤❤❤❤❤❤❤❤❤❤❤❤❤❤❤❤❤❤❤❤❤❤❤,balen,yt:Balen Shah,comment,latin
Epic Rebuttal,balen,yt:Balen Shah,comment,latin
वाउ प्रधान मन्त्री बाले न ज्यू शुभ कामना बधाई ❤,balen,yt:Balen Shah,comment,deva
"३५-४० वर्ष शाशन गरेका लैतड़ी हरु लेखेको पनि हेरेर पढ्न जान्दैनन्, यसलाई भन्छन पढेलेखेको नेता",balen,yt:Balen Shah,comment,deva
wow excellent,balen,yt:Balen Shah,comment,latin
जय घण्टी 🔔🙏 जय रबि सर 🙏 जय बालेन सर जय सुदन गुरुङ 🙏,balen,yt:Balen Shah,comment,deva
Jay ghanti jay Nepal jay Rabi dai jay Balen dai ❤❤❤,balen,yt:Balen Shah,comment,latin
You are right balen sir Jai Nepal Jai Ghanti,balen,yt:Balen Shah,comment,latin
जय बालेन जय रबि जय रास्वपा❤❤❤❤❤,balen,yt:Balen Shah,comment,deva
Anyone in 2026 😅,balen,yt:Balen Shah interview,comment,latin
देश बिकास गर्न नत युबा आएर हुन्छ नत राजा आएर हुन्छ । बिकास हुन्छत केबल बालेन साह जस्तो भिजन भएको मान्छे आउनु पर्छ,balen,yt:Balen Shah interview,comment,deva
"नेताको झोले हुन बन्द गरौं 
यो एक पटक मात्र वालेन शाह लाई अत्याधिक भोट ले विजयी गराउ 🙏🙏🙏🙏👍",balen,yt:Balen Shah interview,comment,deva
' बालेन ' प्रधानमन्त्री भएको को को ले हेर्न चाहनुहुन्छ हाजिर गराउनु त ?? 😊,balen,yt:Balen Shah interview,comment,deva
movie हेरेकाे भन्दा पनि मज्जा balen जि काे भिजन र जवाफ सुन्दा अवकाे पालाे balen जि काे शुभकामना balen दाजु 🇳🇵🙏,balen,yt:Balen Shah interview,comment,mixed
This time one and only balen shah should and must win. No other option please.,balen,yt:Balen Shah interview,comment,latin
काठमाण्डौका सम्पुर्ण भोटरहरुलाई अनुरोध गर्दछु कि एक पटक बालेन शाहलाई साथ दियौ ।🙏,balen,yt:Balen Shah interview,comment,deva
फेरी दोहोराएर हेरे काठमाँडौ बासिले सही मांछे छाने बालेन शाह प्रति गर्ब छ 🥰,balen,yt:Balen Shah interview,comment,deva
"पार्टीले जिते झोले उत्पादनमा रोक लगाउन सकिन्न 
स्वतन्त्रले जिते झोले बिस्तारै हराउने छन 
झोलेको संख्या घट्नु भनेको देशमा परिबर्तनको सुरुवात हुनु हो 🙏🙏🙏
VOTE FOR BALEN
BALEN FOR MAYOR
VOTE FOR CHANGE",balen,yt:Balen Shah interview,comment,mixed
"यो interview पछि balen shah सचिक्कै मेयर को लागि परिपक्व candidate हुन जस्तो लाग्यो।।
vote for balen🙏",balen,yt:Balen Shah interview,comment,mixed
काङ्ग्रेस र एमाले लाई भोट नहाल्यौ बालेन शाह लाई हाल्यौ,balen,yt:Balen Shah interview,comment,deva
म बालेन सर को १बर्ष मेयर को कार्यकाल हुँदै गर्दा यो भिडियो पुर्न रिपिट हेर्दै छु उहाले जे बोल्नु भएको छ आज त्यो कार्य सबै क्रमबद्ध रूपमा सुदार गर्दै जानु भएको छ सलाम छ हजुर लाई जय बालेन ।😊🇳🇵🌳🌳,balen,yt:Balen Shah interview,comment,deva
काठमान्डौ मात्रै होइन नेपाल कै प्रधानमन्त्री भएको देख्न चाहान्छु 🙏,balen,yt:Balen Shah interview,comment,deva
बालेन् शाह लाई जिताउनु पर्छ अनि मात्रै महानगर को मुहार परिवर्तित हुन्छ vote for balen,balen,yt:Balen Shah interview,comment,mixed
"बालेन शाह को सपोर्ट मा को को हुनुहुन्छ 
जिताउन को लागि काठमाडौं बादिले बुझ्नुपर्छ हामी त बाहिर बाट हौसला दिने",balen,yt:Balen Shah interview,comment,deva
धन्यवाद सर बालेन सर🙏 अब चाहिँ भारत सित झुक्ने नेता र भारतको पैसामा डुब्ने नेता चाहिएन । जय ग्रेटर नेपाल चाहियो । हामी जनता साथमा छौ ।🙏💓🌹🙏,balen,yt:Balen Shah interview,comment,deva
कलाकार इन्जिनियर मेयर बालेन शाह । युवा अघि सर्छ देश अघि बढ्छ। अब पालो युवाको ।🇳🇵🇳🇵🇳🇵,balen,yt:Balen Shah interview,comment,deva
जितेपनी नजिते पनि यसरी धाराबाहिक रुपमा योजना को ब्याख्या गर्न सक्ने क्षमता लाई सलुट छ बालेन जि good luck,balen,yt:Balen Shah interview,comment,mixed
"एक घन्टा कतिखेर बितो पत्तै भएन । 
जितको अग्रिम सुभकामना बालेन दाइ 😍😍",balen,yt:Balen Shah interview,comment,deva
Feri man ma khuldul bhayera naya pradhanmantri lai herna aaye,balen,yt:Balen Shah interview,comment,latin
बलेन् दाई को interview हेर्न थालेपछि फिल्म नै हेर्न मन लाग्दैन । सफलताको शुभकामना दाई,balen,yt:Balen Shah interview,comment,mixed
"शायद यो पहिलो अन्तरबार्ता होला जहाँ  ऋषि धमला प्रतेक प्रश्नको उत्तर पुरा,ध्यान दिएर सुनिरहेका छन् 😅😅😅",balen,yt:Balen Shah interview,comment,deva
काठमाडौ  बासी हो एक्चोटी  बालेन शाह लाई एक चोटि मौका दिनु कतै केही भै हाल्छकी कती नेता को झोले हुनु एक चोटि बन्द आँखा खोलै बालेन शाह लाई जिताउ,balen,yt:Balen Shah interview,comment,deva
Even I frm Sikkim but I just love his thought hope he will bring change in Nepal 🖤❤️❤️,balen,yt:Balen Shah interview,comment,latin
उत्तम विचार अनि प्रभावकारी योजना❤️ Best Wishes ❤️🙏,balen,yt:Balen Shah interview,comment,mixed
10000%  बालेन साह आउने प्राधान मन्त्री हो👍❤️❤️❤️❤️❤️❤️❤️❤️❤️❤️❤️🌺❤️❤️❤️,balen,yt:Balen Shah interview,comment,deva
"बलल नेपाल ले राम्रो नेता पायकाे अाभाष भयाे, धेरै धेरै  धनयबाद बालेन सर राजनीति मा अाउनुभएकाेमा।",balen,yt:Balen Shah interview,comment,deva
बालेन दाइ पेरिसका मेयरकाे निमन्त्रणामा गएकाे बेलामा हेर्न आएको ।।,balen,yt:Balen Shah interview,comment,deva
म पनि एक कलाकार हु आज सम्म कुनै पनि नेताका interview देखेन तर बालेन शाहको interview एक घण्टा तीन मिनेट  55 सेकेन्ड सम्म हेरे 😍😍,balen,yt:Balen Shah interview,comment,mixed
जित को लागी बालेन शाह लगायत सम्पुर्ण स्वतन्त्र उमेद्वारहरु लाई आग्रिम सुभकामना 🙏,balen,yt:Balen Shah interview,comment,deva
"बालेन शाहाको भनाई १००% सहि छ। लहै Ktm को जनताहरू बालेन शाहालाई जीताऔ।कॉंग्रेस,एमाले,मावोबादि लाई जीताऊनु आमाको रगतपिय जस्तो हो।",balen,yt:Balen Shah interview,comment,mixed
The level of clear vision and confidence of this guy is suitable for Mayor.,balen,yt:Balen Shah interview,comment,latin
Plz vote for Balen Dai 💙💙,balen,yt:Balen Shah interview,comment,latin
"पहिलो पटक होला , ऋषि धमलाले आफ्नो अगाडिको opponent लागि यति धेरै बोल्न दिएको र सुनेको। Balen ❤️",balen,yt:Balen Shah interview,comment,mixed
देशको हिराे।।।।म साथ दिन तयार छु।।,balen,yt:Balen Shah interview,comment,deva
This man has a good vision he should get a chance,balen,yt:Balen Shah interview,comment,latin
"सम्पुर्ण काठमाडौं बासीलाई ""बालेन शाह""लाई अत्यधिक भारि मतका साथ बिजयि गराउन म विनम्र अनुरोध गर्दछु। बालेन शाह 💎👑",balen,yt:Balen Shah interview,comment,deva
"यसपालि यदि बालेन शाहले काठमाडौको मेयरमा जितेनन् भने यो बुझ्नुपर्छ कि नेपाली जनताको खप्परमा बिकास र समृद्धि  लेखिएकै छैन।
Vote for Balen💪💪💪💪",balen,yt:Balen Shah interview,comment,mixed
सम्पूर्ण काठमाडौं बासीलाई असल मेर पाकोमा बधाई छ ।,balen,yt:Balen Shah interview,comment,deva
"If Balen doesn’t win this election, no one should raise question about pollution, traffic jam, air pollution, unmanaged system of Kathmandu valley. Kathmandu got the best and qualified option this time. Please utilize this opportunity. Wish i were citizen of Kathmandu. Good wishes Balen. We are with you ❤️",balen,yt:Balen Shah interview,comment,latin
पहिलो चोटि गतिलो भिजन भको मान्छेको इन्टरभ्यु हेर्न पाइयो । You have to support Balen Shah all publics who live in ktm . I am from Dadeldhura .,balen,yt:Balen Shah interview,comment,mixed
बालेन शाह ज्युलाई मियरको लागि भारी मतले बिजय भएको देख्न पाउ अग्रिम बधाई तथा सफलताको शुभकामना दिन चाहान्छु🙏🙏,balen,yt:Balen Shah interview,comment,deva
धमला लाई बालेकाे ठूलो हमला भेरि गुड बालेन भाइ याे धमला लाई हमला गरेकाे मलाइ धेरै खुसी लाग्यो 😮😮😮👌👌👌🇳🇵🇳🇵🇳🇵,balen,yt:Balen Shah interview,comment,deva
Vote for BALEN 🇳🇵🇳🇵 sakisakyo varstha ko Palo aba 🙏🙏🙏,balen,yt:Balen Shah interview,comment,latin
"He deserves to be Mayor, wish him all the best",balen,yt:Balen Shah interview,comment,latin
Vot for balen shah. He is great person.,balen,yt:Balen Shah interview,comment,latin
"बालेन सर लाई धेरै धेरै धन्यवाद छ
🇳🇵🇳🇵🇳🇵🇳🇵🇳🇵🇳🇵🙏🙏🙏",balen,yt:Balen Shah interview,comment,deva
"I've heard no other candidate with such a clear vision as Balen has. Though Being popular in social media and acquiring votes on the election day is completely different aspects, but still I hope Balen will get the maximum votes in order to be elected as the mayor of Kathmandu metropolitan City.",balen,yt:Balen Shah interview,comment,latin
हाम्राेलाई होईन राम्रोलाई रोजौं  यसपालिको भोट balenशाह लाई 👏हजुरको हरेक भिजन राम्रो छ बोलीमा होईन भोलि व्यवहारमा देख्न पाउँ जितको भारी शुभकामना तपाईं माथि जनताले गरेको आशा कहिले नमरोश good luck🙏🙏🙏,balen,yt:Balen Shah interview,comment,mixed
He is a real gem for KTM. He has clear vision.  So vote for him.,balen,yt:Balen Shah interview,comment,latin
"❤धमलाको,हमला प्रस्ण,त गर्नठिकै,हो।उत्तर चाहिँ नसुन्ने बानिचै ब्यठिक हो हमला,्ज्यु।❤",balen,yt:Balen Shah interview,comment,deva
"Balen shah is gonna be the prime minister of Nepal one day.
Lets hope for the good days for our country NEPAL 🇳🇵",balen,yt:Balen Shah interview,comment,latin
"Mr. Sha is the right candidate for the Mayor of Kathmandu. He is a young and energetic, healthy, well educated and professional and most importantly he has a clear crystal vision for the development. ..Hurry up don’t miss this opportunity to support and vote him in order to change Kathmandu as a real capital of our country..",balen,yt:Balen Shah interview,comment,latin
"I am not from Kathmandu but i support balen shah  
my heartly request to all people those who live in kathmandu let's support balen shah",balen,yt:Balen Shah interview,comment,latin
"This is real Mayor of Nepal and real educatated person. 
He knows what is needed to shine Kathmandu. 

Let's support and have patience to see more jobs creating around city.

Jaya Mayor Balen Shah 
Jaya Nepal 🇳🇵🌙☀️",balen,yt:Balen Shah interview,comment,latin
We need changes in all sectors. This is the right time to choose better future.,balen,yt:Balen Shah interview,comment,latin
बिना भिजनको महङ्गो नेता भन्दा बालेन शाह कयौं गुणा असल।,balen,yt:Balen Shah interview,comment,deva
मेरो सर्बप्रथम बालेन शाह लाई शुभकामना  ।जितनुहोस  र एउटा सुझाव हजुरलाई  नजितेपनि तपाई को घोषणा पत्र हार्नु भयना मतलब अरुले जितेपनि तपाईंले पछी बसेर भय पनि तपाईंको योजना पुरा गर्न सघाउनुहोस हरेक पल्ट झक्झक्याउनुहोस  सल्लाहकार बन्नुहोस यत्ति गर्दानि बेवास्ता गर्छ भने सबै जनता लाई वडा देखि महानगर सम्म जनता उठाउ आन्दोलन गरौं  हिम्मत नहारौ देश बनाउ ।।,balen,yt:Balen Shah interview,comment,deva
"धेरै धेरै धन्यबाद 
काठमाण्डू महानगर बासी यो पटक असल एक मेयर मा बालेन शाह लाई vote दिनुभएकोमा हार्दिक आभार प्रकट गर्दछु।
मेयर को कुर्ची ले पनी बालेन शाह लाई परख़िरहेको छ
जून छिट्टै पूरा हुदै छ
देस अब परिबर्तन को परखाइमा छ 
जून काठमाण्डू बाट नै सुरू हुदै छ।।😊😊",balen,yt:Balen Shah interview,comment,mixed
"Balen Shah... Kejriwal of KTM......
He is the future of KTM metropolitan city....
If you wish for development.. 
first wish for balen as mayor....",balen,yt:Balen Shah interview,comment,latin
"बालेन जि को बिचार सारै राम्रो,काम पनि यस्तै राम्रो भए सुनमा सुगन्ध हुन्थ्यो  Best of luck.",balen,yt:Balen Shah interview,comment,mixed
"नेपाली को धेरै बर्ष को सपना बलेन शाह 
vote for balen shaa 
Youth makes nepal💚🧡💛💛🧡",balen,yt:Balen Shah interview,comment,mixed
कति उत्कृष्ट सोच र बिचार आहा सलाम छ बालेन,balen,yt:Balen Shah interview,comment,deva
Great man Balen sir ..Go ahead.What a clear vision,balen,yt:Balen Shah interview,comment,latin
Yes he is legend we like his vision let's grab this opportunity we support balan shah vote for him,balen,yt:Balen Shah interview,comment,latin
बलेन ले जसरी नि जित्नु पर्छ❤❤❤,balen,yt:Balen Shah interview,comment,deva
1st time I have seen rishi damala Speechless!🔥,balen,yt:Balen Shah interview,comment,latin
Balen को कुरा सुन्दानै कत्ती आनन्द आउँछ साच्चिकै भने जस्तो पूरा हुदो हो त कति मज्जा हुने थियो होला😊,balen,yt:Balen Shah interview,comment,mixed
कति राम्रो भिजन । साच्चै यस्तै युवा काे खाँचो छ महानगर लाई ।,balen,yt:Balen Shah interview,comment,deva
Dhamla boln t de ramro sang sunn❤,balen,yt:Balen Shah interview,comment,latin
"If he could fulfill 80% of his agenda, we would see a different city . Good luck 🇳🇵",balen,yt:Balen Shah interview,comment,latin
Rishi dhamala is really getting impressed with his explanation,balen,yt:Balen Shah interview,comment,latin
"म काङ्ग्रेसमा आस्था राख्ने ब्याक्ती हो साथै
म २१अै शताब्दीको युवा पनि हो म काठमाडौंको मतदाताहरुले बालेन लाई भोट गरि परिवर्तनको सुरुवात गर्न अनुरोध छ।🙏🙏🙏🙏",balen,yt:Balen Shah interview,comment,deva
We did it guys let’s start a new beginning,balen,yt:Balen Shah interview,comment,latin
भिजन राम्रो भएको एस्तो ब्याक्ति जोस जाँगर भएको देशको लागि केहि गर्छु भन्ने सोच बिचार भएर अगाडि बढीरहेका वालेल शाहालाइ भोट गरेर काठमाडौको मेयमा बिजय गरौँ।जय वालेन शाह।।।,balen,yt:Balen Shah interview,comment,deva
"Such a confident approach and great vision. If people still don’t vote for him, Nepal will not develop for next century or more 🙏🏼",balen,yt:Balen Shah interview,comment,latin
काठमान्डू का जनतालाई ऐले अवसर आयको छ यो अवसर को सदुपयोग गर्नु होला बालेन शाह बिजय भयको हेर्ने ठुलो धोको छ,balen,yt:Balen Shah interview,comment,deva
यो धमलाले पनि गाजाखानछकि जसतोछ यसलाई पुलिसलाई उजुरी दियर अनुसनदान गरनुपरछ,balen,yt:Balen Shah interview,comment,deva
"He has already won everyone hearts.
He is already winner🖤",balen,yt:Balen Shah interview,comment,latin
Vote for balen Shah ❤❤,balen,yt:Balen Shah interview,comment,latin
🇳🇵यदि कोहि  मानिसलाई देशको चिन्ता छ र देश विकसित भएको हेर्न चाहान्छ भने त्यस व्यक्तिले बालेनलाई भोट दिन्छ।।🙏❤️🇳🇵,balen,yt:Balen Shah interview,comment,deva
❤❤❤❤❤❤❤❤❤❤❤❤1,balen,yt:Balen Shah interview,comment,latin
"यसपटक सबैले सभ्य नागरिकको परिचय दिउ👍️
आफ्नो देश आफै बनाउ 💐💐💐",balen,yt:Balen Shah interview,comment,deva
1 घन्टा को interview पनि कति छोटो लाग्यो कति छिटो सकियो पत्तै पाइन ❤️😘 कति उत्तम बिचार दाजु 🤗 जितको अग्रिम शुभकामना ❤️❤️,balen,yt:Balen Shah interview,comment,mixed
एकदम सहि हो काठमाण्डुमा नामावली भए मैले भोट बालेन शाहलाई दिन्थ्ये।  अग्रिम शुभकामना !,balen,yt:Balen Shah interview,comment,deva
बालेनले मात्र होइन सबै मिलेर र गराउनु पर्छ ऋषि जी,balen,yt:Balen Shah interview,comment,deva
"First person who is speaking up for the development of nepal who is humble , intelligent, youth and a positive person who can really develop a country like nepal 🇳🇵",balen,yt:Balen Shah interview,comment,latin
काठमाडौं को शिक्षित जनताले बलेन शाह लाई जिताएको हेर्न मन छ,balen,yt:Balen Shah interview,comment,deva
He deserved to become mayor of Kathmandu.we all should vote for him ✨✨,balen,yt:Balen Shah interview,comment,latin
बालेन जी को सोच अनुसार होस् भगवान् म प्रार्थना गर्छु । सबै युवाको सोच बालेन को जस्तो होस्  र हुनुपर्छ । धेरै आशिर्वाद छ बालेन बाबू ।,balen,yt:Balen Shah interview,comment,deva
नेपालले राम्रो भिजन भएको बालेन पायो खुसि लाग्यो अग्रीम बधाई 🙏,balen,yt:Balen Shah interview,comment,deva
भोलि देखि नै लौरो बोकेर हिड्दै छु । हजुर मेरो प्रेरणा  हजुर 🙏,balen,yt:Balen Shah interview,comment,deva
"साच्चै संमयम्ता छ, जस्ले धमलालाई झेल्न सक्छ, पक्कै पनि दम छ बालेनमा । Vote him he is right candidate.",balen,yt:Balen Shah interview,comment,mixed
"Wow 😲
     2.5 million views 😮😊😊❤
     73k  like 😮😊😊😊",balen,yt:Balen Shah interview,comment,latin
He is really qualified person he deserves that post let's vote him and refresh the Ktm love you ballen sir 🇳🇵🇳🇵🇳🇵 hope you will do best,balen,yt:Balen Shah interview,comment,latin
He really has a vision  every one should  give him chance to work,balen,yt:Balen Shah interview,comment,latin
"If Balen doesn’t win, it will prove that people still wants to live under Stone Age & doesn’t deserve any improvement in their life.",balen,yt:Balen Shah interview,comment,latin
देशमा  अति भन्दा  अति   भएर  बालेन   शाह   आउनुभएकाे  हाे  ।   तेसैले      बालेन शाहलाई  धेरै  भन्दा धेरै     धन्यवाद   🙏🙏🙏❤️❤️❤️👌👌👌,balen,yt:Balen Shah interview,comment,deva
"If he really does all the things he is saying, he will change the face of kathmandu and will be an inspiration for other Mayers. Please vote for him!",balen,yt:Balen Shah interview,comment,latin
"Clever and intelligent Candidate Balen Shah!! 

So people from Kathmandu should know who to vote!!!",balen,yt:Balen Shah interview,comment,latin
मेयरमा दावी नगर्दा सम्म बालेनको नामै सुनेको थिइन मैले । मेयरको चर्चा व्यापक हुन थालेपछि पहिलोपटक उनको कुराकानी सुनेँ । कति सरल तरिकाले सरल योजना सुनाए । बहुत प्रभावित भएँ म । जीतको लागि शुभकामना बालेन जी ।।,balen,yt:Balen Shah interview,comment,deva
"I really wish him to be mayor..... 
His confidence and vision says it all.",balen,yt:Balen Shah interview,comment,latin
जित्यो!! जित्यो!! वालेन शाहले मन जित्यो!!!! अब चुनाव जित्न मात्र बाँकी छ । ९०८३५ जिन्दाबाद !!,balen,yt:Balen Shah interview,comment,deva
तीन वर्ष पछि फेरि बालेनको अन्तरवार्ता हेर्न मन लाग्यो ❤,balen,yt:Balen Shah interview,comment,deva
भावी प्रधानमन्त्री ज्यु को interview फेरि हेरियो । 🔔❤😊,balen,yt:Balen Shah interview,comment,mixed
सम्पूर्ण नेपाली दाजुभाई तथा दिदीबहिनीहरुमा नयाँ वर्ष २०७९ सालको शुभकामना साथै बालेन दाई लाई मेयर पदमा जिताउनको लागि काठमाडौंका बासिन्दा हरुमा अग्रिम आवन् गर्दछु🙏,balen,yt:Balen Shah interview,comment,deva
अप्रतक्ष्य रुपमा मीडिया हरुले बालेनको चुनावी प्रचार गरेको मा धन्यवाद।,balen,yt:Balen Shah interview,comment,deva
काठमाडौं निवासी जनताहरु  आफु जिउदो हुदैमा काठमाडौंको विकास र निकास हेर्न चाहानु हुन्छ भने स्वतन्त्र उमेदवार वालेन शाहलाई अत्याधिक मतले एक माैका दिनु होला।,balen,yt:Balen Shah interview,comment,deva
"पढेलेखेको मान्छेको सोच सधै सरल र उच्च नै हुन्छ। देशका लागि बलेन शाह दाइ जस्तै दुईचारा जना मान्छे फेरि चाहिन्छ। आफ्नो बेष्ट दिनुपर्छ, हरेक काममा दाजु। जितेको शुभकामना #Balen shah🙏",balen,yt:Balen Shah interview,comment,mixed
शिक्षा र स्वास्थ्य सरकारले निसुल्क गरिदिए भ्रष्टाचार कम हुन्छ। यो कुरा चै 100% बालेन सरको सहि हो।,balen,yt:Balen Shah interview,comment,deva
I'm from India one thing I should tell if he win he will become a kjriwal of KTM ❤️💐 vote for him,balen,yt:Balen Shah interview,comment,latin
बालेनले जित्नै पर्छ र जित्छ पनि यदि जितेन भने काठमाण्डौंमा मान्छे हैन भेडाहरु बस्ने रहेछन भनेर बुझ्दा हुन्छ 🌷🙏जय मेरो देश🌷🇳🇵,balen,yt:Balen Shah interview,comment,deva
"काठमाडौंको अस्तित्व बचाउन र काठमाडौं बासिन्दाको मुहार फेर्न सक्ने अब्बल दर्जाको नागरिक काठमाडौंले पाउने निश्चित भएको छ।
Best wishes #Balen sir..",balen,yt:Balen Shah interview,comment,mixed
"चुनाव को घोषणा अघी सुनिन मैले यिनको नाम
तर जुन दिन सुने
अनि यिनको योजना सुने
अनि त्यस दिन पछि हर दिन यिनलाई मैले शेयर गरेको छु
किनकि यिनमाथि मेरो भरोसा छ",balen,yt:Balen Shah interview,comment,deva
"This guy is far better than anyone, has absolutely great vision",balen,yt:Balen Shah interview,comment,latin
कति राम्रो भिजन❤️ जितको अग्रिम शुभकामना बालेन सर👏🙏,balen,yt:Balen Shah interview,comment,deva
अग्रिम शुभकामना बालेन दाइ। साच्चै काठमाडौले तपाईंको सपनामा सजिन पाओस।।,balen,yt:Balen Shah interview,comment,deva
बधाई छ बालेन्ध्द जि शुभकामना भने जस्ताे काम हाेस धन्यबाद राजिनध्द सर शुभसन्ध्य प्रणाम सत्य भनाई,balen,yt:Balen Shah interview,comment,deva
"This is the only interview which I watched without skip.
I am hip hop, music lover
I am student and still studying
And watching balen shah interview it seems really inspiring and very iconic. He is such an idol for me.
#voteforbalenshah.",balen,yt:Balen Shah interview,comment,latin
"बानीया जिलाई धेरै धेरै धन्य्बाद कुईएको गफाडी चोर नेता भनाउदाहरुको कुरा सुन्दा सुन्दा वाक्क भएको थीए आज एती रामिइलो भयोकी बालेनको कुरा सुनेर पुरै ईन्टर्भीउ हेरीयो थ्यान्क्स बानीया जिउलाई,!!!",balen,yt:Balen Shah interview,comment,deva
"प्रिय काठमाडौं बासीहरु अब त आँखा खोल्नुहोस्। ५ वर्ष अगाडि विद्या पासा लाई भोट दिएर जुन गल्ति गर्नुभयो अब त्यो गल्ति नदोहोयार्नु होला बिन्ती छ🙏🙏 काठमाडौं का सबै युवाहरु लाई आग्रह , तपाईंले आफ्नो परिवार को सबै भोट बालेन् शाह लाई ल्याउने अठोट गर्नुहोस्। नबुझेका बा आमा हजुरबा आमालाई बुझाउने जिम्मा तपाईंको। मासु भात जुन पार्टी को खाए पनि भोट चाई बालेन शाह लाई नै है त।
५ वर्ष पछि बल्ल यस्तो मौका आएको छ ,यो मौका नगुमाउनु होला बिन्ती छ।
#voteforbalen
#balenformayor",balen,yt:Balen Shah interview,comment,mixed
यदि balen शाह ले हारे Kathmandu का जनता सबै भन्दा बढी भेरा हुन् भन्ने प्रमाणित हुन्छ।vote for balen Kathmandu metropolitan city mayor,balen,yt:Balen Shah interview,comment,mixed
यदि म काठमाडाै बासि भयकाे भय भाेट बालेन लाईनै दिन थिय ।सफलताकाे सुभकामन जित हजुरकै हाेस ।,balen,yt:Balen Shah interview,comment,deva
"Balen’s victory is Kathmandu’s victory, vote for Balen",balen,yt:Balen Shah interview,comment,latin
I wish i was a voter of kathmandu metro . I would have voted for him. A young energetic and visionary leader.,balen,yt:Balen Shah interview,comment,latin
"सहि ठाउँमा सहि व्यक्ति नभएकाले नै नेपाल पछि परेको हो । शिक्षा मन्त्रि शिक्षित होस , स्वास्थ्य मन्त्रि स्वास्थ्य क्षेत्रको विज्ञ होस , शहरी विकाश मन्त्रि ईन्जिनियर होस , वन मन्त्रिले रुख चिन्ने होस , रक्षा मन्त्रि शैनिक क्षेत्रको होस , गृह मन्त्रि देशलाई संसार बुझेको होस अनि पो बन्छ देश । अग्रिम शुभकामना बालेन जि ।",balen,yt:Balen Shah interview,comment,deva
"शाहाले जमाएको देश फेरी पुन शाहाले नै बनाउनु पर्छ
good luck बालेन सर
जय नेपाल",balen,yt:Balen Shah interview,comment,mixed
He is  a must vision person& the most  knowledge of every sectors so he can do everything. best of luck dai Bote for balen dai,balen,yt:Balen Shah interview,comment,latin
पढेलेखेको मान्छे भनेको पढेलेखेको नै हुन्छ(Vote for balen)जितको शुभकामना....!!!!,balen,yt:Balen Shah interview,comment,mixed
We need support for this guy. Really he has something potential. Genius conversation.,balen,yt:Balen Shah interview,comment,latin
एउटा भिजन भएका होनहार युवालाई जिताउनै पर्छ common ktm बासी दाजुभाई दिदिबहिनी आमा बा बालेनलाई जिताउ ✊✊,balen,yt:Balen Shah interview,comment,mixed
"काठमाडौँ बासीको चेतना कति रहेछ, यो पटक देखिन्छ। अन्य जिल्ला बाट जति कराए नी केही हुने होइन, आखिर भोट हाल्ने काठमाडौं बासीले हो। 
आफ्नो ठाउँमा यस्तो मान्छे चुनाव मा उठे, कति आनन्दले भोट हालिन्थ्यो।",balen,yt:Balen Shah interview,comment,deva
बालेन जि को सोच सारै राम्रो लाग्यो।उहाँको  जित होस सुभकामना👍️👍️👍️🙏🙏🙏🙏🙏🙏,balen,yt:Balen Shah interview,comment,deva
"अबको युवा हरुको ढुकढुकी बालेन्द्र शाह
जित निश्चित छ अग्रिम शुभकामना!🎉🎉",balen,yt:Balen Shah interview,comment,deva
Hope our Nepal will be one of the best country of world with better management and service for all peoples in earth.,balen,yt:Balen Shah interview,comment,latin
तपाइँ देखेका हर सपना पूरा हवस अग्रिम सुभ-कामना बालेन भाइ😍,balen,yt:Balen Shah interview,comment,deva
He is the real hero God bless you in your each and every stage of your life,balen,yt:Balen Shah interview,comment,latin
बालेन शाहले गरेको कुरा सारै सरल र सारै मिठो लाग्यो यदि भनेको कुरा गरेर देखाउने हो भने मेयर मात्रै  होईन देश को प्रधानमन्त्री हुनुहुन्छ काठमाडौ बासिले बालेन शाहलाई जिताउ उहाको भिजन भासण होईन भिजन किलियर छ गर्ने हो भने यो कुरा सम्भब पनि छ जितको लागि अग्रिम शुभकामना,balen,yt:Balen Shah interview,comment,deva
"if the voters of kathmandu listened this, absolutely give majority to him.so appreciate and support to him.",balen,yt:Balen Shah interview,comment,latin
जितको अग्रिम शुभकामना  सर  अब आशा छ केही राम्रो  नयाँपन   आउछ देश मा  साथ दिनुहोला सबै ले 🙏,balen,yt:Balen Shah interview,comment,deva
आफ्नो भविष्य बनाउनको लागि बालेन् शाह लाई जिताउँ,balen,yt:Balen Shah interview,comment,deva
यही मान्छे पछि गएर प्रधानमन्त्री हुन्छ भनेर कसैले सोचेको थियो,balen,yt:Balen Shah interview,comment,deva
"आउने साल देश नया दिशामा प्रवेश हुदैछ जनतालाई असल नेतृत्व छान्नु छ । दुर दृष्टि, नया विचार र नया पिडीको नेतृत्व गर्ने नेतृत्व छान्ने अवसरको सदुपयोग होस गएको ५ वर्ष जस्तो देशले अब भोग्न नपरोस खराबहरुलाई जनताले फेरि नछानुन् । सबैलाई नयां सालको हादिक शुभकामना",balen,yt:Balen Shah interview,comment,deva
बालेन जि को यो आंट र साहसलाई नै सल्युट छ मेरो😊,balen,yt:Balen Shah interview,comment,deva
Wish you a good luck and best wishes Eng. Balen Shah for your dreams come true.,balen,yt:Balen Shah interview,comment,latin
बालेन जि तपाइको चुनावी यात्रा सफल होस । हामी सबै तपाइको बिजयको घोषण सुन्न आत्तुर छौ।,balen,yt:Balen Shah interview,comment,deva
"Really impressive, I will definitely vote for you. Good Luck!",balen,yt:Balen Shah interview,comment,latin
"भनाइ र गराइ पूरा होस शुभकामना  🙏🙏
From UAE Abu Dhabi",balen,yt:Balen Shah interview,comment,mixed
Hearing terms like 'machine learning' and 'data analytics' from a mayor candidate is a sign that finally well-educated and skilled people are coming to politics. Natra ta jaile unpadh gawar ra jholegiri garera pass bhako neta haru matra dekhna payinthyo. Good luck Balen!,balen,yt:Balen Shah interview,comment,latin
साच्चिकै गर्वबोध भएको छ्।हुनत म काठमाडौं को मतदाता होइन तर पनि काठमाडौं ले यस्ता सोच र भिजन भएको युवा नेतृत्व  पायो भने धेरै नहोला केहि हुन्छ नै।काठ्माडौ ले साच्चिकै बिकाश चाहेको छ कि नाइ भन्ने कुरा अहिलेको स्थानिय चुनाबले बताउछ्।,balen,yt:Balen Shah interview,comment,deva
Ma Pani herdaichu🎉🎉 now,balen,yt:Balen Shah interview,comment,latin
"सिक्षित मान्छे भनेको सिक्षित  नै हुन्छ्😊आठ कक्षा फेल भएका नेताहरुको हातमा देस थमाइदिदा आज देशको हालत यो छ्😥
युवा शक्ति जाग्नुपर्छ अब्🇳🇵
धेरै धेरै शुभकामना बालेन दाई❣️",balen,yt:Balen Shah interview,comment,deva
जित सुनिश्चित छ बालेन ब्रो।,balen,yt:Balen Shah interview,comment,deva
Let's support Balen Daju ❣️❣️,balen,yt:Balen Shah interview,comment,latin
"Such a good researcher, you deserve to win 🏆 👏",balen,yt:Balen Shah interview,comment,latin
बौदिक सोच भएको बालेन सर सलाम,balen,yt:Balen Shah interview,comment,deva
"कुरागरे जसरी, पछि कार्यान्वयन नि गरेको देख्न पाइयोस्, जीतको अग्रिम शुभकामना..",balen,yt:Balen Shah interview,comment,deva
अति राम्रो भिजन भएका बालेन शाह जसलाई काठमाडौं बासीले अत्यधिक मतले मेयरमा बिजय गराउ,balen,yt:Balen Shah interview,comment,deva
बालेन दाइ को सबै interview नछुटाइ हेरिराछु एक्दम उज्यालो भबिस्य कोर्ने दिन आको छ्😍,balen,yt:Balen Shah interview,comment,mixed
"पाको बुढाको उधारो बाचाले उधारै भयो।अब युवा पुस्ताको बाचा हेर्ने हो,साच्चिकै हामी काठमाडौंमा बिकास र सुन्दर काठमाडौं हेर्नू छ,भने बालेन शाहको भिजन उत्तम छ, vote for Balen shah",balen,yt:Balen Shah interview,comment,mixed
नेपालको बिकाश लागि एक्दमै आबस्या छ।।,balen,yt:Balen Shah interview,comment,deva
"यस्तै बिज्ञहरु सत्तामा पुग्नुपर्छ, देश बनाउन हो भने।
अग्रिम बधाई।",balen,yt:Balen Shah interview,comment,deva
"काठमाण्डौ को जनता कति बुझेको रैछन हेर्ने बेला यही हो ,,,,,अग्रिम बधाई छ बालेन् सर",balen,yt:Balen Shah interview,comment,deva
"wow .एस्तो पो उम्मेदवार 
कति सालिनता छ ; न कुनै आक्रोश , न उत्तेजना ,न कसैप्रती कटाक्ष ,गालिगलोज ,टुक्का उखान ।
बिकल्पका खाका,समस्याका कारण अनि स्रोतको स्पस्ट व्याख्या सहित ।
काठमाडौ बासिले यिनलाइ मत दिन आनाकानी गरे भने आत्मघाती सरह हो ।
एसपाली यिनलाइ जिताउनुपर्छ",balen,yt:Balen Shah interview,comment,mixed
Most educated and civilised voters of Kathmandu valley. let's see how wise u people are.,balen,yt:Balen Shah interview,comment,latin
अति सुन्दर मानसिकता भएकाो शिक्षाित ब्यक्तित्व ........अब देस बिकासको क्रम जारी ..... अब बुढा भ्रष्टाचारि नेताहरुलाई तह लगाउनैपर्छ।।।पापको पराकाष्ठा नाघिसकेको हुनाले भगवान को रुपमा बालेन शाहको उदय हुनु नेपाल र नेपाली हरुको लागि ठुलो सौभाग्यको कुरा हो ।,balen,yt:Balen Shah interview,comment,deva
म काठमाण्डौ जिल्लाको नभएनि जितको अग्रिम शुभकामना बालेन भाई 👏🙏,balen,yt:Balen Shah interview,comment,deva
Appreciate dada balen. Yours words will be inspired to every youth,balen,yt:Balen Shah interview,comment,latin
७५३ स्थानीय तहमै बालेन हरु जन्मिनु र जित्नु पर्छ अग्रिम बधाई बालेन्🎆,balen,yt:Balen Shah interview,comment,deva
"Best of luck Balen sir 
FACT
He never disappoints us with his content.
म पनि धेरै मेहनत गरि VLOG बनाउछु कसैले हेर्दैन 😪",balen,yt:Balen Shah interview,comment,mixed
"अति राम्रो अति सरल हुनि बिरुवाको चिल्लो पात भनेको यहि हो,अग्रिम शुभकामना भाइ बालेन साह लाई, श्री पशुपति नाथ भगवान दाहिना रहुन 💚❤️🌹🌹",balen,yt:Balen Shah interview,comment,deva
"Nepal was once ruled by great king and every major work had done at that mean  time
Time is moving on so,if you want change in kathmandu do vote for him .he is simple and visionary person i admit that ""education leads world""",balen,yt:Balen Shah interview,comment,latin
"Best wishes balen !!
For reshaping the political landscape of Nepal 🇳🇵!!",balen,yt:Balen Shah interview,comment,latin
"कति सालिनता छ यो मान्छेमा एक्दमै धेरै प्रभावित छु म,जितको सुभकामना!",balen,yt:Balen Shah interview,comment,deva
The head of kantipur tv who also runs a talk show where he brings top brass leaders to talk and share /promote his political elections agenda should learn from Rajendra sir how to conduct a candid conversation and how genuine questions are asked 👏,balen,yt:Balen Shah interview,comment,latin
सिकाई काे कर्म हुन सक्छ रहर हरु ठिक छ राम्राे काम गर्लान बालेन ले कि केसब ईस्थापित हेर्न बाकि छ राजिन्दर सर,balen,yt:Balen Shah interview,comment,deva
बालेन साह जी सफल कार्यकालको शुभकामना,balen,yt:Balen Shah interview,comment,deva
म एक स्वच्छ नेपाली नागरिक भएकोमा आफै खुशी छु ।जब म बुझ्ने बेलामा श्री ५ बिरेन्द्र बिर बिक्रम शाह भन्ने श्ब्द सुने जस्तै अबको आउँदा दिनमा हामी नेपालीको मुखमा श्री ५ बालेन शाह  भन्ने आवाज सुनिरहन पाउँ ।।🇳🇵🇳🇵🇳🇵,balen,yt:Balen Shah interview,comment,deva
"Not having a single negative comment is itself a successful person❤️🫶🏻🍀
There is no doubt that this person is going to rule the Nepal 🤩",balen,yt:Balen Shah interview,comment,latin
काठमाडौं एउटा आफैं मिऊजेम हो यसलाई रणभूमि नवनाउ!!!!शुभकामना छ हजुर लाई 🙏🏻💐🙏🏻,balen,yt:Balen Shah interview,comment,deva
"म काठमाडौंकाे भाेटर त हैन , तर काठमाडौमा भएका आफन्त लाई भाेट चाहिँ बालेन जिकाे लागि हाल्न अनुरोध गर्न छु।",balen,yt:Balen Shah interview,comment,deva
बालेन् भाइ तपॉइ हेर्दा डन्जस्तो बोलीबचन् सारै सरल् र रामो् लागयो,balen,yt:Balen Shah interview,comment,deva
आज सम्म यति बुझेर कुरा गर्ने कुनै पढेको नेता आको teyen सो अब चाई नेपाल मा केहि हुन्छ की भन्ने आस राखेका छौं तपाईंलाई धेरै शुभकामना जीत को लागि बलेन् सर।।।,balen,yt:Balen Shah interview,comment,mixed
मेरो विचार र वालोन को विचार धेरै मिल्छ सायद सबै सकारात्मक सोच भएका युवाको मिल्छ म जिताउन लाग्ने छु,balen,yt:Balen Shah interview,comment,deva
Ballen sir love 💕 u best of luck for your future you deserve mayor post 🙏🙏,balen,yt:Balen Shah interview,comment,latin
अति राम्रो विश्लेषण 👏👏👏...साह्रै मन पर्यो!❤️ जितको अग्रिम शुभकामना !! सबै काठमाडौं बासिन्दाले साथ दिनुहोला बालेन शाह  लाई !! जय होस!🙏,balen,yt:Balen Shah interview,comment,deva
"🙏🏿🙏🙏🏻
हजुरको विचार र सिद्धान्तले अझ सत्यको मार्ग खुलाओस्..., कोर्नु भएको भाग्य रेखा र देखाउन खोज्नु भएको सपना विपनामा परिणत होस्...
हरेक कदमले समृद्धिको प्रतीक रहेर शिखर चुमोस...
व्यक्त गर्नु भएको प्रतिबद्धताहरुलाई स्मरण गरी निस्कलंक बन्ने प्रयास गर्नोस्...
जय जय हुनेछ...
हामी हजुरकाे साथमा छौँ...
जय देश 🇳🇵🇳🇵🇳🇵
जय नरेश ✊✊✊
जय महेश🔱🔱🔱",balen,yt:Balen Shah interview,comment,deva
"दाइले जित्ने निश्चित छ, बिजय र्यालीको तयारी गर्न पर्यो साथीहरु .......",balen,yt:Balen Shah interview,comment,deva
"Young,smart, intelligent, talented Balen is the best 🥰 It's high time to hand over this politics to young generation..As a sensible citizen I voted for Balen Shah 👍",balen,yt:Balen Shah interview,comment,latin
नयाँ वर्ष लागेसँगै सामाजिक सञ्जाल प्रयोगकर्ताहरूमा पनि चेत अायो जस्तो छ । कतै नकरात्मक प्रतिक्रिया छैन :),balen,yt:Balen Shah interview,comment,deva
Let's make him the next mayor of kathmandu 🙏🏻🙏🏻🙏🏻,balen,yt:Balen Shah interview,comment,latin
बालेनले जित्ला नजित्ला तर जस्ले तितेनि बालेन सङ्ग केहि कुरा सिक्न चाहि पर्छ्🙏,balen,yt:Balen Shah interview,comment,deva
"प्रस्ताेता यस्ताेे पाे हनुपर्छ जाे  आफैमा सालीन सरल सभ्य ,सुरु देखी अन्त सम्मकाे सम्बाद  सुनाै सुनाै,हेराै हेराै लाग्ने  सारै अान्नद लाग्याे, धन्यबाद शुभकामना !",balen,yt:Balen Shah interview,comment,deva
छाडेर काम सारा ! एक काम रोजी रहेछु ! यो देश मा म एउटा मानिस खोजिरहेछु ! wish you all the best baalen.,balen,yt:Balen Shah interview,comment,mixed
बालेन सर को भिजन हामी सामान्य मानिसले सोचे भन्दा धेरै अगाडी छ काठमाडौं बासीले बालेनलाई जिताउनु भनेको काठमाडौं को मुहार फेर्नु हो सुन्दर बनाउनु हो र आफ्नो आयु बढाउनु पनी हो,balen,yt:Balen Shah interview,comment,deva
सहि कुरा मेराे पनि अनुराेध छ ।यसपालि काठमान्डु माहानगरपालिाका काे मेयरमा बालेन शाहा लाई भाेट दियर जिताउ र माहानगरपालिकाकाे मुहार बदलाै ।,balen,yt:Balen Shah interview,comment,deva
सबैले भोट हालेर जिताउनुहोस् काठमाडौ महानगरवासीलाई अपिल गर्दछु ।यिनले पक्कै परिवर्तन ल्याउने छन्🙏,balen,yt:Balen Shah interview,comment,deva
Wawo super. Aba desh vari yestai budhdhi jibi yuba neta haruko Aabashek xa. 🥰🥰.aba ta janta haru pani dherai samjhdaar hunu vaisaknu vaxa. 👌👌👌,balen,yt:Balen Shah interview,comment,latin
"""हामीहरूले यो यो  काम गर्छौ होइन कि 
हामीहरू यसरी यसरी यो काम गर्छौ ""- बलेन 😊❤",balen,yt:Balen Shah interview,comment,deva
Good.luck❤❤❤❤❤❤,balen,yt:बालेन शाह,comment,latin
"मधेसिको सङ्घियता ,",balen,yt:बालेन शाह,comment,deva
Jaya ghanti 🎉❤❤,balen,yt:बालेन शाह,comment,latin
VOTE FOR BALEN,balen,yt:बालेन शाह,comment,latin
सचेत जनताले नेताहरुलाई आफ्ना यी यी चाहिएकाे छ यति गरिदिनु भन्नु पर्छ है यति  मेराे कुरा मानि दिनुहाेला सबैमा अनुराेध छ।,balen,yt:बालेन शाह,comment,deva
Jay balen 🙏 Jay ghanti 🙏,balen,yt:बालेन शाह,comment,latin
जय देश जय नरेश,balen,yt:बालेन शाह,comment,deva
जय बालेन्द्र जय घण्टी ❤❤,balen,yt:बालेन शाह,comment,deva
Jai balen,balen,yt:बालेन शाह,comment,latin
जय घन्टि रवि,balen,yt:बालेन शाह,comment,deva
Jai rabi,balen,yt:बालेन शाह,comment,latin
🙏🇳🇵🇩🇪🙏🌅🕉️🇳🇵🇳🇵🇳🇵🇳🇵🇳🇵🇳🇵🙏,balen,yt:बालेन शाह,comment,latin
Neta vaneko yesto po hunu parxa ta,balen,yt:बालेन शाह,comment,latin
Harka sampang hedne boto pane banunu  parxa,balen,yt:बालेन शाह,comment,latin
घन्टित दरै बज्ने भयो जस्तो छ।,balen,yt:बालेन शाह,comment,deva
Abki Bar Balen Sarkar,balen,yt:बालेन शाह,comment,latin
Ghantile pakshapat gardain sabai nepal ra nepalilai herchh aru parti jasto sankirn bichar chain  ma ghantako sadasya hoin tar bishwas yo partile garchha,balen,yt:बालेन शाह,comment,latin
अरुनेताहरुभये गालीगरेरै सकिन्थो समये देशरजनताको कुरागरेकोमा धन्यबाद 🔔🤝🔔,balen,yt:बालेन शाह,comment,deva
A ho ra la mero jiban herna aaunu bolera Haina ma k k dekhaunu parxa all nepal dekhauxu ma vot ghanti haalxu Tara ajenda tyo Haina aaunus hjr madekhauxu bato kah xa,balen,yt:बालेन शाह,comment,latin
झोले तिम्रो बा जस्तो helicopter मा  भागे को छ र बालेन र सुदन ? यो पुरानो Party ले देश तास नास बनाए को हो यस्को जिम्मेवार कसले लिने हो झोले ?,balen,yt:बालेन शाह,comment,mixed
एस्तै बादरनी सन्सद भएसी देस कसरी सान्त  रहन्छ ?,balen,yt:बालेन शाह,comment,deva
७५ जना मारिदां तेरो बाउ केपी ओलि काँहा गएको थियो त्यतिबेला राजीनामा दिएको थियो?,balen,yt:बालेन शाह,comment,deva
एमालेको झुले नि काठमाडौँमा केको आन्दोलन भएको थियो सुनसरीमा केको आन्दोलन भएको छ हेर पहिला। त्यही एमाले चोरको कारणले भएको हो त्यो दुर्घटना।,balen,yt:बालेन शाह,comment,deva
होईन यिनी हरु प्रतिपक्ष हो कि वाईयात हरु हो? तलव त खाछ त! जिम्मेवारी केही हुदैन? बिरोधै मात्र???,balen,yt:बालेन शाह,comment,deva
"🇳🇵🙏Genz आन्दोलन र सुनसरी घटना एउटै हो भन्ने ,एउटै देख्नेको चै मानसिक स्थीतीको check गराए हुन्छ।",balen,yt:बालेन शाह,comment,mixed
याे पद्धमा अरियाल भन्ने थुतुनेलाइ कैले जेलहालने गिरिबन्देमा,balen,yt:बालेन शाह,comment,deva
"असान्ति गरेको बिपक्षिहरुले हो र आफ्नो सरकार बनाएर देशमा बिदन्ड मच्चाउन नपाएर बौलाएकाहरुपनि बिपक्षहरुनै हो सुन्सरी घटना भएको छ गोलिलागेर नेपाली जनता मरेका छन हामी सबैलाई थाह छ छानबिन गर्दैछन भोलि कस्ले गोलि चलायो त्योपनि रिपोर्ट आउला,अनि  केपि जस्तो ,हेलिकेप्टर चढेर वालेन ,सुदन त भागेका छैनन नि कि छन त्यसैले तातै खाँउ जलिमरौ नगरौ सत्यतथ्य बाहिर आँउन दिँउ ।",balen,yt:बालेन शाह,comment,deva
कुरा त एकदम सही हो। म त कुनै पार्टीको नि होइन तैपनि कुरा चाहिँ एकदम सही हो।,balen,yt:बालेन शाह,comment,deva
पुराना पार्टीले यसरी त्यो सत्ताको ढङ्गले मेटाउनलाई के धर्मयुद्ध नै गर्न खोजेका हुन् त यिनीहरुले नै गराएको नि धर्म युद्ध,balen,yt:बालेन शाह,comment,deva
बालेन र सुधनले राजिनामा दिएर प्रधानमन्त्री को बन्ने गिरिबन्धु टि ह्वाइट बडि एनसि एल भिजिट भिसा कुन दलालिलाई बनाउने भन झोले कुनअपराधीलाई बनाउने । रासपा सरकार रहेन भने यो देश कसैले चलाउन सक्दैन लेखेर राखौ ।,balen,yt:बालेन शाह,comment,deva
प्रधानमन्त्रीलाई गृहमन्त्रीले गोली हान्न नलगाएको भए यो महिला को हो यसलाई कारवाही गर्नुपर्छ। कानुनअनुसार बोल्नुपर्छ गृहमन्त्री र सूचना गुरुङ मात्रै गृहमन्त्री र प्रधानमन्त्री मात्रै नेतृत्व बोकेको होइन। गोले हान्ने अधिकार दिएको रहिन्छ भने यो यो मानेनीया महिलालाई कारवाही गरेको हुनुपर्छ,balen,yt:बालेन शाह,comment,deva
आफुले रजाई गरिरहेकालाई एत्तिकाे त हुनै पर्याे नि अझ पत्तासाफ हुनुपर्छ,balen,yt:बालेन शाह,comment,deva
जेन जी आन्दोलन घटना र सुन्सरी घटना १०० मा १००% फरक छ जेन जी भाई बैनी हरु मारीनु र सुन्सरी घटना लाई एउटै देख्ने संसद हरु लाई मत भन्छु अन्पट र दिमाग नभयका भन्दा फरक नपर्ला कि भ्रस्टाचारी मानव तस्कर ज्यान मारा र लूटेरा हरु को लुटेर खाने भाँडो बनाउन बिफ्फल होइन्छ कि भन्ने आशंका को चपेटा हो यो सम्प्रदायिक घटना घटाउने मधेशी मुस्लिम हिन्दू धर्मको नाममा राजनीति गर्ने आखिर किन???,balen,yt:बालेन शाह,comment,deva
अत्यन्तै दु:खद घटना।। छिटै शान्ति होउन् कामनाका साथ आशा गर्द्छु🇳🇵🙏जनता रहे देश रहन्छ 🇳🇵🇳🇵,balen,yt:बालेन शाह,comment,deva
"अब सरकारले आन्दोलन क्षेत्रहरुमा अति क्षमतावान द्रोन क्यामेराहरुबाट  सुक्ष्म निगरानी गर्नुपर्छ, जसबाट बिरोधि घुसपैठको सजिलै सङ्ग निगरानी गर्न सकियोस । 

बालेनको लोकप्रियता बाट उकुसमुकुस भएका र देशमा लुटेर खान पल्केका केही बिकास बिरोधि र देश द्रोहिहरुले अहिले एक ईमानदार प्रधानमन्त्रीको घोर बिरोध गरिरहेका  छन् । यो सब दङ्गा  फसाद गराउने अरु कोहि नभएर यिनिहरुनै हुनुपर्छ  किनकी  यो दङ्गा फसाद  बाट फाईदा हुने पनि यिनिहरुलाई नै हो । यिनिहरुले जसरी पनि बालेन सरकारलाई कमजोर बनाउन खोजेको कुरा सबै बिकास प्रेमी जनताहरुलाई थाहा नै छ । जय बालेन । जय सुशासन ।",balen,yt:बालेन शाह,comment,deva
100* Sahi bhannu Bhayo Yugi Manni Wakil Jiu So Very Thanku Bat 🏓🏓🏓❤❤❤,balen,yt:बालेन शाह,comment,latin
च्याखु रि बोल्न पर्दैन ।,balen,yt:बालेन शाह,comment,deva
Yasto ta xa ... Pratipaksha mananiya samsadharu ta.... 😂😂😂😂😂😂😂,balen,yt:बालेन शाह,comment,latin
झोले हरु कस्तो रोईलो,balen,yt:बालेन शाह,comment,deva
जस ले जति जाने को बुझे को हुन्छ उस ले त्येती नै बोल्ने गर्ने हो येदि साच्चै नै हाम्रो राज नेता हरु सचेत इमानदारी नैतिकता अनुशासन जिम्मेवारी देश भक्ती भए को भए लाथालिङ्ग भताभुङ्ग किन र अनुहार कसरी जनता माझ देखाउनु येदि इमानदारी भए,balen,yt:बालेन शाह,comment,deva
Yasko anuhaarr herda ni riss uthxa hau,balen,yt:बालेन शाह,comment,latin
No body resign but problem be solved by reading and investigating what had transpired,balen,yt:बालेन शाह,comment,latin
Milera Nepal ranepaliko bikas nagari rustamma birodh nai birodbko parinam nitaharuko  Kam janta uksaune Marne papiharu pasupati nathle vasma garne cha Jay nepal,balen,yt:बालेन शाह,comment,latin
सत्ता पक्ष प्रती पक्ष झोले सब नेता साम्सदहरु केही गर वा मर बिरोध र खंडन मात्र गर्ने होइन फिल्ड जाउ हेर अनि गर हार्दिक श्रद्धाञ्जली  त म अनि हामिहरु पनि गर्न सक्छौं अनि गरि रहेका छौ ।,balen,yt:बालेन शाह,comment,deva
"गोलि हान्नलाई प्रधानमन्त्री र ग्रीह मन्त्री ले आदेश दिनु नपर्ने रहेछ भनेर थाहा भयो होला नि अहिले, सान्सद को जवाफ मन्त्रीले दिने हो, सान्सदले दिने होइन नि।",balen,yt:बालेन शाह,comment,deva
Paribartan huna sika na Purana jhole haru❤❤❤,balen,yt:बालेन शाह,comment,latin
नंगाहरुका शिष्य हरुलेबाेलन लाजलागनु परनेहाे बिषय फरकछ अहिलेकाे रअसति भदाे 23  24 गतेकाे बिषय ।,balen,yt:बालेन शाह,comment,deva
Kam Girahmantri rw pradhanmantri le garne baki samshad haru birodh garnw vanda aru khi naaoune mazaa x 😊😊😊,balen,yt:बालेन शाह,comment,latin
दुइतिहाइ सरकार के हेरेर बस्याछ मुख्च्यातिदिनुपर्ने के मन्त्रिहरुलेगयर मार भनेकाेहाेर,balen,yt:बालेन शाह,comment,deva
Yesti boxini jasti lai vote nine lai saram aaudena hola??,balen,yt:बालेन शाह,comment,latin
"Mouj,masatima,jiwa n,yapan,gareko,birsin,nsakekole,bipakxiharule,nai,yo,gatna,ghatayeko,prast,Bhai,sakyo,awasyak,karbahi,hos,",balen,yt:बालेन शाह,comment,latin
Turunta rajinam de janta mara sarkhar,balen,yt:बालेन शाह,comment,latin
Ahile ko ra pahile ko kura alagxa,balen,yt:बालेन शाह,comment,latin
no kp no kp no kp so sad😳😳😳😳😳😳,balen,yt:बालेन शाह,comment,latin
KP Oliji le resignation diyeko kahile sunna pahiyena...,balen,yt:बालेन शाह,comment,latin
Amala ko karanla ghateko ghatna ho ramro sanga bujha,balen,yt:बालेन शाह,comment,latin
Raji namaste dinner pardain,balen,yt:बालेन शाह,comment,latin
Mananiya yajamani neupane ji ko jawaf sahi lagyo,balen,yt:बालेन शाह,comment,latin
नैतिकता को कुरा त गरिन गिरिबन्धुनिले तर यो खेलको खेलाडि एमालेको काँधमा बसेर धार्मिक ष्हिष्णुता भड्काउन मुख्य भुमिका खेल्ने हर्के हो काहाँ गयो हर्के के सेक्दैछ हर्के धर्मले कहिले नि हिसा गर भन्दै भन्दैन चाहे त्यो हिन्दु हो चाहे त्यो मुस्लिम हो ।ढोङ्गिहरुले मच्चाउने तिकडम हो यो हर्के र खातुन यसमा सम्प्रदाय भड्काउने तत्व हुन भन्दा फरक नपर्ला। सुनसरिको घटना हो खैत हर्केले शहिष्णुता कायम गर्न कतै बिज्ञप्ति निकाल्यो त,balen,yt:बालेन शाह,comment,deva
यो आमाईमाई लाई साईट लगाउन धेरै बोली,balen,yt:बालेन शाह,comment,deva
आन्दोलन गरे भने गोलि नै चलाउने जुनै सरकार आउने हो,balen,yt:बालेन शाह,comment,deva
"Syangjali ho tarw syangjali samanupatik samsad ma.Padma k aryal ji party xodera janaaawaz bolau uml KO boli nabolwu syangja chetra no 2 bata tiraskrit bhayera ma. Mantri Huda lakhetieko nabhulau
Satya KO Saath diu ajha aagami din uhwwllal hunecha",balen,yt:बालेन शाह,comment,latin
एमालेकॊ साम्सद पदम अर्याल ले किन जनतालाई भाडने अभिम्यक्ती दिदै छ,balen,yt:बालेन शाह,comment,deva
पद्ममा अर्याल लाज सरम छैन बेाल्न ?अब फेरी तिम्रै बा हरुलाई प्रधानमन्त्रीकेा र गृह मन्त्रीकेा पद बुझाउनु पर्ने ?  37 बर्ष सम्म देश लुटेर जनताकेा रगत र पसिनामा हेाली खेलेकेा कारण हेा भदैा 23 र 24 केा आक्रेाश । रास्वपाकेा सरकार बनेकेा भर्रखर  3 महिना मात्र भएकेा छ यस सरकारलाई तहसनहस बनाउन र बदनाम गराउनका लागी कुन कुन षडयन्त्रकारी शत्तिहरु लागीपरेका छन जनताले बिस्तारै बुझ्दै जादैछन  ।,balen,yt:बालेन शाह,comment,deva
यो सरकार सङ्गको लडाइ  होइन विपक्ष दलहरु यो जात  जातीय  को हो राजनीति  कारन नगरमा   एमाले  काग्रेश को भातमार नेत हरु,balen,yt:बालेन शाह,comment,deva
तपाईँले बनाएको प्रधानमन्त्री र राजीनामा दिनुपर्छ तपाईँले बनाएको गृहमन्त्री तपाईंजस्तो झोले नि बोकेर कामै छैन अब भुक्ने कामै छैन,balen,yt:बालेन शाह,comment,deva
Yo sab kam 3 Bhrastachari haruko kam ho jai balen sarkar,balen,yt:बालेन शाह,comment,latin
थुक्क दुखि आत्मा अझै यस्तै वादविवाद गर्दै बस्ने माननीय ज्युहरु अब हामी चाहिँ के गरौ टुलुटुलु हेरेर बस्नु है अब त सुध्रिनुहोस् है बेरोजगारी    बढि राछ देशमा सबलाई काम दिनुहोस   कि फुर्सदको समयनै नपाइयोस् अनि त यस्तो दंग कसरी हुन्छ खै यसपट्टि ध्यान गएको?,balen,yt:बालेन शाह,comment,deva
प्रचण्डको खेल हो मोदिको दुतबनेर षडयन्त्र गरेको हुनुपर्छ आफु जेलजाने डरले गरेको हो सत्य तथ्य छानबिन होस्,balen,yt:बालेन शाह,comment,deva
Khali rajinama bagnu baseko raxa yo jholle samsad haru,balen,yt:बालेन शाह,comment,latin
एमालेको झोलेनेहरू किन उफ्रीराख्नु बीचमा,balen,yt:बालेन शाह,comment,deva
"सँम्सद भवन मा अाएर  भड्किला अभिबेक्तिदिने जनता उक्साउने ,ेसलिङ खेल्ने र सँम्सद भवन मेरो  हो भन्ने जस्ता भड्किला अभिबेक्ति दिने जो कोहि बेक्ति होस तेसलाई तुरून्त गिरफ्तार गर्नुहोस नडराउनुस सभापति ज्यु हजुर ले पाएको अधिकार सदुपयोग गरेर अनुसासन कायम गर्नुस।",balen,yt:बालेन शाह,comment,deva
Good rasopa jiu,balen,yt:बालेन शाह,comment,latin
wah betta wah jat jati ko raj neti sarkar dhal nye thooh,balen,yt:बालेन शाह,comment,latin
Sainik sasan lagu garnu parxa.,balen,yt:बालेन शाह,comment,latin
Eslaai patyune Janta kasto ho?,balen,yt:बालेन शाह,comment,latin
"यो सबै हुनु मा सुरु मा एमाले , माउवादी अनि हर्क साम्पाङ हो । एनी हरु लाई कारबाही हुनु पर्छ   यस्ता ले नै देश बिगार्दै छ। जब सम्म  काम हुँदैन तब सम्म तलब भत्ता बन्द गर्नु पर्छ । हामी जनता को कर  एसरी  खान मिल्दैन । यस्तै हो भने हामी फेरि सडक मा आउन बाध्य हुन्छ  याद रहोस्",balen,yt:बालेन शाह,comment,deva
पदमा अरियाल लाई सरम छैन। तिम्रा केपी र रमेस लेखक ले जस्तै गलत गरेको छैन बालेन र सुधनले सरम छैन पदमा अरिया तिमी लाई ?,balen,yt:बालेन शाह,comment,deva
किनबिपछेहरुलेदोनदफैलायकोसरकारलरामरैकामगरिरहेकोछ,balen,yt:बालेन शाह,comment,deva
तिम्रो बाबु ले दिए,balen,yt:बालेन शाह,comment,deva
यो एमाले को काम भनेकै राजनीती रोटी घुमाउन कसैले जित्न सक्दैन। एमालेको केपी वली र रमेस लेखक ले जस्तो गलत गरेको छैन बालेन सरकारले र सुधनले किन दीनु राजीनाम।,balen,yt:बालेन शाह,comment,deva
यो पद्धमा झोले बोलेको सुन्दा पारो तातेर आउँछ।,balen,yt:बालेन शाह,comment,deva
प्रचन्ड लाई यो कुरा पचेन हो मुस्लिम दिदि,balen,yt:बालेन शाह,comment,deva
एमाले स्थानीय सरकार संग माग राजीनामा,balen,yt:बालेन शाह,comment,deva
"पद्म अर्याल  कति सजिलोसँग भन्दै छौ जेन्जी घटना ७८ जाना नावाबालक मृत्यु हुँदा कहाँ थिन तिम्रो दाइ प्रम केपि  हेलिकप्टरमा भागेर  कहाँ गाको थियो ठुलि कुरो गर्छे  अहिले प्रम गृहमन्त्री को राजीनामा पाए देश हाक्ने सपना बोक्दै हो ? अनि अर्को कुरो नेपालको कानुन मृत्युदण्ड कि गोलि ठोकेर मार्ने बलियो कानुन किन बनाउन सकिरहेको छैन देश बन्नु नै कानुन बलियो बनाउन जरुरी छ ? तेहि कारण यस्तै जघन्य विभिन्न किसिमका घटना  हत्याहिंसा बलात्कारका सिकार भ्रष्टाचार  बन्द हुन्छ बन्द गरियोस् होइन भने नेपाल सरकारले कुनै हाल्तमा देश परिवर्तन गर्न सक्दैन ? यस्तै स्थितिका घटना घाटदै गैरहनु कानुन र सरकारले फितलो हुनु हामी जस्ता गरिब दुखिको लागि एकदमै दुखदायीको कुरो छ, कतिखेर कुन बेला कुन ठाँउमा के हुन्छ  दु:खद पिडादायी कुरो हुनपुगिरहेको छ, नेपाल सरकार पहिले देखि नै भासण गर्न झणडा गर्ने तलब भत्ता पचाउने काम मात्रै गरिरहेको छ , जय नेपाल जय सर❤❤❤❤❤❤🎉🎉",balen,yt:बालेन शाह,comment,deva
Ke pi parchand ho yo khell khell ne,balen,yt:बालेन शाह,comment,latin
याेनकचरि     कैपाटिले घटायकाे घटनाहाे,balen,yt:बालेन शाह,comment,deva
Amaleko gari gari samsad hundai gareko kt le voleko k ho yo kt lai karbahe garinu parxa radi fur fur gardai xa khali birod matra,balen,yt:बालेन शाह,comment,latin
यो  एमा ले काङ्ग्रेस कहिले मान्छे बन्छ,balen,yt:बालेन शाह,comment,deva
तिम्रा बाजे हरु पैला गोलि ठोक्ने अनि उपचार गर्दै छौ भन्न अलि कति पनि लाज लागेन हो,balen,yt:बालेन शाह,comment,deva
Sahakari ki netri lai jel hal,balen,yt:बालेन शाह,comment,latin
सत्ता मोह को पराकाष्ठा हो यो ।,balen,yt:बालेन शाह,comment,deva
आफु आफु लडेर के पायो,balen,yt:बालेन शाह,comment,deva
Teti kheta jantale mageko rajinama ho ahile yemale patile ho kin rajinama dine,balen,yt:बालेन शाह,comment,latin
kina yo yemalema yesto gu gu manxe matra hunxa hanuhar dekda pani ragat umlera auxa.,balen,yt:बालेन शाह,comment,latin
योपद्मा अर्याल बोक्सि थचतुने तेसकोबाउ केपिले 80जनामारेर भागो,balen,yt:बालेन शाह,comment,deva
Kathmandu ko ghatna ra sunsari gatna ustai lagxa PK ko chori,balen,yt:बालेन शाह,comment,latin
Badarinihsru Kati kararo timiharu nii t ho nijidaunek jatha jathiharu🐈‍⬛🐈‍⬛🐈‍⬛🐈‍⬛🐈‍⬛,balen,yt:बालेन शाह,comment,latin
तेरो  बाउको बिषय र यो बिषय  फरक हो  ।जातिय  दोन्द नगर  ।,balen,yt:बालेन शाह,comment,deva
I bolne khatun lai tu jel halnu parch,balen,yt:बालेन शाह,comment,latin
Gohola eee,balen,yt:बालेन शाह,comment,latin
Pagal jasto kura,balen,yt:बालेन शाह,comment,latin
Timiharu🐈‍⬛🐈‍⬛🐈‍⬛🐈‍⬛🐈‍⬛🐈‍⬛,balen,yt:बालेन शाह,comment,latin
WHO IS HERE AFTER HE BECAME PM OF NEPAL❤🇳🇵,balen,yt:Balen Shah RSP,comment,latin
IT'S UPCOMMING PRIME MINISTER OF NEPAL 🇳🇵❤,balen,yt:Balen Shah RSP,comment,latin
हाम्राे प्रधानमन्त्री ❤🔔,balen,yt:Balen Shah RSP,comment,deva
Anyone here after jay mahakali❤,balen,yt:Balen Shah RSP,comment,latin
"I am writing this comment on 2082 Falgun 20, at 12:16 AM. In 24 hours, the election will start, and I really want to see him as the Prime Minister of Nepal. After maybe 48 hours, we will know the results, and I’ll be so glad while writing this comment. Jai Nepal 🇳🇵! After 48 hours, I will post the results here and congratulate all Nepali people to see him as the Prime Minister of Nepal. Young, rapper, engineer!",balen,yt:Balen Shah RSP,comment,latin
RONB le  Balen Shah's YouTube channel crosses 1 Million subscriber  post garepaxi Herna aaune Hajir hum 😊😅,balen,yt:Balen Shah RSP,comment,latin
Listening the rap song of to be prime minister of Nepal,balen,yt:Balen Shah RSP,comment,latin
Hello prime minister😛,balen,yt:Balen Shah RSP,comment,latin
"K chha ta Pratikriya??

Kasto Lagyo Geet??",balen,yt:Balen Shah RSP,comment,latin
"no oli❌
                Only balen✅",balen,yt:Balen Shah RSP,comment,latin
2026 Pm vayasi sunne koko hunuhunxa ❤🎉,balen,yt:Balen Shah RSP,comment,latin
Our Prime Minister❤,balen,yt:Balen Shah RSP,comment,latin
Yama Daile euta interview ma vannu vako thiyo real talent and content hit hunw Lai publicity and promotion chahidainw. 20k views without  any media promotion. This is call content and talent. Let's support Nepali hiphop❤️,balen,yt:Balen Shah RSP,comment,latin
"Legend of Nephop
Engineer  by profession
A good  independent multi-talented  extraordinary  MAYOR. sab..",balen,yt:Balen Shah RSP,comment,latin
Like when you see Yama Dai in the wall ❤️🙏🏼,balen,yt:Balen Shah RSP,comment,latin
Love from india 🇮🇳🇳🇵,balen,yt:Balen Shah RSP,comment,latin
Here in 1st day of 2081,balen,yt:Balen Shah RSP,comment,latin
Nepal’s youngest Prime Minister. 🥹🇳🇵,balen,yt:Balen Shah RSP,comment,latin
Prime minister 💀❤️🇳🇵,balen,yt:Balen Shah RSP,comment,latin
२०८२ साल चैत्र ६ गते कसले हेर्दैछ यो गीत😅,balen,yt:Balen Shah RSP,comment,deva
"1:45 background, Yama Dai ❤️
#LegendsNeverDie ❤️",balen,yt:Balen Shah RSP,comment,latin
"Balen dai is the combo of Nepali culture and Modern styles...
Huge fan Balen Dai🖤🖤🖤",balen,yt:Balen Shah RSP,comment,latin
Mata vibe lina ako haii prime minister Po hota hamro 🔔😎 love you meri pukuli😘,balen,yt:Balen Shah RSP,comment,latin
August 1/26,balen,yt:Balen Shah RSP,comment,latin
"No Oli
Only Balen",balen,yt:Balen Shah RSP,comment,latin
"We can say after some months 
Our prime minister is Rapper,Engineer and young prime minister😎💯🔥",balen,yt:Balen Shah RSP,comment,latin
After September 8 Protest of GenZ against corruption. Want To see Our Respected Sir as New PM of Nepal ❤,balen,yt:Balen Shah RSP,comment,latin
Who is here before sapat grahan 😂😅,balen,yt:Balen Shah RSP,comment,latin
I still remember rap battle with little grizl,balen,yt:Balen Shah RSP,comment,latin
"Dohori khelna ho ki lagayera aako istakot vnni hrulaii Mitho ani Kada answer ..
Balen ..Say my Name",balen,yt:Balen Shah RSP,comment,latin
Who's here after balen became PM❤,balen,yt:Balen Shah RSP,comment,latin
Who is here after Balen being PM of nepal 😀😀,balen,yt:Balen Shah RSP,comment,latin
Balen one of the most versatile rappers.... the flow is dope,balen,yt:Balen Shah RSP,comment,latin
One of the dopest beat ever produced in Nepali Hiphop.Underrated but understood by educated.,balen,yt:Balen Shah RSP,comment,latin
Abki Baar balen sarkar 🔔🔔🔔🔔🔔,balen,yt:Balen Shah RSP,comment,latin
"2 day left for being 
PRIME MINISTER .",balen,yt:Balen Shah RSP,comment,latin
"Writing this at 7:27 AM on the day post election. I really hope you win, MAN, we all do. All hopes on you. Hope every bloodshed gets justice like you promised. Don't let your brain and heart rot, with you 'til death aparts, BALEN. Jay Nepal.🇳🇵",balen,yt:Balen Shah RSP,comment,latin
Our Prime Minister Balen dae🤗💗🇳🇵,balen,yt:Balen Shah RSP,comment,latin
Our Next PM❤,balen,yt:Balen Shah RSP,comment,latin
pahilo chotii kunai praddhan mantri laii dai vanna paunii vayooo ! jayy desh jay balen,balen,yt:Balen Shah RSP,comment,latin
Everyone is a lyricist until Balen dai writes,balen,yt:Balen Shah RSP,comment,latin
Huge respect to you Mr. Balen❤️,balen,yt:Balen Shah RSP,comment,latin
Good luck for tomorrow 🎉🎉,balen,yt:Balen Shah RSP,comment,latin
"3 Days left  for being 
PRIME MINISTER .",balen,yt:Balen Shah RSP,comment,latin
Who else is here before 10 million views?,balen,yt:Balen Shah RSP,comment,latin
Upcoming pm 🙏,balen,yt:Balen Shah RSP,comment,latin
Who is here after election 😄🙏,balen,yt:Balen Shah RSP,comment,latin
"Understanding 0% 
Vibing 100%✅

Love From North Korea 🇰🇵",balen,yt:Balen Shah RSP,comment,latin
2082/11/19 gate herdai xu parsi jhapa ma jitnu parxa🎉🎉,balen,yt:Balen Shah RSP,comment,latin
Anyone 22nd falgun??,balen,yt:Balen Shah RSP,comment,latin
2 days before sapath grahan with 108 pandits,balen,yt:Balen Shah RSP,comment,latin
Love to NEPAL from THAILAND ❤ 🇳🇵  🇹🇭 ✌️,balen,yt:Balen Shah RSP,comment,latin
kehi samaya paxi PM of NEPAL ko rap bhanera chininxa hai🙏😇,balen,yt:Balen Shah RSP,comment,latin
"This song is sung by the Prime Minister of Nepal.
Jay Nepal 🇳🇵
Jay balen ❤️",balen,yt:Balen Shah RSP,comment,latin
Prime minister of Nepal 🫂❤❤,balen,yt:Balen Shah RSP,comment,latin
Can't wait to flex that our country Prime Minister is an Engineer+Rapper+Savage 👑 yeaahhhh🔥.We are so lucky to have him. 🇳🇵🇳🇵🇳🇵❤️❤️,balen,yt:Balen Shah RSP,comment,latin
This song deserves more than 10M  views.❤,balen,yt:Balen Shah RSP,comment,latin
Upcoming PM❤🔔,balen,yt:Balen Shah RSP,comment,latin
"I think recently Balen is feeling the miss of our legend Yama Buddha 
See recent status and the video also shows that 
Respect ✊🏾",balen,yt:Balen Shah RSP,comment,latin
He will bring zero tolerance on corruption… waiting to see in coming days,balen,yt:Balen Shah RSP,comment,latin
Vote chai ghanti mai hai 🔔 jai ghanti 🔔,balen,yt:Balen Shah RSP,comment,latin
"Who is here after balen latest FB post :
Good Luck Nepal 🇳🇵 

मेरो देशलाई शुभकामना 😊",balen,yt:Balen Shah RSP,comment,mixed
"Dai maila bujina 
Puri nepali hannu paryo rap🤔",balen,yt:Balen Shah RSP,comment,latin
0:51 damn😮,balen,yt:Balen Shah RSP,comment,latin
"New PM of Nepal 
. Congratulations for Young PM❤",balen,yt:Balen Shah RSP,comment,latin
"2:31 amazed when listen bhojpuri word 
""Ab haee Dekha "" 😃",balen,yt:Balen Shah RSP,comment,latin
Today chunab 🔔,balen,yt:Balen Shah RSP,comment,latin
"Love from India
Wish you were our Prime Minister",balen,yt:Balen Shah RSP,comment,latin
लास्ट मा चाई  हहहहह हईदेख हईदेख भान्ने शब्द  क्या बबाल लागो मलाई चाई... lost of love balen bro love from ... बारा जिल्ला,balen,yt:Balen Shah RSP,comment,mixed
"Spell out my name boy , BALEN ❌ PM BALEN ✔️",balen,yt:Balen Shah RSP,comment,latin
0:34 salute to legend >3,balen,yt:Balen Shah RSP,comment,latin
Love from Bangladesh 🇧🇩❤❤,balen,yt:Balen Shah RSP,comment,latin
"No oli ❌
Only Balen🔔👑",balen,yt:Balen Shah RSP,comment,latin
The future prime minister of Nepal 🇳🇵❤️,balen,yt:Balen Shah RSP,comment,latin
Hamro upcomming ko minister BAlEN SARKAR❤❤❤❤,balen,yt:Balen Shah RSP,comment,latin
अब 5बर्ष को ढुक्क हुनेवाला हाम्रो  प्रधानमन्त्री king ❤❤,balen,yt:Balen Shah RSP,comment,mixed
"This swag was what I wanted from you dai🙏💥
""Underrated but understood by educated""",balen,yt:Balen Shah RSP,comment,latin
Anyone 2026.💀🔥📌,balen,yt:Balen Shah RSP,comment,latin
2026 listening after 5 years again,balen,yt:Balen Shah RSP,comment,latin
"Bijog, chi chi chi, ghin lagdo",balen,yt:Balen Shah RSP,comment,latin
It's our Prime Minister Balen Shah ❤,balen,yt:Balen Shah RSP,comment,latin
The legend is back...,balen,yt:Balen Shah RSP,comment,latin
"Almost the wait is over ❤
We can't wait to flex our country's PM as a structural engineer and rapper ❤😊",balen,yt:Balen Shah RSP,comment,latin
Who come here to listen our prime minister's rap song..,balen,yt:Balen Shah RSP,comment,latin
"Mero lagi ta balen sir Saab heros vanda mathi ho 🙏🙏🙏🤘🤟 perfectionist,dashing,handsome  aaru k k vanu word nai kaam parxa .Stay blessed and always chilll ❤️",balen,yt:Balen Shah RSP,comment,latin
चुनावसॅंगै बालेनको गित सुनेर Enjoy गर्ने हाजिर हुम है 😊❤ Big Respect 🫡  Upcoming Prime Minister 🙏❤️,balen,yt:Balen Shah RSP,comment,mixed
"After making a name for himself as a fierce battle rapper and rising star in the Nephop industry, Balen Shah has made an unexpected yet impactful transition into politics, now serving as the Mayor of Kathmandu. His leadership has brought a fresh perspective to the city, with innovative policies and initiatives aimed at improving infrastructure, public services, and the overall quality of life for the residents. The people of Kathmandu and the entire country are watching with high hopes, as his dedication and passion have already shown impressive results in a short time, inspiring optimism for the future.""",balen,yt:Balen Shah RSP,comment,latin
👇Nagaland attendence ❤,balen,yt:Balen Shah RSP,comment,latin
Watch the foreigners flock to this comment section after Balen becomes the PM,balen,yt:Balen Shah RSP,comment,latin
Balen brother's flow is ❤,balen,yt:Balen Shah RSP,comment,latin
"Balen dai: Iam back.....! 
Other rapper: Hamir ko Bau is back...! 
Can i get a heart from Balen Dai🌸❤",balen,yt:Balen Shah RSP,comment,latin
"Vote for Ghanti everyone 
Jay Nepal🇳🇵",balen,yt:Balen Shah RSP,comment,latin
Mata jay mahakali herera Ako hai,balen,yt:Balen Shah RSP,comment,latin
Our prime minister,balen,yt:Balen Shah RSP,comment,latin
Balen sarkar ko jay hos...,balen,yt:Balen Shah RSP,comment,latin
"Anyone 2nd Jan 2026 
hamro hunewala PrimeMinister 🇳🇵🔔",balen,yt:Balen Shah RSP,comment,latin
Balen Shah Dai murdered my beat but i aint callin no cops u know why? coz imma savage just like him 😁😁🔥🔥🔥,balen,yt:Balen Shah RSP,comment,latin
why do i feel this rap was prepared to listen by the world 😅 just how prime minister  of nepal rap😮,balen,yt:Balen Shah RSP,comment,latin
"Searching Balen, When he is lost in प्रतिनिधि सभा 😂",balen,yt:Balen Shah RSP,comment,mixed
Love from Generation Z🇮🇳🇮🇳🇳🇵🇳🇵✍🏼✍🏼🧠🤝🤝❤️❤️🥰,balen,yt:Balen Shah RSP,comment,latin
Right ✅️ jay balen sir,balen,yt:Balen Shah RSP,comment,latin
Good luck❤❤❤❤❤,balen,yt:Balen Shah RSP,comment,latin
Congratulations,balen,yt:Balen Shah RSP,comment,latin
Balen Sarkar Very good Minister,balen,yt:Balen Shah RSP,comment,latin
"Wagle is such a mature, educated legend. Nepalease should be proud of him.",balen,yt:Balen Shah RSP,comment,latin
"When Dr Wagle speaks it’s not just hopes and prayers but research and analysis. His role in shaping Nepals future is momentous. And I don’t even want him to be the PM or the party leader, his role behind the scenes will be the most crucial. Much respect. JaiNepal 🫡",balen,yt:Balen Shah RSP,comment,latin
Great initiative. Good luck Team RSP,balen,yt:Balen Shah RSP,comment,latin
पार लागाएर एक उदारणीय बन्नुपर्छ हार्दिक बधाई ❤,balen,yt:Balen Shah RSP,comment,deva
Well done . Estai ho vana chai gazzab nai hunxa la,balen,yt:Balen Shah RSP,comment,latin
"धेरैको चासोको पिषयः 
रास्वपाले आर्थिक ब्यावस्थापन काहाँबाट र कसरी गरिरहेको छ यस बारे विस्तृत जानकारी सहितको भिडीयो बनाउॅंन हुन हार्दिक अनुरोध छ।
जनताले ठुलो आशा-भरोसा गरेर जिताएको देश र जनताको हितको निम्ति  ढिला सुस्ती नगरी निस्वार्थ भावले काम गर्न स्पस्ट म्यान्डेट पाएको दलले पक्कै पनि ईमान्दारिता र पारदर्सिताको मामलामा पनि स्पस्ट र उदार हुन्छ नै होला!",balen,yt:Balen Shah RSP,comment,deva
Bless everyone god 💙💕❤️,balen,yt:Balen Shah RSP,comment,latin
Looks promising. Praying for better Nepal leaded by this team 🙏.,balen,yt:Balen Shah RSP,comment,latin
🙏👏👌👍️😍❤️,balen,yt:Balen Shah RSP,comment,latin
"Sudhan gurung le .""NEPALI hami rahaula kahaa Nepalai narahe "" geeta siknu paro suru ma",balen,yt:Balen Shah RSP,comment,latin
गोप्य प्रशिक्षणमा मिडियाले कसरी प्रवेश गरेछन् ?,balen,yt:Balen Shah RSP,comment,deva
salute bro!,balen,yt:Balen Shah RSP,comment,latin
"Its a big opportunity for you guys. Now its your time to lead country for long or shor term  depends you and your work. Stay away  with person protection who  are  pointed wrong person and  ,corruption .If the situation comes same before don’t go to public, they are hate more then k p oli and others. Good luck.",balen,yt:Balen Shah RSP,comment,latin
Good luck nepal and Nepali…अब नेपल बन्छ होला👏👏🙏🙏,balen,yt:Balen Shah RSP,comment,mixed
Thumbnail ma Balen Absent re...Ani PM lai tuition lina bolaulan ta.. Tapaiko Channel lai pani Aru ko jasto trick ko Jarurat parxa ra..,balen,yt:Balen Shah RSP,comment,latin
देश को सार्वभौमसत्ता र राष्ट्रीय अखंडता को सुरक्षा गरने जिम्मेदारी राजा लाई दिनू। देश मा राजसंथा चाहिंछ। कार्यकारी प्रधानमंत्री बालेन् शाह लाई  बनाऊ।    ।,balen,yt:Balen Shah RSP,comment,deva
"wagley should be pm , he has leader attitude",balen,yt:Balen Shah RSP,comment,latin
For your information politics is all about management not gossiping 😢,balen,yt:Balen Shah RSP,comment,latin
"Ki xhoroki  jail ma , ki rail ma?..",balen,yt:Balen Shah RSP,comment,latin
Missing Sumana Shrestha. she was the one of the TOP Sansads.,balen,yt:Balen Shah RSP,comment,latin
Thithi system basali prasasan kada ani sahi lai sahi galti lai galti bhanna saakne  xamata sarkar ko hunaparxa dahi chiure bannabbhayan akdam rastrabbad hunaparo ra sa pa lai mero b4 .,balen,yt:Balen Shah RSP,comment,latin
Title auta lekhne kina napatyaeko tyo lekhnu pardaina hawa news nabanamna ho,balen,yt:Balen Shah RSP,comment,latin
बालेन अब त आए पनि हुने नि कति हतार भको छ हामीलाई,balen,yt:Balen Shah RSP,comment,deva
Would you please make video on spp and us army recently visiting Nepal?Is RSP above question? What their opinion regarding SPP,balen,yt:Balen Shah RSP,comment,latin
Balen le kina patayena ananda g,balen,yt:Balen Shah RSP,comment,latin
K KO GOOPYA everyone knows,balen,yt:Balen Shah RSP,comment,latin
hawa gopya yetro media le broadcast gariraxa,balen,yt:Balen Shah RSP,comment,latin
"तेहि भएर होला तेरो रबि ॐ सान्ति भन्दै त्यो पहेलो background मा रातो सुर्यको झन्डा मुनि गएर भारतवर्ष बनाउने एजेन्डा मा सामिल भयर प्रचन्ड को साथ लियर नेपाल को नक्सा इन्डिया को सन्सद मा राख्नु लगाउदा समर्थन गर्ने त्यहि रबि हो!!!!!
खबरदार 
महाभारत को कौरव को गुरु त बनेको???
धिक्कार छ यस्ता रासपा पार्टी मुर्दावाद!!!!",balen,yt:Balen Shah RSP,comment,mixed
Balen aailey dekhi vau khoji sakyo,balen,yt:Balen Shah RSP,comment,latin
MCC लाइ समर्थन गर्ने हैन यो वाग्ले भन्ने त,balen,yt:Balen Shah RSP,comment,mixed
I am so proud to see Rabi-Balen together ❤🥹,balen,yt:Balen Shah RSP,comment,latin
Balen remembered yamma buddha in the middle of the spot light .,balen,yt:Balen Shah RSP,comment,latin
‘कहिलेकाहीँ खिनन भएको मन फेरि हाम्रो प्रधानमन्त्रीको भाषणले लोभिन्छ।”,balen,yt:Balen Shah RSP,comment,deva
"Heartily appreciate for nice presentation it’s great PM Ballan Babu ,The God Bless you in your every steps.",balen,yt:Balen Shah RSP,comment,latin
I am here only for Balen,balen,yt:Balen Shah RSP,comment,latin
"Our PM is Fckin Gangster,,,,,,😎😎Love you PM, yesto PM vayepaxi po ali proud ka saath vanna sakiney raixa this is our PM vanera.",balen,yt:Balen Shah RSP,comment,latin
Well done Ravi and Balen sir best wishes for the future of Rastriya swatantra party 💐💐💐🔔🔔🔔🙏🙏🙏,balen,yt:Balen Shah RSP,comment,latin
"🇳🇵🎉 greatest, well educated , visionary, very best leader’s Rabi,Balen,RSPTeam 🎉🔔💙",balen,yt:Balen Shah RSP,comment,latin
Goosebumps 25:25 Rabidai❤,balen,yt:Balen Shah RSP,comment,latin
Jay rabi & balen🙏🙏,balen,yt:Balen Shah RSP,comment,latin
Regular watching from Nepal birgunj,balen,yt:Balen Shah RSP,comment,latin
Gusbomss aayo mero Rabi sir ko vasan le. Woowww your great parson,balen,yt:Balen Shah RSP,comment,latin
"Dherai dherai khusi lagyo, finally very much proud of my country for the great son like Balen and Ravi",balen,yt:Balen Shah RSP,comment,latin
Great job 👏,balen,yt:Balen Shah RSP,comment,latin
"Khas kura kk ho k thiyo vnne kura  aaj clear vyo hola ni ulta pakhxya mahasay  hru lai....jay Balen jiu ,jay Rabi jiu , jay jay sarkar 🙏🙏🙏♥️",balen,yt:Balen Shah RSP,comment,latin
Very good 👍👍👍👍🙏🙏🙏,balen,yt:Balen Shah RSP,comment,latin
It’s a fire bro,balen,yt:Balen Shah RSP,comment,latin
Jai balen jai Rabi 🙏🙏♥️♥️🇳🇵🇳🇵,balen,yt:Balen Shah RSP,comment,latin
public vanda dherai ta camera yr waw rsp jay des 🇳🇵🇳🇵🙏,balen,yt:Balen Shah RSP,comment,latin
Jaya balen jaya rabi jaya ghanti 🔔🇳🇵,balen,yt:Balen Shah RSP,comment,latin
Big support 🎉🎉🎉🎉🎉🎉❤❤❤❤❤,balen,yt:Balen Shah RSP,comment,latin
8:16 missing yama buddha❤,balen,yt:Balen Shah RSP,comment,latin
Lingden kaka sanga chai haat milayenan ta PM Balen ley kina hola.. ?? 🤔,balen,yt:Balen Shah RSP,comment,latin
Dbk dhanyvad,balen,yt:Balen Shah RSP,comment,latin
balen boldaina bole paxi kada nai bolxa..........,balen,yt:Balen Shah RSP,comment,latin
Rabi sir kati khusi hunu bhako hola hae,balen,yt:Balen Shah RSP,comment,latin
Jay Nepal jay balen jay rabi jay sidan🙏🙏,balen,yt:Balen Shah RSP,comment,latin
Jay 🔔 jay rabi jay balen,balen,yt:Balen Shah RSP,comment,latin
यस्तो साहसी प्रधानमन्री बनाउने नेपाल आमााका सम्पुर्ण सन्ततीमा सलुट छ जय घन्टी,balen,yt:Balen Shah RSP,comment,deva
Congratulations 🎉,balen,yt:Balen Shah RSP,comment,latin
Jaya hos,balen,yt:Balen Shah RSP,comment,latin
बोल्यो बोल्यो है केटोले।। ल बधाई छ।। यसै गरि बेला बेला बोल्नुपर्छ है।। जय देश।। सबैको जय होस।,balen,yt:Balen Shah RSP,comment,deva
Very  good  Jay  Nepal  🇳🇵,balen,yt:Balen Shah RSP,comment,latin
जय रबि दाई जय बालेन जि जनता र राष्ट्रको अविभावक ❤❤❤❤❤❤जय घन्टी 🔔💙💙💙💙💙,balen,yt:Balen Shah RSP,comment,deva
congratulation❤,balen,yt:Balen Shah RSP,comment,latin
100 sahi rabi sir  jai Balen shaha Jai ghanti,balen,yt:Balen Shah RSP,comment,latin
आज केटोले कडा बोल्यो,balen,yt:Balen Shah RSP,comment,deva
असार ४ भन्छ त ७ गते हैन र आज 😂😂,balen,yt:Balen Shah RSP,comment,deva
Kati handsome vanya mero pm 🤔😇 mero buda pani aaja samma  yati handsome lagya chhaina  malai bai ❤😘,balen,yt:Balen Shah RSP,comment,latin
Well played balen dai 😄,balen,yt:Balen Shah RSP,comment,latin
International market ma 40 percent ley petrol KO bhau ghatee sakyo..yaha janata mahangai ley chak katnu paree rah cha ho,balen,yt:Balen Shah RSP,comment,latin
Rabi Balen❤❤❤🎉🎉🎉🎉,balen,yt:Balen Shah RSP,comment,latin
❤❤❤❤❤❤❤❤❤❤,balen,yt:Balen Shah RSP,comment,latin
Suvakamana,balen,yt:Balen Shah RSP,comment,latin
❤❤❤❤ dai,balen,yt:Balen Shah RSP,comment,latin
Jay 🇳🇵🙏🥳🥳,balen,yt:Balen Shah RSP,comment,latin
"जनताद्वारा निर्वाचित प्रधानमन्त्रीले संसद, सडक र मिडियामा आएका बिषय बारे क्या स्पष्ट रूपमा जनतालाई सबै दलका प्रमुखहरू एकै ठाउँमा राखेर दिए । क्या गजब ।",balen,yt:Balen Shah RSP,comment,deva
👍👍👍💪💪💪❤❤❤❤🇳🇵🇳🇵🇳🇵🇳🇵🇳🇵🇳🇵🇳🇵🇳🇵,balen,yt:Balen Shah RSP,comment,latin
subhakamana karyakalko safaltaako kamana,balen,yt:Balen Shah RSP,comment,latin
Jay Nepal  hamro pm ❤❤❤,balen,yt:Balen Shah RSP,comment,latin
👍️👍️👍️👍️👍️👍️👍️👍️🎉🎉🎉🎉🎉🎉🎉🎉😍😍😍,balen,yt:Balen Shah RSP,comment,latin
मेरो हिरा बालेन✊🤘🔔,balen,yt:Balen Shah bhasan,comment,deva
निकै छ अनि जनताहरु पनि निकै ( धेरै ) छन् 😂🔔🔔🔔,balen,yt:Balen Shah bhasan,comment,deva
Jaya ghanti 🔔🔔🔔🔔🔔🔔🔔🔔,balen,yt:Balen Shah bhasan,comment,latin
Jasarii ni jitnaa parxaa ILoveyou too😀🙆😚😚,balen,yt:Balen Shah bhasan,comment,latin
वाह sir what a line माल भाको चाल ना पाको ❤❤ दिल जीती लियो sir 🧿🫶🥰🥰,balen,yt:Balen Shah bhasan,comment,mixed
अरु त तेस्तै हो बालेन ले काम गरेर देखाउछ देस्को हिरो हो बालेन,balen,yt:Balen Shah bhasan,comment,deva
Good ❤❤❤❤,balen,yt:Balen Shah bhasan,comment,latin
"श्री बालेन शाहज्यू,
नमस्ते।
हाम्रो सुदूरपश्चिमाञ्चलको धर्तीमा, जहाँ हरेक बोली, हरेक शब्द, हरेक कथा हाम्रो पहिचानको हिस्सा हो, तपाईंले हाम्रो मातृभाषामा, हाम्रो साँस्कृतिक परिवेशको मन बुझेर, हामीसँग संवाद गर्नु भएको छ। तपाईंले यहाँ आउँदा, स्थानीय जनताको बोलीमा कुरा गर्नु मात्र होइन, हामीसँगको सम्बन्धमा आत्मीयता र सम्मानको पुल निर्माण गर्नु भयो। त्यो हाम्रो लागि साधारण भेट मात्र होइन, गहिरो आत्मीयता र संस्कृति प्रति तपाईंको माया देखाउने अद्भुत अनुभव रह्यो।
हाम्रो भाषा, हाम्रो संस्कृति, हाम्रो परम्परा—यी सबै हाम्रो जीवनको आत्मा हुन्। तर धेरैपल्ट, हामी जस्ता सुदूरपश्चिमका गाउँ र सहरका मानिसहरूलाई हाम्रो भाषामा बुझ्ने, सुन्ने, र हाम्रो भावना समेट्ने अवसर कम पाइन्छ। त्यसैमा तपाईंले हाम्रो मातृभाषा प्रयोग गरी संवाद गर्नु भयो, यसले हामी सबैमा गौरवको भाव जगायो। तपाईंको शब्दहरूले केवल सूचना मात्र होइन, सम्मान, आत्मीयता, र प्रेमको संदेश प्रवाहित गर्‍यो।
हामी सधैं हाम्रो भाषा र संस्कृति जोगाउने प्रयासमा लागिरहेका छौं। तर जब तपाईं जस्ता व्यक्तित्व हाम्रो मातृभाषामा बोल्छन्, हाम्रो संस्कृति बुझ्छन्, तब हाम्रो प्रयासले अझ गहिरो अर्थ पाउँछ। तपाईंले देखाउनु भएको यो सम्मान र आत्मीयता हाम्रो मनमा सदैव बाँच्नेछ, र यसले यहाँका जनतालाई आफ्नो भाषा, आफ्नो संस्कृति र आफ्नै पहिचानप्रति गर्व महसुस गराउनेछ।
हामी विश्वास गर्छौं कि तपाईंको यो कदमले मात्र हाम्रो हृदयमा खुसी ल्याएको छैन, तर भविष्यमा हाम्रो क्षेत्रका युवा पुस्तामा भाषा, संस्कृति, र मातृभूमिप्रतिको माया अझ बढाउनेछ। तपाईंको संवादले हामीलाई याद दिलायो—हामी जताततै विभाजित भइहाल्दा पनि हाम्रो भाषा र संस्कृति हाम्रो आत्माको केन्द्र हो। तपाईंको सरल, विनम्र, र आत्मीय व्यवहारले हामी सबैमा यस्तो प्रेरणा जगायो कि हामी सधैं हाम्रो मातृभाषा, हाम्रो संस्कृति र हाम्रो पहिचानको कदर गर्नेछौं।
अन्तमा, हामी फेरि पनि तपाईंप्रति हाम्रो गहिरो आभार व्यक्त गर्दछौं। तपाईंले देखाएको सम्मान, आत्मीयता, र प्रेमलाई हामी सधैं सम्झनेछौं र भावनाका साथ मनमा राख्नेछौं। तपाईं सधैं यसै आत्मीयता, आदर, र सम्मानको साथ हामीसँग रहिरहनुहोस् भन्ने कामना गर्दछौं।
धन्यवाद,
तपाईंको आभारी,

सुदुर अब दुर नाई, झिकै झिकै माया तम्लाई ! बाटो हेरी थाकी गो आँखा, अब त मिलन होई।

 सुदुर अब दुर नाई

झिककै भिकै माया तम्लाई ! 
हो... सुदुर अब दुर नाई, झिकै झिकै माया तम्लाई !",balen,yt:Balen Shah bhasan,comment,deva
Jaya balen saha jaya rabi lamichane ज्यु पाटिलाई नै शुभकामना🙏🙏🇳🇵🇳🇵,balen,yt:Balen Shah bhasan,comment,mixed
Ho ho yo  Sahi ho 100👍👍👍👍  jye nepal,balen,yt:Balen Shah bhasan,comment,latin
Our only hope. BALEN and RAVI DAI,balen,yt:Balen Shah bhasan,comment,latin
Jay ghanti jay balen,balen,yt:Balen Shah bhasan,comment,latin
Jay Ghanti 🔔,balen,yt:Balen Shah bhasan,comment,latin
यसपटक देशभरि घण्टी बज्नुपर्छ जयघण्टी 🔔🔔,balen,yt:Balen Shah bhasan,comment,deva
"Bale rock
Jhole shock",balen,yt:Balen Shah bhasan,comment,latin
यसपटक देशैभरी घन्टी बज्नुपर्छ।,balen,yt:Balen Shah bhasan,comment,deva
First time balen lai  nai jitauna voter list ma name darta gariyo🔔,balen,yt:Balen Shah bhasan,comment,latin
Balen is Balen Oue Hero Jay ghanti🔔🔔🔔🇳🇵,balen,yt:Balen Shah bhasan,comment,latin
Narayangarh dekhi butwal ko batoo banau nu pareo dharai bejok xa aau jau ko lagi😢,balen,yt:Balen Shah bhasan,comment,latin
"This is new era and the era of young coming Prime Minister of 🇳🇵🇳🇵.. 
Sir hajur dhilo aaunu bhyauu but kada tarika lae aaunu vho.. 
We all nepali love you sir Balen",balen,yt:Balen Shah bhasan,comment,latin
ho ne sabi la suna agenda hai .agenda khojna haru kata gaya😂,balen,yt:Balen Shah bhasan,comment,latin
जियो रे मेरे शेर बालेन,balen,yt:Balen Shah bhasan,comment,deva
"I am only one heart Balen, how many times will you win.. please Nepal make him prime minister.. he is hope, he is strength, he is future ..",balen,yt:Balen Shah bhasan,comment,latin
जय घन्टि ❤❤❤love to balen 🔔🔔🔔🔔🙏🏻🙏🏻🙏🏻,balen,yt:Balen Shah bhasan,comment,mixed
hero balean sha ❤❤❤❤,balen,yt:Balen Shah bhasan,comment,latin
I love balen dai kasailai kei vannu x😄,balen,yt:Balen Shah bhasan,comment,latin
Jai matoo,balen,yt:Balen Shah bhasan,comment,latin
Bechara harka sampang desh sharm parisharami bhrastachar mukt banai nepal jasto ati garib desh lai pani bikshit aatmanirbhar banauchu vaneko bchara nepali janta lai tah Balen sir ko style nai manparyecha,balen,yt:Balen Shah bhasan,comment,latin
घण्टी बजाउ🔔🔔  देश  बचाउ  जय नेपाल🇳🇵,balen,yt:Balen Shah bhasan,comment,deva
Ghanti  bujhe lai srikhanda nabhuje lai khurpako bid . Nepali jantale bhujnu paryo .Jay NEPAL Jay  ganti,balen,yt:Balen Shah bhasan,comment,latin
I hope to ghanti,balen,yt:Balen Shah bhasan,comment,latin
Balen sir 🙏,balen,yt:Balen Shah bhasan,comment,latin
प्रिय। देश नासियो। नमस्कार। यो। रैला।  गाॐ। गाॐ। बाट। ट्रक। बस।  जिप।  या। अन्य। साधन।  प्रयोग। गरि।    मासु। भात।  शराब।  या। पैसा। दिएर।   या। डराएर। धम्काएर।  जवरजस्ति। ल्याएको। भिर।  होइन  नत।  10।  15।  जिल्लाबाट।  छानि छानि। ल्याएको।  भिर। हो।  बास्तवमा।  यो। जनताकोयो। बदलाको। भिर। हो,balen,yt:Balen Shah bhasan,comment,deva
Rabi+ balen,balen,yt:Balen Shah bhasan,comment,latin
king king king,balen,yt:Balen Shah bhasan,comment,latin
Detailed Roadmap chaiyo,balen,yt:Balen Shah bhasan,comment,latin
जय घण्टी,balen,yt:Balen Shah bhasan,comment,deva
बालेन जय घन्टी 🔔,balen,yt:Balen Shah bhasan,comment,deva
Balance fraud,balen,yt:Balen Shah bhasan,comment,latin
"Chatak, 20% bikas budget kharcha garera huncha kaam",balen,yt:Balen Shah bhasan,comment,latin
"Garna t Garnxa ,, I believe tara Kasari?
I hope we get to see detailed Roadmap
Bikash garne k k, kina tyo soecific chiz ko aawasekata?
tesko demand and return kati?
Teslai kasari finance garne sabai

Balen bolne manxe hainan hopefully Swormin le ti sabai uttar dinxan",balen,yt:Balen Shah bhasan,comment,latin
"""Kale kale milera khau vale"" vanera pahile aafaile vanne ani ahile aayera kale sanga milera aba des khana lageko xa..",balen,yt:Balen Shah bhasan,comment,latin
balen you are in wrong place,balen,yt:Balen Shah bhasan,comment,latin
Rastriya swatantra party nai swatantra xaina balenji kina janta lai xukyaunu hunxa?,balen,yt:Balen Shah bhasan,comment,latin
MCC thak ❌❌❌🔕,balen,yt:Balen Shah bhasan,comment,latin
कत्रो ठूलो भिजन लुसिफर को,balen,yt:Balen Shah bhasan,comment,deva
Behos hune holan koi koi,balen,yt:Balen Shah bhasan,comment,latin
Bolda yesari bolne na vaye kina bolne jai balen jai ghanti.....,balen,yt:Balen Shah bhasan,comment,latin
"Yesko kaam chaina, yeslai ghatima ghanti jhundaideu tei ho yesko agenda! Jay Mato!",balen,yt:Balen Shah bhasan,comment,latin
प्रधानमन्त्री ज्यु को  जबाफ  सुन्दा ज्यादै सान्दर्भिक लाग्यो धेरै धन्यवाद छ प्रधानमन्त्री ज्यु लाई,balen,yt:Balen Shah bhasan,comment,deva
"ढिलो आयो वबाल आयो Thank you so much Balen Sir, दुनिया नौटंकी भाषणको कुनै अर्थ छैन, यसरी नै अगाडी वड्ने हो। go ahead.",balen,yt:Balen Shah bhasan,comment,mixed
म त आज पहिलो चोटी सुन्दै छु कि नेपालले भारतकाे भूमि मिचेको छ। यसको कुनै प्रमाण छ कि त्यस्तै हावामा कुरा मात्र गर्नु भए छ हजुर!,balen,yt:Balen Shah bhasan,comment,deva
हेट युवा प्रधानमन्त्री वालेनले प्रश्नको जवाफ चाहिँ सार्है सटिक अनि सान्दर्भिक तवरले दिए खुशी लाग्यो।,balen,yt:Balen Shah bhasan,comment,deva
होइन यि मान्या सदस्यहरुले यो भन्दा पोइला त आफ्नो पाटिका प्रधानमन्त्रीहरुलाई यस्तो प्रश्न सोधेको त सुनेको थिएन अनि तिनीहरु त आज एक्कासी ठुलो देश भक्त पो भएर निस्के छन् त,balen,yt:Balen Shah bhasan,comment,deva
विना कामको प्रश्न सोधेर प्रधानमन्त्रीको समय वर्वाद नगरौ सभ्य नागरिक परिचय दियौ,balen,yt:Balen Shah bhasan,comment,deva
jay balen sarkar salute x good luck,balen,yt:Balen Shah bhasan,comment,latin
नेपालले भारतको कुन कहाँ ठाउँ तिर सिमाना मिचेको छ जनता र जान चाहन्छु,balen,yt:Balen Shah bhasan,comment,deva
अब दुइ मिनेट पनि उभिन न सक्ने ले अझ पदको लोभ गरि राख्नु कत्तिको सान्दर्भिक छ वाहा लाई बृद्धा अवस्था को सम्मान छ तर अब घरबसिदिए राम्रो तपाई बाट अब हामी आशा गर्न सक्दैनौ,balen,yt:Balen Shah bhasan,comment,deva
😂 अगाडि हुदा सोद्नु नि के के हो फेरि बखेडा😊🤗🤗,balen,yt:Balen Shah bhasan,comment,deva
Balen Sir hamro Desh ko sahan hunuhunxa 🇳🇵,balen,yt:Balen Shah bhasan,comment,latin
भारत  ले नेपाल्को भुमी मीचेको हो र नेपाल्ले भारको मीचेको छैन,balen,yt:Balen Shah bhasan,comment,deva
भारतबाट नेपाल प्रवेश गरेको बङ्गाली मुस्लिमहरूको बारेमा त कसैले पनि सदनमा कुरा उठाएन त।।।,balen,yt:Balen Shah bhasan,comment,deva
Mero desh bandai cha ❤❤❤,balen,yt:Balen Shah bhasan,comment,latin
"नेपाल लें भारत को जग्गा कहाँ मिचेको छ ? त्यो ठाउँ स्पष्ट संग देखाउनु पर्छ आजका  नेपाली जनता लाटा छैनन्  प्रम. बालेन ज्यु  ,, तपाईं लाई लाज भएन नेपाल ले भारत को जग्गा मिचेको छ भन्न ?? 😡😡😡😡😡😡",balen,yt:Balen Shah bhasan,comment,deva
मन्स्रि ज्यु हजुर महान हनुहुन्छ । साहास  र नलेज भनेको यस्तै हुन्ु पर्छ । पहिलेका बीजे हरुले जस्तो अरु ल्खि दियको पठनि हेईन । ❤❤❤❤हजुरलाई म ध्रै धेरै सिम्मान गर्दछु।,balen,yt:Balen Shah bhasan,comment,deva
मानव अधिकार अायाेग यहि काङ्ग्रेसी र एमाले पाटि देखि नियुक्ति यिनले कानुनी अनुसार भन्दा नेताहरू चाहे अनुसार सिफारिस गर्छन खायाेग माथि पनि छानबिन हुनुपर्छ,balen,yt:Balen Shah bhasan,comment,deva
आर्यन जि ले धेरै कुराहरु बुझ्नु जरुरी देख्छु । मलाई  त हर्क जि प्रती पनि चित्त नबुझेका धेरै कुराहरु छन् ।  धेरै कुराहरु नियम र प्रथा हरु मिचिने काम भयको भय पनि सर्बहितको लागि ठीक छ भने हामी सबै ले स्विकार्न सक्नु पर्छ। बिरोधका लागि नै बिरोध गर्ने काम छोडौ । धैर्यताको खाँचो  हामी धेरै लाई छ ।  अबको आउने दिनहरु मा हामीले   सिक्दै जाने छौ भन्ने विश्वाश छ ।,balen,yt:Balen Shah bhasan,comment,deva
"जहाँ वीरताको कुरा आउँछ, त्यहाँ नेपालीको इतिहासले नै बोल्छ।""@balen shah",balen,yt:Balen Shah bhasan,comment,mixed
Nepal sarkarko jay hos.🙏🇳🇵,balen,yt:Balen Shah bhasan,comment,latin
Good to hear You Our Honorable PM ! You are always the Best !!,balen,yt:Balen Shah bhasan,comment,latin
Jay Balen Sarkar 🙏🙏🙏,balen,yt:Balen Shah bhasan,comment,latin
Good job balen saha abo vane desh firinxa ki vanne aash jay desh 🇳🇵🇳🇵🇳🇵,balen,yt:Balen Shah bhasan,comment,latin
"प्रधानमन्त्री बालेनले संसदमा सांसदहरुको प्रश्नको जवाफ दियो । उनले दिएका सबै जवाफ यति सरल र निस्कपट थियो कि त्यसले उनको स्वभाव र इमान्दारिता छर्लंग हुन्छ । उनको जवाफमा कुनै वाकचातुर्यताको कसरत देखिन्दैन । उनले समस्या समाधानका लागि जुन प्रक्रिया आवश्यक हो त्यसैलाई सरल र चुस्त भाषामा दिए । कुनै टुक्का र घोचपेचको भाषा प्रयोग गरेन । यो उनको स्वभाव होइन पनि । नेपाल भारत सीमा विवादलाई लिएर सोधिएको प्रश्नको जवाफमा पनि उनले विना उत्तेजना सरल रुपमै नेपालले पनि भारतको केही भुभाग मिचेको थाहा पाएको बताए । त्यो पनि त्यतिकै सरल बिना उत्तेजना नै एक सामान्य जानकारी जस्तै दिएको हो । गलत जानकारी दिएको होइन । कुनै विवादका लागि दिएको पनि होइन । केही वरिष्ठ नेताहरु आफुलाई नेपालले कहिँ पनि भारतको जमित मिचेको थाहा नभएको बताउँदै बालेनको छविमा धावा बोल्ने कपट प्रयास गरे । यो उनीहरुको स्वभाव र राजनितिक चरित्र हो । यो जग्गा मिच्ने दुई संधियारको झगडा जस्तै हो । जसले एक अर्कालाई जग्गा मिचेको आरोप लगाउँदै झगडाका लागि उद्दत रहेको देखाउँछन र आआफनो शक्ती प्रदर्शन गरिरहन्छ । यो आम चरित्र हो । तर बालेनमा त्यस्तो चरित्रको कुनै संकेत दिएन । उनले त्यसतो चरित्र चाहेर पनि ल्याउन नसकिने उनको सरल भाषाले उजागर गरिदिएको छ । यो अबको नयाँ पुस्ता र पहिलेका स्वच्छ तथा स्वतन्त्र विचारमा रहेकाहरुमा पनि छ । यो चरित्रमा परिवर्तन हुनु पर्छ भन्ने सोच नै गलत छ । कपट र कलेशपुर्ण स्वभावले टुक्के नेता तथा गिरोहको नाइके बनाउन सक्छ, जनताले चाहेको बालेन बन्दैन । यो सरकार बालेनको नाममा जनताले दिएको विश्वास हो, उ जनताका लागि जवाफदेही हो, जनताले ल्वाप्पा ख्वाएका पार्टीका लागि होइन । यिनीहरुको कुनै पनि प्रश्नको जवाफ संसदमा दिनु जरुरी छैन । 
बर्तमान प्रधानमन्त्रीलाई भारतको भुमी मिचिएको जानकारी दिने स्रोतले पहिलेका सरकार र नेताहरुलाई थाहै नदिएको हुनसक्ने सम्भव छैन । यो सिमामा रहेका जनता, पदाधिकारी र स्थानिय नेता सबैको जानकारीमा रहेको सामान्य प्राविधिक कुरा हुन् । 
यदि यति सामान्य जानकारी पुर्व सरकार तथा वरिष्ठ नेताहरलाई अहिलेसम्म थाहा नभएको सत्य हो भने उनीहरुलाई थाहा चाहीँ के थियो त? पैसा कहाँका कति खाने, देशको पदहरुमा आफ्‌ना झोलेहरुबाट कसरी भर्ने, जनतालाई कसरी आजित पार्ने जस्ता दुषित कुरा मात्रै जानेको र अभ्यासमा लिप्त भएका हुन् त?",balen,yt:Balen Shah bhasan,comment,deva
100% Saho kam balen sarkarko.,balen,yt:Balen Shah bhasan,comment,latin
नेपालले पनि भारतिय भुमि मिचेको भन्ने सम्माननिय प्रधानमन्त्री जिउ बाट आएको गम्भीर तर्कलाई सरकारले के कस्तो भुमिका खेल्छ त्यो हेर्नू बाकी छ ।,balen,yt:Balen Shah bhasan,comment,deva
"Good balen sarkar yestyy kam gardy agadi badnu....Jay ra,sa,pa,🔔🔔🔔🔔🔔🔔",balen,yt:Balen Shah bhasan,comment,latin
Padam जी लाई सोध्नुपर्ने तिम्रो स्याङ्जा को विकास मा तिम्रो सरकार हुँदा के के गर्यो भनेर पनि सोध्नुपर्ने,balen,yt:Balen Shah bhasan,comment,mixed
"Das banama sab ko hit hun6, jaya Nepal, Jay Nepali🎉, shayog garnu SabNepali la❤",balen,yt:Balen Shah bhasan,comment,latin
"एमाले ले ३५ बर्ष देश लुटेर खायो कसै ले केही प्रस्न गरेनन,अैले एमाले का गु खाने हरु ले अैले यो भयेन त्यो भयेन भनेर उफ्री राखेका छन,यसरी पैला यसरी नै प्रस्न गरेको भये आज जनता ले घोप्टायेर उत्तानो पारेर फाल्ने थीयेनन",balen,yt:Balen Shah bhasan,comment,deva
"यो बिगतका सरकारले नियम को पालना गरेको भए यो अवस्था  आउने थिएन अहिले बडो फूर्तिलो भएर बफादारी पो देखिए ,धन्यवाद ,शुभकामना",balen,yt:Balen Shah bhasan,comment,deva
Ahaaa.. hamro pm sanga sabai question ko answer xa ☺️,balen,yt:Balen Shah bhasan,comment,latin
"राष्ट्रिय स्वतन्त्र पार्टी राष्ट्रभाव बाहेक विपक्षी पार्टीका सांसदहरू त सबै  बुढाहरू  रहेछन् त 
नाठे हर्के आज कहाँ गएछ
यो चोटी त  बिदेश मा भईयो आउँदो अर्को चोटीमा  गर्वका साथ राष्ट्रिय स्वतन्त्र पार्टीलाई भोट दिने निर्णय भयो मेरो।",balen,yt:Balen Shah bhasan,comment,deva
Jay ghanti 🔔🌹🙏💪💪🇳🇵🇳🇵🇳🇵🇳🇵,balen,yt:Balen Shah bhasan,comment,latin
Pardhanmantri Balen ko jabaf ekdum ramro lagyo ❤❤jaye ghanti ❤jaye Nepal ❤❤,balen,yt:Balen Shah bhasan,comment,latin
दाम्मी बालेन सरकार ❤️🙏❤️🙏🙏❤️,balen,yt:Balen Shah bhasan,comment,deva
अरु त मैले केही भनिन् तर मलाई मेरो देश प्यारो छ किन कि रोड मा सुताएर हुन्छ कि रुखमा बाँधेर हुन्छ कि वीर गोर्खालि लाई युद्ध मैदान मा उतारेर हुन्छ कि मलाई मेरो देशको भुमि फिर्ता गर्नु पर्यो अनि आर्को कुरा नेपाल मा हुने छुवाछूत भेदभाव तथा दलित कोटा भन्ने शब्द हटायर गरिब कोटा राखियोस राजा महेन्द्र ले छुवाछूत भेदभाव हटाउन ने प्रयास गर्नु भएको थियो अब बालेन सरकार ले पुरा गर्नु पर्यो यदि हटेना भने सतिले र छुवाछूत भेदभाव ले सरापे देश भनेर चिनिने छ यो मेरो मुखले हैन मेरो मनले भनेको हो मैले जे भन्यो त्यही पुग्छ लेखेर राख्नुस,balen,yt:Balen Shah bhasan,comment,deva
मात्र जेन्जी आन्दोलन लाई आड बनाएर बालेन सरकार कै पालामा भएको आन्दोलन जस्तो गरेर बुझ पचाएर प्रश्न गर्ने नकचरा हरु देखेउ प्रधानमन्त्री को जवाफ जेन्जी आन्दोलन मात्र होइन नेपालमा तेस्ता धेरै घटनाहरु छ्न ती घटनाहरु (जनताहरुलाइ प्रष्ट र प्रत्यक्ष थाहा भएको ) आफ्नु सरकार को पालामा शक्ति को आडमा लुकाइएर सरकार लाई थाहा नभएको यी सबैको छानबिन हुन्छ भनेको सुन्दा कस्तो लागो होला सडिएका कुहिएका पार्टी हरुलाइ,balen,yt:Balen Shah bhasan,comment,deva
Very good Sabhamukh jiu 🙏🙏 jay Nepal 🇳🇵🇳🇵🇳🇵🙏🙏,balen,yt:Balen Shah bhasan,comment,latin
नेपालको प्रधानमन्त्री वालेन्द्र शाहको जय जय जय होस,balen,yt:Balen Shah bhasan,comment,deva
आहा लु प्रधान मन्त्रि बोलेन सदनमा आयन भन्ने हरुले हेर्नै पर्ने यो भिडियो छ हेरेत मात्र भयन बुज्ने पनि गर्नुस अब हाम्रो देश कस्तो हुन्छ र बालेन ले कस्तो बनाउछन होला भनेर आँखा च्यातेर हेर्ने पनि गर 🙏🙏🙏,balen,yt:Balen Shah bhasan,comment,deva
"I'm realy very happy to see here our respected Prime Minister in parliament to give all question's answers 
And I want  say one thing our respected Prime Minister pleases give to opportunity Gen-G and public to ask there questions to you sir i think it will be very honorable for everyone sir thank you",balen,yt:Balen Shah bhasan,comment,latin
जयहोस ❤❤❤,balen,yt:Balen Shah bhasan,comment,deva
Mahinama ekchoti rajalai pani sansatma samabyas garaun..Jay Nepal,balen,yt:Balen Shah bhasan,comment,latin
अरुले लेखेर दिएको प्रश्नको जवाफ खाेज्ने बानी परेकाहरूलाई असहज महसुस भए तापनि प्रत्यक्ष प्रश्न उत्तर नेपालकाे राजनीतिक इतिहासमा पहिलोपटक देख्न पाउदा ज्यादै खुशी लाग्याे ।,balen,yt:Balen Shah bhasan,comment,deva
नेपालले भारतको कुन चैं भाग मिचेको  रहेछ र ??,balen,yt:Balen Shah bhasan,comment,deva
I really appreciate how DP aryal sir is calmly handling the situation,balen,yt:Balen Shah bhasan,comment,latin
"धन्य धन्य बाद धेरै राम्राे  सुन्मा सुगन्द काम भयाे ""??",balen,yt:Balen Shah bhasan,comment,deva
Jaye balen Sarkar 🙏,balen,yt:Balen Shah bhasan,comment,latin
आज त तचुप मचुप औला उठाउने बुद्धिजीवी हरु कता हो,balen,yt:Balen Shah bhasan,comment,deva
बर्सौ देखि देश जानेको चले फिरेका भोगेकालाई तेति तयारी गर्न र लिखित रूपमा घोकेर प्रसन गर्न पाउनु पर्छ भन्नुमा अलि गजब सुनियन।,balen,yt:Balen Shah bhasan,comment,deva
हरके  किन नबोलेको त आज खोई त आज प्रदान मन्त्री। चायो भने मान्छे खोई आज,balen,yt:Balen Shah bhasan,comment,deva
❤❤❤❤❤Jay ghanti,balen,yt:Balen Shah bhasan,comment,latin
Bastabmai ramro Kura garnu vyo p.m le Kura thikai ho . good luck 👍❤,balen,yt:Balen Shah bhasan,comment,latin
"ब्रीटीस मा पनी कुरा राखेर पहल गर्नु हुँदै रहेछ।
This is most important way.
यसरी जानु पर्छ फेदै बाट।
हाम्रो भुमी खै खै खै भनेर भुमी पाऊदैन।
अनी तुरून्त भई हाल्ने पनी होईन।
१/२ बर्ष लाग्न सक्छ धेरै छलफल हुन्छ २ पक्षीय त्रिपक्षीय सबै को एकसाथ सहमत भए पछी बल्ल बहस चल्छ।
सक्दो छीटो यो समस्या को समाधन होस।
जय🔔🔔जय देश।",balen,yt:Balen Shah bhasan,comment,mixed
"सारै राम्रो काम हुनछ,भननेमा हामी बिश्वसत रहेका छौं ,३५बर्शमा जनमाएका बेथिति यथा समय लिई पुनः यस्ता कुमार्गी  काममा अब उपरान्त उसकाउने काम नहाेस ।।।जय नेपाल  ।।।।",balen,yt:Balen Shah bhasan,comment,deva
Good Luck Rabi Balen Ra Swo Pa,balen,yt:Balen Shah bhasan,comment,latin
Short and sweet talk,balen,yt:Balen Shah bhasan,comment,latin
ऊठेर 2मिनरट सम्म नसक्ने अवस्थामा पुगेका मानिसलाइ  माननिय बनाइयछ धननेबाद,balen,yt:Balen Shah bhasan,comment,deva
बालेन को सबै राम्रो छ I बिजुली को vat छिटो हटावस I,balen,yt:Balen Shah bhasan,comment,mixed
Great balen sarkar ❤❤❤,balen,yt:Balen Shah bhasan,comment,latin
Good job jay ghanti,balen,yt:Balen Shah bhasan,comment,latin
Yes Balen is Balen ❤❤❤❤🎉🎉🎉🎉,balen,yt:Balen Shah bhasan,comment,latin
सङ्सदमा सङ्सदिय दलका नेताहरुकाे प्रश्न आएन त ?,balen,yt:Balen Shah bhasan,comment,deva
यो पद्म अर्याललाई छानबिन गर्नुपर्छ बालेन सरकारलाई अनुरोध 🙏,balen,yt:Balen Shah bhasan,comment,deva
Jaya Balen sarkar 💐Jaya Nepal 🇳🇵,balen,yt:Balen Shah bhasan,comment,latin
"Balen Shah jyu Dherai Swavimani , ani budhimani hunuhuncha, KASAILE wahalai sikairakhnu pardain, Nepal ra Nepali janta ko Swaviman Sansar ma kasari Rakhnu Parch vanne kura thaha cha, Balen Shah jyu bat Sikau, Please Nepali Janta Natra Maha Pap Lagla
Jay Balen Sarkar ❤❤❤",balen,yt:Balen Shah bhasan,comment,latin
❤Jay balen,balen,yt:Balen Shah bhasan,comment,latin
हर्कको ट्याउँट्याउँ त सुनिएन त ?,balen,yt:Balen Shah bhasan,comment,deva
Baalen Good job,balen,yt:Balen Shah bhasan,comment,latin
Hat's off P.M. well said,balen,yt:Balen Shah bhasan,comment,latin
Balen shah jasto pm paunu dherau garo xah so fully support,balen,yt:Balen Shah bhasan,comment,latin
Good job sarkar Jay Janta Jay Nepal 🇳🇵🙏💐,balen,yt:Balen Shah bhasan,comment,latin
🙏Great Balen Sarkar🥰❤️❤️,balen,yt:Balen Shah bhasan,comment,latin
Sahi bhanu bho jay balen mahaan neta balen ko abhibyakti lai swagat yogya xa,balen,yt:Balen Shah bhasan,comment,latin
सिद्दान्तमा साम्यवाद र समाजवादको कुरा गर्ने दलहरूलाई आज बालेनले उदाहरणमा साम्यवाद र समाजवाद पढाएको मजा आयो,balen,yt:Balen Shah bhasan,comment,deva
Nice ❤short,balen,yt:Balen Shah bhasan,comment,latin
नेधालले भारतको जग्गा चहिॅ कहाॅ मिचेको छ र अचम्भ लाग्यो।😮,balen,yt:Balen Shah bhasan,comment,deva
Balen sir dherai nabolekai ramro xa kaam garera dekhaunu parxa,balen,yt:Balen Shah bhasan,comment,latin
पुरानो रिति बिधीको कुरा छोडेर बर्तामान परिबर्तित अनि नयाँ सरकारको कामकार्वाहीलाई सम्मान गर्न सिक झोलेहरु😢,balen,yt:Balen Shah bhasan,comment,deva
हर्के खै कहाँ भागे छ,balen,yt:Balen Shah bhasan,comment,deva
Ekdam sahi ho jaya balen sir,balen,yt:Balen Shah bhasan,comment,latin
"एक हप्ता भित्र सदनमा आउने छु भनेर प्रधानमन्त्री ज्यु लेभनी सकेकोमा के को तीन दिन को निहु खोज्ने ,आफुले सोध्ने प्रश्न को लागि कस्तो सस्तो  ओकालत ,धन्यवाद",balen,yt:Balen Shah bhasan,comment,deva
मुख लाउनी नौनी छैन  के मा लाउनी घिउ गेचुरेसन को कुरा कस्तो लागो PM उत्तर जय बालेन ❤,balen,yt:Balen Shah bhasan,comment,mixed
"प्र म आएनन, बोलेनन, जबाफ दिएनन भनेर रोएका प्रतिपक्षिहरुको कुनै सारगर्भित प्रश्न त आएन । सबैले जानेबुझेका, तयारि प्रश्न, सबैले जानेका उत्तर छन नया केहि छैन । अब सबैले प्र म सग सेल्फि खिचेर धोको पुर्याएर बस । फेरि रुन। पर्ने गरी ।",balen,yt:Balen Shah bhasan,comment,deva
नेपाल ले कानेर भारत को जमिन मिचेको छ माननीय पर्धान मान्त्री जिउ ले भने जस्तो देखाउनु परो,balen,yt:Balen Shah bhasan,comment,deva
Dekhis mate haru🤗,balen,yt:Balen Shah bhasan,comment,latin
Balen❤❤ rabi,balen,yt:Balen Shah bhasan,comment,latin
Jay ghanti🔔🔔🔔,balen,yt:Balen Shah bhasan,comment,latin
♥️🙏🙏👍👍👍👍👍👍👍,balen,yt:Balen Shah bhasan,comment,latin
विजली मा लगाएको कर र शिक्षा स्वास्थ्य मा लगाएको कर हटाउन पर्छ,balen,yt:Balen Shah bhasan,comment,deva
"Wow sarai ramrow  
Balen sarkar",balen,yt:Balen Shah bhasan,comment,latin
"Every school, Government office,  Private malls and other public places should ensure accessibility for disabled people. They are also part of our nation.",balen,yt:Balen Shah bhasan,comment,latin
भारतियलाई फाइदा हूने बोली बालेन को,balen,yt:Balen Shah bhasan,comment,deva
PRAISEWORTHY PM!!🙏😊😊,balen,yt:Balen Shah bhasan,comment,latin
स्याबास बालेन साह भारत ले नेपाल को भुमि मिचेको छ भन्नू नसके पनि नेपाल ले भारत को भुमि मिचेको छ भन्नू त सकेउ ! वा बालेन सरकार वा !,balen,yt:Balen Shah bhasan,comment,deva
JAY NEPAL JAY BALAN 🙏🕉🙏,balen,yt:Balen Shah bhasan,comment,latin
"राजनीतिक दलहरू बीचको सकारात्मक दृष्टिकोणले नेपाली जनताको लागि राम्रो समाधान सिर्जना गर्न मद्दत गर्न सक्छ। सहयोग, पारस्परिक सम्मान र साझा राष्ट्रिय हितमा ध्यान केन्द्रित गरेर, नेताहरूले चुनौतीहरूलाई सम्बोधन गर्न र प्रगतिलाई प्रवर्द्धन गर्न मिलेर काम गर्न पर्छ ।",balen,yt:Balen Shah bhasan,comment,deva
GOOD SPEK OUR PM ❤❤❤❤❤❤❤❤❤❤❤❤❤❤❤❤❤❤❤❤❤❤❤❤❤❤❤❤❤❤❤❤❤,balen,yt:Balen Shah bhasan,comment,latin
Just love this guy he’s straightforward ❤❤❤❤ best wishes Mr PM !!!,balen,yt:Balen Shah bhasan,comment,latin
Bold leader of country..,balen,yt:Balen Shah bhasan,comment,latin
Ekdam ramro kura well done prakash janta lai ❤❤,balen,yt:Balen Shah bhasan,comment,latin
Jati sunyo uti ramro❤❤❤,balen,yt:Balen Shah bhasan,comment,latin
Awesome! ❤,balen,yt:Balen Shah bhasan,comment,latin
Good leader,balen,yt:Balen Shah bhasan,comment,latin
सबै कुरा पि.एम काे ठिक छ तर अहिलेकाे गरिब र मधयम स्तरका जनतालाई शिक्षा र स्वास्थ्यमा लगाएकाे कर गरिबमारा कर हाे शिक्षा स्वास्थ्य भनेकाे नागरिकको फण्डामेन्टल राईट हाे यसमा कर लगाएकाे कुनै एङ्गल बाट पनि ठिक छैन याे खारेज गरिनु पर्छ । कर लगाएकाे ठिक  छ भनेर  तेसलाई  पुष्टि गर्न खाेजिदैछ त्याे गलत हाे किन कि सरकारि स्कुलमा अहिले सबै बिध्यार्थि धान्न सक्ने क्षमता छैन  जसका कारण हामी धेरै नागरिक प्राईभेट सकुलमा महङ्गो फिस तिरेर  पढाउन बाध्य छाै यसमा पनि ट्याक्स तिर्नु पराे भने हामी गरिब भाेक भाेकै मर्नेु सिवाय अरु उपाय छैन । कि याे गर्दा जनतालाई राेजगारि दिई अाय अाजर्जन बढायर गरेकाे भए सहि हुन्थियाे । गरिब र मध्यम बर्गकाे जिवन स्तर  माथि नअाई देश धनी बनाउछु भन्नु काेरा कल्पना हाे ।,balen,yt:Balen Shah bhasan,comment,deva
Yarr matw bala sahaa ko fan nai vaya aajabata love u balan sahaa...prime minister ❤❤🎉🎉🎉,balen,yt:Balen Shah bhasan,comment,latin
भारतको अरुणाञ्चल नागालैन्ड आदि राज्यहरूमा अरुतिरबाट आएकाले जग्गा जमिन किन्न पाउँदैनन्। हिमाचल उत्तराखण्डमा पनि त्यो नियम लाग्छ धेरै क्षेत्रहरूमा। सिक्किममा जाँदाखेरि नेपालीहरूलाई पहिले त बोर्डरमै नागरिकताको ओर्जिनल कपी जम्मा गरिदिन्थ्यो। अहिले पनि भारतका धेरै त्यस्ता राज्यहरू छन् जहाँ भारत सरकारले विशेष नीति लिएको छ। दार्जिलिङ सिक्किममा नेपालीहरुलाई कडा प्रतिबन्ध लगाइएको छ। किनकि त्यहाँ नेपालीहरूको पलायन हुने सम्भावना थियो। त्यस्तै नेपाल सरकारले मधेस तराई क्षेत्रमा युपिबीहरूका जनसमुदायलाई कडा नीति लगाएर पलायन रोक्नुपर्ने थियो यो गर्न नसक्नु नै हाम्रो देशको डेमोग्राफी बदलिएको छ।। ५० लाख नेपाली भारतमा छन् भनेर ठूलाठूला मिडिया ट्रायल गराएर नेपालीहरूको महान मर्दन गरिन्छ। तर कुल दुईटा सांसद भारतको संसद भवनमा नेपाली भाषी छैनन्। नेपालको सन्दर्भमा हेरौँ त हरेक संसदीय निर्वाचनमा एक दर्जनभन्दा धेरै मधेश क्षेत्रमा १०/२० वर्षमा पलायन भएकाहरूकै नेता मन्त्री भएर चुनाव जितेर गएका छन्।। अहिले नेपाललाई माया गर्ने मधेसी १०% मात्र छन् मधेसमा,balen,yt:Balen Shah bhasan,comment,deva
Bihari vele,balen,yt:Balen Shah bhasan,comment,latin
"Guff nai ta ho vai 

😂😂😂",balen,yt:Balen Shah bhasan,comment,latin
नागरिकता खुकुलोको परिणाम हो बालन  प्रधानमन्त्री। उसकी आमा बिहारी हो। उपसभा मुख पनि त्यस्तै हो। रामवरण यादव यादव भइकन पनि नेपाली जस्तो लाग्छ बालेनको हेर्न बाँकी छ। तर हाम्रो नेपालजस्तो सानो देशमा भारतले जे गर्छ त्यही गर्न भारतमा जस्तो नागरिकताको उदारता छ त्यस्तै उदारता नेपालले लिँदा नेपालका मूल पहाडी जनसमुदाय अल्पसंख्यकमा छिटै पर्नेछन्। मधेसी आरक्षण ती आरक्षणभित्र गनिएका जाति सबै युपी र बिहारका जातिहरु हुन् जहाँ ३२ करोडभन्दा ठूलो जनसङ्ख्या छ। नेपालको मधेसी समुदाय पनि त्यो जनसमुदायलाई अङ्कमाल गर्छ जस्तो पहाडीहरुले सिक्किम दार्जिलिङलाई गर्छ। तर सिक्किम दार्जिलिङको सानो जनसङ्ख्या सुविधा राम्रो भएकोले नेपालतिर आउने क्रम नगन्य मात्र छ। उत्तर प्रदेश र बिहार भनेको गरिबीको बबण्डर भएकाले नेपालमा पलायन ठूलो सङ्ख्यामा भइरहेको छ। पहाडीहरू देश छोडेर बाहिर जाने अनि नेपालका सामान्य काम गर्नका लागि पुरै उत्तर प्रदेश बिहारको जनसंख्या आइरहेको छ । यसले देशको डेमोक्राफी चेन्ज गरिरहेको छ।। यसको परिणाम हेर्नुहोस् आज पहाडीहरुको बिजनेस व्यवसाय सबै समाप्त हुँदै गइसकेको छ।। पहाडका कुनाकाप्चामा लाग्ने साप्ताहिक बजारमा पनि सबै मधेसी बिहारीहरू मात्र देखिन्छन् बेच्ने जति। बाँकी होलसेलका सामान दुकानदारी त लगभग पहाडेको हातबाट समाप्त भइसकेको छ पुरा देशमा। अब त यस्तो अवस्था आउँदैछ हस्पिटलबाट  जिउँदो फर्कन पहाडीहरुलाई मुस्किल हुन्छ। पूरा देशको मेडिकल क्षेत्रमा पनि एक क्षेत्र राज भइसकेको छ मधेसी समुदायबाटै। फेरि पनि मधेशमा गरिबी छ मधेस नै केन्द्रको सबैमा सर्वपरि अनुदान पाउँदैछ। भारत सरकारले छानी छानी नेपालीहरूलाई दिने स्कलर सिपमा मधेसका युवाहरूलाई मात्र सामेल गराइरहेको छ। भारतमा इन्जिनियरिङ मेडिकल लगायतका आधुनिक विषयमा पढ्न आउने नेपालीहरूलाई छात्रवृत्ति दिइन्छ। छात्रवृत्ति या एडमिसन दुबै प्रक्रियामा केवल मधेसीहरूको सङ्ख्या खोजिरहेको हुन्छ। धरानका राई लिम्बुहरूले गदाहरुले पुरै धरानबजार मारवाडीलाई हात लगाएर जिम्मा लगाएर गए। अब बेलायतमा खैरेको लाति खाँदैछन्। फर्केर आउँदा यिनीहरूको बस्ने ठाउँ हुँदै छैन।,balen,yt:Balen Shah bhasan,comment,deva
फेरि ढल्नी भो हर्के डाहा ले 😂😂😂जय🛎️🛎️🛎️✅✅,balen,yt:Balen Shah bhasan,comment,deva
Jai balen jai ghanti jai rabi 🔔🔔🔔💯🆗,balen,yt:Balen Shah bhasan,comment,latin
Jay balen jay ghanti jay rabi jay ♥️,balen,yt:Balen Shah bhasan,comment,latin
युगमा जन्मेको एक सच्चा सपुत! Good luck all Nepalese fellow!,balen,yt:Balen Shah bhasan,comment,mixed
सक्दैन रा स्व पा लाई अहिले कसैले पनि 🎉🎉🎉 🔔🔔🔔🔔,balen,yt:Balen Shah bhasan,comment,deva
Wawa sweet heart ❤️ speech,balen,yt:Balen Shah bhasan,comment,latin
Wawa Best men,balen,yt:Balen Shah bhasan,comment,latin
जय घण्टी  जय कर्णाली जय नेपाल,balen,yt:Balen Shah bhasan,comment,deva
Great ❤️,balen,yt:Balen Shah bhasan,comment,latin
Good work,balen,yt:Balen Shah bhasan,comment,latin
Great job ❤,balen,yt:Balen Shah bhasan,comment,latin
"यो साथिले 100% काम गर्छन् ,,❤❤",balen,yt:Balen Shah bhasan,comment,deva
Nice ❤❤❤❤❤,balen,yt:Balen Shah bhasan,comment,latin
😊Balen ❤ .....,balen,yt:Balen Shah bhasan,comment,latin
जब देश परिबर्तन गर्न सम्पुर्ण युबापुस्ता जाग्दैनन र जुरुक्क उठदैनन त्यहाँ संभावना कम हुन्छ सबैले सचेत भएर आ- आफ्नो ठाँउ बाट १००% मताधिकार प्रयोग गर्नुस जय होस् 🔔🔔🔔,balen,yt:Balen Shah bhasan,comment,deva
Jay ghanti❤,balen,yt:Balen Shah bhasan,comment,latin
#voteforchange❤,balen,yt:Balen Shah bhasan,comment,latin
Jaya ghanti,balen,yt:Balen Shah bhasan,comment,latin
नेपाल हिन्दु राष्ट्र होस् को को चाहन्छ जय नेपाल 🇳🇵🇳🇵,balen,yt:Balen Shah bhasan,comment,deva
Entry with these songs.. just wow 😮,balen,yt:Balen Shah bhasan,comment,latin
Best of Luck Balen Dai and Rabi dai keep it up God Save Them,balen,yt:Balen Shah bhasan,comment,latin
Jay balen🔔✊💪🙏,balen,yt:Balen Shah bhasan,comment,latin
🔔🔔🔔💯Jay ghanti 🇳🇵,balen,yt:Balen Shah bhasan,comment,latin
सरकार सगकाे भयकाे अन्दाेल हैन जनता जनतन भयकने अन्दाेलमा सरकारले छान बिन  गरनिहाे सरकनले गरछ,kp oli,yt:KP Oli,comment,deva
तैंले लिनुपर्छ यो हत्या को झोले लाइ आजिवन जेलमा जाकनु पर्छ,kp oli,yt:KP Oli,comment,deva
#त्यहिभयर    मारेयु  ❤तिमीहरुले    लीनुपरछ❤,kp oli,yt:KP Oli,comment,deva
Taile linu parxa,kp oli,yt:KP Oli,comment,latin
"सर्बप्रथम कुरा बुझेर बोल्नु पर्छ।
हावा कुरा नगरौं।",kp oli,yt:KP Oli,comment,deva
Yo risk sudhan ra balen ko ho,kp oli,yt:KP Oli,comment,latin
Yo kp ko jola rixa saf saf bujda hunxa yo sunsari ko Kanda Pani ko OLI ho taso Vaya,kp oli,yt:KP Oli,comment,latin
Rabiko kimma ho,kp oli,yt:KP Oli,comment,latin
Taile lin jimma,kp oli,yt:KP Oli,comment,latin
Goli handa Hindu Lai lagyo tesma muslim ko k dos,kp oli,yt:KP Oli,comment,latin
खरानेले लिन पर्छ,kp oli,yt:KP Oli,comment,deva
To Jimmy Linux jholey,kp oli,yt:KP Oli,comment,latin
Yo pagal,kp oli,yt:KP Oli,comment,latin
Taile lis,kp oli,yt:KP Oli,comment,latin
Terobaulelinuparch,kp oli,yt:KP Oli,comment,latin
Kasto pagal kura Garnu xa Hajur 😮,kp oli,yt:KP Oli,comment,latin
"मान्छे अनुसारको प्रश्नगर्छ यो पत्रुकारले कोहि 
 जस्लाइ कडा प्रस्न गर्नुपर्ने हो तेस्लाइ एस्तो प्रश्न गरेको सुन्दा लाज लागेर आयो 😂😂",kp oli,yt:KP Oli,comment,deva
बानियाँ जि संग जे अपेक्षाले भिडियो हेर्न आएको थिँए त्यो भेटिएन।,kp oli,yt:KP Oli,comment,deva
निष्पक्ष रुपमा पत्रकारिता गर्न सक्दैन भने पत्रकारिता खोल ओडेर जनता लाई भ्रम नछरेकै राम्रो,kp oli,yt:KP Oli,comment,deva
खरो प्रश्नको भकारी रित्तिए जस्तो छ पत्रकार ज्यूको!!,kp oli,yt:KP Oli,comment,deva
यो डाकालाई त्यो कुर्सीमा बसेर इन्टरभ्यु दिएको सुहाएन 😂😂😂,kp oli,yt:KP Oli,comment,deva
"अन्तर्वार्ता बीचमै अन्त्य गर्नुपर्ने अवस्था सिर्जना भयो। उठाइएको प्रश्न कति गम्भीर र सारगर्भित हुनेछ भन्ने जिज्ञासा त थियो, तर अन्ततः निराश हुनुपर्ने परिस्थिति आयो",kp oli,yt:KP Oli,comment,deva
"जुन राजेन्द्र बानिया मैले हेरेको थिए त्यो आज देखिन ।किन यति लचक ,डराउनु भयो?",kp oli,yt:KP Oli,comment,deva
बानिय सर ले मेरो 57 मिनेट बर्बाद गर्दिनु भयो  । तपाई बाट येस्तो आस थियेन सर्😡😡😡😡,kp oli,yt:KP Oli,comment,deva
खरो प्रश्न छायाँमा परेको जस्तो देखियो राजेन्द्र सर। तपाईंलाई यस्तो कमेन्ट गर्नु परेकोमा दुखी छु।,kp oli,yt:KP Oli,comment,deva
"पत्रकार महोदय, डराउनु भएको प्रस्ट देखियो है । वा क्या पत्रकारिता छ नेपाल मा ।",kp oli,yt:KP Oli,comment,deva
यो चुनावमा बालेनले ओलीलाई भारी मतान्तरले पराजित गर्दै विजयी हुँदा खुशी हुनेहरू को को हुनुहुन्छ?,kp oli,yt:KP Oli,comment,deva
पूर्व निधारित प्रश्न उत्तर गरेको के सुन्नु र पहिलेको जस्तो दम्भ सकिए जस्तो छ बानियाँ जीको😁,kp oli,yt:KP Oli,comment,deva
बाघ बनेर प्रश्न सोध्ने बानियाँ आज स्याल बनेर हजुर हजुर भनिराको छ।।,kp oli,yt:KP Oli,comment,deva
"यो बानियाँ मान्छे हेरेर प्रश्न गर्छ 
ओलिको हनुमान",kp oli,yt:KP Oli,comment,deva
Sir tyo holy wine kand ko barema pani sodhnu parthyo,kp oli,yt:KP Oli,comment,latin
यो बानियाँले रास्वपालाई मात्रै हो पेल्ने ?,kp oli,yt:KP Oli,comment,deva
सङ्घर्स बाट हैन मान्छे मारेर जेल गयर आको हो,kp oli,yt:KP Oli,comment,deva
"बालेनले जित्नै पर्छ, हामी भोट हाल्न तयार छौ झापामा😮😮😮😮😮",kp oli,yt:KP Oli,comment,deva
"राजेन्द्र बानियाँ मक्ख परेर अन्तर्वार्ता लिदै छन, अनि अरुलाई तितो र नमिठो प्रश्न सोध्न पुग्छन। यिनको पनि पत्रकारीता देखियो, बुझियो।",kp oli,yt:KP Oli,comment,deva
एमाले भन्दा माथि उठेर पत्रकार बन्ने कहिले हो दाजु?,kp oli,yt:KP Oli,comment,deva
जुन अपेक्षाले यो अन्तरवार्ता हेरेको त्यो पूरा भएन 23/24 को बिषयमा अलि धेरै गहिरो संग सुन्न मन थियो😊,kp oli,yt:KP Oli,comment,deva
फेरि हाम्ले यस्ले भनेको पत्याइदिनु पर्ने 😡😡,kp oli,yt:KP Oli,comment,deva
बानियाँ पुरै लम्पसार 😂,kp oli,yt:KP Oli,comment,deva
ट्रेलरमा देखाए बमोजिम प्रष्ट प्रश्न भएन,kp oli,yt:KP Oli,comment,deva
Can't expect from such type of pre plan question from u Baniya ji,kp oli,yt:KP Oli,comment,latin
अझै पनि केपि ओली सहि भन्नेहरू  भेडा नैं हुन। संसार कहा पुग्यो यो देश कहाँ छ??,kp oli,yt:KP Oli,comment,deva
डरायो डरायो बानियाँ डरायो😂😂,kp oli,yt:KP Oli,comment,deva
यस्तो कवाडी इन्टरभ्यु लिनु भन्दा नलिएकै बेस ... बानियाँ जी तपाईले निराश बनायो,kp oli,yt:KP Oli,comment,deva
यो पत्रकारले आज किन खरो प्रश्न गर्दैन,kp oli,yt:KP Oli,comment,deva
"जुन आशाले हेर्नु आएको थिए मज्जा आएर 
बानियाँले पनि मान्छे हेरेर अन्तरबार्ता लिनेरहेछ 100% प्रमाण भयो आज कहाँ गयो हत्यारालाई एकओटा कडा प्रश्न छैन",kp oli,yt:KP Oli,comment,deva
"यिनी पुतरूकार र यो मिडिया बहिष्कार गराै
जनताको प्रश्न राखनु पर्नेमा ओलिको माहोल बनाउने सहिलिले प्रश्न गरेको छ ।",kp oli,yt:KP Oli,comment,deva
"के पि बा सङ्ग तपाई अलि डराउनु भए जस्तो छ 
कडा question गर्न😁🙏",kp oli,yt:KP Oli,comment,mixed
I’m watching this after election lmao 🤣,kp oli,yt:KP Oli,comment,latin
म स्वतन्त्र नागरिक हु तर के पि वलिलाई पन्छाउनै पर्छ सचेत झापालीले।,kp oli,yt:KP Oli,comment,deva
यो बानिया एमाले को झोले रहिछ अरु दलका नेता हरु लाई कसरी पेलेर सोधछ यसलाई कति समान संग पेसाएको,kp oli,yt:KP Oli,comment,deva
Manche marera niskeko le thulo kura garcha!! interviewer le kina question sodna sakena lapakkai parera boleko cha ta ? Favoritism,kp oli,yt:KP Oli,comment,latin
"Rajendra sir naya snga matra raixan thaado bolne, Oli snga ta aafai daraye jasto , hajur... hajur... maalik matra bolnu vayo ta.",kp oli,yt:KP Oli,comment,latin
"जो सिधा बस्न त सक्दैन
तेसले कसरी देश बनाउछ पत्रकार ज्यु
वृद्ध प्रधानमन्त्री भएनि
यो जस्तो वृद्ध रोगी स्विकार्न सकिदैन",kp oli,yt:KP Oli,comment,deva
Last interview 😂😂,kp oli,yt:KP Oli,comment,latin
बानिया नि एमाले नै रैछ । प्रस्ट भयो।😢😢😢,kp oli,yt:KP Oli,comment,deva
राजेन्द्र सर यति लवस्तरो प्रश्न सोध्ने मान्छे त मैले आज तपाईँलाई देखे यस्तो मान्छेसँग यस्तो प्रश्न सोध्नुभयो कि जनताले हेरेको हेरै भए,kp oli,yt:KP Oli,comment,deva
फाँसी लगाउनु पर्ने जेल खोच्नु पर्ने अपराधी भ्रष्टाचारी नेताहरुलाई सबै जनताहरुले लखेट्न जरुरीछ ☝️☝️👊👊… जब सम्म नेपालमा फाँसीको सजाया लागु हुदैन तब केही सम्भव रहने छैन ☝️☝️✊✊,kp oli,yt:KP Oli,comment,deva
जस्ले जे सुकै भनुन बालेन नै आउछन बुढा ले अब आराम गर्छन,kp oli,yt:KP Oli,comment,deva
यो पत्रकार मलाई पहिला राम्रो लाग्थ्यो तर आज ओली हत्यारा को अगाडी कट्टु मा मुतेर question गरेछ अलि खरो सोध्न पर्दैन् यो हत्यारा लाई????,kp oli,yt:KP Oli,comment,mixed
"तपाईंको इन्टरभ्यु हेर्न छाडेँ मैले आजबाट, राजेन्द्र सर।",kp oli,yt:KP Oli,comment,deva
कडा  प्रस्न  सुन्न आउनु भको छ भने जानू होस खास तेस्तो छैन 🤣🤣🤣🤣🤣,kp oli,yt:KP Oli,comment,deva
"राजेन्द्र बानिया केपी सँग डराए जस्तो लाग्यो 
अरुसँग त खत्रा तरिकाले प्रश्नको तरवार विछयाउथे",kp oli,yt:KP Oli,comment,deva
Asto  expectation thiyana Rajendra sir,kp oli,yt:KP Oli,comment,latin
Disappointed by rajendra sir question.....,kp oli,yt:KP Oli,comment,latin
यो राजेन्द्र भन्ने पत्रकार किन केपि प्रचण्ड हरु सङ्ग यति सारो डराएको होला अचम्म लाग्छ हो ।,kp oli,yt:KP Oli,comment,deva
हैट हेर्दिन अल्छी पो लाग्यो।😴😴😴😴😒😒,kp oli,yt:KP Oli,comment,deva
पत्रकार राजेन्द्र बानियाँ डराएको हो कि खरो प्रश्न नसोधेको हो।यो एपिसोड मन परेन मलाइ तपाइहरुलाइ कस्तो लाग्यो।,kp oli,yt:KP Oli,comment,deva
राजेन्द्र बानियाँजीले प्रचण्डे लाई गरेको जस्तै प्रश्न सुन्न मन थियो खइ आज को भिडियो नैं राम्रो लागेन,kp oli,yt:KP Oli,comment,deva
"प्रश्नको भण्डार सकिएको हो कि प्रश्न गर्न डराउनु भएको हो ?
जुन अपेक्षाले याहा सम्म आइपुगेको थिए त्यो भेटिएन ।",kp oli,yt:KP Oli,comment,deva
तर राजेन्द्र सर पनि एस्ता ज्यान्मारा सङ्ग प्रस्न सोध्न डराएको जस्तो लाग्यो 🤔 यो भन्दा पैले का प्रस्न उत्तर खुप जोस जागर भएको थियो तर आज मजा आएन डराउनुभएछ ।एस्ता चोर सङ्ग।,kp oli,yt:KP Oli,comment,deva
राजेन्द्रजी तपाईको बर्षौदेखीको पत्रकारिता करियरमा ब्रेक लग्ला है यस्तो ईन्टरभ्यु ले !!!,kp oli,yt:KP Oli,comment,deva
What a questions??? 😂🫡,kp oli,yt:KP Oli,comment,latin
Scripted question.... scripted answer 😂,kp oli,yt:KP Oli,comment,latin
"बानिया सर 
Questions  सोधन किन डरायको हु।",kp oli,yt:KP Oli,comment,mixed
कति पैसा मा बिक्यो राजेन्द्र तपाईं एउटा पनि प्रश्न सोध्न डरायो त यस्तो  अपेक्षा त राखेको थिएन हो पुरा सेटिङ मा इन्टरभ्यु लिए छन 😂😂,kp oli,yt:KP Oli,comment,deva
"""जसलाई खरो प्रश्न गर्नुपर्ने हो, त्यसलाई छैन। वरिपरिका (आसेपासेलाई) त खुबै प्रश्न गरेको देखिन्छ।""",kp oli,yt:KP Oli,comment,deva
"हेर्दै जाँदा पत्रकार सँग रिस उठ्दै गैराको थ्यो 😁 अन्तिमको रोक्न खोज्दा खोज्दै फुस्केको हाँसो ले बुझायो ""यो मान्छेको गफ नपत्ताउनु है"" ।🤣🤣",kp oli,yt:KP Oli,comment,deva
Kasto interview ho?,kp oli,yt:KP Oli,comment,latin
कडा छ भनेको त झोले पो रैछ डाम्ना😡😡😡,kp oli,yt:KP Oli,comment,deva
"interview हेरियो। पुरै घोडा टेकेर, पुच्छर हल्लाइएछ त!!
न counter questioning छ, न follow up प्रश्न छ, अझ उल्टै मिलाएर आफैले आधा उत्तर वलीको मुखमा भर्दी राछ। यस्तो नी सवाल/जवाफ हुन्छ?? उल्टै वलीकै promotion गरीराछ। बानीया पनी हुतीहारानै हो वलीको अगाडि??
यस्ता जाबो प्रश्नोत्तरको लागी त वलीलाई प्रश्नहरू थमाएर एक्लै बोल्न देको भए भइ हाल्थ्यो नी। केकालागी चाहीयो राजेन्द्र बानिया??
भोटमाग्न जादा जनताले बरू अली fiercer र unbiased प्रश्न गर्छन भो आजकाल। Tremendously disappointed from the reporter. Huge let down🤦🤦",kp oli,yt:KP Oli,comment,mixed
यसले गतिलो प्रष्ट प्रश्न भनेर गुलामि गर्छ भन्ने तेहि भएर आज हेर्दै छु ।,kp oli,yt:KP Oli,comment,deva
बानियाको असली हैसियत यहि हो सबैले चिनौ है!,kp oli,yt:KP Oli,comment,deva
"आहा पत्रकार ज्यू कस्तो नम्र र शालीन हुनु भएको है, अस्ति तनहुँमा त महिला नेत्रीलाई थर्काउदै हुनुहुन्थ्यो। त्यही नेतृको पिता सँग फेरि यति नम्र है😂😂😂😂",kp oli,yt:KP Oli,comment,deva
आफै सरकार प्रमुख भ्यको बेलामा जेभयपनी आफुलाइ फाइदा भ्य पुग्यो हैनर,kp oli,yt:KP Oli,comment,deva
"नेपाल का लगभग 95% पत्रकार लाई अब आउने सरकार ले लाईसन्स खारेज गर्नु पर्छ साले झोले हरु 
राजेन्द्र बानियाँ
तिकाराम यात्री को त यो हबिगत छ 
अनि अरु बाट हामिले ले के आसा गर्ने",kp oli,yt:KP Oli,comment,deva
चुनावका बेला पत्रकार बिक्नु ठुलो कुरा होइन 😢😢,kp oli,yt:KP Oli,comment,deva
"केपिको आखामा देखिएको यो डर, हरेक भ्रष्टाचारि हत्याराको आखामा देखिएको डर , यो डर राम्रो लाग्यो। 
जय बालेन ❤❤❤",kp oli,yt:KP Oli,comment,deva
याे केपि हत्याराकाे अनुहार देख्दानै रिस उठ्छ मलाइत,kp oli,yt:KP Oli,comment,deva
यसपालि राजेन्द्र बानियाद्वारा जनताको मनमा लाएको प्रश्न उठान भएन त।,kp oli,yt:KP Oli,comment,deva
😂😂😂😂😂😂😂😂😂😂😂  यस्ता देशद्रोहिलाइ के सोधपुछ गरिराको होला ।,kp oli,yt:KP Oli,comment,deva
Ma ta comment padhera niske hai.. bardabd nagrne 1 ghanta😅,kp oli,yt:KP Oli,comment,latin
पोखरा बिमानस्थलमा २२ अर्वमा १० अर्व भ्रष्टाचार भएको कुराके होत?,kp oli,yt:KP Oli,comment,deva
Here after election results 😂😂😂😂,kp oli,yt:KP Oli,comment,latin
बोलेको त के सुन्नु यो के पी को रिस उठ्ने कुरा मात्र गर्छ । साथीहरुको कमेन्ट पढ्न आको 😂😂,kp oli,yt:KP Oli,comment,deva
"बाबिया  सर 
को question अरु  लाई  जस्तो  question  किन न सोधे  को",kp oli,yt:KP Oli,comment,mixed
"sir tapai ko yo interview sarai naramailoo lagyoo, tapai kharoo vayara utrine pani bekti herera hoixa. jaba bolnai dor lagdoo raixa vane kina interview lina jana paryooo ?",kp oli,yt:KP Oli,comment,latin
"अाज बानिया सर,बाघ अगाडि बिरालाे झै लुरुक्क परे",kp oli,yt:KP Oli,comment,deva
"Let's hope after election  : 
1. KP oli will be punished 
2. Ramesh lekhak will be punished 
3. Mahesh Basnet will be punished 
4. Sahakari Money will be researched 
5.  प्रमाण bhanney haru will be punished 
6. Corruption file will be opened 
7. Development will be faster
8. प्रचण्ड  will be punished  
Add remaining yourself 😊",kp oli,yt:KP Oli,comment,mixed
अरु जे सुखै होस तर यो अहंकारि हत्यारा पापी मान्छे सदनमा न आओस्,kp oli,yt:KP Oli,comment,deva
पहिले ए आई भनेर भन्दिने अहिले प्रश्न सोधिसकेपछि त्यसको जवाफ दिन म आवश्यक ठान्दिन  पो रे 😂😂😂,kp oli,yt:KP Oli,comment,deva
बानिया सर को त आफ्नै प्रस्न हुन्थे। आज चाहिँ के पि ओलि  यो यो सोध्नु भनेर दियेको प्रस्न हो यो? तपाई बाट येस्तो अपेक्षा थियेन है सर,kp oli,yt:KP Oli,comment,deva
यि महान मानवको बस्ने तरिका नै बहुतै अहङ्कारी देखीन्छ।,kp oli,yt:KP Oli,comment,deva
त्यस्तो प्रस्न गर्ने ब्याक्तिको प्रस्न कहाँ सकियो कि डराको,kp oli,yt:KP Oli,comment,deva
२ दिन लगाएर लिएको इन्टरभ्युको गति हेरन।।के भन्नु।।,kp oli,yt:KP Oli,comment,deva
साथीहरूले खरो प्रश्न आएन भन्नुभएको छ त्यो बानियाँ जी लाई राम्ररी थाह छ बालेन ले हराउँछन् र अहंकारी ओलीले अहंकार भत्किन्छ भन्ने कुरा।,kp oli,yt:KP Oli,comment,deva
Rajendra ji ko aukaat pane heariyo,kp oli,yt:KP Oli,comment,latin
"गोजिमा १० रुपैयाँ छैन भन्नेको घरमा के छ त्यस्तो, कपडाले छोपेर अन्तर्वार्ता लिनु पर्ने?",kp oli,yt:KP Oli,comment,deva
राजेन्द्र बानियाँको पनि प्रश्न सोधाई देखियो आज,kp oli,yt:KP Oli,comment,deva
राजेन्द्र सर   किन समय खेरफालनु भयको अमुल्य समय छनिहजुरकी समयत सर,kp oli,yt:KP Oli,comment,deva
M here after the election 😂😂😂,kp oli,yt:KP Oli,comment,latin
राजेन्द काे पत्रकारिता पनि देखियाे र जेन्जिकाे रगतकाे कदर गरेकाे पनि देखियाे यी सबै बिकाउ छन् जसलाईहामि सहि र निस्पक्ष पत्रकार र पत्रकारिता भनेर बिस्वास गर्ने हामी उस्तै,kp oli,yt:KP Oli,comment,deva
अरु संग निकै खरो प्रश्न का साथ प्रस्तुत हुने  राजेन्द्र सर ओली संग किन यति नरम हुनु भयो के के पि ओली लाई प्रश्न गर्न डराउनु पर्ने अवस्था नै हो त??,kp oli,yt:KP Oli,comment,deva
सिधै भनुम् : पत्रकार प्रश्न सोध्न डरायो 😅😅😅,kp oli,yt:KP Oli,comment,deva
राजेन्द्रजी बाँझो  मान्छेलाई सन्तानको माया के हो भनेर सोधिदिनुस न। राज्य सञ्चालन गर्ने प्रमुख व्यक्तिले स्कुले विद्यार्थी झुकाएर ल्याए अशान्ति मचाए  आन्दोलन गरे भन्दैमा गोली ठोक्न पाइन्छ ?,kp oli,yt:KP Oli,comment,deva
हामी कुनै जनताले साथ नदिने हो।,kp oli,yt:KP Oli,comment,deva
"यिनी हरु मा लाज सरम छ कि नाइ 😅😅
6:10  साथी हरु are u ready 🎉🎉😅",kp oli,yt:KP Oli,comment,mixed
Prachande cheparo kursi Bina xatpateko budo aatma,kp oli,yt:KP Oli,comment,latin
यसले अझै नेपाली जनता लाई हेप्दै छ ।अझै पनि जनता लाई भेडा/झोले नै देख्दै छ।अब यसलाई सबैले बहिष्कार गरौं । नत्र यसले फेरि दुर्गन्ध फैलाउँछ ।,kp oli,yt:KP Oli,comment,deva
balen sarkar dhalxan tara sapana ma,kp oli,yt:KP Oli,comment,latin
प्रचण्डे र ओलि यी दुइटै नेपालको लागि अति घातक तत्व हुन् यिनिहरुलाई अब नेपाल राजनीतिक बाट सधैंको लागि बहिस्कार गर्नु पर्छ l,kp oli,yt:KP Oli,comment,mixed
hey bhagwan yo kina mardaina? iniharu bachunjel Nepal ma kahile shanti hudaina. so 2084 ma pattasaf garam inharuko,kp oli,yt:KP Oli,comment,latin
यी भ्रष्टहरुले जवानी छंदा त दु:ख दिएर जनतालाई गरिब बनाउने खेल खेले। अब मर्ने बेलामा समेत छाेड्न चाँहदैनन्।,kp oli,yt:KP Oli,comment,deva
Nepali princess Shruti Laxmi shah ko real voice ❤❤❤,kp oli,yt:KP Oli,comment,latin
नेपाली जनता हरु यस्ता नेपाल नै सिध्याउन लागि परेका धमिरा हरु बाट सजक र सचेत रहन एकदमै जरुरी छ । भोलि केही अनपेक्षित घट्ना क्रम देखियो भने यी धमिरा हरु आफ्नो प्राण जोगाउन बिदेश भाग्ने छ्न तर हामी त हाम्रै देश मा बस्नु पर्ने हो तेसैले साबधान र सतर्क हुँदै सम्पुर्ण नेपाली जन समुदाय मा सचेतना र जनचेतना का कार्यक्रम हरु लाई तिब्र बनाउन बहुत बहुत जरुरी भै सकेको छ। किनकी यी धमिरा हरुले नेपाल समृध भयको कहिल्यै पनि हेर्न चाहेनन ।,kp oli,yt:KP Oli,comment,deva
"You do your way we do our yau 
Balen❤",kp oli,yt:KP Oli,comment,latin
नेतातन्त्र ल्यायौ । देशको बजेट जति बाँडी खायौ ।अरुकुरामा झगडा गर्ने खानेबेलामा मिल्ने काम गर्यौ । त्यसैले भोट दिने नेपालीले नया अनुहार खोजेको कुरा अझै बुझेको छौ तिमपहरुले ?सरकारि अफिस कर तिर्नेको काम नगर्ने । लुटि खानेको काम गर्ने अनि के हुन्छ त हँ  ?,kp oli,yt:KP Oli,comment,deva
Big balls,kp oli,yt:KP Oli,comment,latin
Yo desh ghati hru lai uthanoi dinu hudain abo yo desh ghati hru lai desh nikala garna pro balen sarkar ❤ jay Nepal 🇳🇵,kp oli,yt:KP Oli,comment,latin
खै हामी पनि हेरौं एकै दिनमा कसरि उल्ट्याउने रैछ 😁😁,kp oli,yt:KP Oli,comment,deva
आतंककारी,kp oli,yt:KP Oli,comment,deva
"अब पनि ठगेर खाउ , 😂😢😮 कमरेड 😢😂",kp oli,yt:KP Oli,comment,deva
Dubai jana ek no ko jyanmara ko milan bhayecha kunai naulo kura hoina yo😡,kp oli,yt:KP Oli,comment,latin
"Federal system aajhai ni bujhekai chainan yi purana bigatith shakti haru le. Province needs to have its own politics and competition, it shouldnt be controlled to this extent by central gov or party cental commitee. Aafaile lyayeko system aafailai chalauna aaudaina imiharulai",kp oli,yt:KP Oli,comment,latin
"सक्किन लागेसी नाटक गर्नैपर्‍यो 😂यो नेपालका कम्युनिष्ट हरुको खोक्रो र पुरानो चलन हो।नयाँ केही छैन😂
यो पुरानै ढर्या बाहेक केही हैन",kp oli,yt:KP Oli,comment,deva
आन्दोलन गरेरै देश  सिदउनि अझै फेरि आन्दोलन गरम भनि लाज पचेका नेता छि छि,kp oli,yt:KP Oli,comment,deva
Arko algorithm lagayera ini haroolai dada kateunoo parney bayo.,kp oli,yt:KP Oli,comment,latin
"Hera hera boleko . Gala futne gari hannu hanu jasto ,mobile ko screen batai",kp oli,yt:KP Oli,comment,latin
मनको लड्डु घ्यू सङ क्वाप्प😂😂,kp oli,yt:KP Oli,comment,deva
"Yini haru Lai ,kunai halat ma uthna dinu hudaina",kp oli,yt:KP Oli,comment,latin
"Ajhai laaj chhaina hau!! “Desh durghatana ma jancha”, vandai milera ek-ek jana le khana palkiyeka haru chatpatiyeka chhan aile. Aba KP baa and all mayor vayera uthey vayo, feri harchhan…",kp oli,yt:KP Oli,comment,latin
अझै पनि यिनी हरु लाई साथ दिन्छन् जनताले भने के भन्नू अब।😂,kp oli,yt:KP Oli,comment,deva
"Still he believes that Nepali people will support him, but on what basis, Vede Jaan maruwa, pahile taile brainwash garera civil war garis, deshlai 30 years paxadi dhakalis, sattama aayera khoya garis, ani ahile k KO chatak ho. Media ni ustai, Vede bhanauda Janata NI ustai, timro prayas asafal rahos dear Comrade Jay @Balen Jay Nepal 🇳🇵🇳🇵",kp oli,yt:KP Oli,comment,latin
प्रचण्डको दुई वटा सिङ्ग  ३६ वर्ष को प्रधानमन्त्री  भाँचिसकेको  छ ! फेरि खोक न थाले ! देशमा २६ वर्षफो प्रधानमन्त्री आयो भने यिनको दुई वटा खुट्टा भाचीने त होई न ?,kp oli,yt:KP Oli,comment,deva
जनताको करमा मस्ती गर्न नपाएर भतभति पोल्या रछ,kp oli,yt:KP Oli,comment,deva
jantaharu le gathabandan garnu parxa ra eniharulai jarai bata ukhalera flyanu parxa,kp oli,yt:KP Oli,comment,latin
अझै पनि स्वार्थको रोटी सेक्ने जाल! बाम गठबन्धनको नाटक कति पटक मञ्चन गर्ने हो कम्रेटहरू!,kp oli,yt:KP Oli,comment,deva
iniraru ley bolda kasto gin lagera aaucha..ragat umliyera aaucha.,kp oli,yt:KP Oli,comment,latin
Haina maile nabujheko kura prachanda lai mao ra carlmask le vetera nai padhae jasto kura garchhan ta🤔🤔🤔,kp oli,yt:KP Oli,comment,latin
अरु ठाउँबाट थाभएन हेर पर्चनदे काठमाडौं बाट चाई प्रधानमन्त्री बालेन्न   शाह विरुद्ध जनतालाई उचाल्नट गारई पर्ला.. तँलाई चाई उचालेर पछारलान बरु जनताले,kp oli,yt:KP Oli,comment,deva
येस्तरी दारा किट्नु पर्छ र ? 10:11 😢😢,kp oli,yt:KP Oli,comment,deva
Jati coalition Garey Pani HERUMLA !,kp oli,yt:KP Oli,comment,latin
लाज सरम छैन बलिदान दिने रे यिनैलाई चाडाए हुन्छ बलिदान,kp oli,yt:KP Oli,comment,deva
"Aajai mili badi lutne chana mari sakya xaina
Yetro litera ni kati napugya hola yini haru lai",kp oli,yt:KP Oli,comment,latin
Achamma xa bah yo chor haru lai bomb nahani hunna .,kp oli,yt:KP Oli,comment,latin
ए भनेपछि अझै पनि बालेन सरकार आएपछि पनि यिनीहरूको साथ प्रदेश बाडीचुडी खिच्ने देश खोक्रो बनाउने लुट्ने अझै क्रम रोकिएको छैन सहमति हुँदैछ धमाधम हैन त मरेर जाँदा एउटा कात्रो मात्रै चाहिन्छ हो तिमीहरुलाई घुस खाएर कोठाका कोठा सम्पत्ति थुपारेर के गर्छौ कति जनताको सराप लिन्छौ मर्ने बेलामा,kp oli,yt:KP Oli,comment,deva
Ye tesovaye prachanda jiu sukumbasilai N sarkarle sutisuti paldinupo paryo,kp oli,yt:KP Oli,comment,latin
K vayo cheparoharu,kp oli,yt:KP Oli,comment,latin
Kukrko puchhar 14 Barsha samma dhunga ma rakhda ni bango ko bangai vaneko yehi ho.,kp oli,yt:KP Oli,comment,latin
kati saro lato socheko  hau janta harlai yo mugi harle,kp oli,yt:KP Oli,comment,latin
हरुवा गोरुको क्षेरुवा दाउ 😅😅,kp oli,yt:KP Oli,comment,deva
प्रचण्डे तैंले केही ख्याँस्दैनस् नेपाल देशका लागि ...,kp oli,yt:KP Oli,comment,deva
घिऊ बेचुवा र तरवार बेचुवा बीच ठगबंधन भएछ।,kp oli,yt:KP Oli,comment,deva
Yeslai mental hospital ma rakhnu. Patan mentel na vaye rachhi laijanu.,kp oli,yt:KP Oli,comment,latin
K bolya 😂 this is 2026 bruh,kp oli,yt:KP Oli,comment,latin
गनगन काजी को के छ 😂 यता mutton पाक्दै छ 😂😅,kp oli,yt:KP Oli,comment,mixed
यो सब एमाले डुबाउने खेल हो। प्रचण्डको,kp oli,yt:KP Oli,comment,deva
सपना देख्नु ठीक हो दिवा सपना काम लाग्दैन कमरेड ज्यु,kp oli,yt:KP Oli,comment,deva
"Kin ra k ko lagi
😮😮
Pariwarbad",kp oli,yt:KP Oli,comment,latin
00:08 23 ra 24 ma niriha timaru lai jantale chahera oey jyaan mara .. janta bhaneko maalik ho .. timaru nokarharulai jawaf dina jaruri chaina .. dherr sodhis tamarule bhane feri laat khachau timaru sabaile ..,kp oli,yt:KP Oli,comment,latin
Ma yasko lagi marna sakdina. Ma marera yo ani yasko familly relatives moj garna dinu Parne😢,kp oli,yt:KP Oli,comment,latin
Asti mayur dance garera jiteko yo 🐦‍⬛ dance garne hoki😂😂,kp oli,yt:KP Oli,comment,latin
Pila sarkar le bacha lai goli hano aba .... leader bata shuru garau ta .... balen sarkar ...,kp oli,yt:KP Oli,comment,latin
Cheparo yeslai lina kaal kahile aaune ho,kp oli,yt:KP Oli,comment,latin
"कति लडने मात्र कुरा गर्ने हो? देशलाई विकास गरम नत्र छिटई यो देश त रहला तर देशमा युवा नरहला जस्तो हुन सक्छ।
असान्ति मात्र फलाउने के हो यस्तो। सबै जान जाग्म, आफूलाई सछम बनाउम, कोई hero आउछ र देश बनाउछ तो भर्ममा न बसम।",kp oli,yt:KP Oli,comment,mixed
Baru naya sakti janmera jantale sath delan but timiharulai sath didainan bujheu 😡 yetika years des dohan garera pugena ra ? Des banauchhu vanera yetika jantale sath diyeko sarkarlai chupchap 5 year kam garna deu natra ali ali bache khuchrko j vayeni …. Sakiyela 😡😡😡😡,kp oli,yt:KP Oli,comment,latin
"Yaoo Chor haru lai 84 ma Sobai thau Dekhi bye bye garnu parxa aabo janata bannu hola jholey, veda hoina",kp oli,yt:KP Oli,comment,latin
म ६० बरसको लाई त तिमरा कुरा पतयाउदिन भने अहिलेको  generation ले के पतयाउ छ त?,kp oli,yt:KP Oli,comment,mixed
1700 Say marera chukeko ta haru,kp oli,yt:KP Oli,comment,latin
सत्ता बाट बहिर बस्दा अब सदाको लागि जेल गइन्छ भनेर डराइरहेका छन् र एकता गरेको,kp oli,yt:KP Oli,comment,deva
Boycott this ♂️,kp oli,yt:KP Oli,comment,latin
Chukaya Timi haina chukyo zenz natra timro halat ta shere ko justai hunthyo,kp oli,yt:KP Oli,comment,latin
Day dreaming 😢,kp oli,yt:KP Oli,comment,latin
Bichara....,kp oli,yt:KP Oli,comment,latin
Aba Pani hjr haru Kai satta rajgaj ko lagi Nepali Janata le balidan dinu parne 😂😂,kp oli,yt:KP Oli,comment,latin
Aba ta aako aai hoo,kp oli,yt:KP Oli,comment,latin
Desh lutna napayera xatpatey ko pisach haru 😂😂😂a😂,kp oli,yt:KP Oli,comment,latin
"Hoina yo prachanda ra oli taw cheparo nai raixa 
Ajhai pani asatako paxi lagnechai gu nai ho",kp oli,yt:KP Oli,comment,latin
Ajai yo mujilai hamile sath dina parni ajai 17 hajar marna khojeko hola,kp oli,yt:KP Oli,comment,latin
yo pachadi tali bajau nae haru chai ho rah cha sachikai,kp oli,yt:KP Oli,comment,latin
Yo khatay lai maray ni dina vote,kp oli,yt:KP Oli,comment,latin
प्रचन्ड फेरि जङ्गल छिर्न लागेको हो?,kp oli,yt:KP Oli,comment,deva
यो सङग हार को कुरा नगर्नु hadatrak भएर मर्छ😂,kp oli,yt:KP Oli interview,comment,mixed
पत्रकार ज्यूको आटलाई सलाम❤,kp oli,yt:KP Oli interview,comment,deva
"Honestly impressed with the journalist. What a calm person, composed and to the point.",kp oli,yt:KP Oli interview,comment,latin
हारे पछि वलि भन्छ धाधलि भयो बुध कब्जा गरे भन्छ यो मान्छे हार लाइ स्वकार्न सक्दैन।,kp oli,yt:KP Oli interview,comment,deva
दाइ गजब सोदनु भो ।,kp oli,yt:KP Oli interview,comment,deva
🙏🏻🙏🏻🙏🏻🙏🏻,kp oli,yt:KP Oli interview,comment,latin
समयले बताउछ नजिकै छ,kp oli,yt:KP Oli interview,comment,deva
🎉🎉🎉🎉🎉शुभकामना !,kp oli,yt:KP Oli interview,comment,deva
salam comrade,kp oli,yt:KP Oli interview,comment,latin
जय नेपाल🇳🇵 🙏🙏🙏,kp oli,yt:KP Oli interview,comment,deva
एमालेका झोलेले बाहेक यो अन्तरवार्ता अरुले पुरै सुन्न सक्दैनन् म ठोकेर भन्छु 👎,kp oli,yt:KP Oli interview,comment,deva
बिधालयले स्कलरसिप दिएकोमा मैले देको हो भन्न नहुने रे त्यसो भए राज्यले दिएको बृद्ध भत्ता किन एमाले ले दिएको भनेर जनतालाई झुक्याएको त जे पनि बोल्ने फटाहहरु,kp oli,yt:KP Oli interview,comment,deva
"अनपढ र शिक्षीत यही नै फरक छ , जनताले छान्नु नै ठूलो कुरा हो र , अशिक्षीत त अशिक्षीत नै त हो",kp oli,yt:KP Oli interview,comment,deva
नेपाली राजनिती को नैतिकताहिन ब्याक्ती नरपिसाच अबोध बालबालिका को रक्तपिपासु 😡😡😡😡😡😡,kp oli,yt:KP Oli interview,comment,deva
KP Oli is correct in one thing that social media should be registered in each country where they operate and follow government rule accordingly.,kp oli,yt:KP Oli interview,comment,latin
सर्बहारा बर्ग को नेता को कुर्सी हेर न ! गाउको महाजन सामन्त को जस्तो छ । धिक्कार छ । ।,kp oli,yt:KP Oli interview,comment,deva
राम्रो रहेछ अन्तवार्ता। ❤❤❤धन्यवाद पत्राकार साथी हजुरको प्रस्नलाई .......,kp oli,yt:KP Oli interview,comment,deva
Jay Halo,kp oli,yt:KP Oli interview,comment,latin
Yo interview jati here pani  pheri pheri Herna man lagxa❤,kp oli,yt:KP Oli interview,comment,latin
राम्रो प्रश्न ।,kp oli,yt:KP Oli interview,comment,deva
"यो चुनावमा उठेका प्रश्नको जवाफ जनताले दिने छन्।
देश जलाउने लाई भोट हाल्ने कि देश बनाउनेलाई भोट हाल्ने अथवा बनाउने र जलाउने बिचमा किम्कर्तब्यबिमुढ हुनेलाई भोट हाल्ने भनेर।",kp oli,yt:KP Oli interview,comment,deva
That was yesterday ol’man!,kp oli,yt:KP Oli interview,comment,latin
Nice question,kp oli,yt:KP Oli interview,comment,latin
सहि नेतृत्वले सहि नीति बनाउछ र मातहतका निकायले त्यसको कार्यान्वयन गर्छ अनि महानगरको नेतृत्वले( बालेनले) कुशलता पुर्वक सम्पन्न गर्यो। तर के पि नेतृत्व मा भ्रष्टहरुको संरक्षण मात्र भएको छ भन्छन आम जनताले।।,kp oli,yt:KP Oli interview,comment,deva
Good luck,kp oli,yt:KP Oli interview,comment,latin
"यस्को अहंकार खरानी हुन्छ  
 हार्छ  यस्ले",kp oli,yt:KP Oli interview,comment,deva
सलाम छ पत्रकार ज्युलाई यत्तिको आँटचाँहि हुनुपर्छ पत्रकारको।,kp oli,yt:KP Oli interview,comment,deva
"We love and respect all Nepalies since  our Gene is oldest in Earth, which is already as proof from Our PasupatiNath temple in Nepal....That is Nepali Mahanta in streets, villages and nagarpalika and then Pradesh, that is our micro nationality, nobody easily understand this philosophy in NEPAL",kp oli,yt:KP Oli interview,comment,latin
गल्ती छैन भन्न  सकिदैन । रास्ट्रबादी चै हो,kp oli,yt:KP Oli interview,comment,deva
दम्बकाे प्रतिफल सुन्न धेरैदिन अब रहेन् ।,kp oli,yt:KP Oli interview,comment,deva
💯% right 👍👍,kp oli,yt:KP Oli interview,comment,latin
Let's us be Nepali 1st 🇳🇵🇳🇵🇳🇵,kp oli,yt:KP Oli interview,comment,latin
Look at his confidence 👍👍,kp oli,yt:KP Oli interview,comment,latin
मैले पुरै हेर्न सकेन पत्रकार ज्यु। के छ र हेर्नू। केपी सरलाई एती राम्रो सल्लाह कस्ले दिन्छ।,kp oli,yt:KP Oli interview,comment,deva
कति सम्म को मन हो यति हुदानी छुपुक्क घरमा बसे हुन्छ त 7 पुस्तालाइ खाने सम्मति जम्म भैसक्यो होला तिमि बाट हुदैन भने,kp oli,yt:KP Oli interview,comment,deva
"स्वास्थ्य चेकजाच गर्नुपर्दा अनुभवी डाक्टर खोज्छौ
पढ्नु पर्ने भए अनुभवी शिक्षक खोज्छौ
अनी देश चलाउने जस्तो गम्भिर बिषय चाहि सहकारी ठग्ने र देश जलाउनलाई दिने होर! नेपालको जनता बंग्लादेशको जस्तै शिक्षित र शक्षम छन्। मिडियाको म्यानुपुलेशनको भ्रममा पर्नु हुदैन",kp oli,yt:KP Oli interview,comment,deva
बालेन लाई एलियन होइन तलाई हत्यारा भ्रष्ट भनेर पत्तासाफ पार्छन् 21 फागुन को चुनाव मा गोरु,kp oli,yt:KP Oli interview,comment,deva
UML KO BAUMAT NAI AAWOS TARA YESLY HARNU PARCHHA,kp oli,yt:KP Oli interview,comment,latin
"पत्रकार साथीहरू, नेताको स्वास्थ्य होइन, देशको अवस्था र भ्रष्टाचारको बारेमा कडा प्रश्न सोध्नुस्। ७० करोड काण्ड, महाकाली सन्धि र भ्रष्टाचारी जोगाउन रचिएका AI का नाटकहरूका बारेमा जवाफ चाहियो। जनतालाई सञ्चो-बिसञ्चो होइन, सुशासन र न्याय चाहिएको छ! भ्रष्टाचारका ठूला फाइलहरूमा किन निष्पक्ष अनुसन्धान हुँदैन? नक्कली भुटानी शरणार्थीदेखि वाइडबडीसम्मका काण्डहरू किन दबाउन खोजिन्छ? भ्रष्टाचारीलाई सामान्यीकरण गर्न मिडिया र सत्ताको जुन साँठगाँठ देखिएको छ, त्यो लोकतन्त्रका लागि घातक छ। राष्ट्रहित विपरितका सन्धि गर्ने र देशको ढुकुटी रित्याउनेहरूलाई कानुनी कठघरामा उभ्याउनै पर्छ।""",kp oli,yt:KP Oli interview,comment,mixed
सलाम छ पत्रकार ज्यु हजुरले मात्रै हो बिशलेसन गर्ने  आट।,kp oli,yt:KP Oli interview,comment,deva
यो हत्यारालाइ यदि झापामा मान्छे बस्छन यो पाली हराउनेछन नत्र पसु साबित हुन्छन🎉❤,kp oli,yt:KP Oli interview,comment,deva
"बालेन सार्वजनिक बहसबाट किन भागिरहेका छन् थाह छ? किनकी उनलाई उनको सभापतिको सहकारी ठगिको बारेमा, नख्खु कारगर बाट भागेको बारेमा, नागरिकता किर्तेकोबारेमा प्रश्न आउनेछन्। अनि चुनावको मुखमा उनि जवाफ दिन नसकेर अक्क र बक्क बन्नेछन्।गगनसङ्ग जवाफदेहिता खोज्ने घन्टेहरुले?",kp oli,yt:KP Oli interview,comment,deva
सम्वाद रोचक थियोे,kp oli,yt:KP Oli interview,comment,deva
चुनाव सम्म हारकाे कुरा नगर्नु! तेसपछि सबैलाई छर्लङ्गै हुन्छ नि कुरै गर्नु पर्दैन!,kp oli,yt:KP Oli interview,comment,deva
हामी यत्ती कुरा ढुक्क हौ कि मान्छे मार्ने र देश जलाउने प्रती कुनै कार्बाही हुने फैसला आउदैन,kp oli,yt:KP Oli interview,comment,deva
Jay ghanti 🔔🔔,kp oli,yt:KP Oli interview,comment,latin
very impressive openion.VOTE FOR SUN.,kp oli,yt:KP Oli interview,comment,latin
अब पनि यस्लाइ सांसद मा देख्न नपरोस यस्को घमण्ड कस्तो हो घमण्ड अब झापाका जनताले चकनाचुर पर्दिन्छ्न धेरै दम्ब नदेखा,kp oli,yt:KP Oli interview,comment,deva
Salam cha kpgu,kp oli,yt:KP Oli interview,comment,latin
जित्नुपर्छ,kp oli,yt:KP Oli interview,comment,deva
रातभरि निनदरालाखदैन रात भडि पैसा बाड्ने काम हुनछ भनदा फराक नपरला।,kp oli,yt:KP Oli interview,comment,deva
जितको शुभकामना बा❤,kp oli,yt:KP Oli interview,comment,deva
Confidence chai yettiko hunuparchha Neta ma yo age ma pani❤,kp oli,yt:KP Oli interview,comment,latin
Good journalism,kp oli,yt:KP Oli interview,comment,latin
एउटा कुरो लेखेर राख रास्वपाको बहुमत आयो भने यिनिहरु पुरानाले रास्वपालाई जसरी हुन्छ माओवादिले जस्तै विध्वंश गरि द्वन्द ल्याउछन् ।,kp oli,yt:KP Oli interview,comment,deva
मैले पठाएको भन्छ त वा ले आफू कुन स्कुल कलेज होडमास्टर होला त ?,kp oli,yt:KP Oli interview,comment,deva
"confidence level chai maanai parx hai ba ko hait!!!
Bunje jump ma jo kohi kaha jana saknu ra hau त्यहा  ta daro mutu hune manxe matra janxan ni",kp oli,yt:KP Oli interview,comment,mixed
आजसम्म नमस्ते गर्या मैले देखेको छैन एक दुई तीन हार्छ,kp oli,yt:KP Oli interview,comment,deva
यसको अहमता 21गते सम्म हो त्यस पछि खिसी गर्ने दिन समाप्ति उखाने,kp oli,yt:KP Oli interview,comment,deva
Hahahaah😂,kp oli,yt:KP Oli interview,comment,latin
"राजीनामा गरे पछि ,राष्ट्रपतिले स्ट्याम्प लगाउनु पर्दैन रे ,चोरेर ,घुस खाएर ,भष्टाचार गरेर भागे पछि ,राष्ट्र पतिले स्वीकृत कसरी गर्न सक्छ त,
हेर पूर्व प्रधान मन्त्रीको ,अभिव्यक्ति ,थुक्क 😢😢😢😢,लाज मर्नु भयन र कैले सम्म यस्ता राजनीति कर्मीको हातमा देश पिल्सी रहन्छ,अब युवा हरु सचेत हुने समय आएको छ,देशको चरित्र लाई सुधार्न पर्छ ,😊😊जय युवा ❤❤❤❤",kp oli,yt:KP Oli interview,comment,deva
यस्लाइ जमना जफत हुने अवस्था बनाउँनु पर्छ्।,kp oli,yt:KP Oli interview,comment,deva
जित मात्र ठूलो हैन आफ्नो सहि कुरा गरेर हिम्मत राख्न ठुलो हो साम्सद त देस टुक्राउछु भन्ने सिकेराउत पनि भय,kp oli,yt:KP Oli interview,comment,deva
सवाल दह्राे छन,kp oli,yt:KP Oli interview,comment,deva
👍🔔👍🔔👍🔔💘🔔💘🔔💐🔔💐🔔💐🔔🔔🔔🔔,kp oli,yt:KP Oli interview,comment,latin
"पहिला सर्व पक्षिय सहमति , अनिमात्र चुनाब '",kp oli,yt:KP Oli interview,comment,deva
घर जलाउनेहरूलाई झण्डा जलाउनु के को आईतबार,kp oli,yt:KP Oli interview,comment,deva
"यदि रबिले अमेरिकामा चुनाव जित्ने भए उनी   कहिले पनी नेपाल आउने थिएनन् चुनाव लड्न लागी। उनी त अमेरिकाको फोहर नेपालमा फ्याले जस्तो मात्र हो।अमेरीकामा अदालतले आर्थीक अपराधमा दोसी करार गरेको रवि जस्ता व्यक्तीले  अमेरीकाको ससदमा त के त्याहाको ५oo जनसंख्या भएको वाड वाट पनी वार्ड सदस्यको चुनाव पनि जिल्न सक्तैन। र अमेरीकामा प्राय रवि जस्ता आर्थीक मुद्भामा मुछिएका व्यक्ति चुनावमा नै उठ्दैनन नैतीकताको आधारमा।

मेरो प्रश्नको : अमेरिकामा बस्न, व्यपार, व्यवसाय गर्नका, लागि अमेरिकी नागरिकता अनिवार्य थिएन ग्रीनकार्ण मात्र भए पुग्थियो तर अमेरिकाको रक्षा लागी जुन सकै देसको बिरुद्ध( त्यो नेपाल नै किन नहोस) हात हतियार समेत उठाउने शपथ लिएर रविले अमेरीकाको नागरिकता लिनुको कारण के थियो ? यदि कसैले रबि अमेरिकी नागरिक बन्नुको कारण बताउन सक्छ भने म रबिको सबै केसहरु विर्सीएर रविको समर्थन गर्नेछु। होइन भने मेरो अडान हुनेछ "" पासपोर्ट र नागरीकता ठग रवि जस्ता बिदेसी नागरिकता लिएका नेपालीलाई, विदेसी नागरीकता त्यागे पनि नेपालमा कुनै प्रकारको राजनैतिक पदमा ओगटबाटआजन्म प्रतिबन्ध लागाउनु पर्छ नेपालको राजनीती ति नेपालीहरुको लागी हो जो साह्रो गाह्रोमा पनि अरु देसको नागरिकता लिएनन।""",kp oli,yt:KP Oli interview,comment,mixed
Yo jeudai xa aajai,kp oli,yt:KP Oli interview,comment,latin
ओलि ज्युले बालेन को बारेमा सार्है राम्रो कुरा गर्नु भो धन्यवाद छ।,kp oli,yt:KP Oli interview,comment,deva
"रवि लामिछानेसँगकाे अन्तरङ्ग कुराकानी पनि साथसाथै प्रसारण गरिदिनु भयाे भने नेपाल र नेपालीकाे लागि , देशकाे यथार्थताकाे लागि अति आवश्यक र न्यायाेचित , देशप्रेमयुक्त हुनेथियाे , नत्र रबीलाई देशभर लखेटे जस्ताे , रास्वपासङ्ग बदलाकाे भावना र पूर्वाग्रह  सिवाय अरु केही देख्नेछैनन् र तमाम देशवासीहरुले ???🌹🧘‍♀️🧘‍♂️💕🇳🇵👏",kp oli,yt:KP Oli interview,comment,deva
"हार्छु भनेर डरले अनेक परपन्ज रचिराको छ चोर हत्यारो ,भ्रष्टाचारको नाइके, बोलिमा कति दम्ब घमण्ड हो उखानेको को😡",kp oli,yt:KP Oli interview,comment,deva
"प्रकाश गिरिजी नमस्कार 
तपाईँले केपी ओलीसँग साक्षात्कार वार्ता गर्नुभयो। साह्रै नै छालिन्ता पूर्ण उचित प्रश्न प्रश्न गर्नुभएकोमा धन्यवाद",kp oli,yt:KP Oli interview,comment,deva
Kailey ho morne din ? 37:13,kp oli,yt:KP Oli interview,comment,latin
asko answer vanda ni reporter ko qsn  sunna rahar lagera suniyo,kp oli,yt:KP Oli interview,comment,latin
केपि ले त रिषि धमला सँग interview दिन पर्ने हाे के कमसेकम भिडियाे हेर्न त रमाइलो हुन्छ 😂,kp oli,yt:KP Oli interview,comment,mixed
We LOVE Prachanda-Madhav! Our vote for NeKaPa!! ⭐⭐⭐⭐⭐,kp oli,yt:KP Oli interview,comment,latin
"कसैले अझै आट गर्न सकेनन , अब बोल्नु पर्यो नेता ज्यु यो संबिधानलाई ४७ लाई आधार लियर upgrade गर्नु पर्छ , अब ७२  को पथ पुग्यो  नेपाल पथ मा मुलुक जानु पर्छ पर्छ नेपाली पनको पुर्जागरण मा जानु पर्छ ;wishing for your winning 🙏🕉️",kp oli,yt:KP Oli interview,comment,mixed
Pressure cooker ko sithi ta yo interview bhanda agadi wa pachadi lagauna parla bhanne soch nabhako manchele deshlai/jantalai kati hepya hola hai..harey mero desh,kp oli,yt:KP Oli interview,comment,latin
Kada patrakar....yestai boli look at his tone.....ammma yesta Lai neta desh ko guardian re..bicharo Mero desh,kp oli,yt:KP Oli interview,comment,latin
हामी  राजनीति जनतालाई  लाठी  हैइन भस्टचारको विरुद्ध आवाज बोकेर  आउदैछौ जय घण्टी 🔔🔔,kp oli,yt:KP Oli interview,comment,deva
confidence ta mannai parchha....,kp oli,yt:KP Oli interview,comment,latin
"स्वास्थ्य चेकजाच गर्नुपर्दा अनुभवी डाक्टर खोज्छौ
पढ्नु पर्ने भए अनुभवी शिक्षक खोज्छौ
अनी देश चलाउने जस्तो गम्भिर बिषय चाहि सहकारी ठग्ने र देश जलाउनलाई दिने होर! नेपालको जनता बंग्लादेशको जस्तै शिक्षित र शक्षम छन्। मिडियाको म्यानुपुलेशनको भ्रममा पर्नु हुदैन।😅",kp oli,yt:KP Oli interview,comment,deva
Amale harne pakka vapaxi butha chyapchar garna ber xaina tyasaile janata sachetahuna jaruri xa,kp oli,yt:KP Oli interview,comment,latin
Hare paxi pani ma hardina harina vanxan yi ba 😂,kp oli,yt:KP Oli interview,comment,latin
दरो सोध्नु न प्रश्न पत्रकार ज्यु😂😂,kp oli,yt:KP Oli interview,comment,deva
लेखेर राख्नुस् यो मान्छे ले चुनाब हारेपछि धादलि गरेर हराए मैले स्विकार गर्दिन भन्छ।,kp oli,yt:KP Oli interview,comment,deva
यो मान्छे बिना गद्दी बस्न सक्दैन हो अब यो देखि के आस छ 👈️,kp oli,yt:KP Oli interview,comment,deva
कामरेड ओलीको राम्रो विचार र धारणा,kp oli,yt:KP Oli interview,comment,deva
"गिरिजाले गैरकानुनीहरूलाई नागरिकता दिए। अरूले पनि उनलाई पछ्याए। किनभने उनीहरूलाई बाहिरबाट आदेश आएको थियो।
अब रूखले फल फलाउँदैछ।",kp oli,yt:केपी ओली,comment,deva
यो सब सुनियो जित दङ्ग ले जाहा सोझो जनता को बस्ती तार्गेट गरेर मचाउने प्रयासहरी रहेको भान भैराखेको छ !!!,kp oli,yt:केपी ओली,comment,deva
"कप्तानगञ्जको घटनालाई अलि गहिरिएर हेर्ने हो भने यहाँ राजनीतिक दलहरूले 'गेम थ्योरी' (Strategic Game) खेलिरहेका छन्। जनताको बीचमा रिसराग र मनमुटाव पहिलेदेखि नै थियो (यो जमिनमा तयार रहेको इन्धन जस्तै हो)। तर, ठूला नेताहरूले यसमा सलाई कोर्ने काम गरे, जसको सिधा निशाना सिंहदरबार र बालेन शाह हुन्।

यसका मुख्य तीनवटा कारण छन्:

ध्यान मोड्ने चाल: बालेनले जुन रूपमा नयाँ काम र प्रणाली बसाल्न खोज्दैछन्, त्यसबाट पुराना दलहरूलाई आफ्नो अस्तित्व संकटमा परेको महसुस भएको छ। यस्ता संवेदनशील घटना गराएपछि देशको ध्यान मूल एजेन्डाबाट मोडिन्छ।

बालेनलाई 'चेक-मेट' गर्ने दाउ: यो घटनामार्फत बालेनलाई दुईतर्फी चेपुवामा पारिएको छ। यदि उनी चुप लागे ""काम गर्न सकेनन्"" भनिदिने, यदि कडा रूपमा प्रस्तुत भए ""अति गरे"" भनेर घेराबन्दी गर्ने।

जनता मोहरा, नेताको फाइदा: यहाँ जनताको भावना वास्तविक हो, तर नेताहरूको स्वार्थ अर्कै छ। समस्या समाधान गर्नुभन्दा पनि त्यसलाई बल्झाइराख्दा सिंहदरबारलाई चौतर्फी दबाबमा राख्न सजिलो हुन्छ भन्ने पुराना पार्टीहरूको हिसाबकिताब देखिन्छ।

यो विशुद्ध रूपमा स्थानीय विवादलाई केन्द्रीय राजनीतिमा दबाब दिने हतियार बनाइएको खेल हो।",kp oli,yt:केपी ओली,comment,mixed
सरकार ले  अध्यादेश ल्याएर कडा भन्दा कडा कानुन कार्यनयन गरि त्यस्ता हिंसा द्वन्द्व फैलाउने मुख्य पार्टी को होस नागरिक फाँसीको सजाय ल्याएर सजाय दिनुपर्छ अनि मात्रै अपराधी गधिविधि बन्द हुनेछ,kp oli,yt:केपी ओली,comment,deva
Purano vaneysi anuharnai herna man lagdaina kina ho kuni j vaye ni,kp oli,yt:केपी ओली,comment,latin
"जतिसुकै भनाेस रास्वपाले सरकार चलाउन सक्दैन , स्टण्टबाज र हाहुकाे भरमा थाेडी देश चल्छ , एउटै घरकाे परिवार भित्र त मिलेर झगडा नभइ बस्न सक्दैन भने देश भरकाे ३ कराेड जनताहरूलाइ मिलाएर राख्न त्यति सजिलाे कहाँ छर ?",kp oli,yt:केपी ओली,comment,deva
गृहमन्त्री अब संसदमा अाएर राेएकाे नाटक नेपाली जनताले हेर्नू पर्छ।,kp oli,yt:केपी ओली,comment,deva
मानव मारेर जनतन तर्सायर सत्तामै बसिरहन सकिन्छ भन्ने निचसाेच भयका पात्र वली 🇳🇵,kp oli,yt:केपी ओली,comment,deva
Good news,kp oli,yt:केपी ओली,comment,latin
नो गूड। हाऊस एरेस्ट गर्न पनि सकिने थियो।,kp oli,yt:केपी ओली,comment,deva
हार्दिक श्रद्धाञ्जली अर्पण गर्दछु।,kp oli,yt:केपी ओली,comment,deva
Hardik sardanjali,kp oli,yt:केपी ओली,comment,latin
Hardhik sradanjali baikuntha baas hos,kp oli,yt:केपी ओली,comment,latin
Aab KP ko palo,kp oli,yt:केपी ओली,comment,latin
हार्दिक  श्रद्धाञ्जली,kp oli,yt:केपी ओली,comment,deva
हार्दिक श्रद्धाञ्जली 😭😭😭,kp oli,yt:केपी ओली,comment,deva
Hardika shradanjali,kp oli,yt:केपी ओली,comment,latin
होइन केपी ओली को बुवा अहिले सम्म जिउँदै थियो र?,kp oli,yt:केपी ओली,comment,deva
Buwa Lai rip tara Chor chahi ghamndi,kp oli,yt:केपी ओली,comment,latin
छोरालाई पनि लिएर किन नगएको होला ।,kp oli,yt:केपी ओली,comment,deva
आफुलाई पर्दा प्रतिसोध भयो अनि रबि लाई कति सम्म गरेको थियो त त्योत जनता लाई मात्र थाहा छ त के,kp oli,yt:KP Oli UML,comment,deva
हत्यारालाई पक्र्यो त राम्रो गर्यो। सडकमा न आउ केटा! जनताले हत्याराको पक्ष लिने छैन।,kp oli,yt:KP Oli UML,comment,deva
आफुले गरे सबै सही अरुले गरे प्रतिशोध !! अचम्म छ 🤔,kp oli,yt:KP Oli UML,comment,deva
"20 जना uml ले सदन मा के गर्ने रैछन 😅
😂",kp oli,yt:KP Oli UML,comment,mixed
"मनपरि गर्ने अनि प्रतिशोध ?के हो यो ?फटाहाहरु, लुटेराहरु ।यि ३नै दल कानुन भन्दा माथि हुन ?",kp oli,yt:KP Oli UML,comment,deva
पत्रकार हरुले प्रतीप्रस्न गर्न सकेको देखीएन है ।,kp oli,yt:KP Oli UML,comment,deva
यो कुनचाही खाते मुलाहो फेरि । प्रतिसोध भयो भन्दै कराउनी । आफुमाथी पर्दा प्रतिसोध हुनि अरुको हकमा चाहिँ बेकसुरलाई अनेक जिल्ला घुमाई घुमा प्रतिसोध गर्नी ! अब भेटेछन अपराधिहरुले सहि गृहमन्त्री र प्रधानमन्त्री,kp oli,yt:KP Oli UML,comment,deva
वाइयात कुरा नगर भाइ छानबिन गर्ने मिल्दैन!!,kp oli,yt:KP Oli UML,comment,deva
School ko children  dade garne pani pratisod ??????,kp oli,yt:KP Oli UML,comment,latin
आलु कुरा गर्छ थेवे 😡,kp oli,yt:KP Oli UML,comment,deva
केपि हत्यारा लाई जेल हाल्नु पर्छ कुनै हालत मा छाद्नु हुदैन देस्लाइ,kp oli,yt:KP Oli UML,comment,deva
घन्टा पनि प्रतिशोध गरेको होइन । छानबिन आयोगको सिफारिस मा कानुनी प्रक्रिया अनुसार नै अनुसन्धान को लागि पक्राउ गरिएको हो । कानुन सामन्य जनता र नेता सबैलाई बराबर ब्यवहार गर्नु पर्छ । यो सबै नसोचेको लाजमर्दो हार को हताश मा एउटा् निउ पाएको हो । भ्रष्ट नेताहरुको पनि यहि हालत हुन्छ भनेर आत्तिएका हुन ।,kp oli,yt:KP Oli UML,comment,deva
यो कुन झोले रैछ फेरी,kp oli,yt:KP Oli UML,comment,deva
"नयाँ सरकार लाई काम गर्न देउ 
प्रतिशोध होइन अनुसंधान हुने छ 
पालो आउंछ सब दलाल को",kp oli,yt:KP Oli UML,comment,deva
Sadak ma ayo vanay Arko Pali pani vote naa ala hai comrade haru. Baru Oli ra lekhakh dai jail ma sadhna dinu ani example set garnu.,kp oli,yt:KP Oli UML,comment,latin
कानुन चैं एमाले लाई मात्र थाहा छ।,kp oli,yt:KP Oli UML,comment,deva
😂😂😂 pratisodh vnnu pni vyaisakex yes Le feri thukka jhole samsad,kp oli,yt:KP Oli UML,comment,latin
Ko ho feri yo Sahi kasam xain vanne,kp oli,yt:KP Oli UML,comment,latin
fataharu,kp oli,yt:KP Oli UML,comment,latin
Vutra ko प्रतिशोध. Varstachari Haru Lai jail kochera matra huna tini Haruko property jafat garnu parcha,kp oli,yt:KP Oli UML,comment,mixed
अब एमाले सक्किने छ हत्यारालाई समाउँदा प्रतिशोध भयो पागल,kp oli,yt:KP Oli UML,comment,deva
Take time sir believe in baleen. P.m. jai Nepal 🇳🇵,kp oli,yt:KP Oli UML,comment,latin
म भन्छु केपि ओली भन्दा पहिले केपि ओली  का आसेपासे समातेर जेल कोचेर अनी के पी लाई समातेर अदालत मा उभयौं,kp oli,yt:KP Oli UML,comment,deva
"Desh ko kanun bigaarne timi muji haru nai ho 
Aba vogna ta paryo ni",kp oli,yt:KP Oli UML,comment,latin
Hatyra lai pakrau garda k ko roilo?,kp oli,yt:KP Oli UML,comment,latin
"पहिला बिधार्थी भाई बहिनीहरु के पी ओलीले मारेका हुन् र त्यसको भोलि पल्ट सिंहदरवार जलेको हो, दरवार फेरी बनाउन सकिन्छ तर मारेका बिधार्थीहरु फिर्ता बोलाउन सकिन्न, तसर्थ के पोइ ओली हत्यारा हुन्",kp oli,yt:KP Oli UML,comment,deva
मुठिभर सक्ति  हरु को काम हो र सहि निणर्य गरेको छैन।,kp oli,yt:KP Oli UML,comment,deva
Good government k.p.lai xoddnuhunna,kp oli,yt:KP Oli UML,comment,latin
यस्तो बोल्ने लाई पनि  समाउनु पर्नी हो,kp oli,yt:KP Oli UML,comment,deva
Well done Sudan ji👍👍👍🇳🇵🇳🇵🇳🇵🇳🇵,kp oli,yt:KP Oli UML,comment,latin
We are with our Government ❤,kp oli,yt:KP Oli UML,comment,latin
Gen z are enjoying 😂,kp oli,yt:KP Oli UML,comment,latin
"Difference between old gen and new gen, when the new gen stood, fought & died for the better future of our country, meanwhile the more mature more aged generations are blind to see the wrong and the right. Truly people like them are dragging our country down dragging us down.",kp oli,yt:KP Oli UML,comment,latin
Aayo gorkhali ❤🇳🇵💪 proud of you Sudan and Balen ji❤,kp oli,yt:KP Oli UML,comment,latin
"4:42 😂, Best part",kp oli,yt:KP Oli UML,comment,latin
"मान्छे मारेर जेल बाट सुरु गरेको राजनीति
बच्चाहरुलाई मारेर जेल बाटै अत्य गर्दै छ 
जस्तो कर्म त्यस्तै फल पृथ्वी गोलो छ 🙂
अब जेन्जी सहिदले न्याया पाउनेछ 🙏",kp oli,yt:KP Oli UML,comment,deva
I got emotional at last😢,kp oli,yt:KP Oli UML,comment,latin
Sudhan Gurung 1000000000+Aura👌,kp oli,yt:KP Oli UML,comment,latin
And the Oscar goes to auntie 😂😂😂😂😂,kp oli,yt:KP Oli UML,comment,latin
Balen & sudhan ❤❤,kp oli,yt:KP Oli UML,comment,latin
Last one is touching my heart ❤️💝😊,kp oli,yt:KP Oli UML,comment,latin
Great job new govt of Nepal 🇳🇵,kp oli,yt:KP Oli UML,comment,latin
"This is the power of politics. Right politicians with hunger of development and justice are in the  right place...!!
Go on Sudan ji..!! Go on..!!",kp oli,yt:KP Oli UML,comment,latin
0:12 was 🔛🔝😩,kp oli,yt:KP Oli UML,comment,latin
सुदन गुरुङलाई इतिहासले सम्झिनेछन!!,kp oli,yt:KP Oli UML,comment,deva
Well done मेरा प्यारा भाई बैनी हेरेर मजा आयो। अब बन्छ नेपाल। र बिदेसीएका मेरा भाई बैनी हरू आफ्नै बाबा आमाको न्यानो कॅाखामा बसेर आमाले पकाएको खाएर रमाएर बस्ने दिन पक्कै आउनेछ। आशा राखौ सबैले मिलेर बालेन र रबिको सरकार लाई सॅाथ र सपोर्ट अनि हौसला बडाउ जय रबि र बालेन सुधन र सम्पूर्ण रास्वपा परिवार।,kp oli,yt:KP Oli UML,comment,mixed
Sudan Dai🗿🗿🚀,kp oli,yt:KP Oli UML,comment,latin
5:50 यो त लास्टै नौटंकी भएन र😂😂😂😂,kp oli,yt:KP Oli UML,comment,deva
Love Sudan gurung ❤️❤️❤️,kp oli,yt:KP Oli UML,comment,latin
साचो गोर्खाली को रगत रहेछ सुदन गुरुङ❤❤❤❤ सलाम गर्छु🙏🙏🙏🙏✅✅👍️👍️👍️,kp oli,yt:KP Oli UML,comment,deva
Bijok ramailo xa🤣,kp oli,yt:KP Oli UML,comment,latin
"Lmao galat bande ni editing shikli 😂

Gang LMAO = LAUGHING MY ASS OFF .",kp oli,yt:KP Oli UML,comment,latin
Genz is only the real Revolution of protest ❤🙏✌✌✌,kp oli,yt:KP Oli UML,comment,latin
कस्ता राम्रो हसाउने जोक्कर रैछन😂😂😂,kp oli,yt:KP Oli UML,comment,deva
अब कसैले सक्दैन।झण्डै 2 तिहाई को सरकार हो ।अब इन्द्रे को बाउ चन्द्रे आए नी केइ हुनेवाला छैन😂😂 जय सरकार,kp oli,yt:KP Oli UML,comment,deva
We are With Government ✊,kp oli,yt:KP Oli UML,comment,latin
Bro nice legend😂😂❤🎉,kp oli,yt:KP Oli UML,comment,latin
Sudan gurungggg brooooo💀💀💀💀,kp oli,yt:KP Oli UML,comment,latin
Yo radi ko kaaan kat 😂😂😂,kp oli,yt:KP Oli UML,comment,latin
Sudan ji we all nepali are with you arrest the corrupted politicians & culprit of murderer of day 23/24,kp oli,yt:KP Oli UML,comment,latin
Janta balen sarkaar KO sath ma xa  gu Khana jhola harulai herna Maja airaxa,kp oli,yt:KP Oli UML,comment,latin
अस्कर गोच टु 😂😂🤣🤣😂😂,kp oli,yt:KP Oli UML,comment,deva
Kp le sikayeko saskaar😂😂😂,kp oli,yt:KP Oli UML,comment,latin
Love balen love Sudan gurung keep it up ❤,kp oli,yt:KP Oli UML,comment,latin
Kp lai jail halda sabai bhanda badi bidhya bhandari royo re.. Turu love❤😂😂😂,kp oli,yt:KP Oli UML,comment,latin
Pun always hits different 😂😂,kp oli,yt:KP Oli UML,comment,latin
Aja bholi movie hernia pardaina !!Afnai desh blockbuster vairako cha ❤❤,kp oli,yt:KP Oli UML,comment,latin
Koi maicalal xa kp lai samaune is best part 😃😃😁😁big fan your videos dai🎉🎉❤,kp oli,yt:KP Oli UML,comment,latin
Kp oli ko kanda ko ni banaunu video bro 😊😊😊😊,kp oli,yt:KP Oli UML,comment,latin
Depression 😂😂😂 was best 😅😅,kp oli,yt:KP Oli UML,comment,latin
2:22 What in the World!,kp oli,yt:KP Oli UML,comment,latin
Sooo fun to watch 🤣🤣🤣,kp oli,yt:KP Oli UML,comment,latin
I am enjoying 😅😅😅,kp oli,yt:KP Oli UML,comment,latin
this is why freedom of speech should be limited,kp oli,yt:KP Oli UML,comment,latin
"And the last anthem, rato ragat ra chandra...❤❤❤❤❤",kp oli,yt:KP Oli UML,comment,latin
एउटी महिला भनथिन बालेन ले जिते कान काटछु भनथिन अहिले सम्म कान काटेको छैन अहिले  भष्टचारी हरुको झोले बनेर आंदोलन मा छिन अब चाही समातेर कान काटनु परयो।,kp oli,yt:KP Oli UML,comment,deva
Great 👌 job Sudan sir,kp oli,yt:KP Oli UML,comment,latin
So happy 😂😂,kp oli,yt:KP Oli UML,comment,latin
2.45 playing like as google free game😅,kp oli,yt:KP Oli UML,comment,latin
😅😅😅😂😂😂😂😂😂😂,kp oli,yt:KP Oli UML,comment,latin
Dammi xa bhai... Dhari ramro,kp oli,yt:KP Oli UML,comment,latin
Pahela kan katera aau dd ani bala banda garum la 😂😂😂😂😂😂,kp oli,yt:KP Oli UML,comment,latin
Sujan Guru thank u so much 😊,kp oli,yt:KP Oli UML,comment,latin
So funny😂.mahabir pun sir rockon😂,kp oli,yt:KP Oli UML,comment,latin
11:43  गृहमन्त्री dj चाहिन्छ अब सबै सहर मा,kp oli,yt:KP Oli UML,comment,mixed
8:39 crazy hahaha,kp oli,yt:KP Oli UML,comment,latin
First view...😢,kp oli,yt:KP Oli UML,comment,latin
sudan gurung 🔥🔥,kp oli,yt:KP Oli UML,comment,latin
Big respect for Sudan grg sir❤❤,kp oli,yt:KP Oli UML,comment,latin
If I feel bored I’ll watched your video brother it’s make totally refreshing 😂,kp oli,yt:KP Oli UML,comment,latin
Its a good news for us❤,kp oli,yt:KP Oli UML,comment,latin
Editing and timing perfect,kp oli,yt:KP Oli UML,comment,latin
😂😂😂 kan katnu paryo 😅😅,kp oli,yt:KP Oli UML,comment,latin
Shai ho good video ❤❤❤,kp oli,yt:KP Oli UML,comment,latin
maza ayo😂😂😂😂,kp oli,yt:KP Oli UML,comment,latin
Well done Balen sarkar. ..,kp oli,yt:KP Oli UML,comment,latin
अब दुगा प्रसाईं ले भने झै बस मा हालेर मुङ्लिङ  लायेर हालेको किडनि झारनु परेन😅😅😅😅😅 अनि बलल कोचनि होत,kp oli,yt:KP Oli UML,comment,deva
5:51 khatra part hai,kp oli,yt:KP Oli UML,comment,latin
Oh my god 😂😂 kati hasnu,kp oli,yt:KP Oli UML,comment,latin
4:30😅😂😂😂,kp oli,yt:KP Oli UML,comment,latin
4:39 uhuuuuuu 🤣😂😂😂,kp oli,yt:KP Oli UML,comment,latin
hahahahaha😅😅😅😅😅😅😅😅😅😅😅,kp oli,yt:KP Oli UML,comment,latin
Patha pathi hatarma thiye😂😂😂,kp oli,yt:KP Oli UML,comment,latin
"Salam cha , respect",kp oli,yt:KP Oli UML,comment,latin
Jai nepali 🇳🇵❤❤❤❤,kp oli,yt:KP Oli UML,comment,latin
Well done Sudan ji laii !!!tapai Kati Pani bichelli nahunu Janata sadhai Saath ma Chan.Feri ek palta janata ultana paryoo vane ne yo jhole Sabai Kaha pugchan tha chaina.,kp oli,yt:KP Oli UML,comment,latin
8:41 just like a wow! SO SAD IT'S AI.,kp oli,yt:KP Oli UML,comment,latin
MAJJA AYO,kp oli,yt:KP Oli UML,comment,latin
Joi dai ❤❤❤❤ joi Nepali gorkha,kp oli,yt:KP Oli UML,comment,latin
Good job sudan ji and get the result thatsit..sufficient for us..❤,kp oli,yt:KP Oli UML,comment,latin
"Proud of you sudan sir
Gurung ko taqat balla dekhna paiyo 2082 ko antya ma aayera🎉",kp oli,yt:KP Oli UML,comment,latin
1:59 bichara anupa ko boini tyo 😂😂❤,kp oli,yt:KP Oli UML,comment,latin
Go Sudan Go ❤,kp oli,yt:KP Oli UML,comment,latin
Good job balen sarkar,kp oli,yt:KP Oli UML,comment,latin
Good Job!!!,kp oli,yt:KP Oli UML,comment,latin
love you shutan ground❤❤❤,kp oli,yt:KP Oli UML,comment,latin
Ma dhale ma dhale 😂😂😂rey acting level 🤣🤣🤣🤣🤭,kp oli,yt:KP Oli UML,comment,latin
"Balla aaja khushi bhaiyo. Balla Hamro deshle sahi leadership paayeko cha, aba Nepali janta ko dinharu aaudaicha.
Jay Balen Sarkar team jindabaad 
Jay Ra.Swa.Pa Jindabaad 
Jay 🔔 Jay Chandra Surya",kp oli,yt:KP Oli UML,comment,latin
😅😅😅😅👍👍👍👍,kp oli,yt:KP Oli UML,comment,latin
Respect Sudan and balen jii,kp oli,yt:KP Oli UML,comment,latin
Okyo tokyo 😂😂😂,kp oli,yt:KP Oli UML,comment,latin
10:00 Omg 🤣🤣school padne bachhalae ke thaha sanibar school matra band hunxa kanun hoinw .,kp oli,yt:KP Oli UML,comment,latin
Kan katne  aaimai 😂😂😂😂❤,kp oli,yt:KP Oli UML,comment,latin
Well done sudan ❤❤❤,kp oli,yt:KP Oli UML,comment,latin
Jay Nepal 🇳🇵🇳🇵🇳🇵,kp oli,yt:KP Oli UML,comment,latin
6:40 was crazy,kp oli,yt:KP Oli UML,comment,latin
We are with our government ❤ I love my nation 🙏,kp oli,yt:KP Oli UML,comment,latin
Dhrai ramro content banaunu vayexa😂😅😊,kp oli,yt:KP Oli UML,comment,latin
"Best of luck Sudan gurung 
Our prettiest home minister ❤",kp oli,yt:KP Oli UML,comment,latin
"Kta kti aaye 
Khai k khelaye 
Khai k ko satyanas bhanthey…
Yei ho ki k hoo??",kp oli,yt:KP Oli UML,comment,latin
"Wah, bahut achha, dil garden garden huwa",kp oli,yt:KP Oli UML,comment,latin
4.45 😂😂😂,kp oli,yt:KP Oli UML,comment,latin
Oscar award was epic 😅,kp oli,yt:KP Oli UML,comment,latin
"Watching from india, your videos arev awsum as always👍👍👍",kp oli,yt:KP Oli UML,comment,latin
India me movie banate hai Nepal Mai Sach Mai karjata hai life me first time proud feel horaha hai,kp oli,yt:KP Oli UML,comment,latin
Enjoy everybody in this vdeo 😂😂😂😂😂,kp oli,yt:KP Oli UML,comment,latin
"be strong guys, 😂😂😂 Jay Balen",kp oli,yt:KP Oli UML,comment,latin
2:35 😂😂😂😂😂😂😂,kp oli,yt:KP Oli UML,comment,latin
1:41 😂😂😂,kp oli,yt:KP Oli UML,comment,latin
देश को जनता पूरा खुसी  छ एमाले कार्यकर्ता मात्र दुखी जा ❤❤❤ फरक पार्दै पेलेर लने चोर दूध को पार्टी लाई नयाँ नेपाल हो हाम्रो,kp oli,yt:KP Oli UML,comment,deva
Balen hero😊😊❤❤,kp oli,yt:KP Oli UML,comment,latin
"Dai advance ma 100k congratulations vane la.🎉
 xittai pugoss😂🎉.",kp oli,yt:KP Oli UML,comment,latin
Good jo home minister. Ramro kaam ko sath xa. Jay mato,kp oli,yt:KP Oli UML,comment,latin
"12:10 goosebumps 
Jai Nepal ❤❤❤",kp oli,yt:KP Oli UML,comment,latin
5:50 over acting 😂😂😂😂😂,kp oli,yt:KP Oli UML,comment,latin
बबाल हो इडिटिङ 😂,kp oli,yt:KP Oli UML,comment,deva
Sudan op hai❤,kp oli,yt:KP Oli UML,comment,latin
Well done new Sarkar ❤❤,kp oli,yt:KP Oli UML,comment,latin
"Jai SUDAN ,JAI BALEN",kp oli,yt:KP Oli UML,comment,latin
8.38😂😂😂😂😂😂😂😂,kp oli,yt:KP Oli UML,comment,latin
Mario wala chai ramro thiyo 😂😂😂😂😂,kp oli,yt:KP Oli UML,comment,latin
Hats off to the creator😭😭👍,kp oli,yt:KP Oli UML,comment,latin
We are with this government ❤❤❤,kp oli,yt:KP Oli UML,comment,latin
Last part...sabai le justice pauxan ❤❤ tessai Griha mantri banayeko hoina Sudan daju lai ❤😢,kp oli,yt:KP Oli UML,comment,latin
Last one ❤❤❤❤❤,kp oli,yt:KP Oli UML,comment,latin
Too good 😂😂,kp oli,yt:KP Oli UML,comment,latin
400k views,kp oli,yt:KP Oli UML,comment,latin
😂😂😂😂😂😂🤣🤣🤣🤣🤣🤣🤣🤣,kp oli,yt:KP Oli UML,comment,latin
Best comedy movie💐🤣💐,kp oli,yt:KP Oli UML,comment,latin
😂😂😂😂😂😂🎉😂,kp oli,yt:KP Oli UML,comment,latin
Kan katne  aaimai 😂😂😂😂,kp oli,yt:KP Oli UML,comment,latin
Jaya ghanti Jaya rabi dai Jaya balen Jaya sudn,kp oli,yt:KP Oli UML,comment,latin
😅😅😅😅😅😂😂😂😂,kp oli,yt:KP Oli UML,comment,latin
5:25 sudan gurung aura farming,kp oli,yt:KP Oli UML,comment,latin
Well done Home Ministera.,kp oli,yt:KP Oli UML,comment,latin
KPI Oli😂😂😂,kp oli,yt:KP Oli UML,comment,latin
I am ready with the popcorn 🍿💙🇳🇵,kp oli,yt:KP Oli UML,comment,latin
कोसले   बन्यो   भिडियो   दामी   बनायो,kp oli,yt:KP Oli UML,comment,deva
"If a inca person like Sudhan can become a ministry, Anything can happen in Nepal politics",kp oli,yt:KP Oli UML,comment,latin
स्याबास 🎉🎉🎉🎉❤सबै नया टिम लाइ,kp oli,yt:KP Oli UML,comment,deva
गृहमन्त्री सुदन भाइ धेरैले आशा गरेको ब्यक्ति भनेकै तिमीहरू हाै । यसाे भन्दै गर्दा न्यायलयमा पार्टीका झाेले न्यायाधीशहरु अझै बिद्यमान छन् । तसर्थ जाेशका साथसाथै हाेस् पुर्याएर अगाडि बढ्नु । सफलताको शुभकामना 🇳🇵🌹🌺,kp oli,yt:KP Oli UML,comment,deva
😂😂😂😂😂😂😂😂😂😂😂,kp oli,yt:KP Oli UML,comment,latin
Aree yrr yo Didi ko kann aajhai rahixatw😂😂😂,kp oli,yt:KP Oli UML,comment,latin
Kp le Deko 5000 ko Kamal ho sab 🤣,kp oli,yt:KP Oli UML,comment,latin
फेरि भुक्न थाल्यो हत्यारा😡,kp oli,yt:KP Oli bhasan,comment,deva
न भुक भुक्नेदिन  बस  तेरादिन अाउदै  छन,kp oli,yt:KP Oli bhasan,comment,deva
नालाएक उखानेको टुक्का लाज पचाएत देश बेच्ने आरोप माहाकाली बेचेको जनताले भुलेका छैनन् टुक्के 😂😂😂😂।।।,kp oli,yt:KP Oli bhasan,comment,deva
"केपी शर्मा ओलीसँग निकट कार्यकर्ताहरूले नै यो विषयलाई सम्पत्ति शुद्धीकरण तथा भ्रष्टाचारसम्बन्धी छानबिन समितिसम्म लैजानुपर्ने माग उठाउन थालेका छन्, उनीहरूको दाबी अनुसार यो कदम देश र भविष्यका पुस्ताको हितका लागि अपरिहार्य छ। तपाईं र तपाईंका मन्त्रीहरू वर्तमान अवस्थाका प्रमुख जिम्मेवार पात्रहरू हुनुहुन्छ। तपाईंका गलत निर्णय र नीतिहरूले जनतालाई बाध्य भएर सडकमा उत्रिनुपर्ने अवस्था सिर्जना गरेको छ, जसले देशलाई गहिरो अस्थिरता, पीडा र क्षति पुर्‍याएको छ। अब कुनै पनि प्रकारको उन्मुक्ति स्वीकार्य छैन। सम्पूर्ण घटनाको निष्पक्ष र कडा कानुनी अनुसन्धान हुनुपर्छ, र दोष प्रमाणित भएमा सम्बन्धित सबैलाई अदालतमा कडा रूपमा जवाफदेही बनाउनुपर्छ। न्याय ढिलो भए पनि अन्ततः स्थापित हुनेछ। तपाईं जनताको सर्वोत्तम हितमा काम गर्न असफल हुनुभएको छ, र तपाईंको नेतृत्वलाई खराब निर्णय क्षमता र जवाफदेहिताको कमीका कारण व्यापक रूपमा आलोचना गरिएको छ। अहिले तपाईंले आफ्नो स्वास्थ्य र व्यक्तिगत कल्याणमा ध्यान दिनु उपयुक्त हुन सक्छ, साथै नेपाली जनता र लोकतान्त्रिक संस्थाहरूलाई कानुनी र शान्तिपूर्ण प्रक्रियामार्फत जवाफदेहिता निर्धारण गर्न दिनु आवश्यक छ।",kp oli,yt:KP Oli bhasan,comment,deva
"नेपाली जनताले केवल बोल्ने र रेकर्डका लागि भाषण गर्ने को हुन्, र देश, जनता तथा भावी पुस्ताको भविष्यका लागि साँच्चै काम गर्ने को हुन् भन्ने राम्रोसँग बुझ्न थालेका छन्।

अब नाराभन्दा नीति, भाषणभन्दा परिणाम, र व्यक्तिगत फाइदाभन्दा देशको भविष्य रोज्ने बेला आएको छ। किनकि समृद्ध देश निःशुल्क भोजले होइन, कठिन निर्णय, इमानदारी, उत्पादनशील अर्थतन्त्र र सामूहिक जिम्मेवारीले बन्छ।",kp oli,yt:KP Oli bhasan,comment,deva
अब धेरै नभुक अब तेरो पालो हो जेल जाने पख्😡😡😡,kp oli,yt:KP Oli bhasan,comment,deva
तेसै ले   जेनजि आन्दोलन  भको बेला हेलिकोप्टर  चढेर  भागेको थिस हैन  चोर  कति कमाउन  मन छ  पुगेन,kp oli,yt:KP Oli bhasan,comment,deva
Hajur kokam dekhaunu n t ba,kp oli,yt:KP Oli bhasan,comment,latin
थुक्क !! भन्न मन लाग्यो,kp oli,yt:KP Oli bhasan,comment,deva
Aba Janatale kp olilai euta chance diyo vne Yasle desh sabai bechidinxa janata sabai maridinxa kinaki Ris khepera baseka xan gamandale Dhalna lageko xa,kp oli,yt:KP Oli bhasan,comment,latin
दलाल ले गर्ने यस्तै कुरा हो,kp oli,yt:KP Oli bhasan,comment,deva
What benifit are we getting from mahkali treaty for which you were actively involved?,kp oli,yt:KP Oli bhasan,comment,latin
अझै २० वर्ष जति तपाईँको नेतृत्व सान्दर्भिक छ,kp oli,yt:KP Oli bhasan,comment,deva
"1,2,3,4,5 औंलै सकियो 6,7,8,9 सिट! कम हो 9 सिट भन्या!!! 😂😂😂 तिम्ले चुच्चे नक्सा बनायौ तर बोल्यौ त मोदी संग?",kp oli,yt:KP Oli bhasan,comment,deva
"नेपाली जनताको अभिमतको सरकारले गरेको काम कारबाहीलाई नटेर्ने हो भने, तपाइ हेपाहालाई पनि राजनैतिक पार्टीको नसम्झेर चम्बलको डाकुको सरदार मात्र संझे भइहाल्छ नि! 
जेन्जी घटनामा गैर्ह जिम्मेवारीपूर्ण बोल्ने, मलाई केही पनि थाहा भएन भन्ने, तपाईं सरकार प्रमुख हुनुहुन्थ्यो कि, प्रधानमन्त्री कार्यालयको पिएन हुनुहुन्थ्यो?",kp oli,yt:KP Oli bhasan,comment,deva
public ko barema ke bolnu bho kp,kp oli,yt:KP Oli bhasan,comment,latin
jay nepal jay kp baa hazur  hazur jasto sasi  aur satay koi chaina,kp oli,yt:KP Oli bhasan,comment,latin
Moryo vnkeko tw jeudai raixa yo budo,kp oli,yt:KP Oli bhasan,comment,latin
लोकतन्त्र ध्वस्त बनाएको केपी चोर जस्तो मान्छेहरूले हो,kp oli,yt:KP Oli bhasan,comment,deva
Ko ho yo 😂 bolnne,kp oli,yt:KP Oli bhasan,comment,latin
35 barsa samma timiharule Yasta galti nagareko jasto ahile balenko euta mistakelai katina thulo kura banako xa tyo pni praman nabaya samma boleko hoina hola wait,kp oli,yt:KP Oli bhasan,comment,latin
🫡🫡🫡 jay Npl jay kp ba,kp oli,yt:KP Oli bhasan,comment,latin
Aajhai sachet huna parxa  hai sathi ho na fasau kp .parchnde deuba ko vasarn ma,kp oli,yt:KP Oli bhasan,comment,latin
योउ जिउदै छ अझै थुइक्क अलि कति पनि लाज सरम छैन यस्लाइ यो देसको कलङक रैछ,kp oli,yt:KP Oli bhasan,comment,deva
केपि को काम छैन,kp oli,yt:KP Oli bhasan,comment,deva
Haina yo manxe kahile namrne ho ki k ho,kp oli,yt:KP Oli bhasan,comment,latin
Jejati bolyo 100% galat bolyo,kp oli,yt:KP Oli bhasan,comment,latin
उग्रवादी र अन्ध राष्ट्रवादीलाई उक्साउन ओलीको कुरा सुनेर हाॅसो उठछ ।हा..हा...हा..,kp oli,yt:KP Oli bhasan,comment,deva
Janata ko mat lai yasle latyayo hare  paxiko pida,kp oli,yt:KP Oli bhasan,comment,latin
kp sharama oli le   saty kura bhane,kp oli,yt:KP Oli bhasan,comment,latin
Kasle diyo eslai bolna ani kasle sunchha?,kp oli,yt:KP Oli bhasan,comment,latin
Esko samarthan ma aaune ksto xya,kp oli,yt:KP Oli bhasan,comment,latin
Hera hera bhaubali movei ko velan ko rol bala aaya xa 😂,kp oli,yt:KP Oli bhasan,comment,latin
😂😂😂😂😂😂😂😂😂😂😂😂😂😂😂😂😂😂😂😂😂😂😂😂😂😂😂😂😂😂😂😂😂😂,kp oli,yt:KP Oli bhasan,comment,latin
K boleko testo k boleko,kp oli,yt:KP Oli bhasan,comment,latin
We love kp oli ba ❤,kp oli,yt:KP Oli bhasan,comment,latin
Kp चोर जिउदै छ किन आज त बिरामि छैन त,kp oli,yt:KP Oli bhasan,comment,mixed
Oli ba lai sunayko,kp oli,yt:KP Oli bhasan,comment,latin
aafnai umer ko suddo haru bhela pare cha 😂 aba hare kirtan suru gare ramro,kp oli,yt:KP Oli bhasan,comment,latin
Kp oli sir love you ❤❤,kp oli,yt:KP Oli bhasan,comment,latin
Ta janmara,kp oli,yt:KP Oli bhasan,comment,latin
जेलमा जादा बिरामि अहिले बाध। अरुलाई उकासेको हेर! लाज नभयको नकचरो😅😅😅,kp oli,yt:KP Oli bhasan,comment,deva
पतन निश्चित छ तिम्रो,kp oli,yt:KP Oli bhasan,comment,deva
बिचरा बुडो उठेर बोल्न सक्दैनन् अझ,kp oli,yt:KP Oli bhasan,comment,deva
Always NO. 1 KP OLi,kp oli,yt:KP Oli bhasan,comment,latin
"तपाइँ जस्तो परिपक्क हुनलाइ रबि र बाले लाइ २० बर्ष लाग्छ तर जनधारणा खबरको बरिष्ठ पत्रकार म निमकान्त पाण्डे, बुद्दि को बिर्को खोल भन्ने वालालेत तपाइहरु लाइत मान्छे सम्मा पनि भन्दैन  ,आफु ,रबि र बालराम अनि राष्ट्रिय स्वतन्त्र पार्टी मात्रै सबै थोक होरे ।",kp oli,yt:KP Oli bhasan,comment,deva
भ्रष्टाचारी निरँकुश केपी ओली। देश लुटुवा ओलीको मुख बाट केही सुन्न चाहन्न। अझै पनि सुध्रिएको छैन र एमालेको पदबाट राजिनामा पनि दिएको छैन। राजनीति छोडेको छैन खाते भ्रष्टाचारी।,kp oli,yt:KP Oli bhasan,comment,deva
Chor bolyo😂😂😂,kp oli,yt:KP Oli bhasan,comment,latin
Jai chatni.,kp oli,yt:KP Oli bhasan,comment,latin
10 jana vanda badi tali bajdaina tw😂😂,kp oli,yt:KP Oli bhasan,comment,latin
You are also the same .Do you feel the same of mahakali treaty?,kp oli,yt:KP Oli bhasan,comment,latin
chiitai aaryaghat puge huni des le mukti paune thiyo,kp oli,yt:KP Oli bhasan,comment,latin
Balen ley  euta signal diyo vani yamaley ko astito sakinnxa 😂😂,kp oli,yt:KP Oli bhasan,comment,latin
A k 47  चला,kp oli,yt:KP Oli bhasan,comment,mixed
Dont worry PM Hamro oli ba Patan Hospital ko dabai khadai chha😂,kp oli,yt:KP Oli bhasan,comment,latin
Kate din bacxas rw kidney fail bol ajhai😂,kp oli,yt:KP Oli bhasan,comment,latin
भयो केहि खयासिन्न 😂 चुप बस,kp oli,yt:KP Oli bhasan,comment,deva
Aba ko 5barsa ma hudaina,kp oli,yt:KP Oli bhasan,comment,latin
"Kera kha na ta muje pagal. Yo muji lai jiudai petrol charea jalaye hunchha.  Raada KO ban muje, jati Gali gare Pani chitta bujdaina thado haina LA Do ho",kp oli,yt:KP Oli bhasan,comment,latin
Timi t des bechhan janeko kin jhukn paro,kp oli,yt:KP Oli bhasan,comment,latin
यो बक्मफुसेको कुरा के सुन्नु😅😅,kp oli,yt:KP Oli bhasan,comment,deva
seems he is fit to go jail again😂,kp oli,yt:KP Oli bhasan,comment,latin
Yo muji jindai xa ahile sam 😂😂😂,kp oli,yt:KP Oli bhasan,comment,latin
थूईक्क तलाई बोली पनि सून्न ननलाग्दैन,kp oli,yt:KP Oli bhasan,comment,deva
😂😂😂😂😂👎👎👎👎,kp oli,yt:KP Oli bhasan,comment,latin
😂😂😂😂😂😂 comedy Buda,kp oli,yt:KP Oli bhasan,comment,latin
ballla khaish tit for tat😂,kp oli,yt:KP Oli bhasan,comment,latin
Yo Muji budo thish vayo jasto  Cha .,kp oli,yt:KP Oli bhasan,comment,latin
Whole speech is full of shit 💩,kp oli,yt:KP Oli bhasan,comment,latin
Salute✊ देशद्रोहका बिरुद्ध एकता आवश्यक छ,kp oli,yt:KP Oli bhasan,comment,mixed
अहिलेआएर के पि बा राम्रो लाग्यो मलाई,kp oli,yt:KP Oli bhasan,comment,deva
Laj pani lajayko awastha 😂,kp oli,yt:KP Oli bhasan,comment,latin
Lado ka muzi,kp oli,yt:KP Oli bhasan,comment,latin
kp  oli budijibi neta hun nepal ma kp oli ko saman hunupracha,kp oli,yt:KP Oli bhasan,comment,latin
desh jalaune lai khoji khoji goli haannu prane thiyo  tra nepal ka janta le ulta unerukai sarakar banai diye,kp oli,yt:KP Oli bhasan,comment,latin
यो झापाको हो जे पनि बोल्छ यस्को बिश्वास नगर्नु होला है 😅😅,kp oli,yt:KP Oli bhasan,comment,deva
"अख्तियार आयाेगमा पार्टीकै मान्छे
सर्बोच्च अदालतका न्यायाधीश पार्टीकै भागबन्डाको 
प्रहरी प्रमुखमा आफनै 
राज्यका हरेक जिम्मेवार निकायमा पार्टीकै मान्छे
कसलेगर्छ पार्टीका शिर्ष नेतालाई छानबिन र कारबाही ।",kp oli,yt:KP Oli bhasan,comment,deva
आयोगको report आएपछि थुनिन्छ यो डाका ।,kp oli,yt:KP Oli bhasan,comment,mixed
प्रतिवेदनले चुनाव भाडिन्छ भनेर प्रकाशित नगरेको।,kp oli,yt:KP Oli bhasan,comment,deva
"प्यारा नेपाली दाजुभाइ तथा दिदीबहिनीहरू,

चार दशकभन्दा बढी समयदेखि हामीले एउटै अनुहार, एउटै भाषण र एउटै वाचा सुन्दै आएका छौँ। UML/केपी ओली, कांग्रेसका पुराना नेताहरू, र CPN (माओवादी)/प्रचण्ड वरिपरिका पात्रहरू—सबैले सत्तामा बसेर देशलाई आशा होइन, थकान मात्र दिए। भ्रष्टाचारका कथा, शक्ति दुरुपयोग, र जवाफदेहिताबाट भाग्ने संस्कार हामीले आफ्नै आँखाले देख्यौँ। आज उनीहरू नै नयाँ जस्तो मुखौटा लगाएर, भाषा फेरिएजस्तो देखाएर, RSP, रवि लामिछाने र बालेन साहमाथि निरन्तर आक्रमण गरिरहेका छन्—किनकि जनताले विकल्प देख्न थालेका छन्।

रवि लामिछानेमाथि भएको व्यवहारलाई धेरैले राजनीतिक प्रतिशोध जस्तो देखे—भ्रष्टाचारका प्रश्नहरूबाट ध्यान हटाउने प्रयासजस्तो। अनि बालेन साह? उहाँले काठमाडौँलाई काम गरेर देखाउनुभयो—नारा होइन, नतिजा। फोहोर व्यवस्थापनदेखि सार्वजनिक स्थानको अनुशासन, पारदर्शिता र साहसिक निर्णयसम्म—काठमाडौँ आज विकासको मोडल बन्न थालेको छ। यही कामले डराएको पुरानो शक्ति अहिले आलोचनामा जुटेको छ।

अब भ्रममा नपर्नुहोस्। पुराना पार्टीका पुराना अनुहारहरूले फेरि मौका पाए भने परिणाम पनि पुरानै हुनेछ। यो चुनाव भावनाको होइन, भविष्यको हो। डर होइन, आशाको हो। गाली होइन, कामको हो।

आउनुहोस्, भ्रष्टाचारको चक्र तोडौँ। नयाँ सोच, नयाँ नेतृत्व र जवाफदेही राजनीतिलाई अवसर दिऔँ। RSP, रवि लामिछाने र बालेन साहजस्ता काम गरेर देखाउने नेतृत्वलाई साथ दिऔँ—हाम्रो भोलि सुरक्षित, स्वाभिमानी र समृद्ध बनाउन|",kp oli,yt:KP Oli bhasan,comment,mixed
गफ धेरै भाे । अब धेरै दिन छैन ।,kp oli,yt:KP Oli bhasan,comment,deva
Only one ghanti himal pahard tarai kohi chhana parai slogan now,kp oli,yt:KP Oli bhasan,comment,latin
Kp ba yaii faagun २१ gate thaha hunxa ko kasle kati gareko xa venera,kp oli,yt:KP Oli bhasan,comment,mixed
5:16 अनि नेपाल को त धरहरा भनेर चिनिन्छ होला नि त ।,kp oli,yt:KP Oli bhasan,comment,deva
"अाेई पत्रकार, अरु प्रश्न छैन वालेनलाई",kp oli,yt:KP Oli bhasan,comment,deva
Ani Facebook kun सरकारले हटाउन lako,kp oli,yt:KP Oli bhasan,comment,mixed
हतेरो जेल जाने बेला भयो पैला 14 बरस अब 20 बरस जेल । म सेङजालि ।,kp oli,yt:KP Oli bhasan,comment,deva
यो उखाने भाेटमाग्नजादा लखेटछन ऊखान सुनाएर बस,kp oli,yt:KP Oli bhasan,comment,deva
केपी  बा आज काे किन igo Hot भाको  कमेडी सो जस्ताे भाषण सुनेर सबै हाँस्छन् tw हो लाज लाग्यो मलाई केपी बा😆😆😆,kp oli,yt:KP Oli bhasan,comment,mixed
Debate ho ki interview ho😂😂😂😂😂😂,kp oli,yt:KP Oli bhasan,comment,latin
गोलि चलाउने बाताबरन ओलिले बनायो 100%,kp oli,yt:KP Oli bhasan,comment,deva
21 gAty challenge pauxa,kp oli,yt:KP Oli bhasan,comment,latin
Tata janta ko pardhanmati hoina bhastachari ko pardhanmati chai pakai ho kinki rasopale phayal khule paxi darayar kagares sag miler sarkar banayo,kp oli,yt:KP Oli bhasan,comment,latin
Yade des ani jata lai maya garni ho bhane aaphu sarkar ma hoda hudai  kin sarkar xurer aaphu pardhan matri ban gaya ko,kp oli,yt:KP Oli bhasan,comment,latin
"Muji pahila z-g   mariyo  balla jaleko ho sabai hawa  buda 



Jay ghanti 🔔🔔🔔🔔🔔",kp oli,yt:KP Oli bhasan,comment,latin
Kp oli No Not again,kp oli,yt:KP Oli bhasan,comment,latin
अझै आतंकबादी  बादी भन्दै छ।,kp oli,yt:KP Oli bhasan,comment,deva
"ए आई ले गोली चलाएको ए आई ले मारेको हो

देश को प्रधानमन्त्री लाई थाहा हुनु पर्दैन देश मा के भयो, के हुँदैछ र के गर्नु पर्छ भनेर 👊",kp oli,yt:KP Oli bhasan,comment,deva
"sarkar ma ko thiyo jimmewar usaile line hoina ra,",kp oli,yt:KP Oli bhasan,comment,latin
Kati khana dis paisa,kp oli,yt:KP Oli bhasan,comment,latin
Good kp baa,kp oli,yt:KP Oli bhasan,comment,latin
दशजलाउनेकेपिनैहो,kp oli,yt:KP Oli bhasan,comment,deva
Yeslai lakhetnu parxa sathi ho,kp oli,yt:KP Oli bhasan,comment,latin
5min dhiloo vaako thio....,kp oli,yt:KP Oli bhasan,comment,latin
"रावण प्रबिधीले केपी ले आफुसहित एमाले ध्वस्तपारे,तेसैगरी दुर्याेधन प्रबिधीले गगन थापाले काग्रेस ध्वस्तपारे बभई छ ती परिवर्तन चाहने जनताहरू लाई सलाम छ ।",kp oli,yt:KP Oli bhasan,comment,deva
देशमा सरकार कसको थियो,kp oli,yt:KP Oli bhasan,comment,deva
नबुझेको कुरा पूर्व प्रधानमन्त्री ले किन घटना को जिम्मा लिनुहुँदैन।नेपाल को प्रधानमंत्री हरु कठपुतली मात्र हो क्या अदृश्य शक्ति को नेपाल भन्ने देश मा?,kp oli,yt:KP Oli bhasan,comment,deva
Balan is good 100%,kp oli,yt:KP Oli bhasan,comment,latin
गोली चलाउने बातावरण ओली ले वनाऊनुभयो नेपाली जनता ले त हैन होला नी वातावरण वनाएको,kp oli,yt:KP Oli bhasan,comment,deva
केपी ओलीको बोली सुनेर गाउँ समाजका फटाहा एमाले कार्यकर्ताहरू यसैगरी गाउँ समाजमा ज्यादती मचाएका हुन्छन्,kp oli,yt:KP Oli bhasan,comment,deva
"🗣️ K. P. Sharma Oli का “lying tricks” (छोटोमा)
	•	अर्ध–सत्य बोल्ने – तथ्यको केही भाग मात्र प्रस्तुत गरेर आफ्नो पक्ष बलियो देखाउने।
	•	विषय मोड्ने (Diversion) – कठिन प्रश्न आउँदा अर्कै मुद्दातर्फ ध्यान सार्ने।
	•	राष्ट्रवाद प्रयोग गर्ने – आलोचनाबाट जोगिन भावनात्मक/राष्ट्रवादी भाषा प्रयोग गर्ने।
	•	दोष अरूमाथि सार्ने – असफलताको जिम्मा विपक्ष वा अन्य पक्षलाई दिने।
	 vote Balen",kp oli,yt:KP Oli bhasan,comment,mixed
ma yaha hunthey vane k k garthey lato rish po uthayo tw,kp oli,yt:KP Oli bhasan,comment,latin
सहकारी जनताको पैसा ८८ अर्बको हिनाबिना भएको छ। खै त त्यो छानबिन भएको,kp oli,yt:KP Oli bhasan,comment,deva
बालेन ले बा को बाजा बजाउने छ यस्तो तानासहि हरु को बाजा बजाउनु नै पर्छ ।,kp oli,yt:KP Oli bhasan,comment,deva
Diyekaiho,kp oli,yt:KP Oli bhasan,comment,latin
"J boleni vo joker lai 
Yesta lai neta manne kasta goru hun ??",kp oli,yt:KP Oli bhasan,comment,latin
RSP government elect Bhayera yo election ma  KP oli lai Ayog ko report anusar Jail Chalan garne ho people,kp oli,yt:KP Oli bhasan,comment,latin
"नियेत ठिक हुन पर्छ होली वाइन , एक सेकेन्ड मा सकिन्छ !",kp oli,yt:KP Oli bhasan,comment,deva
"एकल ओलि र एमाले बिरुद्ध सबै दलहरु, नेताहरु, छिमेकि देश समेत लाग्नुको मुख्य कारण र यो जेन्जि भन्नेको परिकल्पना र परिचालन गर्ने को को र कहाबाट ?  अनि जेन्जिहरु अहिले एमाले बाहेक अरु दलहरुमा समाहित हुनु र ८४ को चुनाव ८२ मा गराउनु के हो त यसको पछिको कहानि?",kp oli,yt:KP Oli bhasan,comment,deva
केपि को रननिती हेरौ अब छित्तै आउदै छ।हल्ला नगरौ,kp oli,yt:KP Oli bhasan,comment,deva
त 21 गते पछि सहिद बन्छस,kp oli,yt:KP Oli bhasan,comment,deva
Now ayog ko report Nikalnu hudaina  kinaki yes ma KP oli doshi chha Ra yesko plan election destroy garne chha,kp oli,yt:KP Oli bhasan,comment,latin
Bolchha yo laaj Malai laagyo,kp oli,yt:KP Oli bhasan,comment,latin
सरकार चलाउने एमाले कांग्रेस अनि स्कुलको विद्यार्थीहरु मार्ने आदेश दिने को नि देशको जिम्मेवार व्यक्ति को थियो त्यतिखेर 23/24 को आन्दोलनमा,kp oli,yt:KP Oli bhasan,comment,deva
मान्छे को ज्यान भन्दा सिहदर्बार thulo bho yaslai,kp oli,yt:KP Oli bhasan,comment,mixed
२३ र २४ गतेको आन्दोलनमा रासोपाको थियो सरकारमा थियो प्रधानमन्त्री र गृहमन्त्री। राष्ट्रिय स्वतन्त्र पार्टीका पार्टीको तर्फबाट पार्टीबाट गृहमन्त्री र राष्ट्रपति राष्ट्रिय स्वतन्त्र पार्टीको थियो क्या हो २३/२४ मा सरकार चलाउने एमाले र कांग्रेस अनि गोलि चलाउने ३५ वर्षदेखि देशलाई खोक्रो बनाइरहेको एमाले र कांग्रेस माओवादीले हो। मेरो तर्फबाट,kp oli,yt:KP Oli bhasan,comment,deva
"Janta haru K
P ko Sath ma tali Bajako hoenan ukhan Sunera Bajaka huun",kp oli,yt:KP Oli bhasan,comment,latin
यो मीडिया बार भाई मध्य यक हो खाली उखाने लाई हाई लाइट गर्न मात्र यो कार्यक्रम गरेको हो पेड मीडिया मुर्दाबाद 🥶🥶🥶🥶🥶,kp oli,yt:KP Oli bhasan,comment,deva
बेकार र वाहियात,kp oli,yt:KP Oli bhasan,comment,deva
"Gole  thokne 76 Jana Janta mara paape kp nai ho, ABA hame le Jana mat baata karbai gornu porchha, bela aayo hai.",kp oli,yt:KP Oli bhasan,comment,latin
Taae pradanmantri thiyo ta,kp oli,yt:KP Oli bhasan,comment,latin
"भागेको , Ai ho kp oli hena",kp oli,yt:KP Oli bhasan,comment,mixed
Gafai derai vyo bajeko,kp oli,yt:KP Oli bhasan,comment,latin
Ta PM ani desh jalayo arule,kp oli,yt:KP Oli bhasan,comment,latin
😂😂😂😂😂😂 hasyo budo le,kp oli,yt:KP Oli bhasan,comment,latin
Rabi balen ra sudhan ko risks ho yo bacha marne ra gali hanne,kp oli,yt:KP Oli bhasan,comment,latin
Hawa gaff jahile ni,kp oli,yt:KP Oli bhasan,comment,latin
Ani ksto mula jsto pm ani,kp oli,yt:KP Oli bhasan,comment,latin
Yo patrakar pani amale ko jhole ho,kp oli,yt:KP Oli bhasan,comment,latin
तेरो चार पाँच जना मान्छे ले नपत्याएर हुन्छ,kp oli,yt:KP Oli bhasan,comment,deva
"Oli 76 jana ko hatyara ko matyara ho,Chor baje jor se ,Oli jooth lai sacho bannawan ma mahir xa desh ko kalank ho Oli chhi chhii",kp oli,yt:KP Oli bhasan,comment,latin
😂😂😂kp tullu 🎉🎉🎉,kp oli,yt:KP Oli bhasan,comment,latin
सहि कुरा केपि बा मान्नुपर्छ तपाईंको क्षमतालाई ❤❤,kp oli,yt:KP Oli bhasan,comment,deva
"याे  कति बाेलेकाे ❤ 
सुत्नु अब धन्यवाद तपाईंको ज्ञानबाट मैले धेरै बुझे सिके र अब बुझाउनेछु। 
❤❤❤❤

केपी चोर देश छोड 😂😂😂",kp oli,yt:KP Oli bhasan,comment,deva
Ta jasto virus hunda samma desh ma shanti  subewastha  hundaina,kp oli,yt:KP Oli bhasan,comment,latin
जय नेपाल जय घन्टी,kp oli,yt:KP Oli bhasan,comment,deva
सबै तिम्ले गर्दा भएकोहो तिमीहरु जस्ता नालायक हरुले गर्दा सत्य नाश भएकोहो तर अब तिमीहरु चुपचाप लागेर घरमा बस अब देश बन्छ हेर्दैजा बन्छ,kp oli,yt:KP Oli bhasan,comment,deva
अब त यो भाषण बन गर्नुस् केपी ओलीजी एन्फामा गएका भाइबहिनीले दुःख कतिपय पाए फिस  नतिर्ने स्कुलबाट निकालेर बिजोग बनाएका र पैसा नतिरी सर्टिफिकेट नदिएका पनि हजुरकै पालामा अब आएर जति नै भने पनि हामी विश्वास गर्नेवाला छैन। हो नगर्नु भएको होइन हजुरको पालामा गर्नुभएको हो तर एन्फाले यस्तो उस्तो भन्नको लागि चाहिँ अलि स्वायल बहुत दुःख पाएका छन्,kp oli,yt:KP Oli bhasan,comment,deva
जय घण्टी 🔔🔔🔔,kp oli,yt:KP Oli bhasan,comment,deva
आठ पासे सबै क्षेत्रको विज्ञ । वहियात । बेकारमा बोलेको बोल्यै रहने जेन जी हत्यारा ।,kp oli,yt:KP Oli bhasan,comment,deva
Bolna matra sipalu kaam 0 rip kp,kp oli,yt:KP Oli bhasan,comment,latin
"Haha yo budo neta haru aasu matra jharna Baki xa 
Good job balen Sarkar aba khor Jane din chadai aauxa",kp oli,yt:KP Oli bhasan,comment,latin
रवि लामिछाने जि कहिले सम्म हो  सरकार को ढाक छोप गर्ने,gagan thapa,yt:Gagan Thapa,comment,deva
Salam xa Rabi Daju and PM Balen Daju and sabai RSP family haru jay Bir gorkhali haru jay ghanti ❤❤❤❤,gagan thapa,yt:Gagan Thapa,comment,latin
Right  Ravi sir,gagan thapa,yt:Gagan Thapa,comment,latin
कति ढाकछोप गरछन के रबिले।,gagan thapa,yt:Gagan Thapa,comment,deva
"Jati pani corrupted politician haru le
Direction lae modirako chhan
Bas
People lae bekhub banako chha.",gagan thapa,yt:Gagan Thapa,comment,latin
सिउने भागि होला,gagan thapa,yt:Gagan Thapa,comment,deva
यो आन्दोलन अत्यन्त सुनीयोजीत ढंग बाट संचालित भ‌एको छ।।। सरकारले किन बुझपचाई रहेको छ।।धर्म युद्ध गर्ने र गराउनेको ढाड भाच्नु परो यस्तो पनी हुन्छ।।अझ भन्नु पर्दा पुराना दल र नया केही दलहरुको अप्रत्याशित रुपमा संलग्न छ,gagan thapa,yt:Gagan Thapa,comment,deva
Balen RW Rabi vaneko Desh ko hero Hun 😘😘😘❤❤❤,gagan thapa,yt:Gagan Thapa,comment,latin
हिजो भाउजुको अगाडि चुईक्क गर्न नसक्ने फ्याउरो बिरालो अगाडि भुक्छ,gagan thapa,yt:Gagan Thapa,comment,deva
पहिला त राष्ट्रपाले सरकार र नेपाल एक्लै चलाउँछु भन्थ्यो अहिले प्रतिपक्षका शीर्ष नेताहरूलाई बोलाएर बैठक बसिरहेका छन् किन,gagan thapa,yt:Gagan Thapa,comment,deva
"Hijo ra aajha ustai ho ravi ji,tapaile kura matra milaunu hunchha.",gagan thapa,yt:Gagan Thapa,comment,latin
K boleko,gagan thapa,yt:Gagan Thapa,comment,latin
नेपाली जनता लाई हदैभन्दा धेरै भेडा सोचेका छन यी घनटे हरुले,gagan thapa,yt:Gagan Thapa,comment,deva
yo mula samasey dekhi bhagane mattara kura garxa jimmedari ra uthaun parne kura gardana hijo k vayo xoddeu aajako samasay samadhan khoja vanxu,gagan thapa,yt:Gagan Thapa,comment,latin
के हो मिडियाकर्मी ज्यु ??  गगन थापा ले सरकार काहा छ भनेको रहेछ तपाइकै एनालिष्ट मा तर तपाइ गगनले बालेनकाहा छ ? भन्यो भन्नुभो म गगन काङ्ग्रेस भोट घण्टी मा त्यो पनी बालेन साह लाइ तपाइ बालेन को चाकडि गरेजस्तो गरी pm बालेनको क्रेज घटाउदै हुनुहुन्छ यस्तो तुक्ष्य पत्रकारिता बाट प्रधानमन्त्री को क्रेज घटाउन बन्द गर्नुस pleae सिगान पुछिदिए जस्तो गरि नाक नकाटिदिनुस तपाइले सिमावर्ती गाउँ मा गएर नेपालले मिचेको भारतिय जमिन को साक्षि बस्न खोज्नुभो उदेक लाग्छ पपुलर हुने दाउमा घृणा को पात्र नबन्नुहोस । बालेन साह सङ्ग को आअहा मरेको छैन  तर 69 हजार मत के रास्वपा का कार्यकर्ता बाट आएको हो 11:12  ? मनन गर्नुस तपाइ प्त्रकार म।भन्दा ग् धेरै ग्यानी  हुनुहुन्छ बाकि आफै बुझ्नुहोस ल । तपाइ प्रती negetive होइन posetive हो कुरा मात्र खरो ।,gagan thapa,yt:Gagan Thapa,comment,mixed
"हिजो काठमांडूमा मनिस मरेका हुन आज मोफसलमा मारिएका छन्।
हिजो र आजको दिनमा यहि फरक हो।",gagan thapa,yt:Gagan Thapa,comment,deva
Talal barkha ko Nike,gagan thapa,yt:Gagan Thapa,comment,latin
Jai rabi dai,gagan thapa,yt:Gagan Thapa,comment,latin
Yo ghante gajedi sarkar maa yestai chalxa 💯 🦛🦛🦛,gagan thapa,yt:Gagan Thapa,comment,latin
"सेतो बस्त्र धारण गरेर काला कर्तुत गर्ने भन्दा , बस्त्र कालै धारण गरेपनी कर्तुत कालो गरे भन्ने जनतालाइ लागेको छैन।",gagan thapa,yt:Gagan Thapa,comment,deva
"यदि याे भन्दा अघिल्लाे महाअधिबेसनमा गगन सभापति भएकाे भए खराने ग्याङ्गकाे उदय हुने थिएन, सहकारी चाेरहरु,जेल ताेड्ने डाकाहरु, नेपालले सिमा मिच्याे भन्ने देश देह्रीहरु माटाे मिल्थे हाेला, भाटभटेनि लुटेर आगाे लगाउने हरु, टिओबिहरु नाग्ङ्गाे खुकुरि लिएर मेराे देश चाहियाे भन्ने आँट आउने थिएन, प्रचण्ड र ओली काे दास बन्ने देउबाका आदेश ले कंग्रेसलाई पतनकाे दिसामा लग्याे, मित्र राष्ट्र चिन बिरुद्ध यति धेरै बिेष बमन गरे घण्टेहरु । यदि चिनलाई जिस्काईयाे भने यिनिहरु पानि भन्न पनि पाउने छैनन् ।यी TOB ग्याङ्गका पानि बाँड्ने नाउमा सत्ताकाे धुरिमा पुग्ने थिएनन् । कंग्रेसले केहि गल्ति गरेकै हाे, कहिले ओलि पथ, कहिने प्रचण्ड पथ । देश द्राेहिहरु खरानिमा खित्का छाेडि हाँसि रहेछन । भ्रष्ट्रचारी , नेपाे बेबिहरु संचार माध्यामहरु भाटभटेनि, गगनकै घर जाने बाटाेमा गाडिले बाँटाे छेकेर के गर्न चाँहेकाे , यस्काे मुल्य तिर्ने छन । भाडाका टट्टु मुर्दाबाद, सहकारी चाेरहरु मुर्दाबाद,ब्याक्ति गत सम्पति ,र अदालत, लगायत सबै सरकारी सम्पतिमा लगाईएकाे आगाे र खरानीकाे मुल्य ब्याज सहित मुल्य असुल हुनेछ एक दिन । जय नेपाल , जय बिपि, जय प्रजातन्त्र।।।।।",gagan thapa,yt:Gagan Thapa,comment,mixed
काङ्ग्रेसको जल्दाेबल्दाे नेताहरु सबै देउवा पटि गएका छन् गगन सङ्ग खासै देखिएन तर यहि मौका हाे युवाहरुलाई  स्थान दिने अनि चैँ गगनले केही गर्छन कि।,gagan thapa,yt:Gagan Thapa,comment,deva
देश मा भएको कलकारखाना निजीकरणको नाम मा जनतालाई बिरोजगारी बनाउने पनि राजनीति हो। तपाईं आफै मिल्नुहोस जनता मिल्ने छैन गगन कुमार थापा जि।,gagan thapa,yt:Gagan Thapa,comment,deva
"राजनीति भनेको लुटिखाने हो भन्न खोजेको होला  
स्थानीय चुनाव खुलित्त हो 😂😂",gagan thapa,yt:Gagan Thapa,comment,deva
Thank you for excleant speechof Gagan thapa of N.c sabhapati juee,gagan thapa,yt:Gagan Thapa,comment,latin
Go 🎉2047 Constitution🎉,gagan thapa,yt:Gagan Thapa,comment,latin
"Keep doing good dai, jay nepal",gagan thapa,yt:Gagan Thapa,comment,latin
अत्यान्तै सानदार अभिव्यक्ति दिनुभयो ।। पाटी सभापति ज्यू । 🙏,gagan thapa,yt:Gagan Thapa,comment,deva
Good luck sir,gagan thapa,yt:Gagan Thapa,comment,latin
"ताली बजाउन सबै ले साथ् दिएकोछ! 
Good 👍🏻 Job 🌺",gagan thapa,yt:Gagan Thapa,comment,mixed
यत्रो बर्ष यति राम्रो बुद्धि विवेक कहाँ हराएको थियाे कुन्नी जसले गर्दा आजको परिस्थिति श्रृजना हुनगयाे 😢,gagan thapa,yt:Gagan Thapa,comment,deva
एकदम सहि।,gagan thapa,yt:Gagan Thapa,comment,deva
देश मा भएको कलकारखाना निजीकरणको नाम मा सकेर जनता लाइ बेरोजगारी बनाउने पनि राजनीति नै हो है थापा जि,gagan thapa,yt:Gagan Thapa,comment,deva
जय नेपाल🎉🎉🎉🎉🎉,gagan thapa,yt:Gagan Thapa,comment,deva
"भयो बाख्रे! पहिले प्रमाण देखाऊ, अनि ठूला कुरा गर।",gagan thapa,yt:Gagan Thapa,comment,deva
गफै हो दाजु तिम्रो गफले कांग्रेस यहाँ सम्म पुग्यो ।,gagan thapa,yt:Gagan Thapa,comment,deva
Good luck 👍,gagan thapa,yt:Gagan Thapa,comment,latin
Jay gagan,gagan thapa,yt:Gagan Thapa,comment,latin
"भ्रष्टाचार मा कति लिप्त रहेछ काङ्ग्रेस भन्ने कुरा जेन्जी आन्दोलन बाट जनता ले बुझे ,",gagan thapa,yt:Gagan Thapa,comment,deva
Jay nepal 🌲🌲🌲🌲🌲,gagan thapa,yt:Gagan Thapa,comment,latin
श्रद्धेय बिपि कोइराला प्रती हार्दिक श्रद्धा सुमन जय नेपाल !,gagan thapa,yt:Gagan Thapa,comment,deva
MCC को दलाल हुनुपनि राजनिति हो !,gagan thapa,yt:Gagan Thapa,comment,mixed
सबैको जय होस,gagan thapa,yt:Gagan Thapa,comment,deva
वाह गगन जी!,gagan thapa,yt:Gagan Thapa,comment,deva
"गगन बन्दु काे नयाँ राजनीति काे परिभाषा सारै मनछुने छ ! यस्तो राजनिती काे परिभाषा 50 बर्ष पहिले काङ्ग्रेस ले लियेकाे भये अाज नेपाली हरु बिकसित देशहरुमा  दास भयेर बाँच्न बिबस हुन पर्दैन थियो हाेला ! 
अब गगन बन्दुले येउटा सानाे समाज सुधार काे काम गर्नु पराे ! हजारौं बर्ष देखि पशु भन्दा तल्लाे दर्जामा समाजमा  बाँच्न बिबस बनाईयेका  दलित समुदाय लाई सामाजिक मुक्ति दिनकाे लागि "" नेपाल बाट जात हटायेर सबै नेपाली काे येउटै जात नेपाली बनाउन अावाज उठाउन पराे ! "" जात लेख्न पर्ने तर जात भन्दा लाज लाग्नुपर्ने , हिनताबाेध गर्नुपर्ने दलित नेपाली दाजुभाइ  दिदिबहिनी हरुकाे सामाजिक समस्य समाधान गर्न सामाजिक राजनितिक अान्दोलन गर्नु पराे ! जात हटायेर बिना जातकाे हिन्दु धर्म बनाउनु पराे ! हिन्दु धर्म बाट :- दास प्रथा हट्न सक्छ , सति प्रथा हट्न सक्छ भने अब जात प्रथा पनि हिन्दु धर्म बाट हटाउने कानुन बनाउनु पराे !🙏🙏🙏🙏🙏🙏🙏🙏युराेप अमेरिका अष्ट्रेलिया अादि बिकसित देशमा जात नभये पनि हुने , नेपाल मा चाहिँ किन जात चाहियो ? 🙏🙏🙏🙏🙏🙏🙏🙏🙏....... ........ ........",gagan thapa,yt:Gagan Thapa,comment,deva
Rightpersidendgaganjiu,gagan thapa,yt:Gagan Thapa,comment,latin
Best off luck,gagan thapa,yt:Gagan Thapa,comment,latin
जति चिल्ला कुरा गरे पनि अब जनताले पत्याउने वाला छैनन्। यो बुद्धि शेरे को घरमा अरबौं जल्नु अगाडि किन आएन रवि लाई फसाउन खाली paper हल्लाउँदा किन आएन। किन आएन यो बुद्धि शेरे र kp पालै पालो pm बन्ने भन्दा। अब त जनताले एमाले र काँग्रेस को नेताले आफ्नै स्वर्गवास भएका बा आमा व्युताइदिए पनि भोट कुनै हालात मा दिनिवाला छैन हेर्नुहोला।,gagan thapa,yt:Gagan Thapa,comment,mixed
"घण्टे को छाउरा हरुको आपत्तिजनक कमेन्ट देखेर छक्क पर्छु | वर्तमान प्रधानमन्त्रीले नेपाल ले भारत को भुभाग अतिक्रमण गर्यो बन्दा वाइवाइ , नेपालि १/२ को सिक्का बाट चुच्चे नक्सा हटाउदा पनि वाइवाइ थुइक्क खराने हरु  तेइ हो तिमिहरुको देशभक्ति ?",gagan thapa,yt:Gagan Thapa,comment,deva
यो काहा बोल्नु भएको हो हाम्रो  कोशी प्रदेश उदयपुर गाईघाट त्रि.न पा .पनि बोल्नु,gagan thapa,yt:Gagan Thapa,comment,deva
"ए होर हामी त त्यसलाई सामाजिक कार्य,समाजसेवा,मानवसेवा पाे भन्छौं,जेमा पनि राजनीति घुसेर पाे देशको विकास नभएको रहेछ भन्ने पुष्टि भयो आज",gagan thapa,yt:Gagan Thapa,comment,deva
यसको कुरा नपत्याऊ है,gagan thapa,yt:Gagan Thapa,comment,deva
"बिपी को चेला मानेकै हो तर देउबा को तलुवा चाटेको हाम्ले नदेखेको होइन, पोलिश नगर भाई अब",gagan thapa,yt:Gagan Thapa,comment,deva
बिपि को बिचार बिपि सगै मरेर गयो !,gagan thapa,yt:Gagan Thapa,comment,deva
Best of luck,gagan thapa,yt:Gagan Thapa,comment,latin
गाउँ  समाज को समस्या बुज्नु  भयन   भने  माथि  सर्खार मा जान सक्नु हुने छैन,gagan thapa,yt:Gagan Thapa,comment,deva
Dherai janna vayeko cha.sashan garni belama yad gardinxu.ahile janna vayeko  cha.,gagan thapa,yt:Gagan Thapa,comment,latin
मानीसको अस्तीकेवको तहलाइ त सॅस्कृतीले मात्र गनतब्यमा  पुर्याउछ होला नी ?,gagan thapa,yt:Gagan Thapa,comment,deva
"देउवा र आरजुलाई  मरणासन्न हुने गरी कुटपिट गरियो। उनीहरूप्रति कोही पनि सहानुभूतिशील देखिएनन्। गगनले यसलाई नेतृत्व लिनका लागि राम्रो अवसरको रूपमा उपयोग गरे। २४ गतेको घटना गगन र उनको लबीका लागि फलदायी साबित भयो भने यही घटना पश्चात देउवा र उनको लबीको दुर्दिन,दुर्दशा शुरु भयो। सब समयको खेल हो।समय धेरै बलवान छ !! ""यो भ्रस्ट छ, उ भ्रस्ट छैन"" भन्ने त शक्तिको कुरा हो, मिडिया बाजीको कुरा हो । शक्तिमा भएकाहरुले बिपक्षिलाइ सजिलै सम्पति सुद्धिकरण र भ्रस्टाचार मुद्धा लगाई दिन वा आफ्नो पक्षको लाई लागेको मुद्धा फिर्ता लिन सक्दा रहेछन। रविको उधाहरण काफी छ।पिडितको निमित्त अदालत आशाको त्यान्द्रो भए पनि सधै भर नहुने देखिन्छ।",gagan thapa,yt:Gagan Thapa,comment,deva
खाली  टा उ का गनेर हुदैन गगन जि  गाउँले को मन जित्नु होस्  अनि  बल्ल हुन्छ,gagan thapa,yt:Gagan Thapa,comment,deva
काला वस्त्र कालै कर्तुत,gagan thapa,yt:Gagan Thapa,comment,deva
सही मानव ग़लत संगत ले बाटो र माटो बिराएको मानव,gagan thapa,yt:Gagan Thapa,comment,deva
भनेको कुरा जनताले पतयाऊदैन,gagan thapa,yt:Gagan Thapa,comment,deva
भैई सकेको काम बिगार्नु राजनिती हो।,gagan thapa,yt:Gagan Thapa,comment,deva
तिम्रो कुन विद्यार्थी संगठनले विद्यालय बनाए...? गगन अब चुपलाग तिम्रो भ्रम धेरै भयाे एक जना वि पिकाे नाम बेचेर पाटि चल्दैन आज सम्म गठबन्धन गरे कै हाै नाटक नगर अब भयाे...🙏,gagan thapa,yt:Gagan Thapa,comment,deva
गोपालमान  श्रेष्ठ दाइलाई बरिस्ठ  नेताको जिम्मेवारी  दिनु उहाँप्रतिको ठूलो  सम्मान  हो  उहाँलाई  शिघ्र सुस्वास्थ्य लाभको  कामना  गरौ सम्पूर्ण  नेपाली जनताले,gagan thapa,yt:Gagan Thapa,comment,deva
"Ahile pani BP?
Naya manxe ko bichar khoi?",gagan thapa,yt:Gagan Thapa,comment,latin
garis khub garis.chunab ma namajjanle garis,gagan thapa,yt:Gagan Thapa,comment,latin
"कांग्रेस अब फुट्नुस के भयो , ।।।।   सभापतीलाई उपेक्षा गर्ने विपक्षीलाई भनेको मैले ।।।",gagan thapa,yt:Gagan Thapa,comment,deva
बाख्राको लोन खानु पनि राजनीति हो कति जानेको लाजपचेको,gagan thapa,yt:Gagan Thapa,comment,deva
"विशेश्वरको याद आउन थाल्यो,बिर्सेका थियौ तिमी लूटेराहरुले।नाम बेचेर धेरै राजनीती गर्यौ।अब चल्दैन त्यसरी।",gagan thapa,yt:Gagan Thapa,comment,deva
ब्यापार हो राजनीति,gagan thapa,yt:Gagan Thapa,comment,deva
Bhada 24 bhitra rajsastha Ra Santan dharma bare KO dharana clear garnu ?  Bedesi Sakti sang tackle garne power content hunu parxa taba parties baliyo hunxa,gagan thapa,yt:Gagan Thapa,comment,latin
राजनीति त कमाउ धन्दा बनायोनि त  हजुर ।,gagan thapa,yt:Gagan Thapa,comment,deva
"तालि बजाउदै गर 
८४ को चुनाव पछि के बजाउछस हेरौ",gagan thapa,yt:Gagan Thapa,comment,deva
नेता होस त गगन जस्तो,gagan thapa,yt:Gagan Thapa,comment,deva
सेर बहादुर दाजु भाउजू ले देश लाई डुबाएको नै हो नि ?,gagan thapa,yt:Gagan Thapa,comment,deva
अब त वोडा अध्यक्ष पनि खुल्लित हो लौ जितेर देखाउ,gagan thapa,yt:Gagan Thapa,comment,deva
"Fake evidence use garera kasailai fasauna khojnu, bhram chharinu, (praman) dekhao bhanne pani (politics)
Hola!😂",gagan thapa,yt:Gagan Thapa,comment,latin
गगन दाजु सग केही आसा छन् हामीमा,gagan thapa,yt:Gagan Thapa,comment,deva
हाे सक्तिशालि नै छ अख्तियार तेईभएर पाे अहिले सम्म काे भ्रष्टाचारि पक्रियाे अख्तियारले,gagan thapa,yt:Gagan Thapa,comment,deva
केको डाडा मा लेपटोप चलाएर एक लाख कमाउने राजनिति कहा पुग्यो गगन जि,gagan thapa,yt:Gagan Thapa,comment,deva
कंग्रेसले आफ्नो खुट्टामा  उभिदै ❤,gagan thapa,yt:Gagan Thapa,comment,deva
राजनिती गरेर कमाउनु दलाली गर्नु लुट्नु कल कारखाना बेच्नु  जनता लाई हावा गफ दिनु पनि राजनिती होनि 10 जिब्रे mr gangane,gagan thapa,yt:Gagan Thapa,comment,mixed
😅😅😅😊😊😊😊😊😊😊हो आफ्नो स्वार्थमा जे जस्तो काम गर्नु नि  लाजनिती नै हो बर्सौ सम्म दाइको पछि राम्रो नराम्रो कार्य मा सहभागी हुनु राम्रो मैले मात्रै गरे नराम्रो दाइले गरेको त्य नि राजनीति हो,gagan thapa,yt:Gagan Thapa,comment,deva
mcc पास गर्नु पनि राजनिती हाे,gagan thapa,yt:Gagan Thapa,comment,mixed
Yasta yasta ramra manislai bigrina ra bigarna badhya banaune tyaha kun badhyatama parnu paryo tyo sabai yahi manisko hridayalai thaha chha bhannu nabhako hola🤥,gagan thapa,yt:Gagan Thapa,comment,latin
गरेउ गरेउ 36 बर्स सम्म देशको  गुदि र जन्ताको खुम लुटेउ अब के बाकी छ  बाख्रा न भुके हुन्छ,gagan thapa,yt:Gagan Thapa,comment,deva
"बिपी को नाम मात्र होईन  ,  बाहिर  बाहिरको कुरा होईन  बिकीका मुख्य  मार्गहरु  मा तपाई प्रवेश  गर्न  सक्नुहुन्न  किन  ?  हिजोसम्मत  त  तपाईपनि  हिजो  उता  उफ्रिउफ्रि कराएका  र तपाई त एउटै हो  एउटै हो एउटै हो  ।  
राम्रो संग   भित्री  मनले सोचेर  बिचार पुर्याउनुहोस्  । अब ख्याल ख्याल नसोच्नुहोस्  ।",gagan thapa,yt:Gagan Thapa,comment,deva
"कति भजाएर खान्छौ वि. पि को नाम, यी नाम बेचेर खाने कोहि स्वदेशी कोहि विदेशी सब भष्ट्र हुन । पतन हुन जरूरी छ ।",gagan thapa,yt:Gagan Thapa,comment,deva
"तिम्रै पार्टी ले तिमि लाई ज्यान मारा को आरोप लगायो अब के भन्छौ,चुनाव हारेको दुमबा ठूलो कुरा सुहाएन, पाप त लाग्छ लाग्छ, निर्दोष मान्छे लाई दोषी बनायौं, पालो सबै को आउँछ",gagan thapa,yt:Gagan Thapa,comment,deva
भ्रष्टाचार गर्नु पनि राजनीति हो कि ?,gagan thapa,yt:Gagan Thapa,comment,deva
Balla Congress le gatilo leadership paekoma khusi lagxa tathapi ma congressko voter hoina.,gagan thapa,yt:Gagan Thapa,comment,latin
झुट्टा प्रमाण देखाउ भनेको पनि राजनीतिक तिमीलाई..अनुहार र स्वर सुन्न मन छैन यस्को,gagan thapa,yt:Gagan Thapa,comment,deva
Ho 35 barsa vayo khoi mal kisan lai,gagan thapa,yt:Gagan Thapa,comment,latin
मटन सबैलाई मनपर्ने😂😂😂😂😂😂😂,gagan thapa,yt:Gagan Thapa,comment,deva
बालेन शाह को बिचार हो यो bp को होइन,gagan thapa,yt:Gagan Thapa,comment,mixed
तैले आज सम्म के हेरिस त नि त नबोल क्या,gagan thapa,yt:Gagan Thapa,comment,deva
Barshau loadsheding garnu Pani congress ko Raajniti ho.,gagan thapa,yt:Gagan Thapa,comment,latin
तेरो बोलिमा नागरिकको आश छैन बुझी राख तैले अहिले सम्म के चाहिँ गरिस,gagan thapa,yt:Gagan Thapa,comment,deva
Gagan uba futre star pm,gagan thapa,yt:Gagan Thapa,comment,latin
यो बाख्रा चोर बौलाउदै छ अब,gagan thapa,yt:Gagan Thapa,comment,deva
Loktanra bhaneki yahi,gagan thapa,yt:Gagan Thapa,comment,latin
Serbahadur ko ghar jalaune manxe lagaune pani rajniti nai ho hoin r,gagan thapa,yt:Gagan Thapa,comment,latin
때리 마 찍내 자 tha😊,gagan thapa,yt:Gagan Thapa,comment,latin
boulaahaa k vanxo,gagan thapa,yt:Gagan Thapa,comment,latin
हेर्दै जा तेरो हालत झन खराब हुन्छ बोका,gagan thapa,yt:Gagan Thapa,comment,deva
तिमिहरुको राजनिति भनेको देश लुटने मात्र हो जनतालाइ भ्रम नछरअो अब पनि बाख्रो,gagan thapa,yt:Gagan Thapa,comment,deva
Dramma. Pan,gagan thapa,yt:Gagan Thapa,comment,latin
"Stupidly , dharma 2",gagan thapa,yt:Gagan Thapa,comment,latin
गगनजी गफ दिन जान्नु पनि राजनीति रहेछ है 😥,gagan thapa,yt:Gagan Thapa,comment,deva
धन्यवाद  गगनजि । तपाईं देशकै गगन हाे । सत्य लगनशीलताले अवस्य शीखरमा पुर्याउंछ ।,gagan thapa,yt:Gagan Thapa,comment,deva
जो भोट हाल्न माग्न आयेनन उनिहरुलाइ भोट हाल्न माग्न जाने बाताबरण बनाउने पार्टी सभापति साथै निर्वाचन कमिटी सयोजक को हैन र गगन जि,gagan thapa,yt:Gagan Thapa,comment,deva
bichara gagan dai aabo ta ghorma bosero somsod choleko herdai janu  aabo ghor bata nai face book ma proman dekhaunu la,gagan thapa,yt:Gagan Thapa,comment,latin
Hats off gagan❤❤,gagan thapa,yt:Gagan Thapa,comment,latin
Bhakra khoi? Your are wrong again where is press? This is just your dis-clarification  among your party.  Just Give me your one goat.,gagan thapa,yt:Gagan Thapa,comment,latin
प्रमाण हराएको मानिस। अहिले त आफैं संसदबाट हराएछन। अतिले खति गर्छ भनेको यही रहेछ की क्या हो!,gagan thapa,yt:Gagan Thapa,comment,deva
Jaya ghanti Jaya youbaa Jaya rabi sir Jaya ghanti Jaya amresh sir💖🙏🙏🙏🇳🇵,gagan thapa,yt:Gagan Thapa,comment,latin
Alupadey mcc🐐🐐🐐🦙🦙🦙🐐🦙🐐parman khoi,gagan thapa,yt:Gagan Thapa,comment,latin
पापी बिचार र साेच भएको गगन तिमी हाे झुटाे आराेप लगाएर मान्छेलाई दु:ख दिने ले देश बनाउछ पाटि भित्र नै गठबन्धन तयार गरेर तिमी ले फलानो लाइ सिधियाउ म यो गर्छु तिमीहरू यस्तो गर भनेर हात धाेएर पछि लाग्ने ले आलु काे देश बनाउछ तिमी भन्दा राम्रो मान्छे छन् हाेला पाटि मा तिमी ले सधै हार्नु पर्छ काम छैन तेरो,gagan thapa,yt:Gagan Thapa,comment,deva
हार्नूकाे कार रबिकाे पर्मान नभर सबैला थाहाछ?,gagan thapa,yt:Gagan Thapa,comment,deva
जिन्दगीमा अहिलेसम्म हेरेको सबैभन्दा स्वतन्त्र पत्रकारिताको असल उदाहरण सुरज दाइ ।।,gagan thapa,yt:Gagan Thapa interview,comment,deva
Gagan ko political career sakdine kasam khaxan Suraj dai le😂😂😂😂,gagan thapa,yt:Gagan Thapa interview,comment,latin
गगनलाइ हिरो बाट जिरो बनाएकोमा धन्यबाद सुरज सर,gagan thapa,yt:Gagan Thapa interview,comment,deva
यो हेरेपछि थाह भो यसले देस लाइ निकास दिन सक्दैन सचेत हुन जरुरि छ😢😢,gagan thapa,yt:Gagan Thapa interview,comment,deva
He is just another Sher Bahadur with clear  voice,gagan thapa,yt:Gagan Thapa interview,comment,latin
भित्र nokia मोबाइल र बाहिर iphone 17 pro max को कबार हालेको जस्तै हो काङ्ग्रेस ।🤣🤣,gagan thapa,yt:Gagan Thapa interview,comment,mixed
Question purba answer pachim😅 Gagan is like this.,gagan thapa,yt:Gagan Thapa interview,comment,latin
"1:12:59 
शेर बहादुर को घर को पैसा को विषय",gagan thapa,yt:Gagan Thapa interview,comment,deva
"Gagans mama: Babu taile bhaat khais ? 
Gagan: ma school janchhu",gagan thapa,yt:Gagan Thapa interview,comment,latin
"Question answer be like
म गर्छु आग्रा कुरा, सम्धी गर्छ गाग्रा कुरा😂",gagan thapa,yt:Gagan Thapa interview,comment,mixed
"तेसैले म भन्छु यिनिहरु नयाँ त हुन !
""पुरानो पाइन्ट काटेर बनायका नयाँ  हाप पाइन्ट"" जस्तै😃",gagan thapa,yt:Gagan Thapa interview,comment,deva
"फेरिएको काङ्ग्रेस होइन सभापति मात्र फेरिएको हो, शेरेको चेला मध्य एक गगन !",gagan thapa,yt:Gagan Thapa interview,comment,deva
Seems he is a good Actor. Still act innocent.,gagan thapa,yt:Gagan Thapa interview,comment,latin
"Gangan be like :""Diplomatic answer dinxu ani safe side ma basxu""",gagan thapa,yt:Gagan Thapa interview,comment,latin
यो गगन रबिको बारेमा सोधेको भए न्यायाधीश बन्ने थियो यसको दिमाग मा नि शेर बहादुरको घर मा भए जति कसरी कमाउने हो भन्ने मात्रै छ,gagan thapa,yt:Gagan Thapa interview,comment,deva
"So many unanswered question, even SST himself gets bored",gagan thapa,yt:Gagan Thapa interview,comment,latin
Once time gafadi always gafadi likes ganga thapa 🤣🤣,gagan thapa,yt:Gagan Thapa interview,comment,latin
काम पुरो एकातिर कुम्लोको ठिमीतिर भनेको जस्तो। अरु अरु कुरो लगेर पो टुंग्याउने भयो देउवाको घरको पैसाको बारेमा त बोल्ने नसक्ने रहेछ नि मान्छे नामर्द 😂,gagan thapa,yt:Gagan Thapa interview,comment,deva
This mf did not even accept the fact that the money found in deuba's house was real.,gagan thapa,yt:Gagan Thapa interview,comment,latin
"कति गफ दिन जानेकाे?? हैट।
फटाहा😉",gagan thapa,yt:Gagan Thapa interview,comment,deva
"देउवाको बारे गगनको गोलमतोल जबाफ , मलाइ लाग्दैन कि गगनले `केहि गर्छन्´ भन्ने",gagan thapa,yt:Gagan Thapa interview,comment,deva
"For the first time in podcast, the questions feel more interesting than the answers.",gagan thapa,yt:Gagan Thapa interview,comment,latin
"सुरक्षित हुन्छु कि भनेर Bunker भित्र छिरेको खसि, बंकरभित्र बाट नै बम पड्कियो।😂
AI nai vaney honxa sabai, for instance Deauba leyy veteko kutai pani😁",gagan thapa,yt:Gagan Thapa interview,comment,mixed
"0:00 - 2:24 | Introduction: Welcome to the Bunker
2:25 - 6:55 | The Stone-Pelting Gagan and Today's Youth Anger
6:55 - 10:34 | Just Because You Have Numbers, Can You Do Anything?
10:34 - 14:54 | During Protests, I Stopped People from Burning Houses
14:54 - 19:19 | The 5-6 Years After the Constitution, We Completely Failed
19:19 - 24:52 | When My Home Was Attacked, What Was My Family's Reaction?
24:52 - 31:44 | From Trichandra to Bhrikutimandap is 1 km, But It Took 30 Years
31:44 - 39:34 | The Trend of Wanting to Be a Leader But Not Taking the Exam (Election)
39:34 - 46:36 | What Did Political Parties Achieve by Weakening Constitutional Bodies?
46:36 - 51:04 | Why Hasn't the Jena Commission's Report Been Released Yet?
51:04 - 57:21 | Three Kinds of People in the Movement: The Angry, The Mob, and The Planners
57:21 - 1:03:20 | A Mother Who Lost Her Son is Still a Party Worker Today
1:03:20 - 1:08:13 | How is My Relationship with Bishwa Prakash Sharma So Good?
1:08:13 - 1:12:49 | The Last Message I Sent to Anjana When I Feared a Plane Crash
1:12:49 - 1:19:15 | What Did I Feel Seeing Deuba's Video?
1:19:15 - 1:24:34 | What Did the GenZ Movement Gain? And Why Did I Leave Kathmandu for Madhesh?
1:24:34 - 1:31:25 | What Happens If Gagan Thapa Becomes Prime Minister?
1:31:25 - 1:32:49 | Final Words and Farewell",gagan thapa,yt:Gagan Thapa interview,comment,latin
Wow suraj sing on fire gagan sanga word nai xaina.. 😂😂,gagan thapa,yt:Gagan Thapa interview,comment,latin
"After watching this podcast, i respect tremendously to Suraj! Hats off to you Suraj bro.",gagan thapa,yt:Gagan Thapa interview,comment,latin
Yo jasto fataha yo duniya ma kohi xaina podcast herda thaha vayo ❤❤❤,gagan thapa,yt:Gagan Thapa interview,comment,latin
Thanks suraj dai yo manxay ko dhoti kholnay saknay manxay tapai ho,gagan thapa,yt:Gagan Thapa interview,comment,latin
Yesto kura ferne maxey lai kasari vote dinu😂😂,gagan thapa,yt:Gagan Thapa interview,comment,latin
"After this interview, I got to master how to ignore questions by saying 'ma auxu tesma pani' and never come back on it. 😆😆😆",gagan thapa,yt:Gagan Thapa interview,comment,latin
Gagan kaji  political career is ended from here 😆,gagan thapa,yt:Gagan Thapa interview,comment,latin
"First episode, first shot and you just bowled. What an opening??? This Show is going to be best",gagan thapa,yt:Gagan Thapa interview,comment,latin
He is the mix version of KP oli Sher Bahadur duba and Prachand,gagan thapa,yt:Gagan Thapa interview,comment,latin
"This mf did not give any worthy answers. Wasted full 90mins. Once a guffadi, always a guffadi.",gagan thapa,yt:Gagan Thapa interview,comment,latin
यसले म जस्तो बाठो वाचाल कोहि छैन भन्ने ठान्छ होला यो मुजी भन्दा हामि सयौँ गुणा बाठो हामी छौ,gagan thapa,yt:Gagan Thapa interview,comment,deva
म सबै ठिक छु अरु सब गलत जस्तो सोचेको छ यो मान्छे खुब,gagan thapa,yt:Gagan Thapa interview,comment,deva
आफै माग फारम भरेर निकालेको पैसाको प्रमाण खोइ???????????,gagan thapa,yt:Gagan Thapa interview,comment,deva
सरल प्रश्न तर आकाङ्क्षित  प्र म सङ्ग उत्तर नै छैन !,gagan thapa,yt:Gagan Thapa interview,comment,deva
"Perfect example of ""Kaam kuro ekatira kumlo boki thimi tira "" 😆",gagan thapa,yt:Gagan Thapa interview,comment,latin
Gagan still thinks people are this dumb? 1:12:59 The question was simple: how he felt seeing cash burnt at Deuba's palace. And he's trying to divert as far he can. Congress 2.0 is going to be a big flop in this election.,gagan thapa,yt:Gagan Thapa interview,comment,latin
he technically said mero political opponent le gareko bhaye investigation garne jimma congress ko. but mero bau le gareko ho so i believe in a ayog doing it,gagan thapa,yt:Gagan Thapa interview,comment,latin
"माने मैले सुरज जी ,जुन यो बाख्रे लाइ नंग्याउने काम गर्नु भो त्यो सराहनीय छ।",gagan thapa,yt:Gagan Thapa interview,comment,deva
"3:55 omg Suraj Dai had already warned about frustration of youth, 6yrs ago 😱😳",gagan thapa,yt:Gagan Thapa interview,comment,latin
"यो गनगनेको energy हेर त, रुझेको बिरालो जस्तो छ।  कुनै जोश जागर छैन।  ठुलै अपराध गरेर बन्करमा लुक्न आएको जस्तो छ।",gagan thapa,yt:Gagan Thapa interview,comment,mixed
This is how interviews should be,gagan thapa,yt:Gagan Thapa interview,comment,latin
After watching this..we have to think twice.. while voting,gagan thapa,yt:Gagan Thapa interview,comment,latin
Waiting for balen inside the bunker.,gagan thapa,yt:Gagan Thapa interview,comment,latin
Love the new format! Suraj dai's interviewing style is as sharp and professional as ever. Great first episode. Truly thoughtful hosting. The depth of the questions in this series makes it stand out from the rest.,gagan thapa,yt:Gagan Thapa interview,comment,latin
This is like talking to a toddler.,gagan thapa,yt:Gagan Thapa interview,comment,latin
Suraj Daii Respect Button ✅✅❤,gagan thapa,yt:Gagan Thapa interview,comment,latin
गगन तिमी हरेर मस्त मगन 😔चुनाव पछि सभापतिबाट नैतिकताको आधारमा राजिनामा दिएर राजनितीबाट सधैको लागी साधु भएर बस😕😕,gagan thapa,yt:Gagan Thapa interview,comment,deva
Tiktok ma dekherw aaune haru yeta hajir hou hai tw 😅,gagan thapa,yt:Gagan Thapa interview,comment,latin
Question ekatira answer arko tira wth,gagan thapa,yt:Gagan Thapa interview,comment,latin
चुनाब हार्नु पनि यो कार्यक्रम ले पनि ठुलो भुका निर्भा गरेको छ। धन्यवाद  सुरज जि🙏🙏🙏🙏🙏,gagan thapa,yt:Gagan Thapa interview,comment,deva
Every year new like iphone 🤣🤣,gagan thapa,yt:Gagan Thapa interview,comment,latin
जलेको पैसा को बारेमा १ शब्द पनि बोल्दैन 😂,gagan thapa,yt:Gagan Thapa interview,comment,deva
"started watching suraj dai from school days call kantipur had that same vibe. the ship vibes then was so awesome. feels similar now as well. the bunker and how casually suraj dai is doing normal things, normal conversation yet with great honesty. and despite him allowing the guest to speak, the guest could not really make a mark. how to do a podcast masterclass is here.",gagan thapa,yt:Gagan Thapa interview,comment,latin
Wow ❤❤❤what a opening SURAJ JEE🙏🏼🙏🏼🙏🏼 first shot n got a bowled😂😂😂😂,gagan thapa,yt:Gagan Thapa interview,comment,latin
What a interview what a questions hats up for Suraj singh thakuri sir for asking our genZ questions,gagan thapa,yt:Gagan Thapa interview,comment,latin
AAj bata gagan ko support xodiyo 🙏,gagan thapa,yt:Gagan Thapa interview,comment,latin
Suraj Singh Thakuri dai lai big respect to ASK such brave question to a wolf in sheep's clothing person !,gagan thapa,yt:Gagan Thapa interview,comment,latin
"This suits more Mr suraj singh thakuri than its my show.
He is the unique personality of nepal 🇳🇵 
May this program goes beyond decades ...",gagan thapa,yt:Gagan Thapa interview,comment,latin
Paisa AI le banako  hoki nai ? Khoi answer?,gagan thapa,yt:Gagan Thapa interview,comment,latin
Arko sher bdr. Raicha without Totlaa boli😂😂😂😂,gagan thapa,yt:Gagan Thapa interview,comment,latin
Future pm from ratna park😂,gagan thapa,yt:Gagan Thapa interview,comment,latin
जे होस् चुनाव अगाडि थाहा भयो कि यो मान्छे कस्तो रहेछ भनेर धन्यवाद सुरज दाई।,gagan thapa,yt:Gagan Thapa interview,comment,deva
Question k xa answer k xa totally confused 😕,gagan thapa,yt:Gagan Thapa interview,comment,latin
I believe....these 90 minutes have  significant contribution towards the victory of Beautiful Opponent against Gangan Thapa. May Goat bless you😊,gagan thapa,yt:Gagan Thapa interview,comment,latin
"Answers are like Sindhuli's BP highway,rolling nicely.Only different is the highway has destination but gagan words doesnt😂😂",gagan thapa,yt:Gagan Thapa interview,comment,latin
Gajjab❣️👏,gagan thapa,yt:Gagan Thapa interview,comment,latin
Question k answer k. It seems Gagan is trying to run away from questions. Excellent questions Suraj dai.,gagan thapa,yt:Gagan Thapa interview,comment,latin
"you showed you true colour at 1:16:53, I will never trust your single word from today onwards period",gagan thapa,yt:Gagan Thapa interview,comment,latin
Gagan Thapa & Suraj dai ❤❤,gagan thapa,yt:Gagan Thapa interview,comment,latin
Suraj dai on fire and Suraj dai on right show to bring up all the people frustration. Thank you on behalf of everyone,gagan thapa,yt:Gagan Thapa interview,comment,latin
Adki adki adki chapai chapai 😂😂😂😂,gagan thapa,yt:Gagan Thapa interview,comment,latin
"I'm  watching this show respecting  the showname ""inside the bunker"" where the guest speaks from the inside of their heart, त्स्तो निस्संदेह आफ्नो मनसाय बोलोस, यौटा त्रास रहित सत्यको कुरा बोलिदियोस लागेको, suraj sir ko qsn ले नि त्यस्तै अपेक्षा गरेको but speaker ले बुजेर नी सत्य बोल्न नचाहेको, show ko मर्म अलिक meet भएन जस्तो लाग्यो।...",gagan thapa,yt:Gagan Thapa interview,comment,mixed
"Suraj: How are you?
Gagan: I am fine thank you.",gagan thapa,yt:Gagan Thapa interview,comment,latin
Balen lai bolaunu paryo show ma,gagan thapa,yt:Gagan Thapa interview,comment,latin
After long time see you dai suraj  so happy to be her agin ❤❤❤❤,gagan thapa,yt:Gagan Thapa interview,comment,latin
Such good questions Dai .this guy just a actor,gagan thapa,yt:Gagan Thapa interview,comment,latin
"गगन थापा नाटक गरिरहेको मात्र हो है साथीहरू। फेरि भोट झार्नकै लागि यो सबै अभिनय हो। यसको फन्दामा नपर्नुहोस्। बाख्राको छाला ओढेको स्याल। Gen-Z आन्दोलनको बेला गृह मन्त्री को थियो, नबिर्सिनुहोस्। सोझो बनेर, नाटक गरेर उसले अझै पनि भोट बटुलिरहेकै छ—मलाई थाहा छ, दिक्क लागिसक्यो। दुःखको कुरा के भने, उसको चाल चलिरहेकै छ। कति सोझा छौँ हामी नेपालीहरू! Suraj dai malai yo manxe sanga nabolnus 😣😣😣",gagan thapa,yt:Gagan Thapa interview,comment,mixed
Suraj da you nail it the way you asked the question it’s not a question it’s a puzzle 🧩 for him 💤,gagan thapa,yt:Gagan Thapa interview,comment,latin
ब्यर्थको गुफ हामीले पत्याइदिनु पर्ने!😮,gagan thapa,yt:Gagan Thapa interview,comment,deva
"Well done, Suroj. However, it is clear that Gagan is one of the most corrupt politicians, and he has no way to escape accountability.",gagan thapa,yt:Gagan Thapa interview,comment,latin
"We want balen inside the bunker !! 
Let's goo suraj dai ❤🙌",gagan thapa,yt:Gagan Thapa interview,comment,latin
"we need Balen to be there next. He has lots of unanswered questions to address! 
He is also one of the cause to the current political scenario. He should have handled his social media wisely. 
Our hope is turning to a danger to our country!",gagan thapa,yt:Gagan Thapa interview,comment,latin
Next Sher Bahadur Deuwa😂,gagan thapa,yt:Gagan Thapa interview,comment,latin
starting the season 1 with banger,gagan thapa,yt:Gagan Thapa interview,comment,latin
Good to see😊,gagan thapa,yt:Gagan Thapa interview,comment,latin
"As RSP voter respect Gagan for unscripted interview.
Common Gagan sir with due sincere  respect 🙏🙏we learned Nepal politics looking up to you as a role model.
Plz have guts to say
Wrong is wrong - For Deuba💰💰
You were/are a great youth visionary for change in Nepal 
If you fear Deuba & rigged Politicians 
What can general civilians expect

Plz take you stand time has given you rare opportunity
It's not about politicians win/loss.
Its about Nations win/loss now.
Jai Desh🙏🙏",gagan thapa,yt:Gagan Thapa interview,comment,latin
What a ❤❤❤❤❤ great show n question 👏🏻👏🏻👏🏻👏🏻👏🏻,gagan thapa,yt:Gagan Thapa interview,comment,latin
"Suraj daai ✅
Gagan thapa ❌",gagan thapa,yt:Gagan Thapa interview,comment,latin
He got exposed himself😅😅😅,gagan thapa,yt:Gagan Thapa interview,comment,latin
Inside the Bunker... What a grand show? Lets enjoy the presentation of Mr suraj singh Thakuri Dai..,gagan thapa,yt:Gagan Thapa interview,comment,latin
aba ko 90 min is you last 90 min 😂,gagan thapa,yt:Gagan Thapa interview,comment,latin
New concept and we are excited for more eps . With balen ❤️,gagan thapa,yt:Gagan Thapa interview,comment,latin
very tactial and smart answers. I don’t know about politics but this guy is very samet to tackle questions.,gagan thapa,yt:Gagan Thapa interview,comment,latin
हेर मुला कंग्रेस को झोले हरु तिमारु को महामन्त्री अर्थात अहिलेको सभापति कति बिद्वान रहेछ😂😂😂,gagan thapa,yt:Gagan Thapa interview,comment,deva
1:18:01 this mf is very clever and he already knows what to say and where to say ..he think he is smart but mf wait for falgun 21,gagan thapa,yt:Gagan Thapa interview,comment,latin
"Amazing what a screenshot 
Everything  waa best",gagan thapa,yt:Gagan Thapa interview,comment,latin
"पुरै interview सुने मजा आयो हेर्न लाई❤❤
अबको हाम्रो प्रधानमन्त्री गगन दाई❤❤❤आस र भरोसाको दियो",gagan thapa,yt:Gagan Thapa interview,comment,mixed
विश्वप्रकाश दाजु  हृदयदेखि नै अझै अझै आदर  सम्मान  बढेर गयो! अबको प्रधानमन्त्री गगन थापा नै हुनुपर्छ ! जय नेपाल 🇳🇵🇳🇵🇳🇵🇳🇵,gagan thapa,yt:Gagan Thapa interview,comment,deva
दुई जाना दाइ हरु कै कारण म काङ्ग्रेस हो भन्न गर्व लाग्छ❤❤❤,gagan thapa,yt:Gagan Thapa interview,comment,deva
रमाइलो गफ गाफ मजाले हसाउनु भो  सन्दीप जि ले दुबै जान हुनाहार नेता केही गर्नुस् अब ता अति भो जय नेपाल,gagan thapa,yt:Gagan Thapa interview,comment,deva
Bishwa Sharma sir ko sense of humour Dami 😊,gagan thapa,yt:Gagan Thapa interview,comment,latin
"Never seen Funny side of Gagan Thapa, he is hilarious.",gagan thapa,yt:Gagan Thapa interview,comment,latin
Came to know about these two great leaders in a very witty way from this show. Thanks Sandip Dai,gagan thapa,yt:Gagan Thapa interview,comment,latin
"गगन र विश्वको राजनितिको
 महत्वपूर्ण पदमा चाडैं
यस्तै गरि जनताहरुलाई हाँसो र खुसी दिने,,,, आगमनको प्रतिक्षामा छुं 🇳🇵🇳🇵🇳🇵🇳🇵🇳🇵🇳🇵🇳🇵🇳🇵🇳🇵🇳🇵🇳🇵🇳🇵🇳🇵🇳🇵🇳🇵🇳🇵🇳🇵👍👍👍👍👍👍👍👍🇳🇵🇳🇵👍",gagan thapa,yt:Gagan Thapa interview,comment,deva
"very nice personality 2 young leaders,Jai Nepal",gagan thapa,yt:Gagan Thapa interview,comment,latin
After long time really enjoyed this show 😊 hats off both of you,gagan thapa,yt:Gagan Thapa interview,comment,latin
The best interview I have ever watched on television 😂🎉🎉😂😂,gagan thapa,yt:Gagan Thapa interview,comment,latin
Very talented both 😮😮 singing very impressive Bishwo sir 🙏,gagan thapa,yt:Gagan Thapa interview,comment,latin
मेरो आसा भरोसा दुबै दाजु हरु,gagan thapa,yt:Gagan Thapa interview,comment,deva
उर्जामान र सकारात्मक बिचारको धनी व्यक्ति गगन र विश्व दाइ ❤️🙏🙏,gagan thapa,yt:Gagan Thapa interview,comment,deva
नेपाली राजनीति का बलिया खम्बाहरु बिश्वप्रकाश शर्मा र गगन थापा ❤❤🙏🙏🙏,gagan thapa,yt:Gagan Thapa interview,comment,deva
जय हो गगन दाइ बिश्व दाइ 🎉,gagan thapa,yt:Gagan Thapa interview,comment,deva
"The seating arrangement in this Sandip Chhetri production is INCORRECT. This expresses when a guest  needs to look up for conversation, Sandip will always be down on them. I just mean seatings on the equal height should be maintained. With all due respect, but you should take this issue carefully when inviting high-profile individuals to a show. Because Nepalese are fairly modest, they might not express themselves directly, but in a conversational situation, encouraging equality and cooperation is always preferable.",gagan thapa,yt:Gagan Thapa interview,comment,latin
नेताको मन भनेको बिश्व प्रकाश दाइको जस्तो भयको भय यो देशको युवा हरू बिदेशिनु पर्दैन थियो होला  तपाइ २ मिलेर देश बनाउनुहोस🙏🙏🙏🙏🙏🙏🙏🙏🙏,gagan thapa,yt:Gagan Thapa interview,comment,deva
युवा हरु काे आसा काे दियाे निभ्न दिनु हुदैन  जसरि भय पनि देउवा काे हात बाट नेतृताे  गगन जि ले लिनु पर्याे  जय नेपाल ❤🙏,gagan thapa,yt:Gagan Thapa interview,comment,deva
"घरका दुई आफ्नै यकै आमाबाट जन्मियका भाइहर त यत्तिके मिलनसार हुदैन great leader of nepal 
Huge respect..gagan and bishow dai..",gagan thapa,yt:Gagan Thapa interview,comment,mixed
"सुनिरहने दुई व्यक्तिको फरक र रमाइलो अन्तरवार्ता ,
धन्यवाद सन्दिप दाई लाई ...",gagan thapa,yt:Gagan Thapa interview,comment,deva
Waiting for this episode ❤,gagan thapa,yt:Gagan Thapa interview,comment,latin
"10%=comedy
10%=interview 
80%=Sandip dai ko hahahahahahahahaha😂😂😂😂😂😂😂😂😂😂😂😂😂😂😂😂😂😂😂😂",gagan thapa,yt:Gagan Thapa interview,comment,latin
SENSE OF BISHOWPRAKASH IS JUST😀😀,gagan thapa,yt:Gagan Thapa interview,comment,latin
Gagan Thapa - Bishwa Prakash Sharma both are my political Ideal.♥️❣️,gagan thapa,yt:Gagan Thapa interview,comment,latin
Both are my political ideal ❤️❤️jay Nepal 🙏,gagan thapa,yt:Gagan Thapa interview,comment,latin
Great to see Gagan dai and Bishow Dai,gagan thapa,yt:Gagan Thapa interview,comment,latin
"सबैभन्दा मनपर्ने दुई नेता अनि मनपर्ने कलाकार सन्दिप दाइ, देशले धेरै आस गरेको छ दुईजना बाट ।गज्जब लाग्यो ,जय नेपाल !",gagan thapa,yt:Gagan Thapa interview,comment,deva
One of the best ever show of Nepali television history😊,gagan thapa,yt:Gagan Thapa interview,comment,latin
"हार्दिक आभार दुई जनालाई ❤❤, आज सम्म कै गतिल्लो अन्तरवार्ता ❤❤",gagan thapa,yt:Gagan Thapa interview,comment,deva
छिटो अपलोड गर्नुपर्ने भो सन्दिप जी ! हामी हेर्नलाई आतुर छौं,gagan thapa,yt:Gagan Thapa interview,comment,deva
"Waiting this time 
Sandip dai   👏👍",gagan thapa,yt:Gagan Thapa interview,comment,latin
Great show ; huge respect to both of you!!!,gagan thapa,yt:Gagan Thapa interview,comment,latin
"Good to see you  both together ,a",gagan thapa,yt:Gagan Thapa interview,comment,latin
जे होश राम्रो अनि हासो लाग्दो कार्यक्रम ❣️🇳🇵आजको ईपिसिउद्😋,gagan thapa,yt:Gagan Thapa interview,comment,deva
"Even though I do not admire these two politicians that much, really enjoyed by their sense of humor 😂😂😂",gagan thapa,yt:Gagan Thapa interview,comment,latin
you guys are really amazing people. Good luck bro ❤️,gagan thapa,yt:Gagan Thapa interview,comment,latin
Energetic & entertaining!,gagan thapa,yt:Gagan Thapa interview,comment,latin
"Great, i really enjoy the interview.  Hoping every thing will go in right direction. 😂",gagan thapa,yt:Gagan Thapa interview,comment,latin
One of the best program that i have watched ever❤️.,gagan thapa,yt:Gagan Thapa interview,comment,latin
विश्व प्रकाश गगनकाे वास्तममै अभिभावक रहेछन भन्ने कुरामा विश्वास्त भईयाे । गगन पढेकाे बिद्यालयकाे नाम देखि गगनका छाेरीहरूकाे समेत नाम विश्व प्रकाशलाई याद छ जुन गगनमा देखिएन । यहाँहरूकाे मित्रता अझै प्रगाढ वनाेस शुभकामना ।,gagan thapa,yt:Gagan Thapa interview,comment,deva
"सर्वप्रथम नमस्कार सन्दिप सर माहामन्त्री देाय माननिय   दुबै जना लाइ जय नेपाल अलि अलि अमुल परिर्वत का युवाहरुका ढुढुकी बेजाेडले जुराउनु भयछ सलाेट सन्दिप सर,,",gagan thapa,yt:Gagan Thapa interview,comment,deva
2026/02/05 मा हेर्दै छु पहिला पनि हेरेको फर्केर फेरि हेरियो दुई जना महामन्त्री को कुराकानी,gagan thapa,yt:Gagan Thapa interview,comment,deva
Wow bishwa dai kya dami voice ❤❤❤,gagan thapa,yt:Gagan Thapa interview,comment,latin
Waiting 🎉🎉,gagan thapa,yt:Gagan Thapa interview,comment,latin
Thank you so much for this episode😍,gagan thapa,yt:Gagan Thapa interview,comment,latin
Best interview ❤❤❤,gagan thapa,yt:Gagan Thapa interview,comment,latin
नेपालको सुनौलो भबिस्य लागि असागरियका दुई खम्बा !! i am so proud both of u ❤❤,gagan thapa,yt:Gagan Thapa interview,comment,mixed
great interview of new taste . congratulation sandip,gagan thapa,yt:Gagan Thapa interview,comment,latin
"Bishow sir multitalented ❤
Good singer +leader with next level humour 
Gagan dai gem of Congress+ Best speaker ❤
If congress sarkar maa gayo vane uhaa haru le paalo paunuparxa",gagan thapa,yt:Gagan Thapa interview,comment,latin
❤❤❤ love both of you,gagan thapa,yt:Gagan Thapa interview,comment,latin
नेपालका आशा लाग्दा दुई योग्य क्षमतावान नेताहरु🎉❤,gagan thapa,yt:Gagan Thapa interview,comment,deva
Bishwaprakash's support to Gagan is Immense around 36:15 min. So witty guys.,gagan thapa,yt:Gagan Thapa interview,comment,latin
gagan thapa have a good leadership capacity  than other budo congress .. jay nepal 🇳🇵,gagan thapa,yt:Gagan Thapa interview,comment,latin
Wow such a great interview,gagan thapa,yt:Gagan Thapa interview,comment,latin
Glad to see a wonderful show ❤!  Great pillar of Nepali Congress party as well as of our country.,gagan thapa,yt:Gagan Thapa interview,comment,latin
waooow  verry  nic  voice  bishow sir  ko,gagan thapa,yt:Gagan Thapa interview,comment,latin
विश्व प्रकाश सर्मा प्रती नमन 🙏 अबको देसको प्रधानमन्त्री विश्व दाइ चै लायक हो,gagan thapa,yt:Gagan Thapa interview,comment,deva
मज्ज्जा आयो ब्रो हरुको कुरा सुनेर 🇳🇵🇳🇵🇳🇵🇳🇵 ल यो जोगाउनुस होइ,gagan thapa,yt:Gagan Thapa interview,comment,deva
Two different persons.. one has power of energy next has politeness,gagan thapa,yt:Gagan Thapa interview,comment,latin
बडा गजब लाग्यो❤️🇳🇵🎉,gagan thapa,yt:Gagan Thapa interview,comment,deva
You guys are pure rock … a true leader a true human being… wish you both very best 🎉 of luck and keep doing good for nation …,gagan thapa,yt:Gagan Thapa interview,comment,latin
very intresting lagyo programme...,gagan thapa,yt:Gagan Thapa interview,comment,latin
Really best interview of great leader of Nepal ❤Thank you sandip brother for this beautiful episode ❤,gagan thapa,yt:Gagan Thapa interview,comment,latin
Gagan dai biswo prakash dai you both are true leader,gagan thapa,yt:Gagan Thapa interview,comment,latin
दुवै जनालाई एकै ठाउँमा देख्दा कस्तो छुट्टै हौसला आएको आफूभित्र नै ☺️ Love to see this bonding❤,gagan thapa,yt:Gagan Thapa interview,comment,mixed
Waiting to listen both of you,gagan thapa,yt:Gagan Thapa interview,comment,latin
Alfa Male Energy in Gagan and Feminine politenesses in Bishowparkash. Awesome Combo ❤,gagan thapa,yt:Gagan Thapa interview,comment,latin
कार्यक्रम हेर्न मज्जा आयो 👏👏👏,gagan thapa,yt:Gagan Thapa interview,comment,deva
गगन दाइ ले देश र बिश्व दाइ ले पार्टी हाक्नु पर्छ ❤️❤️,gagan thapa,yt:Gagan Thapa interview,comment,deva
Best episode excellent,gagan thapa,yt:Gagan Thapa interview,comment,latin
Two legendary ❤❤,gagan thapa,yt:Gagan Thapa interview,comment,latin
My favourites ❤,gagan thapa,yt:Gagan Thapa interview,comment,latin
दाइहरु भाबि कांग्रेसको सभापति र प्रधानमन्त्री भएकाे हेर्न मन छ उहाहरु अहिलेका नया भन्दा बुझुक र अात्मविश्वासी लाग्छ🙏,gagan thapa,yt:Gagan Thapa interview,comment,deva
यदि नेपाली राजनितिका यी दुई पुस्ता बाट पनि देस बिकास निकास का कुरा भयन भने यो पुस्ता बाटै हुदैन त्यसैले उहाँ बाट धेरै अपक्षे पनि छ जय दुबै दाजु हरुलाइ,gagan thapa,yt:Gagan Thapa interview,comment,deva
परिपक्क युवा नेता हरु केही आश छ हजुर हरु बाट,gagan thapa,yt:Gagan Thapa interview,comment,deva
देश नेताले बनाउने होइन नितिले बनाउने हो राम्रो देशको नीति बुझेर अगाडि बडेका नेता हुन बिश्व र गगन 🇳🇵🇳🇵🇳🇵🇳🇵,gagan thapa,yt:Gagan Thapa interview,comment,deva
"नेपाली कांग्रेस को भबिस्य ,नेपाली राजनीति को भबिस्य ,देशको आशा भरोसा गगन दाइ र बिश्व प्रकाश दाइ 🙏❤️  जय नेपाल 🇳🇵🙏❤️",gagan thapa,yt:Gagan Thapa interview,comment,deva
निकै रमाइलो भयो हेर्न,gagan thapa,yt:Gagan Thapa interview,comment,deva
गगन दाइ अाउनु भयाे भने देशले मुहार फेर्छ भन्नेमा हामी जनता ढुक्क छाै,gagan thapa,yt:Gagan Thapa interview,comment,deva
मन प्रनि ब्याक्ती हरु❤❤,gagan thapa,yt:Gagan Thapa interview,comment,deva
Great show. Nice BP dai. Beautiful vocal never knew you could sign.,gagan thapa,yt:Gagan Thapa interview,comment,latin
गगन विश्व देशको आशा र भरोसा ❤️❤️,gagan thapa,yt:Gagan Thapa interview,comment,deva
Yo ramro conversation lagyo open khalko,gagan thapa,yt:Gagan Thapa interview,comment,latin
My favourite leaders in nepali politics ❤❤❤,gagan thapa,yt:Gagan Thapa interview,comment,latin
This interview make my morning happy morning😂😂,gagan thapa,yt:Gagan Thapa interview,comment,latin
नेपाली राजनीतिका 2 आसा लाग्दा परिपक्क तारा ❤❣️,gagan thapa,yt:Gagan Thapa interview,comment,deva
Love & respect  to you  both much !,gagan thapa,yt:Gagan Thapa interview,comment,latin
अब पाटी सभापति विश्वप्रकास दाइ प्रधानमन्त्री गगन दाइ र राष्ट्रप्रमुख वा राष्ट्रपति मीन विस्वकर्मा वा प्रदिप पौडेल हुनुपर्छ ।,gagan thapa,yt:Gagan Thapa interview,comment,deva
राजनित गर्ने युवाहरुमा यत्तिको क्षमता चै हुनुपर्छ मर्नु हासिंयो पनि😅,gagan thapa,yt:Gagan Thapa interview,comment,deva
"The party doesn't matter, the person has to be very nice 👍",gagan thapa,yt:Gagan Thapa interview,comment,latin
great ❤leaders,gagan thapa,yt:Gagan Thapa interview,comment,latin
Their sincerity and sense of humour both are outstanding.,gagan thapa,yt:Gagan Thapa interview,comment,latin
really enjoy This show and interview .,gagan thapa,yt:Gagan Thapa interview,comment,latin
Gagan दाई र विश्व दाई कांग्रेस को अंतिम आश 😊❤,gagan thapa,yt:Gagan Thapa interview,comment,mixed
Full interview 🙏 🙌 ✨️ 👌 ♥️,gagan thapa,yt:Gagan Thapa interview,comment,latin
अत्यन्तै उत्कृष्ट अन्तर्वार्ता 🙏🇳🇵❤️,gagan thapa,yt:Gagan Thapa interview,comment,deva
Last hasyo 😂😂😂😂,gagan thapa,yt:Gagan Thapa interview,comment,latin
Gagan ra Bishwo Prakash ko eti ramailo and carefree interview herna paiyo. Thank you Sandeep Chhetri.,gagan thapa,yt:Gagan Thapa interview,comment,latin
यो सत्य बोल्नु भयो गगन ज्यु,gagan thapa,yt:गगन थापा,comment,deva
Jaya nepal jaya rasopa,gagan thapa,yt:गगन थापा,comment,latin
"काँग्रेस कम्निष्ट बाई बाई रा,स्व,पा हाई हाई।",gagan thapa,yt:गगन थापा,comment,deva
जे होस् गगन थापा अलिकति सुध्रिए जस्तै लागो ठिकै हो,gagan thapa,yt:गगन थापा,comment,deva
भाषण गरेरमात्र के गर्ने अनि पञ्चायतको रिसले उद्योग वेचेको अनि गणतन्त्र ल्याएको देश लयालिडग पारेको हो सभापती ज्यू,gagan thapa,yt:गगन थापा,comment,deva
कस्तो राम्रो 🎉🎉❤🙏,gagan thapa,yt:गगन थापा,comment,deva
"पहिला त सारै राम्रो नेता मान्थे, अहिले त किनहो किन रास्टृय फटाहा जस्तै लाग्छ । उस्को बोलि को बिस्वास नै लाग्दैन।",gagan thapa,yt:गगन थापा,comment,deva
आफ्नाे पार्टी गलत दिशामा गएकाे र आफुले पार्टीलाई सुधार्न नसकेकाेले पार्टीकाे अहिलेकाे हबिगत त्यसैकाे परिणाम हाे भन्ने बल्ल महसुस गर्नुभयाेे गगन थापाले ।,gagan thapa,yt:गगन थापा,comment,deva
नेपाली कांग्रेस सबैको गुरु पार्टी र सबै पार्टीको मूल्य मान्यता को समर्थन गर्ने नराम्रामा खबरदारी र राम्रामा समर्थन गर्ने हो।,gagan thapa,yt:गगन थापा,comment,deva
उच्च राजनितीक छवि र परिपक्वता भयका नेताहरु यस्ता हुन्छन।🎉❤,gagan thapa,yt:गगन थापा,comment,deva
Hami chahana yehi ho jay nepal🎉🎉🎉,gagan thapa,yt:गगन थापा,comment,latin
well done Gagan ji your strong speech for RSP,gagan thapa,yt:गगन थापा,comment,latin
The best respected honorable heartful awarded worshiped voice mail message is coming here there and everywhere thanks........,gagan thapa,yt:गगन थापा,comment,latin
१८सालमा राजा महेन्द्रलेठिकै त गरेका रहे छन् नि । राष्ट्रघातिहरुको सङ्ख्या घटाएका रहेछन्  । गगने   हिजो ४८ र ५६मा भोट माग्न जाँदा हामि राजा मान्ने पार्टि हौ  भनेर  भन्ने अहले राजाको बिरोध गर्ने।अझै जनतालाई छकाउँछौ  जस्तो लाग्छ?ति५० जना त देसको सत्रु घटाएछन्। काङ्ग्रेसले ३६वर्षमा देस र जनतालाई के गरे भन्नेकुरा घाम जस्तै छर्लङ्ग छ।,gagan thapa,yt:गगन थापा,comment,deva
सहि भन्नु भयो गगन जी 👍👍👍👍🙏🌹🌸🌼🌸🌹🌹🙏🙏🙏,gagan thapa,yt:गगन थापा,comment,deva
नक्कली कागज देखायर संसद्मा फेरी ऊफ्रने दिन त गयो नि! नेता काङग्रेश।,gagan thapa,yt:गगन थापा,comment,deva
"पहिला त खुट्टा काट्न खोजेकै हो, तर नसकेपछि अहिलेको कुरा हो।",gagan thapa,yt:गगन थापा,comment,deva
Healthy political game bhaeko herna chahanchhaun baki  samaya le dekhauchha,gagan thapa,yt:गगन थापा,comment,latin
Ho yo honi line dherai raamro aba sabai bebahar maa laagi garau tq Gagan ji,gagan thapa,yt:गगन थापा,comment,latin
Thik ho Sir,gagan thapa,yt:गगन थापा,comment,latin
Ravi and balen both are good speakers,gagan thapa,yt:गगन थापा,comment,latin
Jay nepal gagan dai,gagan thapa,yt:गगन थापा,comment,latin
Well said Gagan Thapa jee 👏👏👏👏👍👍👍👍,gagan thapa,yt:गगन थापा,comment,latin
Good point vai,gagan thapa,yt:गगन थापा,comment,latin
Good gagan jiu,gagan thapa,yt:गगन थापा,comment,latin
अहिलेत धेरै भन्दा धेरै राम्रो राम्रो भाबले बोल्नुभयो काङ्ग्रेस  नेता गगन थापा जिउले देसको नेता भनेको यस्तो हुनुपर्छ सधै हामिले वाहाको बोली सुनेर गाली गर्थौ तर अहिलेत वाहाको बोली सुन्दा आत्माग्लानी भएर आखाबाट आँसु आयो धन्नेबाद युवानेता काङ्ग्रेसका गगन्जिउ  देस र जनतापर्ती सधै यस्तै सत्बुद्दी बनिरहोस जयहोस हजुर्स्को,gagan thapa,yt:गगन थापा,comment,deva
Verry good,gagan thapa,yt:गगन थापा,comment,latin
❤❤❤❤❤🔔🔔🔔🔔🔔🔔❤️❤️🇳🇵,gagan thapa,yt:गगन थापा,comment,latin
🙏🙏🙏🌹🌹🌹🌹🙏🌹,gagan thapa,yt:गगन थापा,comment,latin
नेपाली कांग्रेस रा स्वापा दुश्मन होइन प्रतिस्पर्धी हो। सत्तापक्ष जिम्मेवार भएको खण्डमा समर्थन गैर जिम्मेवार भएको ठाउँमा दरो खबरदारी गर्छन्। सबै जनताको साझा हितका निमित्त सरकारले काम गरोस् भन्ने सुझावका साथ नेपाली कांग्रेसका सभापति गगन थापाको भनाइ सार्गर्भिक भनाइ राखेर बिदा हुनुभयो जय नेपाल।,gagan thapa,yt:गगन थापा,comment,deva
"kathmandu is only the stage where actor from Chitwan , jhapa and Janakpur perform.",gagan thapa,yt:गगन थापा,comment,latin
Thanks gagan ji,gagan thapa,yt:गगन थापा,comment,latin
गगनजी हामीले कति भनेकार बालेनजीले लौरोमा जित्ने बित्तिकै तपाईँहरूकी सचिनुस् कि सकिनुस् भनेर जनताले भनेकै थिए। अब सचिएर काम छैन,gagan thapa,yt:गगन थापा,comment,deva
रास्व पाले बहुमत ल्याउन सफल भयो ।अहिले तीन पार्टी हरु ले नक्कली भाषा बोल्छन् ।सत्ता मा पुगेभने फेरी सबै बिर्सेर लुट्न छोड दैन न ।धेरै पटक माफी गल्ती भो भन्छन तर आफ्नु व्यवहार छोड दैनन ।,gagan thapa,yt:गगन थापा,comment,deva
Very balance and impressive speech Congress is very mature party one wrong thing was Congress should Congress not should be communist that was wrong..,gagan thapa,yt:गगन थापा,comment,latin
Nepali congress kahile pani mathi aunahundaina,gagan thapa,yt:गगन थापा,comment,latin
सबै जना मिलेर देश बनाउनु पर्छ,gagan thapa,yt:गगन थापा,comment,deva
एक दम सहि  भन्नू भयाे जय घणझ,gagan thapa,yt:गगन थापा,comment,deva
अ गाडी किन् नबोलेको गगन थापा तिमी भाई बनेर कांग्रेस महामन्त्री बनियो। ठयाक्कै टिमले नेपाली जनतालाई भेडा बनायो होइन र,gagan thapa,yt:गगन थापा,comment,deva
एतिको जान्ने  गगन नेताले  एसैबेला चिर्कटो देखाउनु पर्दैन,gagan thapa,yt:गगन थापा,comment,deva
सेतो चिर्कटो को प्रमाण यसैबेला देखाउन गगन भाइ।,gagan thapa,yt:गगन थापा,comment,deva
सुन्नुस  रासपा भाई दाइको कुरा काङ्ग्रेस दाइ हो रासस भाई हो हामि दुबैले जय नेपाल भन्छौ,gagan thapa,yt:गगन थापा,comment,deva
Gagan thapa,gagan thapa,yt:गगन थापा,comment,latin
Right bolnu bhayo,gagan thapa,yt:गगन थापा,comment,latin
"Hamro desh Nepal 🇳🇵 ko RSP sarkar ko Prime Minister Balen Shah babu juee, Chair Man ,Rabi babu juee ra RSP sarkar ko sabei padhadhe kari juee haru le begat ka political party leaders le justo desh Nepal 🇳🇵li nei sakiounei gari bharastra char garnu hunei kam kura haru kadhapei garnu hudeina bhanei hami sabei desh bashi janta haru li manma lagei cha ra purna biswash ash lageiko cha ,so hami kaseile panei ra bipakchi birodhi  political party leaders le hatt ko auta dekhanu parcha justo lakdeina RSP ka mahan leadership leaders li sadei yehei parthana ra subha kamana garchou hi hami sabei desh bashi janta haru le sadei hi, everyone Nepali all peoples 🇳🇵.🙏🙏🙏🙏🇳🇵🇳🇵🇳🇵🇳🇵🙌🙌🙌🙌👏👏👏👏",gagan thapa,yt:गगन थापा,comment,latin
Aaj gagan le ramro bolle 🎉,gagan thapa,yt:गगन थापा,comment,latin
सलाम गगन पुन गगन।,gagan thapa,yt:गगन थापा,comment,deva
गल्ती स्विकार गर्नु नै ठूलो कुरा हो।मलाइ एकदमै मन पर्ने नेता हुनुहुन्छ।के गर्ने अगाडिकोले बिगार्यो दोष सिङ्गो पार्टिले पायो ।,gagan thapa,yt:गगन थापा,comment,deva
धन्यवाद गगन जि,gagan thapa,yt:गगन थापा,comment,deva
First time I respect u gagan bro ….u telling truth,gagan thapa,yt:गगन थापा,comment,latin
"Yo 19 barsa ma temi kaha thiyau? Kun pad thiyana temi sagha ? K gareyau sansar Lai thahi xa..das haru leya pateyaulaean..,hudakhada ko parti rasatal ma purauni temi hau..",gagan thapa,yt:गगन थापा,comment,latin
Thank you gagan,gagan thapa,yt:गगन थापा,comment,latin
Bala बुदि ayaxa 😂😂,gagan thapa,yt:गगन थापा,comment,mixed
खाइ सके पछी  स्वाद  थाहा  पाएको   के  काम र जब  बनाएर दीएको मान्छे  को अधि  म खुशी  भए न भने पछी जय नेपाल 🌳🌲🌿,gagan thapa,yt:गगन थापा,comment,deva
sahi 100%,gagan thapa,yt:गगन थापा,comment,latin
सेरेको पुछरले के आदार्शाको कुरा गरेको सुहाएन,gagan thapa,yt:गगन थापा,comment,deva
Rabi daeko parman na deya samma assko bisbasma na jukkin na huna Janta Maja aapil Garda xu,gagan thapa,yt:गगन थापा,comment,latin
गगन भाई र आफ्नो बिचार राख्यौ ठिक गर्यौ भाई…,gagan thapa,yt:गगन थापा,comment,deva
स्यावास गगनजी आत्मा आलोचन गरेकोमा,gagan thapa,yt:गगन थापा,comment,deva
राम्राेकुरा👍️👍️👍️👍️✅✅✅🇳🇵🇳🇵🇳🇵,gagan thapa,yt:गगन थापा,comment,deva
Sahi kuro gagan dai🙏🙏😁,gagan thapa,yt:गगन थापा,comment,latin
कुरो त सही हो।,gagan thapa,yt:गगन थापा,comment,deva
धेरै राम्रो जय गगन जय बाख्र,gagan thapa,yt:गगन थापा,comment,deva
बल्ल बाख्रे ले को बुद्धि पलायछ !यस्तै बिचार नगर पाली का तिर पनि भन!दलल भ्रष्टाचारि नगर पालिका मा भोरेर राखेको छ्स अझै,gagan thapa,yt:गगन थापा,comment,deva
aaha good...gagan..,gagan thapa,yt:गगन थापा,comment,latin
सै हाे सै हाे,gagan thapa,yt:गगन थापा,comment,deva
Yo bakhra le bolne matra ho khi gardaina,gagan thapa,yt:गगन थापा,comment,latin
गगनले  सहि कुरा   गरे  ।,gagan thapa,yt:गगन थापा,comment,deva
Ghanti ma GAGAN ko thulo sath hat Pani xa..aafno parti sidhayara  Vaya Pani ghanti yo thauma aaunu ma GAGAN ko thulo hat xa..GAGAN ra balan ko pravu Pani auti ho..,gagan thapa,yt:गगन थापा,comment,latin
दाजु बाख्रा को बर्या मा केही बोले को भए,gagan thapa,yt:गगन थापा,comment,deva
"गगन हारेको होइन, नेपाल हारेको हो",gagan thapa,yt:गगन थापा,comment,deva
Aba chai sudharekai hot gagan dai 🙏🙏🙏,gagan thapa,yt:गगन थापा,comment,latin
Jay nipal 🇳🇵🇳🇵,gagan thapa,yt:गगन थापा,comment,latin
Gagan speaks the truth,gagan thapa,yt:गगन थापा,comment,latin
बिभेद गर्ने न.1 गगन जी तपाईं नै हो ।,gagan thapa,yt:गगन थापा,comment,deva
Gagan is good,gagan thapa,yt:गगन थापा,comment,latin
गफ गरे जस्तो सजिलो छैन सुधारिन गगन जी😢😢😢,gagan thapa,yt:गगन थापा,comment,deva
तिमी पनि अबसरबादि हाे नेपाली जन्ताले भनेकाे छ ख्याल राख,gagan thapa,yt:गगन थापा,comment,deva
कहिले  होर  भगवान,gagan thapa,yt:गगन थापा,comment,deva
Jay ghanti Gaganji yo des 3 karod Janta sabai ko ho biteka 35.40 bars ma des Bikas vayar yauta namuna Nepal bannu parne thiyo tar kosaile des ra janta ko hit huneri kunai dal netale kam garnu vayna tesale des vari ko Janta aajit thiy chunab vayo des vari ko Janta le ghanti lai 2 tehai mat diy jasko party vay pani aakhir des ra janta ko hit ma kam garne ho tesaile ghanti matar hoina des lai maya garne sabai miler sambidhan Samsodhan garnus sangghiyata rakhne narakhne Hindu dharm raja Leune ya naleune niyam kanun k k bnaune ho yahi 2 tehai mat vayko bela ma karkar sit miler garnu hola des ra janta ko hit huneri sabai miler Vastchar mukat sundar naya Nepal bnaunu hola,gagan thapa,yt:गगन थापा,comment,latin
यकपटक गगणलाई यो देशको नेतृत्वमा  पुगेको हेर्न मनछ,gagan thapa,yt:गगन थापा,comment,deva
पन्चायत ढाल्यो सङ्गै पन्चायत ले बनायको कलकारखाना सबै बेच्यो,gagan thapa,yt:गगन थापा,comment,deva
बढा लाईन मा आए जस्तो छहै,gagan thapa,yt:गगन थापा,comment,deva
बल्ला चित्तबुझ्दो कुरा गर्नुभयो,gagan thapa,yt:गगन थापा,comment,deva
Ayer Gagan le Galti swikarnu nai thulo ho👍👍👍 Jay Nepal jay ghanti Jay rabi Jay balen,gagan thapa,yt:गगन थापा,comment,latin
"Balen sir KO jasto ramro kaam garyo bhane, sabaie 4:34 jana priya hunchan jantako.
Tara ajhaie pani bhasanaie matra xa .",gagan thapa,yt:गगन थापा,comment,latin
नेपालको इतिहासमा गगन जति प्रष्ट सत्य तथ्यमा बोल्ने आफ्नो पार्टी सरकारमा होस या विपक्षमा होस भ्रष्टाचार र जनताको हितमा बोल्ने नेता पाउनु नै भाग्यमानी थान्नुपर्छ तर हाम्रो देशको भेडाहरु आफ्नो भगवानले जे गरेनी ठिक अरुले राम्रो गरेनी बेठिक देख्छ जस्ले जे भनेनी गगन जस्तो नेता पाउनु गर्भ लाग्छ जय गगन,gagan thapa,yt:गगन थापा,comment,deva
good jay nepal,gagan thapa,yt:गगन थापा,comment,latin
Good Gagan Dai Jaya Nepal 🇳🇵,gagan thapa,yt:गगन थापा,comment,latin
"अब त सरकार छौ नि , गरेर देखाउ त हेरौ   !",gagan thapa,yt:गगन थापा,comment,deva
GAGAN yo sajaya hoina payaki xinau..varatiya kangresh ko halat huni Wala xa..dheri boleyara agraj Lai dhikareyara neta vidina..sabilai sametna saknu perxa..,gagan thapa,yt:गगन थापा,comment,latin
गगनजी तपाईकाग्रेस को आसा र भरोसा हुनुहुन्थ्यो तपाईहरुकोपाटीलाई धेरै बर्ष भोटदियौ तर तपाई जस्तो व्यक्तीलेभरखरै उदाएका पाटीका साथी माथी ठुलो ऱघात भएको जनताले महसुस गरेका छन तेसैले साथी आफुभन्दा बलियो निस्कीयो भने कृपसा ढाल्ने कोसीस अब नहोस !!!!!,gagan thapa,yt:गगन थापा,comment,deva
"गगन राम्रो नेता पार्टीका शिर्ष नेताहरुले थिचिएर माथी उठ्न नदिएको हो,  गगन देशलाई चाहिने नेता हो।",gagan thapa,yt:गगन थापा,comment,deva
धन्यवाद गंगाजी,gagan thapa,yt:गगन थापा,comment,deva
"Aaj aayra gagan Pani desh banaunu parx vanni sochma raixn vanni lageyo 
Yasari milera Jana khojni  manxele pakkai ni khi ramro garx",gagan thapa,yt:गगन थापा,comment,latin
"Hoinw parman khoi ke,,,gagan dai 😂😂😂",gagan thapa,yt:गगन थापा,comment,latin
ती पैलेका प्रमण पेस्ने ठाउ भिटिएको थिएन आज यो महाधिवेसनमा पेसिदिनु भये लाखौँ जनताले ताली लगाउने थिउँ।,gagan thapa,yt:गगन थापा,comment,deva
आज गगनले आत्मा आलोचना सहित डमदार प्रस्तुति दिनु भयो । राम्रो लाइ राम्रो भन्नै पर्छ । त्यो ब्यक्तिको बिबेक मा भर पर्छ ।,gagan thapa,yt:गगन थापा,comment,deva
परिपक्व भाषण,gagan thapa,yt:गगन थापा,comment,deva
तिमीलाई लाज लाग्दैन? के तिम्रो पार्टी हिजो आएको पार्टी होइन हेक्का राख्नुपर्छ। गरेको भए आज सम्म बिकाश को ठुलो फड्को मारिसक्थ्यो,gagan thapa,yt:गगन थापा,comment,deva
"गगनको गर्जन हैन 
सामराज्यबादको चरम र अन्तिम गर्जन हो????????? लठैतहरुलाई चेतना भया???????????",gagan thapa,yt:गगन थापा,comment,deva
आजभोलि अलि चिल्लो हुनूभयछ,gagan thapa,yt:गगन थापा,comment,deva
Ab purana kura vulera desh banaun Patti lagnus,gagan thapa,yt:गगन थापा,comment,latin
Bhasan le desh bandaina hajur..,gagan thapa,yt:गगन थापा,comment,latin
प्रमाण सहकारीको यहीँबाट देखियो।,gagan thapa,yt:गगन थापा,comment,deva
गल्ती कांंग्रेश ले नै गरेकाे हाे । भ्रष्टाचार गर्नऽ नाताबाद कृपावाद गरेर हाे । गगन जी शेर बहादुर काे घरमा जलेकाे रकम बारे पनि बाेले हुन्थ्याे नि ।,gagan thapa,yt:गगन थापा,comment,deva
गगन थापा कहिले सुध्रिनु हुन्न अझै पनि ब्ल्याकमेल गरि रहनुभाछ,gagan thapa,yt:गगन थापा,comment,deva
जुन थाल मा खान्छ तेहि थाल मा थुकि रहेको छ गगन थापा बरु कांग्रेस पार्टी परित्याग गरी रास्वपा प्रबेस गरे हुन्छ एक स्वार्थि कि केहो हजुर हो,gagan thapa,yt:गगन थापा,comment,deva
दलगत संग संगठन खारेज गर्ने कुरोमा रा सो पा को नीति समर्थन गर।,gagan thapa,yt:गगन थापा,comment,deva
A ho ra ani ahile samma luteko sampati k garni honi😅😅😅😅😅😅,gagan thapa,yt:गगन थापा,comment,latin
चाेर झुट् काम्त सकेसम्म गर्नुभाे अनिपाे दस्हात्काे तिन्हात् भयर थच्चियौ अब कहिलेइ उठ्ने छैनउ थच्चिने हाे,gagan thapa,yt:गगन थापा,comment,deva
उफ यो भाषण सार्है उच्चकोटिको थियो। सिम्प्ली गुज बम्प नै आयो। तर अचम्म लाग्छ! यस्तो सोंच भएको मान्छेले के कारणले हो रबी विरुद्ध सांसदमा गरेको कुकृत्य र सफेद कागज वाला झुठ  देख्दा सुन्दा उदेक लाग्छ। यहि कारणले होला सायद जनताले तपाईं र तपाईंको पार्टीलाई गज्ज्बले हराईदियो। hope you should have learned a lesson pretty well.,gagan thapa,yt:गगन थापा,comment,mixed
फेरि नक्कली कागजपत्र देखाएर नेपाली कांग्रेस सुशासन देखाउने कस्तो नेता होला। प्रतिशत साधेर त नेपाली जनताले मन नपराएको।,gagan thapa,yt:गगन थापा,comment,deva
"Purana partika jholy vadaka tatu hoinaou,Hami Rabi ra Balenko paxyma xaou janta,timra chappal lagayra akut sampati kamaon aka neta hoinan.",gagan thapa,yt:गगन थापा,comment,latin
Gagan g aba samvaw xaena,gagan thapa,yt:गगन थापा,comment,latin
Jaya nepal daju,gagan thapa,yt:गगन थापा,comment,latin
Jasto bhasan Testo Kam gare k hunthyo goru,gagan thapa,yt:गगन थापा,comment,latin
जय घन्टी रबि लामिछाने ज्यू र बालेन साह ज्यू जस्ता हुनहार लोकप्रिय सक्षम योग्य सज्जन पढेलेखेका व्यक्तित्व भएका जननेता ज्यूहरू लाइ नेपाली सम्पूर्ण जनताको साथ र समर्थन सधैँ सधैँ रहिरहने छ।,gagan thapa,yt:गगन थापा,comment,deva
ओइ बाख्रा तैले तेरो नेतालाइ के सोधिस अहिले सिकाउछस रबि को प्रमाण  देखा भ्रष्ट सक्छस ।,gagan thapa,yt:गगन थापा,comment,deva
झुठो  कहिले  सम्म  नराम्रो  होइन  राम्रो  हो तर ढीला भयो,gagan thapa,yt:गगन थापा,comment,deva
बल्ल गगन जस्तो बोली बोलेउ,gagan thapa,yt:गगन थापा,comment,deva
Jay nepal 🌳,gagan thapa,yt:गगन थापा,comment,latin
यो महा फताहा हो गगन,gagan thapa,yt:गगन थापा,comment,deva
yo machikini 2 जिre  ho didn't believe it  @balen,gagan thapa,yt:गगन थापा,comment,mixed
बाख्रा पाल्छु भनेर सरकार लाई ठगेको अरुको मासु पसल देखाएर ठगेको चाई देशलाई माया गरेको होला होइन गगन थापा ज्ज्यु,gagan thapa,yt:गगन थापा,comment,deva
Bhakhro karayo hai,gagan thapa,yt:गगन थापा,comment,latin
Balla buddi aayo,gagan thapa,yt:गगन थापा,comment,latin
Good speakar jay nepal,gagan thapa,yt:गगन थापा,comment,latin
Lamo kura ngar mula gangany,gagan thapa,yt:गगन थापा,comment,latin
अति राम्रो सम्बोधन...यो हो नि नेता मा हुने sailee...अब शायद नेपाली  काङ्ग्रेस  जनता मा गया जनताले swekarne chan. तर काँग्रेस vitra  fohor  महिला लाई raddiko  tokari मा rakhera  जानुपर्ने हुन्छ....jaya नेपाल,gagan thapa,yt:गगन थापा,comment,mixed
खुलित❤😂🎉😢😮😅,gagan thapa,yt:गगन थापा,comment,deva
यश लाई लाज छैन आजै  लाज पचायर जन्ता अलमल पारेर चुनाव  जित्नु अब चुनाव चिन्न फेर,gagan thapa,yt:गगन थापा,comment,deva
Well done Gagan Thapa!! Wonderful speech. Respect.,gagan thapa,yt:गगन थापा,comment,latin
यो हो बि पी को सिद्दान्त बोक्ने असली नेता अनि काँग्रेसको असली सभापती! वाह्!,gagan thapa,yt:गगन थापा,comment,deva
Tinjana american dalal aja yautai manchama yo saubhagge juraidiyako ho ya judheko ho ?,gagan thapa,yt:गगन थापा,comment,latin
Jay nepal da,gagan thapa,yt:गगन थापा,comment,latin
अबको सभापति र प्रधानमन्त्री गगन भयो भने बल्ल देशले केही पाउछ,gagan thapa,yt:Gagan Thapa Congress,comment,deva
Wow savapi ju,gagan thapa,yt:Gagan Thapa Congress,comment,latin
"Party ko sathi harulai chitta bujauna niyukti ma barabar hissa  pauna paryo ni, karar ma jagir launu paryo, internship ko medium bata student harulai influence garna paryo. Sadai pako buda harulai agadi sarera desh ra party aghi baddaina daju",gagan thapa,yt:Gagan Thapa Congress,comment,latin
"The sound system is not nice. Yes, it is more clear and crisp but it reduces the wholeness and that holistic vibe of being in amongst a group of people. Also this sound makes you sound drunk..lol. My honest advice would be to change this sound system.",gagan thapa,yt:Gagan Thapa Congress,comment,latin
अब गगन को बिकल्प छैन🙏,gagan thapa,yt:Gagan Thapa Congress,comment,deva
"२०-३० वटा चुरोट नपिई एक दिन पनि बाँच्न नसक्ने व्यक्ति, तिम्रो पुरै ओठ कोइला जस्तो देखिन्छ, स्वास्थ्यमन्त्री हुनुहुन्थ्यो।
के तिमीसँग विश्वसनीयता छ?",gagan thapa,yt:Gagan Thapa Congress,comment,deva
😅😂😂😂😂😂😂😂😂,gagan thapa,yt:Gagan Thapa Congress,comment,latin
Gaghn❤❤❤❤❤❤❤❤❤❤❤❤❤❤❤❤❤,gagan thapa,yt:Gagan Thapa Congress,comment,latin
Jaya Nepal,gagan thapa,yt:Gagan Thapa Congress,comment,latin
🌲🌳🌲🌳💪🌳🌲🌳🌲🌳🌲🌳🌲🌳🌲🌳,gagan thapa,yt:Gagan Thapa Congress,comment,latin
"Public want live ""Public Debate"" among Gagen, Balen and Oli.",gagan thapa,yt:Gagan Thapa Congress,comment,latin
Best of luck 👍 ✨️,gagan thapa,yt:Gagan Thapa Congress,comment,latin
I really appreciate all the contribution (if there has been any) from Gagan Thapa Jiu. This time we certainly need exclusively someone with new mindset. So lets ring the bell and someone will definitely come and attend your concerns. Jay Ghanti !,gagan thapa,yt:Gagan Thapa Congress,comment,latin
Best of luck Gagan Dai,gagan thapa,yt:Gagan Thapa Congress,comment,latin
"गगनमा नेतृत्व क्षमताको गम्भीर कमजोरी देखिन्छ। विगत दुई दशकदेखि उनले भ्रष्टाचार, खराब शासन र जवाफदेहिताको अभावलाई मौन रूपमा समर्थन गर्दै आएका छन्। उनी समाज उकास्ने दीर्घकालीन र गहिरो दृष्टिकोण भएका नेता होइनन्, बरु राजनीतिलाई खेलझैँ लिने साधारण राजनीतिज्ञ जस्ता देखिन्छन्।
शेरबहादुर देउवाले उनलाई कांग्रेस–कम्युनिस्ट सरकारलाई पछाडिबाट समर्थन गर्ने विशेष जिम्मेवारी दिएको सन्दर्भमा, राज्यको दमनका कारण हाम्रो युवाहरूले ज्यान गुमाउनुपरेका घटनामा उनी पनि बराबर जिम्मेवार छन्।
उनको पार्टी आज पनि उही पुराना भ्रष्ट पात्र र गुण्डा प्रवृत्तिका मानिसहरूले घेरेको छ। अहिले उनी आफूलाई “नयाँ” भनेर पुनःब्रान्ड गर्न खोज्दै छन्, जुन जनताका लागि निकै हास्यास्पद र अविश्वसनीय देखिन्छ।",gagan thapa,yt:Gagan Thapa Congress,comment,deva
अहिले सुध्रिएको कांग्रेस भनेको बाहिरको खोल झिलिमिली तर भित्रको माल उस्तै हो।,gagan thapa,yt:Gagan Thapa Congress,comment,deva
दाइ जति मिथो भासन गर्नुहुन्छ तेतिनै राम्रो कामपनि गर्दिनु न है 🙏🙏,gagan thapa,yt:Gagan Thapa bhasan,comment,deva
गफ  जस्तै काम पनि भैदियको भय आज काङ्ग्रेस लगायत एमाले माओवादि का विरू्र्ध जनता किन वैकल्पिक राजनिति दल र नेता रोजेका छन यश कारण काङ्ग्रेस ले नेता वदल्न मात्र होईन नीति र विदान आजको जेनरेसन को वदलिदो आवाज को सिरधार्य गरोस विशेष माहादिवेशन को शुभ कामना।।,gagan thapa,yt:Gagan Thapa bhasan,comment,deva
"Agami PM GAGAN Thapa,",gagan thapa,yt:Gagan Thapa bhasan,comment,latin
सलाम र जय नेपाल गगन जि हजुरलाई  हामी लाई हजुरसित आशा छ र भराेशा छ काङ्ग्रेस भऐकाेमा गर्भ छ नेता त गगनजि पाऐका छाै,gagan thapa,yt:Gagan Thapa bhasan,comment,deva
We need king Jay desh jay neresh jay Nepal 🇳🇵👑👑👑,gagan thapa,yt:Gagan Thapa bhasan,comment,latin
❤ you Gagan .,gagan thapa,yt:Gagan Thapa bhasan,comment,latin
Jay Nepal ❤❤,gagan thapa,yt:Gagan Thapa bhasan,comment,latin
Wow Gagan dai  salute cha hajur lai,gagan thapa,yt:Gagan Thapa bhasan,comment,latin
जय नेपाल ।,gagan thapa,yt:Gagan Thapa bhasan,comment,deva
Regular From Udayapur Limchugbung Balamta,gagan thapa,yt:Gagan Thapa bhasan,comment,latin
Thank you so much,gagan thapa,yt:Gagan Thapa bhasan,comment,latin
Kasto  mann kai kura niskyo ho yetsai  manxe chiyako ho hami sabaili,gagan thapa,yt:Gagan Thapa bhasan,comment,latin
Nepali congress ma Gagan Dai jasto mahan neta ko khacho Xa ..jay Nepal Dai ...aagami karya kal ko lagi hardik badhai ani suvakamana ...,gagan thapa,yt:Gagan Thapa bhasan,comment,latin
Right 👏👏👏,gagan thapa,yt:Gagan Thapa bhasan,comment,latin
जेन्जीले होस फर्काएकी जस्तो छ अब केही हुन्छ कि?,gagan thapa,yt:Gagan Thapa bhasan,comment,deva
❤❤❤❤❤❤❤❤❤,gagan thapa,yt:Gagan Thapa bhasan,comment,latin
Good ❤❤❤❤❤,gagan thapa,yt:Gagan Thapa bhasan,comment,latin
Great great great leader GAGAN THAPA🇳🇵🇳🇵🇳🇵🇳🇵🇳🇵🇳🇵🇳🇵🇳🇵🇳🇵🇳🇵🇳🇵🇳🇵🇳🇵🇳🇵🇳🇵🇳🇵🇳🇵🇳🇵🇳🇵🇳🇵🇳🇵🇳🇵🇳🇵🇳🇵🇳🇵🇳🇵,gagan thapa,yt:Gagan Thapa bhasan,comment,latin
Nicely said,gagan thapa,yt:Gagan Thapa bhasan,comment,latin
Now we have got our ideal  leader who we are wanted😮,gagan thapa,yt:Gagan Thapa bhasan,comment,latin
जय होस 👍️,gagan thapa,yt:Gagan Thapa bhasan,comment,deva
जय नेपाल 🌳🌳,gagan thapa,yt:Gagan Thapa bhasan,comment,deva
जय्स नेपाल ❤❤❤।।।,gagan thapa,yt:Gagan Thapa bhasan,comment,deva
अब जे गर्छन् गगन दाई ले गर्छन् । इतिहास बन्दै जाँदा अवसर मिल्यो भने दोस्रो वि. पी. हुने सम्भावना बोकेको व्यक्ति जस्तो लाग्छ ।,gagan thapa,yt:Gagan Thapa bhasan,comment,deva
Great speech . Congratulations,gagan thapa,yt:Gagan Thapa bhasan,comment,latin
जय नेपाल 🇳🇵❤,gagan thapa,yt:Gagan Thapa bhasan,comment,deva
मन छोयो यो मन्तब्यले ।बोलेको प्रतिवद्दता अनुरुप पार्टी निर्माण गर्न तपाइको नेतृत्वमा सफल हुनुहोस हार्दिक शुभकामना ! !,gagan thapa,yt:Gagan Thapa bhasan,comment,deva
हाल नेपालका  समकालीन नेताहरुमा परिस्थितिलाई बुझ्न सक्ने र परिस्थिति अनुसार  बदलिन सक्ने डाइनामिक महान राज नेता नेता  प्रचण्ड पछिको प्रष्ट बिचार राख्न सक्ने  गन्तव्य निर्धारण गर्न सक्ने नेता गगन थापा नै हो।,gagan thapa,yt:Gagan Thapa bhasan,comment,deva
12:35 is best,gagan thapa,yt:Gagan Thapa bhasan,comment,latin
काङ्ग्रेस ले २००७ साल पछि सत्ता मा बसेर  गरेको सबै कु कर्मले गर्दा रास्ट्र सत्यनाश भयो।,gagan thapa,yt:Gagan Thapa bhasan,comment,deva
सर्वप्रथम त सर तपाईँलाई नमस्कार गगन सर। तर जति कुरा आफूले भनेको छ नि। त्यो कुराहरु काममा गरेको भए कुनै पार्टी नै जन्मिँदै थियो नेपालमा,gagan thapa,yt:Gagan Thapa bhasan,comment,deva
शुभकामना।❤❤,gagan thapa,yt:Gagan Thapa bhasan,comment,deva
GOTEYY sir,gagan thapa,yt:Gagan Thapa bhasan,comment,latin
Gagan ji bhasan anusar kam garnu hola subhakamana chha many thanks,gagan thapa,yt:Gagan Thapa bhasan,comment,latin
Jay nepal 🇳🇵,gagan thapa,yt:Gagan Thapa bhasan,comment,latin
❤ ramro dada,gagan thapa,yt:Gagan Thapa bhasan,comment,latin
"भासण त ठिकै लाग्यो यतिको जोस सत्यकोलागि हुनुपर्छ लम्पसारहुनुहुन्न,रबि को बारेमा लम्पसार परेको देखियो,जे होस सुध्रिनुस शुभकामना छ।",gagan thapa,yt:Gagan Thapa bhasan,comment,deva
GAGAN.je.big.fan.ma.kavra.bata❤❤❤❤Jaya.nepal,gagan thapa,yt:Gagan Thapa bhasan,comment,latin
Dai hajurle balla sas phernu bho badhai xa,gagan thapa,yt:Gagan Thapa bhasan,comment,latin
You are right posion,gagan thapa,yt:Gagan Thapa bhasan,comment,latin
Ma sano dekhi gagan dai politics ko barema taha nahuda nahuda pani idol lagne aba gagan dai aba savaapati  vayo vane mero full support gagan dai doesn't matter paty only his vision.best wishes dai,gagan thapa,yt:Gagan Thapa bhasan,comment,latin
Hardik Subhakamana,gagan thapa,yt:Gagan Thapa bhasan,comment,latin
रबि दाइ जिन्दावाद अनि सेरे को घर मा तेति धेरै पैसा कहाँ बाट आको हो,gagan thapa,yt:Gagan Thapa bhasan,comment,deva
All the best,gagan thapa,yt:Gagan Thapa bhasan,comment,latin
Jay nepal dai bpko anubhati vayo aaj,gagan thapa,yt:Gagan Thapa bhasan,comment,latin
❤🎉❤🎉❤ Sweet 💕🌹💕💕🌹 SHUV ❤️ BIHANI ❤ Mangalmaya ❤ SHUV ❤️ Kamana ❤🎉❤🎉❤🎉❤,gagan thapa,yt:Gagan Thapa bhasan,comment,latin
❤❤❤❤daaju aba feri kranti garnu parcha,gagan thapa,yt:Gagan Thapa bhasan,comment,latin
हार्दिक जय नेपाल अवकाे कार्यकारिणी अधिकारमा गगन थापा दाजुकाे विकल्प छैन । नेपाे वेवी नबनिदिनु हाेला ।,gagan thapa,yt:Gagan Thapa bhasan,comment,deva
"धन्य बाद गगन ज्यू परिवर्तन ल्याउन्छ कि? धन्यबादज्यु""""""?",gagan thapa,yt:Gagan Thapa bhasan,comment,deva
आदर्श  छांट्ने तालिम प्राप्त गरेकै छौ गगनजी,gagan thapa,yt:Gagan Thapa bhasan,comment,deva
दमदार होऊ गगनको भाषन एक चोटी प्धानमन्ति हेर्न मन छ,gagan thapa,yt:Gagan Thapa bhasan,comment,deva
Safalatako  Shubhakamana,gagan thapa,yt:Gagan Thapa bhasan,comment,latin
यो संविधान रहेसम्म नेपालका सबै पार्टीहरु मिलेपनी केहिगर्न सक्दैनन।जयराष्ट्र।।,gagan thapa,yt:Gagan Thapa bhasan,comment,deva
Harka sampang sir is only honest and visionary leader of Nepal.Abo Nepali vote Mato ma . Best wishes Nepal 🙏,gagan thapa,yt:Gagan Thapa bhasan,comment,latin
Hai tha raxa,gagan thapa,yt:Gagan Thapa bhasan,comment,latin
"आशा भरोसा छ तपाईं माथि तपाईं मेरो नेता हो, यो देस जोगाउने पनि तपाईं हो ।",gagan thapa,yt:Gagan Thapa bhasan,comment,deva
भ्रष्टाचार अपराध मान्छे मारेर सुध्रिने होइन सजाय भोग्ने हो जेलमा बस्ने हो सम्सदमा होइन भ्रम नछर्दा हुन्छ अब अन्न पानी खानेले भोट हाल्ने छोइनन,gagan thapa,yt:Gagan Thapa bhasan,comment,deva
आज बोलेको कुरा भासणमा मात्र सिमित भएर भविश्यमा टिकट्क क्लिपमा भाइरल नहोस शुभकामना,gagan thapa,yt:Gagan Thapa bhasan,comment,deva
गगनजीले आजसम्म  जनतालाई ढाटेकोले गर्दा  कस्ले पत्याईदेलान्? अब बक्तब्य बाजीले जनताको मन् जित्ने दिन् गए ठुक्क हुनुहोस्,gagan thapa,yt:Gagan Thapa bhasan,comment,deva
Pardesh kharej gara .ani nepali jantale timi lai sachai ko neta manne chha.jaya Nepal 🙏,gagan thapa,yt:Gagan Thapa bhasan,comment,latin
कंग्रेसले मात्रै होईन यो देशले गगन खोजेको छ आज,gagan thapa,yt:Gagan Thapa bhasan,comment,deva
सर्दै गगन दादा पार्टी होइन देशलाई चिनिनुभयो हृदयदेखि शुभकामना जय नेपाल डोल्पादेखि साधारण सदस्य दिनानुदिन हरेक हरेक ठाउ गुनगान सँगै रमाइरहेको छौँ। हजुर राम्रो आशा भरोसा हुनुहुन्छ देशलाई सम्हाल्ने ज अवश्य हुनुहुन्छ अग्रिङ शुभकामना,gagan thapa,yt:Gagan Thapa bhasan,comment,deva
jay nepal next our pm ❤,gagan thapa,yt:Gagan Thapa bhasan,comment,latin
Gagan काे speech मा सत्यतन छ।,gagan thapa,yt:Gagan Thapa bhasan,comment,mixed
He is good gagan make it worked you have to be president of NC and next prime minister to change Nepal literally ❤,gagan thapa,yt:Gagan Thapa bhasan,comment,latin
फलामलाई फलामले नै काट्छ । शेरे को पतन गगने 👏👏,gagan thapa,yt:Gagan Thapa bhasan,comment,deva
one last time,gagan thapa,yt:Gagan Thapa bhasan,comment,latin
Best if luck gagan & biswa,gagan thapa,yt:Gagan Thapa bhasan,comment,latin
"ए हो र? होइन होला, कि हो हो ? 😊😊",gagan thapa,yt:Gagan Thapa bhasan,comment,deva
"शेरेलाईं अब कांग्रेस युवाहरू ले मुद्गकी मुद्गकी हान्ने छ 💪✅ ,,",gagan thapa,yt:Gagan Thapa bhasan,comment,deva
बाख्रा ले आज चाहिँ सहि कुरा बोलेको छ।,gagan thapa,yt:Gagan Thapa bhasan,comment,deva
GAGAN 🦁🐯🦁GARZAN🌳🌳🌳,gagan thapa,yt:Gagan Thapa bhasan,comment,latin
"Nepali congres ajako congress hoina, country KO hunuparo. GAGAN ji, ajako Nepal KO abasyakata Ho. Jai nepal",gagan thapa,yt:Gagan Thapa bhasan,comment,latin
जति खोके पनि मौका को फाइदा उठाउन खोज्दै छ । गुलिया कुरा गरेर देश लुट्ने यिनिहरु नै हुन,gagan thapa,yt:Gagan Thapa bhasan,comment,deva
Man man ma gagan dai,gagan thapa,yt:Gagan Thapa bhasan,comment,latin
जय नेपाल डेमोक्रेसी जिन्दाबाद नेपाली कांग्रेस जिन्दाबाद 🇳🇵🇳🇵🇳🇵,gagan thapa,yt:Gagan Thapa bhasan,comment,deva
hatts-off gagan sarkar❤🎉,gagan thapa,yt:Gagan Thapa bhasan,comment,latin
नेपाली जनताले आशा र भरोसा गरेका नेपाली कांग्रेसका प्रभावशाली युवा नेता तथा श्रध्देय दाजु गगन थापाले नेपाली कांग्रेसका ऐतिहासिक दोश्रो विशेष महाधिवेसनलाई सम्बोधन गर्ने क्रममा दम्दार भाषण … जय नेपाल,gagan thapa,yt:Gagan Thapa bhasan,comment,deva
You deserve  as president of nepali Congress.,gagan thapa,yt:Gagan Thapa bhasan,comment,latin
तपाईं को कुरा राम्रो छ बिचार राम्रो छ तर के गर्नु तपाईंको पार्टी को अब विश्वास नै छैन 😢,gagan thapa,yt:Gagan Thapa bhasan,comment,deva
"Gagan ji Tapaiko bol ani chaal Sabai le dekhi ani sunisakeko chha.
Aafno kaalo bigat lai sabd le bhaye Pani Sudarnu arthaat Aafno Galati Swikaar garnu ani balla Bauko Chhora Raixa bhanne Thanne chhan Janata le... 
Haina bhane Bekaar hun Yi Aajaka Tapai Ka Sabdharu...",gagan thapa,yt:Gagan Thapa bhasan,comment,latin
हराय को प्रमाण पनि  खोज्नु होइ माहा मन्त्री ज्यु  यो माहादिबेशन मा  गफ मात्रै होइन 😅,gagan thapa,yt:Gagan Thapa bhasan,comment,deva
गगनजीले यो भाषण र सोच २०७९ को चुनाव अगाडी गरेको भए र सोहि अनुसार १६५ सिटमै ने का लाई टिकेट दिएको  ने का को बहुमत  त्यही बेला आउने थियो ... All the best ahead.,gagan thapa,yt:Gagan Thapa bhasan,comment,mixed
यति धेरै थाहा भको मान्छेले किन पहिले नै विद्रोह नगरेको कांग्रेस एमाले को गठबंधन सरकार भएको समयमा । अहिले यति बोल्यो भने भोट आउँछ भनेर होला।अब पहिले जस्तो सजिलो हुँदैन गगन जि !,gagan thapa,yt:Gagan Thapa bhasan,comment,deva
सहकारीको रीणलिएको परमाण  हराएको पनि खोज्नुहोस्,gagan thapa,yt:Gagan Thapa bhasan,comment,deva
हृदयस्पर्शी सम्बोधन ।❤❤❤।,gagan thapa,yt:Gagan Thapa bhasan,comment,deva
यसले भनेको कलले मान्छ होला र,prachanda,yt:Prachanda,comment,deva
बालेन लाई फकाएर हुन्छ कि के गरेर हुन्छ फसाउने योजना मा लागेको छ छेपारो ले,prachanda,yt:Prachanda,comment,deva
"जेलजाने दरले बालेन सरकार लाई फकाऊदैछौ, PM बालेन,के सोच्दैछौ यो छेपारो",prachanda,yt:Prachanda,comment,mixed
यो प्रचण्ड छेपारो हो एस्का कुरा सुनीर नझुकीनुहोस एस्ले केही ने केही मौका पाइएला कि भनेर हल्का झस्कीएको देखीयो!,prachanda,yt:Prachanda,comment,deva
सुनसरी घटना को कारण पनि छेपारो को कारण ले हो भोट पाउन का लागि धेरै बिदेसी लाइ भित्राउनु को नतिजा हो,prachanda,yt:Prachanda,comment,deva
दुई जिब्रे प्रचण्ड को भर नपरौ,prachanda,yt:Prachanda,comment,deva
प्रचण्ड  का कुरा मा 1% पनि बिश्वास  हुन्न जता नि ठिक्क हुन्छ छेपारे,prachanda,yt:Prachanda,comment,deva
2 जिब्रे को भर छैन है ! आआफ्नो ठाउं मा राख्नुपर्छ !,prachanda,yt:Prachanda,comment,deva
पाँच लाख जनता सडकमा न आउने छाटकाट भएपछी रविको टाङमुनी छिर्नुबाहेक विकल्प देखीएनछ बुढाले😂,prachanda,yt:Prachanda,comment,deva
अझै लाज हुन्न,prachanda,yt:Prachanda,comment,deva
यो सबै तैले गर्दा हो प्रचण्ड,prachanda,yt:Prachanda,comment,deva
सुन्दा सुझाव राम्रो लागे पनि आम मानिसलाई  उहाँको बोली र व्यावहारमा फरक हुन्छ भन्ने भान परेको छ।,prachanda,yt:Prachanda,comment,deva
रवि बलेन फुटाउने छेपारे को योजना हो खबरदार रवि बलेन जसरी पनि देश बनाउन छ है,prachanda,yt:Prachanda,comment,deva
मुख मा राम राम बगलीमा छुरा,prachanda,yt:Prachanda,comment,deva
प्रचण्ड को बिस्वास गर्नु हुन्न किनकी यिनी जता पनि लर्किन्छ,prachanda,yt:Prachanda,comment,deva
"नत्र हत्या, भ्रष्टाचारकाे मुद्दा लाग्छ ।",prachanda,yt:Prachanda,comment,deva
कसैले नपत्याएपछि बालेनको गुणगान गाउदैछ प्रचण्डले 😂,prachanda,yt:Prachanda,comment,deva
छेपारोको हजुरबा,prachanda,yt:Prachanda,comment,deva
कुरा रामै हाे तर तपाइ छिनिछनमा बदलिनु हुन्छ नयाँ लाइ तपाइहरु बाट नै सिकाउने हाे तेसै गरौ,prachanda,yt:Prachanda,comment,deva
कमरेड प्रचण्ड ज्यू हामी के सुझाव दिन चाहन्छौं भने म पनि एउटा सहिद परिवार घाइते परिवार एउटै घरबाट दुई जना सहिद भएर बलिदान दिएको घरपरिवारको एउटा मानिस हो हजुरहरुले अब संघीयतालाई स्थगनमा पठाउनुपर्छ जब वर्षमा ३ खर्ब रकम संघीयताले खर्च भइरहेको छ व्यापार बिजनेस कोल्याप्स भइसकेको छ त्यसकारण १०० वर्ष पछि मात्र संघीयता लागु गर्नुपर्छ यदि बालेन सरकार असफल भयो भने नेपाली राजालाई राजालाई जनताले ल्याएर कार्यकारी सहित अधिकार दिएर खोपीमा राख्छन्,prachanda,yt:Prachanda,comment,deva
God bless u Rabi da team namaskar all of u 🙏❤️,prachanda,yt:Prachanda,comment,latin
"यो हत्याराको कुरा अब कसैले पनि बिश्वास नगर्नुहोला।यस्ले गर्दा नै देशमा जे नराम्रो हुदैछ, मुल कारण नै यहि छेपारोको गतिविधिले भएको हो।",prachanda,yt:Prachanda,comment,deva
हजुरको व्यवस्था फेल भइसको,prachanda,yt:Prachanda,comment,deva
यस्ता आतंककारी देश लाई ५० बर्ष पछि ढकेल्ने यही हो,prachanda,yt:Prachanda,comment,deva
बल्ल प्रचण्डे बुध्दी पलाएको  महशुस गर्दैछु।धन्यवाद ।,prachanda,yt:Prachanda,comment,deva
मुखले राम राम बगलिमा चक्कु हान्ने त पुरानै प्रबिर्ती हो.. खै कस्ले पत्याउने ????,prachanda,yt:Prachanda,comment,deva
दुइ जीब्रे पछाडि बाट के तयारि गरेछ कसरि हुन्छ सरकार ढाल्ने पक्षमा छ,prachanda,yt:Prachanda,comment,deva
होइन यसको जेल नजाने रणनीतिक चाल हो यसलाई गहिरो छानबिन हुनुपर्छ,prachanda,yt:Prachanda,comment,deva
बालेन सरकार एकै दिन मा ढाल्छु भन्दै थियो आज यो छेपारो फेरी के उल्टो बाटो सोच्दै छ यो?,prachanda,yt:Prachanda,comment,deva
"प्रचण्डको कुरामा चाडैं विश्वास नगर्दा राम्रो होला,विशेष सावधान हुनुपर्छ ।",prachanda,yt:Prachanda,comment,deva
प्रचण्ड काे कुनै कुरा मा विश्वास गर्नु हुँदैन।,prachanda,yt:Prachanda,comment,deva
कहिले के भन्छ कहिले के,prachanda,yt:Prachanda,comment,deva
प्रचणडको भयो भने राष्टिय स्वतन्त्र पार्टी नै सिद्विन्छ ख्याल गर्नुहोला,prachanda,yt:Prachanda,comment,deva
अगाडि मुखले ठिक्क पछाडी बाट ढाडमा घवाच्च छुरा घोप्ने यही हो यो छेपारोको कहिल्यै विश्वास नगर्नु 😂😂😂,prachanda,yt:Prachanda,comment,deva
Yestaaa ko kuraaa maaa bissowas kasariii garnnay😢,prachanda,yt:Prachanda,comment,latin
भ्रस्टाचारबाट जोगिन अनेक तिक्डम जानेको छ यो क्षेपारोले,prachanda,yt:Prachanda,comment,deva
Ho parchanda le thik kura gareko chha sabai hosiyar hunu jaruri chha..,prachanda,yt:Prachanda,comment,latin
प्रचण्ड को उदेकलाग्दो छट्पटी ।छेपाराेकाे कारण देश बर्बाद पार्यो।,prachanda,yt:Prachanda,comment,deva
यो खाते जाहाँ जान्छ त्यहाँ देश बर्बाद हुन्छ ।,prachanda,yt:Prachanda,comment,deva
100% wright topics and analysis political.,prachanda,yt:Prachanda,comment,latin
Hijo desh bari bat aandoln garnu parxa yo sarkarko birudama vanne😢,prachanda,yt:Prachanda,comment,latin
याे कुरा उल्टाे नपराेस पहिले त ठिक उल्टाे हुने गरेकाे अनुभव ले???,prachanda,yt:Prachanda,comment,deva
Dhanybad  prachand jiu  Galat bhayma aha galat bhayo bhannutara jati kher Pani birod nagarnu hola aapno karykartalai samjhaunu hola,prachanda,yt:Prachanda,comment,latin
डेड दूइ लाख मान्छे बटुल्ने भन्थे त अस्ति,prachanda,yt:Prachanda,comment,deva
"We are all Nepali.
No war.",prachanda,yt:Prachanda,comment,latin
दुई जिब्रे प्रचण्ड,prachanda,yt:Prachanda,comment,deva
नारायण नारायण नारायण नारद प्रचण्डे,prachanda,yt:Prachanda,comment,deva
"हैन यो सुबिचार काहाबाट प्रचन्ड ज्युलाइ आए छ? प्रतिपक्षको भुमिका त यस्तै हुनुपर्ने होला तर हिजो अस्ति मात्र पुराना दलहरु आजै मिलौ, भरेनै मिलौ नभए भोलि मिलिहलौ नभए देशमा संकट आउने वाला छ, गणतन्त्र नै धरापमा प्रदैछ भन्नुको अर्थ चाहिँ के होला?",prachanda,yt:Prachanda,comment,deva
Yasko var naparnu hai kohi pni,prachanda,yt:Prachanda,comment,latin
*मुखमा रामराम बगलीमा छुरा।।,prachanda,yt:Prachanda,comment,deva
Naya game kheldai xan prachnda,prachanda,yt:Prachanda,comment,latin
Cheaproo in peak 😂😂😂,prachanda,yt:Prachanda,comment,latin
छेपारो प्रचण्ड ले फेरि अर्को गेम सुरु गरेर सरकार सत्ता पछ लाइ गुलियो रस देखाएर धोका दिने नै योजनाकार हो ।,prachanda,yt:Prachanda,comment,deva
Prachandale yesto mitho bolnuma pni kehi sadyantra hunasakx bhanne malai matrai laagne hoki arulai pni hola?????,prachanda,yt:Prachanda,comment,latin
Well leader should not depend to prachand.,prachanda,yt:Prachanda,comment,latin
"W
Hawa Kura gardai Chha feri Hami jantalai Sabai thaha chha hajur",prachanda,yt:Prachanda,comment,latin
"jaaal fijai rahexa hai yesle 
dont trust to him",prachanda,yt:Prachanda,comment,latin
अबसरको खोजीमा मार्चण्डे 😂,prachanda,yt:Prachanda,comment,deva
Some generation gap seen in politics too,prachanda,yt:Prachanda,comment,latin
सबै देसबासि हातेमालो एकाअर्कालाई सतभाब माया प्रेम सहन्सिलता बिबेतरहित असल सोच्बिचार नभै देसमा शान्ति हुनै सक्दैन आफ्नो स्वार्थमा कसैले कसैलाई देस जन्तालाई दुख दिने काम नहोस पर्मेस्वरको आखा खुल्ला छ नदेख्ने हुनुहुन्न 🙏🙏,prachanda,yt:Prachanda,comment,deva
Very clever neta that's why 1700 thousands people were trapped to kill gone are the days every people are well aware of your activities in coming election things will worse then this election result.jai ghanti,prachanda,yt:Prachanda,comment,latin
कुरा गर्न पनि कस्तो  लाज पचाउन सक्नेहो मन्नै पर्छ तेत्रो जनकरान्ती बिद्रोह सबै रोजगार का उत्पादन सिल कलकारखाना हरु धोस्त बनायर राज्य सात्तामा पुग्दा ती सबै कुरा भुलेर दुख दिने काम बाहेक केही भयन बार बार प्रधानमन्त्री  भयको कुरा भुलेर आज आयर यो सल्लाह दिदै हुनुहुन्छ कति लाज पचाउन सकेको अनौठो छ यो सबै हुनु सबै बेरोजगारी हो यो कुरा कहिले बुज्ने सरकारले खोइ के भनौ  सबै काम्मा ब्यास्त भयो भनेत कोहो यसरी आन्दोलित हुनु पर्ने थिएन,prachanda,yt:Prachanda,comment,deva
❤❤❤❤❤❤❤❤,prachanda,yt:Prachanda,comment,latin
Yes lae r india bodar ma kade tar lagam t fast,prachanda,yt:Prachanda,comment,latin
Jyanmara ko Sath lincha hola ra?,prachanda,yt:Prachanda,comment,latin
"Chatur.. changing his colour after analysing situation .. do not believe in his words, Nepali Janta..",prachanda,yt:Prachanda,comment,latin
Kade tar lagam n ab,prachanda,yt:Prachanda,comment,latin
chepare parchande,prachanda,yt:Prachanda,comment,latin
JOKE OF THE YEAR 😂😂,prachanda,yt:Prachanda,comment,latin
जनता को चाहाना कसरी पुरा हुन्छ तिमीहरूलाई देसको ढुकुटी  लुट्दै ठिक छ,prachanda,yt:Prachanda,comment,deva
Party don’t interfere Balendra shaha Government because country suffering in pain this time as prachanda say do first find solution bring peace and make country best please.,prachanda,yt:Prachanda,comment,latin
bich bich ko insert chahi kin purano haleko? kunai bela balen sobita sanga ta kunai bela swornim wagle  sanga?,prachanda,yt:Prachanda,comment,latin
अस्ति त एकै दिनमा सात लाख मान्छे भए बैरीलाई परास्त गरिन्छ भन्ने यही हो,prachanda,yt:Prachanda,comment,deva
"6000 maobadi lai
35000 bhane  lairs leaders
Accountability hunu parchha
This type of speaking more than enough but 
Useless",prachanda,yt:Prachanda,comment,latin
फकाउने तरीका पनि कस्तो कस्तो हो,prachanda,yt:Prachanda,comment,deva
desh bigarne yo pani ho,prachanda,yt:Prachanda,comment,latin
नाक चुच्चे मिल्छ  अनि निल्छ  हुदैन  सह कर्मि बनेर मिल्न सरकार,prachanda,yt:Prachanda,comment,deva
विपक्षी दलका नेताहरुले गराउने गरेको ले उहाहरुलाइ तराई मधेस पठाएर समस्याको समाधान गरौ,prachanda,yt:Prachanda,comment,deva
raja laucha vanne dar xa yo chor lai 😂😂,prachanda,yt:Prachanda,comment,latin
Yes aatnkkari ko kura ma kohi pani nalagnu hola yesta hatyara aatnkkari le susasan kura nagarda hunxa,prachanda,yt:Prachanda,comment,latin
छेपारालेझै रंगफेरिरहन्छ प्रचण्डले भर्नपर्नु बिस्वास नगर्नु है बलेनशाहा रबि लामिछाने सुदन गुरुङ भाईहरु तिनैजना लै भनेकोहो योबिस्वसघाती मान्छे हो,prachanda,yt:Prachanda,comment,deva
Prachandako kurama biswas kadapi nagarnu,prachanda,yt:Prachanda,comment,latin
"बुढापाका कुरा सुन्नु तर भर विस्वास नगर्नु किन भने यिनीहरू स्वार्थी धोकेवाज हुन्छन् ,",prachanda,yt:Prachanda,comment,deva
हो  वास्तवमा   मुखले  राम  राम   बगलीमा छुरा  :  ।,prachanda,yt:Prachanda,comment,deva
ASTA xeparole k chinta linx Mantri banna pauxvnerhola sulsul garirako afno angkobvaec nadekhneharuko sahalla kin linu,prachanda,yt:Prachanda,comment,latin
पहिला नै देखियो बलेको,prachanda,yt:Prachanda,comment,deva
17000 kata ho,prachanda,yt:Prachanda,comment,latin
क ठै नयाँ नेता हरु अला काचा हुनाले नेपाल भुमरिमा फस्न सक्छ त्यही भयार आज प्रचन्ड को सतसङ्ग सुन्दै छन दल हरु,prachanda,yt:Prachanda,comment,deva
बुद्धि पकाएको हो त,prachanda,yt:Prachanda,comment,deva
Cheparo cheparo cheparo!,prachanda,yt:Prachanda,comment,latin
One of the best leader comrade prachand ✊✊,prachanda,yt:Prachanda,comment,latin
प्रचण्डको बिश्वाश गर्नु हुन्न हजुर । प्रचण्डको बोली र बर्खाको घाम पानी उस्तै उस्तै हो ।,prachanda,yt:Prachanda,comment,deva
Yalai daibale khane morna nasakeko,prachanda,yt:Prachanda,comment,latin
याे छेपाराे आफ्ना अपराध बचाई दिन्छकि भनेर बालेनलाई सहयाे गर्छु भनेकाे हाे र सत्ताकाे शब्द पनि पाईन्छ कि भनेर पनि सहयाेग गर्ने हाेला ।,prachanda,yt:Prachanda,comment,deva
बाहिर एक दिन मै सात्ता पल्ताउने कुरा गर्छ रोस्ट्रम मा आएर म साथ दिन्न्छु भन्छ यस्को कुरा कले पट्याउनु,prachanda,yt:Prachanda,comment,deva
यसताले बोलिदियो भन्दैमा बिस्वास गर्नु ठूलो भुलहो।,prachanda,yt:Prachanda,comment,deva
Xepare ko chal Sahi hoina sarkar le bujhna jarurixa,prachanda,yt:Prachanda,comment,latin
"Prachanda is a culprit for politics  17000 Nepali 
Balen shah  j dekiyo tyo hoina j lukayeko cha  tyo hera  u can solve the issue  
Prachanda Baburam  kp ani Girijaa  le bigareko  desh  tetti sajilo हुँदैन  keep  going  bhrastachari  samat nachod  asta  ghatna divert garna ghatauchan  be careful",prachanda,yt:Prachanda,comment,mixed
कमरेड प्रचण्डज्यू हजुरले विदेशी युरोपेली युनियनले बोकाइदिएको भारी बोक्नुभएको हो यो कुरा नढाटेर तपाईंले भन्नुपर्नेछ नेपालमा व्यापक रुपमा अरु हिन्दु बाहेक अरु धर्मको प्रचार गरिएको छ व्यापक प्रचार गरिएको छ धर्मान्तरण गरिएको छ त्यसकारण नेपालमा अराजकता फैलाउने कामको सुरुवात नै विदेशीहरूले धर्म निरपेक्षताको भारी नेपाललाई बोकाइदिएका हुन्,prachanda,yt:Prachanda,comment,deva
प्रचन्ड तेसै प्रचन्ड भएका होईनन् !उनिसंग  राजनिति भरपुर छ। त्यसैले नयाँले राम्राकुराहरु सिकुन्,prachanda,yt:Prachanda,comment,deva
10 सिटेले फुर्ति नगर्दा हुन्छ,prachanda,yt:Prachanda,comment,deva
राम्रो बिचार,prachanda,yt:Prachanda,comment,deva
राजनीति सहज कहिले हुन्छत ? छेपारे माननीय ज्यु,prachanda,yt:Prachanda,comment,deva
yasta हारू ले बोलने मौक़ा दिनू hunna । आफाई ले घटना सिरजाना गरेर आफई ले जवाफ magne,prachanda,yt:Prachanda,comment,mixed
यस्तो घटना घटाउने नै ३ दल नै हो जस्तो लाग्छ,prachanda,yt:Prachanda,comment,deva
वहुमत  बिना सरकार हुन्न ।वहुमत ल्याए दम्भ हुन्छ ।के गर्ने के ?,prachanda,yt:Prachanda,comment,deva
राम्रो सोछ राम्रो भनाइ ।,prachanda,yt:Prachanda,comment,deva
म निस्वार्थछुृूृउऊ तेईभयएरअ संताेषसशछुृूृ-शान्तिपूर्णछुृूृूृ डाहागर्ने पतनजलनछन देखाबवटिीछन,prachanda,yt:Prachanda,comment,deva
35 barsasamma   k herer baseko,prachanda,yt:Prachanda,comment,latin
सब पुरानो देश लाई खोक्रो बनाउने  धमिरे पाटिहरुको योजना हुन सक्छ | rabi balenko sarakar असफल वनाउने षडयन्त्र हो बुझिराख्नोस,prachanda,yt:Prachanda,comment,mixed
Ho P M le hajur lai nai P M banaunu parne ho ki ? Kam garna dinuhuna anurodh cha .,prachanda,yt:Prachanda,comment,latin
यो जातीय हिंसा भड्काउन मा प्रचण्डकै हात छ भन्ने कुरामा मालाई पूर्ण संका छ।,prachanda,yt:Prachanda,comment,deva
35 Bars samma ke garyo buro dau khojdai  hinxau  ho,prachanda,yt:Prachanda,comment,latin
“कहाँको हेर्ने कथा? कहाँको यो भस्मीको ठुटो? म त हेर्ने कथातिर लागेँ गाइस।”,prachanda,yt:Prachanda,comment,deva
"सरकारले थुप्रेका भ्रष्टाचारी नेताहरूलाई भटाभट कारबाही नगरेको र साँढे झैँ छाडा छोडेकोले पनि सामाजिक सद्‌भाव भड्काउने, अराजकता निम्त्याउने  र सरकार कमजोर पार्ने र हिलोमा माछा मार्नै काम तीनबाट भएको हुनसक्छ भन्ने जनविश्वास छ।",prachanda,yt:Prachanda,comment,deva
परिवर्तनका प्रमुख हिंस्सेदार पुराना जति सबैलाई अत्यन्तै तुच्छ र घटिया शब्दले गाली गरेर देशले किमार्थ निकास पाउदैन है भाई- बहिनी ; नानी- बाबुहरु ; हाम्रो ऐतिहासिक मतदानको खिल्ली न/उडाउनु होला' सावधान !!!❤❤❤😮❤,prachanda,yt:Prachanda,comment,deva
उता  पनि ठिकै यता पनि ठिकै मौकामा चौका खोजी रहेछ,prachanda,yt:Prachanda,comment,deva
राइत हो तर बालेनले यसरी बोल्नजान्नु पनिपर्योनि।,prachanda,yt:Prachanda,comment,deva
प्रचन्द जि तपाईं पदेकामन्छे योदेस खाने भ्रताचार मा लाने मेरो देस मेरोजनता भन्ने बिर्सिने बुदाहरुनै हुन  तपाईं पातिको नेता होइन देसको अभिभाबक बन्नुस  मिलिजुली सरकार ले देस बन्दैन   हिजोका सब पातिन तानासहिहुन,prachanda,yt:Prachanda,comment,deva
तिमि पनि चीन देखाएर भारत ra  अमेरिकी को पैसा खायेका एक पात्र हौ तिमि कम्युनिस्ट होहिनौ,prachanda,yt:Prachanda,comment,mixed
तिमी जस्ता ज्यांमारा ले बोल्नु उचित हुदैन,prachanda,yt:Prachanda,comment,deva
प्रचन्न काकाले  पार्टी फुटाउने तिर खुब मिहिनेत गरेको देखिन्छ।,prachanda,yt:Prachanda,comment,deva
Raja maruwa,prachanda,yt:Prachanda,comment,latin
Purano jasari khedne ho yo Barbara ko sarkar lai,prachanda,yt:Prachanda,comment,latin
योपरचनडेसबलुटिखानपलकेकोआतककारिहो,prachanda,yt:Prachanda,comment,deva
Ekdam ramro,prachanda,yt:Prachanda,comment,latin
Satya kura ghanteharu lai pachadain,prachanda,yt:Prachanda,comment,latin
"१७००० मान्छे काे हत्यारा आज सुनसरी को कुरा गर्छ, यो कस्तो प्रजातन्त्र,,, जय श्री पशुपतिनाथ, हिन्दु राष्ट्र नेपाल आमा को जय होस्",prachanda,yt:Prachanda,comment,deva
गाैरवशाली परम्परा राजतन्त्र पनि थियाे । यसलाइ किन हटाएकाे ?,prachanda,yt:Prachanda,comment,deva
गाई खान शुरु गराउने पहिलाे कमिना 17000 यहि छेपाराे हाे,prachanda,yt:Prachanda,comment,deva
"Ahile ko kanda yesle gareko ho,jaba limbuwan haru karauxn ani yesle rajniti gareko hunxa,kina ki malai pura tha xa,",prachanda,yt:Prachanda,comment,latin
Sabai Budha KO Kura Sunna ni jaruri xaina padhelekheko ani Desha premi KO chai Sunau,prachanda,yt:Prachanda,comment,latin
सदन बाहिर बसेर जति जति बेला उग्र बोल्नु हुन्छ प्रचन्ड तब तब देस मा खुन खराबा हुन्छ कहि कतै इ सबै को पछाडी को  खलनायक वोहा नै त होइन,prachanda,yt:Prachanda,comment,deva
आगो ताप्ने हो बुढो को भ्रष्ट को चोर हरु को केही सुनु पर्दैन,prachanda,yt:Prachanda,comment,deva
"Dui jibre Xeparo, Mukhma  Ram Ram  Bagalima xura. 😢",prachanda,yt:Prachanda,comment,latin
पुराना नेतहरु भन्दा प्रचण्ड अलिक फरक छ्न प्रचण्डले हिजो यसरी नै फकाएका हुन सेर ओलि हरु लाई जति फकाए पनि उनिहरुको घमण्डकै कारण मुलुक जलेको हो होसियार सरकार विशेष ध्यानाकर्षण होस,prachanda,yt:Prachanda,comment,deva
जय कमरेड( प्रचण्ड)///,prachanda,yt:Prachanda,comment,deva
"ए प्रचन्ड जि मुखमा रामराम बगलिमा छुरा त हैन, हजुरको कामगराई र बोली चालि बाट हामी जनताले थाहा पाउँछौ।।",prachanda,yt:Prachanda,comment,deva
Rabi lai pm banuna khal hudai cha ki jasto lagyo hai.,prachanda,yt:Prachanda,comment,latin
Ahile kehi sankat pareko chaina ta khurukka jail jane sabai thik huncha,prachanda,yt:Prachanda,comment,latin
तिमिहरुले नै हो यो सब गरेको जब सम्पति विवरण बुझनुपर्छ र छानबिन गर्न माग गरेका थियौं तब पुरानो पाटि जान्छ भनेर,prachanda,yt:Prachanda,comment,deva
P M Balen ji प्रचण्ड जी o li ji  गगन जी  अहिले को अवस्था मा आफ्नो साथ मा लिएर घ्ट्ना अस्थल मा पुगौ,prachanda,yt:Prachanda,comment,mixed
छेपारेले फेरि रङ फेर्ने कुरा गर्दैछ होसियार😂😂,prachanda,yt:Prachanda,comment,deva
Phasyo prachandako kura ma,prachanda,yt:Prachanda,comment,latin
10 jibrey 😂,prachanda,yt:Prachanda,comment,latin
We not need you anymore,prachanda,yt:Prachanda,comment,latin
Baby prachada hajurle aba pashipati aryaghat Tira dhyan dinus aba tapai teha jani bela bhayo  yo desh ko chinta hajur Le balen lai majja le diyera aaryaghat tira janu hola tapailai yei sujhavakamana xa 3:26,prachanda,yt:Prachanda,comment,latin
ऐले को सरकारलाई नडराई काम गर्न अनुरोध छ भ्रष्टाचारीहरु लाई कारबाही गर्न केले रोकेको छ र टे धेरै काण्ड हरु भयो एउटा काण्ड को नी गरेको छैन,prachanda,yt:Prachanda,comment,deva
2 जिब्रे बुढा को कुरा कसैले नपताय हुन्छ,prachanda,yt:Prachanda,comment,deva
Feri k natak,prachanda,yt:Prachanda,comment,latin
Sko jibro kahile Kya bolxa. Kahile uta Tira bolxa.,prachanda,yt:Prachanda,comment,latin
यो जेल जाने डरले बालिन सरकार लागि फकाउँदैछ,prachanda,yt:Prachanda,comment,deva
Yesko game ho yo,prachanda,yt:Prachanda,comment,latin
धेरै गफ नलगाए हुन्छ माहासय,prachanda,yt:Prachanda,comment,deva
जनता ले  शथदिन शकतै   नन,prachanda,yt:Prachanda,comment,deva
Rabi ra prachanda ta ekai thiye jasto malai lagxa aba balenlai haat line chal kheldai,prachanda,yt:Prachanda,comment,latin
Old is gold❤❤❤,prachanda,yt:Prachanda,comment,latin
"याे दुई जिबरे काे पनि हात 
हुन सकछ यसमा",prachanda,yt:Prachanda,comment,deva
Mauka xopdai xan,prachanda,yt:Prachanda,comment,latin
यस्ता पाजी पनि नेता रे थुइक्क हाम्रो देशको गती,prachanda,yt:Prachanda,comment,deva
"याे बुढाले 5 लाख+ मान्छे सडकमा उतारेर याे सरकार गर्ल्याम्मै ढालेर आफ्नै सरकार बनाउँने कुरा गर्थे , यिनकाे कुरामा जनताले न पत्याएर 5 जना पनि भेला न भएपछिको गिडगिडाहट पाे हाे कि याे !",prachanda,yt:Prachanda,comment,deva
Pagal 17000 ko pap lagx,prachanda,yt:Prachanda,comment,latin
याे डाका प्रचण्डेकाे कुरा मात्र सब गर्ने यहि डाका हाे। यसकाे निगरानि गर्नु पर्छ।,prachanda,yt:Prachanda,comment,deva
Yo chheparo ko kuro bado dhyan diyera kadam chalnu hai balenji please,prachanda,yt:Prachanda,comment,latin
Baluwa ma pisab garnu ra Prachanda ko bolima bishwash garnu ustai ustai ho😂😅,prachanda,yt:Prachanda,comment,latin
Hatyara sang k sahakarya garnu,prachanda,yt:Prachanda,comment,latin
यसकाे कुरा नपताउनु हाेला रबि सर  याे छेपाराे 17000 ज्यान मार्ने  हत्यारो हाे यो लडाई हुनुमा यसको ठूलो हात छ,prachanda,yt:Prachanda,comment,deva
आफुलाई राजा भन्देउ है! भन्न खोज्दै छ डाँकाले,prachanda,yt:Prachanda,comment,deva
As per Voting with Nepalese citizens it has noted that's current PMS and team's GOVERNMENT'S have done GOOD ❤ BETTER ❤❤ BEST ❤❤❤ JOBS in the history of Nepal hence 30 millions Nepalese have been behind with this GOVERNMENT up to five year's 😂😂😂😂😅😂😂❤❤❤❤❤,prachanda,yt:Prachanda,comment,latin
Yasle Aafaile racheko षडयंत्र ho tes karan yallai sabai kura thaha xa balen sarkar yallai jailkochnu sabai thik hunxa,prachanda,yt:Prachanda,comment,mixed
Dhoka dine plan feri shuru gardai xa Yo hatyara le,prachanda,yt:Prachanda,comment,latin
रवि बलेन फुट्छ भने मैले rasopa परित्याग गर्छु,prachanda,yt:Prachanda,comment,mixed
Asafal ko kura,prachanda,yt:Prachanda,comment,latin
RSP ko neta haruko anuhar ma darr dekhincha ani prachanda le fyada uthauna khojdai cha yesari suru huncha bhag banda,prachanda,yt:Prachanda,comment,latin
ahile pani salbal gardai cha,prachanda,yt:Prachanda,comment,latin
दुई जिब्रे को बिस्वास छैन,prachanda,yt:Prachanda,comment,deva
"3,4 gibre ko kura kasaile biswas garne chhaina. Chhup lamo vasan kasai lai sunnu chhain. Kam gar kam.",prachanda,yt:Prachanda,comment,latin
३ जिब्रो  प्र चण्डे काे बिस्वास न गराै,prachanda,yt:Prachanda,comment,deva
पहिले पहिले पुराना पमटीका नेता मध्य प्रचन्ड अरु भन्दा ठिक लाग्थ्यो अहिले जब रास्वपा सरकार देखि तर्सियर बेलाबेला भुक्ने गरेको  ठिक लागेन ।,prachanda,yt:Prachanda,comment,deva
"कमियुनिस्ट भनेको त गठबन्धन  गर्ने आफ्नै मान्छेहरुलाइ भर्ति गर्ने, गरिब र निमुखा जनताहरुलाई चाहे कण्डो देखाइदिने ,,अझ भन्छन बुढा माओ को सिद्धान्त  रे लेनिन रे🤔 कस्तो राजनीति ,, हरायो  कमरेड विस्वास छैन अब तपाई  जति नै सकारात्मक  बोल्नु विस्वास हरायो ,, तपाई  को बोलिको ओैचित्य छैन",prachanda,yt:Prachanda,comment,deva
नेपाल मा जातीय बिबेध र धार्मिक बिबेध गरयेरा नेपाली भाईचारा लाई टुटाऊने डाम्न,prachanda,yt:Prachanda,comment,deva
Never ever trust prachand words 😊,prachanda,yt:Prachanda,comment,latin
Don’t trust . Be very careful with them,prachanda,yt:Prachanda,comment,latin
बालेन पनि प्रचण्ड को धोती मा सिरेको जस्तो लाग्यो,prachanda,yt:Prachanda,comment,deva
दुई जिब्रे प्रचन्ड को भर नपरौ,prachanda,yt:Prachanda,comment,deva
Kaslai damki deko,prachanda,yt:Prachanda,comment,latin
प्रचण्ड छेपारो को कुरा नपत्या हुन्छ,prachanda,yt:Prachanda,comment,deva
जेल जाने पालो आउने बेला भयो भन्ठानेर सरकारलाई चिल्लो घसेको मात्रै हो।अरुत तेरो कुरो कस्ले पत्याउलार छेपारे???,prachanda,yt:Prachanda,comment,deva
"Be aware Rabi & Balen Ji! ,
It’s his usual tactic to save himself going to jail.",prachanda,yt:Prachanda,comment,latin
"Hawa heading, boycott this channel",prachanda,yt:Prachanda,comment,latin
अजै येस्को दुई जिब्रे कुरा सुन्नु हुदैन अब,prachanda,yt:Prachanda,comment,deva
राम्रो कुरा गर्दा राम्रो भनम,prachanda,yt:Prachanda,comment,deva
Only  few days  ago he was  praising  and  supporting minister  Harka  Sampan.Not trustworthy,prachanda,yt:Prachanda,comment,latin
Yo dhonda ko khel parchande nai 100%,prachanda,yt:Prachanda,comment,latin
"Gutt banauda besta cha yo, bides  vraman ra swasthya ta euttaa bahana matra vayo😅",prachanda,yt:Prachanda,comment,latin
"Pracandra jatiko bhanera dekawo comment ma bhukne haru, lobi papi paye khane ta sab Nepali nai cha. Yetiko buddi ko level timi haru ko chaina thulo kura garchau",prachanda,yt:Prachanda,comment,latin
कोही गतिला छैनन्  Ncell  प्रकरण मा  तिनै टाउके ले अर्बौं रुपैया खाएका छन !,prachanda,yt:Prachanda interview,comment,mixed
प्रचण्ड जी जनता बर्वाद भैसके। तपाईं राजनीति बाट सन्यास लिनुस अब नयाँ युवा को जरुरी छ।,prachanda,yt:Prachanda interview,comment,deva
प्रधानमन्त्री तिमीहरूलाई लिने र दिने ब्यक्तिगत पो हुदो रहेछ।है,prachanda,yt:Prachanda interview,comment,deva
"यो comments पनि एउटाले सुरुमा positive comment गर्यो भने तलतिरका सबै भेडाहरुले positive comment नै गर्दारहेछन,negative गर्यो भने negative comments गर्दा रहेछन😅😅😅",prachanda,yt:Prachanda interview,comment,mixed
सकेको भए बनिसकेको प्रधानमन्त्रीलाई रोक्न गु फुस्कने गरी बल लगाएका हुन् पहिल्यै दिन्थ्यौ बुढा कति सक्ने ढाँट्ने पनि।,prachanda,yt:Prachanda interview,comment,deva
सहि होला यो भनाइ । तर केपि लाई सरकार र सत्ता भन्दा पनि आर्जु बचाउनु थियो अनि सरकार बद्लेका हुन ।,prachanda,yt:Prachanda interview,comment,deva
शेरे ओली भन्दा प्रचण्ड अलि ठिक लाग्यो!!,prachanda,yt:Prachanda interview,comment,deva
केपी चोरभन्दा त प्रचण्ड हजार गुणा best!!,prachanda,yt:Prachanda interview,comment,mixed
प्रचण्डजी ले सही बोलेको हो भने यसको अर्थ यो हो कि हामी सबै मिलेर राज गरौं जनता त गुलाम र बोका हुन 😮,prachanda,yt:Prachanda interview,comment,deva
"बाँच्नलाई साहस अनि हास्नलाई खुशी चाहिन्छ,🥹
सबैको आँखाको नानी बन्न त कहाँ सकिन्छ.😔🕉️",prachanda,yt:Prachanda interview,comment,deva
लूटतन्त्र लाई विकसित गर्न को लागी केपीलाई कुर्सी छोडेको हो !,prachanda,yt:Prachanda interview,comment,deva
तिनै चोर भ्रष्टाचारी हुन कोहि गतिलो छैनन्,prachanda,yt:Prachanda interview,comment,deva
केपि भन्दात 100 गुना राम्रो छन प्रचन्ड,prachanda,yt:Prachanda interview,comment,deva
तर यसपालि प्रचण्ड सत्य बोलेको जस्तो लाग्यो,prachanda,yt:Prachanda interview,comment,deva
Dhamala jiudo lass Ho,prachanda,yt:Prachanda interview,comment,latin
Nepal and nepali kahilai nabechiyos😢😢tetti ho hajur god always bless you and your family members ❤️❤️.,prachanda,yt:Prachanda interview,comment,latin
कति मिठो बोलेर पानी माथिको ओभानो हुन खोजेको हेरन यसको एक्सप्रेशन 😅,prachanda,yt:Prachanda interview,comment,deva
"He seems to have come in the right track lately, there has been some sort of grand realisation",prachanda,yt:Prachanda interview,comment,latin
Dhamala jii shut sanga half pant kosley lagauxa😂?,prachanda,yt:Prachanda interview,comment,latin
"It feels like we people are secondary and they r sharing the chair among each other. What a shame of our democracy. We need direct presidential election. Or else we are getting into the loop of instability. People must have complete power to choose their leader in NEPAL.
 
In the memory of 17000+ Nepalese souls who earned us this democracy. Jay NEPAL.",prachanda,yt:Prachanda interview,comment,latin
यो देशको लागी तपाई नै दुर्भाग्य हो प्रचंड जी तपाईले बिगत ३६ बर्ष देखी के के गर्नु भयो यसो समीक्षा गर्नु त।,prachanda,yt:Prachanda interview,comment,deva
जनताले धेरै अपेक्षा गरेको थिए तपाईबाट दुर्भाग्य भनौं वा तपाईं ती भ्रष्टाको पछि लागेर आज हेर त माओवादीको हलात के भयो।,prachanda,yt:Prachanda interview,comment,deva
Chhota haru desh garib bhayera haina yasta paji neta haru ko man garib bhayer desh ra janta le dukha paye,prachanda,yt:Prachanda interview,comment,latin
६/६ महिना मा सरकार बदलिनु  को मुख्य कारण एउटा प्रचण्ड हो र यो रहुन्जेल यस्तो भइ रहन्छ,prachanda,yt:Prachanda interview,comment,deva
प्रचण्ड प्रचण्ड हो ..🇳🇵✊👑,prachanda,yt:Prachanda interview,comment,deva
यिनिहरु कोहि गतिला छैन सबै mcc  र नागरिक्ता बिधेक को मतियारहरु हुन ।,prachanda,yt:Prachanda interview,comment,mixed
सेरे ओली भन्दा तिमी हजार हुना खत्तम किन की उनीहरू सङ्ग ठुला ठुला पाटी छन तिमी एक्लै भै सकेउ तिमी एक्लिएको कल्ले बुझिदिने बजे !,prachanda,yt:Prachanda interview,comment,deva
पहिला प्रधान मन्त्री नपाएर पाटी फुटाउनु भयो वामदेव सरले खुलास / गर्नुभये । बचनको पक्का हुनपर्छ सर के गर्ने जनताले कुरा नबुझेको होकी हजुरले बोलि फेरेको हो सर नमस्कार 🎉,prachanda,yt:Prachanda interview,comment,deva
Aru vanda ramro ho,prachanda,yt:Prachanda interview,comment,latin
यो मान्छे मलाइ किन मन पर्दैन होला खै म आफू नै बुज्न सक्दैन ।यो मान्छे ले जे पनि बोल्छ ।किन होला यस्को बिस्वास न लाग्ने मलाइ मात्र हो कि अरु लाई पनि होला।,prachanda,yt:Prachanda interview,comment,deva
Comred❤🙏,prachanda,yt:Prachanda interview,comment,latin
प्रधानमन्त्री कै लागि प्रधानमन्त्री हो रहेछ जनताका लागि होईन रहेछ प्रधानमन्त्री,prachanda,yt:Prachanda interview,comment,deva
केपि लाई हैन रबि लाई भनेको हो,prachanda,yt:Prachanda interview,comment,deva
प्रचण्ड  धेरै  राम्राे नेतामा गनिछ❤❤❤❤❤❤,prachanda,yt:Prachanda interview,comment,deva
३२ सीटे को रूवाबासी पनि  धेरा भो,prachanda,yt:Prachanda interview,comment,deva
Good dahal ji yahi raftar ma ho vany Janta melmilab hidnus,prachanda,yt:Prachanda interview,comment,latin
संवैधानिक राजतन्त्रमा र प्रचण्ड प्रधानमन्त्री भए भने मात्र अब देश चल्छ।त्यसमा बालेन हर्क गोपी कुलमान जस्ता लाई महत्वपूर्ण र शक्तिशाली पदहरूमा लेराउन पर्छ।,prachanda,yt:Prachanda interview,comment,deva
36 बर्ष देखि आजिबन अध्यक्ष हुने र नमर्दासम्म प्रधानमन्त्री हुने चाहानेले कति झुठो बोल्न सकेको हुन त उहाँ बराबर छेपारोले रङ फेर्दैन ! प्रचण्ड स्खलित रुग्न मानसिकताका उपज हुन !!,prachanda,yt:Prachanda interview,comment,deva
प्रचण्ड अलि ठिक छन सेरे केपि भन्दा तर यिनि हरु ले नेपालि जनता को भबिस्य लाइ नै लथालिङ्ग बनाए || झोले नै जिम्मेवार छन,prachanda,yt:Prachanda interview,comment,deva
काँग्रेस एमाले मिलेर सरकार बन्ने भएपछि भनेको होला,prachanda,yt:Prachanda interview,comment,deva
Prachhada kamred tapaye lae dhanyabat,prachanda,yt:Prachanda interview,comment,latin
Hyaaaaaa,prachanda,yt:Prachanda interview,comment,latin
हावा आफु सरकार मा जान जे पनि गर्ने आफै पनि होला नि,prachanda,yt:Prachanda interview,comment,deva
You're right 👍,prachanda,yt:Prachanda interview,comment,latin
केपी शेरे माकुने भन्दा लाखौ गुणा प्रचण्ड जिउ राम्रो हो❤❤❤,prachanda,yt:Prachanda interview,comment,deva
नेपालमा बगाले च्याउ जस्ताे पार्टी भएका कारण स्थिरता हुन सकेन । अब नेपालमा दुई पार्टी सिस्टममा जानू पर्छ। नेपाली जनताले अब विचार गर्नुपर्छ।,prachanda,yt:Prachanda interview,comment,deva
यस्ता जनहिंसाका पुजारिको कुरा पत्याएर के काम। अब जनमतबाट बहिस्कार गर्ने हो प्रचन्ड एन्ड कम्पनि।,prachanda,yt:Prachanda interview,comment,deva
"तिमि त कुर्शिको कुसन हौ प्रचण्ड। चाहे त्यो देशको होस या पार्टिको , , तर तिम्रो कुर्शि चहि प्रमुख कै हुनुपर्छ।",prachanda,yt:Prachanda interview,comment,deva
Dhamala Ji le Pant माथि gareka hun ki Pant छोटो lagaayeka hun?😁,prachanda,yt:Prachanda interview,comment,mixed
केपि सेरे भन्दा त प्रचण्ड हजारौं गुणा ठिक छन ।,prachanda,yt:Prachanda interview,comment,deva
❤महान् नेता प्रचण्डको महान् सोच् ❤,prachanda,yt:Prachanda interview,comment,deva
"ओलि भन्दा प्रचणड राम्राे नेता हाे ,याे कुरा मानेकाे भा अहिले जस्ताे जहाँ तहा येति साराे बिराेध हुने थियेन,",prachanda,yt:Prachanda interview,comment,deva
प्रचण्डको कुरा सहि हो यदि हावा कुरा हो भने केपिले जवाफ फर्काई दिन्छ,prachanda,yt:Prachanda interview,comment,deva
I m watching 👀  frm india ...hasho usthcha yo dekheraa ...,prachanda,yt:Prachanda interview,comment,latin
𝐍𝐚𝐭𝐚𝐤𝐚𝐢𝐢 𝐡𝐨𝐨𝐨 𝐲𝐚𝐬𝐤𝐨 𝐩𝐚𝐧𝐣𝐣😅😅😂,prachanda,yt:Prachanda interview,comment,latin
यो चाहिँ सहि होला कुरा सत्य कुरा ❤❤❤,prachanda,yt:Prachanda interview,comment,deva
आज सामाजिक सँजालमा सबैभन्दा जन्तसले मन पार्छन प्रचन्चलसइ,prachanda,yt:Prachanda interview,comment,deva
हो सत्य ही,prachanda,yt:Prachanda interview,comment,deva
Sabaile dherai thulo kura nagarepani hunx parchand navayeko vaye jun thau ma basera boleko xau tyo thauma basera bolna paune thiyenau 🙏🏻💖💪🏻 jayeee parchand🙂,prachanda,yt:Prachanda interview,comment,latin
Great Leadership,prachanda,yt:Prachanda interview,comment,latin
सहि कुरा भनेकाे हाे❤❤❤❤,prachanda,yt:Prachanda interview,comment,deva
गफ नदेउ काका तिमी प्रधानमन्त्री कै लागि होइन यता र उता दौडेको😂😂,prachanda,yt:Prachanda interview,comment,deva
कुनै बाहुन क्षेत्रीले देश बनाउने वाला छैन लेखेरा राख्दा हुन्छ,prachanda,yt:Prachanda interview,comment,deva
क.प्रचण्ड ✊✊✊,prachanda,yt:Prachanda interview,comment,deva
Position ko lagi janta lai Sunauxa develop garera chae dekhauna,prachanda,yt:Prachanda interview,comment,latin
३ जना को म्युजिकल चेयरको अन्त्य भयो। फेरि आएर त्यही गर्नेछ्न। जनता होसियार!!,prachanda,yt:Prachanda interview,comment,deva
होला होला अब जनताले पत्याइदिनुपर्ने,prachanda,yt:Prachanda interview,comment,deva
"केपि उखाने र
शेरे बुडा भन्दा
प्रचण्ड धेरै ठिक छ्👍️",prachanda,yt:Prachanda interview,comment,deva
Good prachanda,prachanda,yt:Prachanda interview,comment,latin
Maile patyaen tapaiko kura,prachanda,yt:Prachanda interview,comment,latin
"फटाहा गफ,",prachanda,yt:Prachanda interview,comment,deva
Haso lagxa,prachanda,yt:Prachanda interview,comment,latin
भो भो मिस्टर अब कुनैले पत्याउनु गार्हो छ केवल तिम्रो केहि भक्तहरु जुनले दश बर्षमा दश अर्ब खान पाए!,prachanda,yt:Prachanda interview,comment,deva
होइन होला सबैलाई प्रम चाहिएको छ।  ।,prachanda,yt:Prachanda interview,comment,deva
100% right ❤❤❤❤❤,prachanda,yt:Prachanda interview,comment,latin
Parchad sir kp lai thegan lagaunusa. Please aba chai ramro garnus,prachanda,yt:Prachanda interview,comment,latin
Hoina hola😮,prachanda,yt:Prachanda interview,comment,latin
Sahi kura❤❤❤❤😊,prachanda,yt:Prachanda interview,comment,latin
सबै एकै ढयाङगको चोरहरु हुन्🤝,prachanda,yt:Prachanda interview,comment,deva
हामी लाई के थाहा,prachanda,yt:Prachanda interview,comment,deva
The problem with Nepali janta is they can only comment but don’t try to change all these corrupted leaders. Nepal needs change. Scrap everyone & establish New.,prachanda,yt:Prachanda interview,comment,latin
हो हामीले पनि सुनेको थिम,prachanda,yt:Prachanda interview,comment,deva
होला होला सपना मा,prachanda,yt:Prachanda interview,comment,deva
"पतन भैसकेकालाइ, अस्ताइसकेकालाइ र निभिसकेको दियो लाई पनि चलाउनुहुन्छ सर ?",prachanda,yt:Prachanda interview,comment,deva
आतंककारीको फासिवादी कुरा कस्ले पत्ताईदिने कथैनी !!,prachanda,yt:Prachanda interview,comment,deva
यस्ता पतित पात्रलाई सम्बादका लागि बाेलाउदा हेर्न मन लाग्दैन सुन्न मन लाग्दैन ।,prachanda,yt:Prachanda interview,comment,deva
यस्ता मुला थाङ्ना काे कुरा के सुन्नु😂😂😂😂,prachanda,yt:Prachanda interview,comment,deva
यो देश बर्बाद हुनुमा मिडिया को पनि हाथ छ।जेलमा सद्नु पर्ने लाई अन्तरबार्ता लिदै हिन्छ।तेलिभिजन मा हुदा कान्द सुनाउने भेत्दा किन नसोधेको?,prachanda,yt:Prachanda interview,comment,deva
राजेन्द्र जि यो र केपिलाई तपाईको कार्यक्रममा ल्याएर आफैलाई अपबित्र नबनाऊनू ।ल्याऊनूनै छ भने खट्टा नकमाएर कडा प्रश्न सोध्नू।,prachanda,yt:Prachanda interview,comment,deva
२० बर्ष देखि देशको दोहन गर्ने अनि कुरा मान गर्ने,prachanda,yt:Prachanda interview,comment,deva
२० वर्ष पहिले झुलुङ्गे पुलहरू काट्दै गाविस भवनहरू स्कुलहरू जलाउँदै हिँड्नेहरू आज नेपाली जनताले सजाइदिइरहेका छन्।,prachanda,yt:Prachanda interview,comment,deva
जेल जानुपऱ्ने मानछे 🫵,prachanda,yt:Prachanda interview,comment,deva
Prachanda ❤,prachanda,yt:Prachanda interview,comment,latin
"राजेन्द्र जी , मलाई बोलाउनुस यार । at least अब को पाँच वर्ष मा के हुन्छ भन्न सक्छु । येस्ता failure लाई ल्याएर के पाठ सिकौना खोजेको?",prachanda,yt:Prachanda interview,comment,mixed
सबै कुराको जवाफ फर्काउनुस् तर जनताको विश्वास फर्केर आउन्न,prachanda,yt:Prachanda interview,comment,deva
Huge respect ❤❤❤🎉🎉🎉🎉,prachanda,yt:Prachanda interview,comment,latin
तपाईंको अन्तरबार्ता मलाई राम्रो लाग्छ सधैं हेर्ने गर्छु अब आउने अन्तरवार्ता भनेको प्रधानमन्त्रीसँगै हरेक पार्टीका प्रमुख नेतालाई सँगै राखेर अन्तर्वार्ता लिनु त। कति मजा हुन्छ हेर्नलाई हामी सबै जनताको माग,prachanda,yt:Prachanda interview,comment,deva
21बर्ष मा 18बर्ष सत्तामा थिइस त के गरिस,prachanda,yt:Prachanda interview,comment,deva
अब त पत्याउन छोडियो यो फटाहाको राजाको कुरा….,prachanda,yt:Prachanda interview,comment,deva
हाम्रो देश नेपाल हो😊 हाम्रो राष्ट्र नेपाल हो जो आतंक गरिसत्र हजार नेपाली लेभलका जनतालाई हत्या गरेर अहिले ठूलो कुरा नगरी हुन्छ जो नाटक मञ्जन गर्दै छन्,prachanda,yt:Prachanda interview,comment,deva
यो छेपारो अब एक्लै हो 😂 दूई जिब्रे फटाहा 😂,prachanda,yt:Prachanda interview,comment,deva
"नेपाली शेना र निर्धा जनताले ज्यन फाले , आज नेता मात्र धनी भए , ब्यक्तिको लागि , जनताले बलीदान दिनु पर्ने , बिडम्वना  ।",prachanda,yt:Prachanda interview,comment,deva
नेपाल  जस्तो मुलुकमा संगीयता र प्रदेश ले खर्च बढाउने हुँदा येस्मा पुर्नविचार गर्दा राम्रो हुनेछ अन्यथा पार्टी नै सकिएला। देशको आम्दानी भएको मुलुकमा मात्र संगीयता टिक्ला नत्र हाम्रो देशले धान्न सक्दैन ल्यांग ल्यांग गरेमा संबिधान नै जनताले नराख्न पनि सक्छन बेलामा नै विचार पुगोश ❤️❤️जय देश 🙏🙏,prachanda,yt:Prachanda interview,comment,deva
"धेरै कारण मध्ये नेताहरुकाे असफलता काे कारण याे पनि हाे।
आहार शुद्ध भयाे भने, मन शुद्ध हुन्छ। मन शुद्ध भयाे भने, विचार शुद्धहुन्छ । विचार शुद्ध भयो भने, कर्म शुद्ध हुन्छ । कर्म शुद्ध भयो भने, परिणाम शुद्ध हुन्छ । परिणाम शुद्ध भयाे भने, सबैको भलाे हुन्छ। जय सनातन वैदिक हिन्दु  धर्म।🙏राधेरधे🕉️🇳🇵🕉️🥀🌺🌹💐",prachanda,yt:Prachanda interview,comment,deva
"Sir Hajur pani purano video rakhera prank garne ?? 

We want you to work more than 12 hours and let us educate politics and exposed politicians. 

We love you and the way you are doing your work we appreciate. 

Ma pani Gorkhali nai ho sir love the way you talk",prachanda,yt:Prachanda interview,comment,latin
"देश जनता र सहिदहरुको चाहाना पूरा गनाँलाई माहान गेटर नेपाल बनाउने नै यसमा पहल गनुपछ,🙏🌍️👍️🎎🇳🇵♥️🎉😢😢",prachanda,yt:Prachanda interview,comment,deva
koi napayera yesta laai interview line din aayo sir hajurko ?,prachanda,yt:Prachanda interview,comment,latin
Sir dubai ko paisa ko paniparsanga ma lahunuma,prachanda,yt:Prachanda interview,comment,latin
कुरा सबैको सुन्नुपर्छ ।निणय आफैले गर्नु पर्छ।पोखिएकै हो सर,prachanda,yt:Prachanda interview,comment,deva
"पुराना दलहरू—कम्युनिस्ट र नेपाली कांग्रेस—अहिलेसम्म पनि स्थानीय तहमा समाजलाई भ्रष्ट बनाउने काममै लागिरहेका छन्। केन्द्र स्तरमा भने बालेनको नेतृत्वमा भइरहेको काम राम्रो देखिन्छ, तर स्थानीय तहमा कम्युनिस्ट र नेपाली कांग्रेसको नियन्त्रणमा रहेका प्रशासनहरूले चरम कुशासन र भ्रष्टाचार फैलाइरहेका छन्।
आगामी स्थानीय निर्वाचनमा जनताले यिनलाई उचित जवाफ दिनुपर्छ। विकास र जनहितभन्दा पनि यी दलहरूले अनावश्यक विवाद सिर्जना गर्ने र हरेक विषयलाई राजनीतिक रंग दिने काम गरिरहेका छन्।",prachanda,yt:Prachanda interview,comment,deva
कमाउनिस्ट,prachanda,yt:Prachanda interview,comment,deva
Purano video views ko lagi feri reupload nagarnu hai sir please,prachanda,yt:Prachanda interview,comment,latin
"जिरो भिजन भएको, यस्ता वाहियात खाली माक्स र लेनिन भन्दै अरूको कपिपेस्ट गरी गरी निर्दोष नागरिक मारेर आफ्नालाई पोसेको देशलाई 25, वर्ष सम्म अन्धकार मा धकेल्ने मुख्य विदेशी गुलाम नाइके जसलाई नेपाली इतिहाँस र भावी सन्ततिले कहिले माफ गर्ने छैन।। त्यस्ता लाई बोलाएर किन पापको कमाई गर्दै हुनहुन्छ राजेन्द्र जी।🙏🕉️🇳🇵",prachanda,yt:Prachanda interview,comment,deva
जनताको आँखामा छारो हाल्ने जमाना गए ।,prachanda,yt:Prachanda interview,comment,deva
कुनबेला इनका कार्यकर्ताहरु पनि अहिलेका रास्वपाका कार्यकर्ताहरु जस्तै उग्र गर्थे र सकिय केहिसमय पछि रास्वपाको पनि हालत यस्तै नहोला भन्न सकिन्न,prachanda,yt:Prachanda interview,comment,deva
"अब कासी गएर नुहाएर धुइपखाली आए पनि जनताले बिश्वास गरे पो ,रङ फेरेको फेर्यै  छेपारोले झै  ,",prachanda,yt:Prachanda interview,comment,deva
Yesto kaitey sanga k interview leko RAJENDRA ji??😂😂😢😢😅😅,prachanda,yt:Prachanda interview,comment,latin
प्रभाकर लाई  पनि ल्याउनु परेयो prachand lastai ढाट्छन,prachanda,yt:Prachanda interview,comment,mixed
Prachanda is the best leader of Nepal.,prachanda,yt:Prachanda interview,comment,latin
"कता कता यो नयाँ सरकारले भ्रष्टाचार बिरोधि कामकारबाही गर्न थाल्यो भने सडक सदनबाट आन्दोलन चर्काउने कुरा गर्दै थे क्यारे, बुझ्नुभयो कुरा साथीहरू? भन्न खोजेको के हो?यस्तालाइ जनताको साथ?",prachanda,yt:Prachanda interview,comment,deva
खै पुरा अन्तरबार्ता,prachanda,yt:Prachanda interview,comment,deva
त आतंककारी होस नेपालमा आतंकवाद सुरुवात गर्निनै तै होस । आफ्ना परिवार आफन्त सबलाइ पोसेर पार्टी सकिस । अब नेपाली जस्ले तलाइ र तेरोपार्टिलाइ सघाए अनि मरे अब तिनको सन्ततिलाइ पार्टी कसरी देखाउनी कसरी बुझाउनी। भारतमा बसेर नेपालमा बम पड्काउनी नेपाली मार्नी तेरो कारण एक पुस्ता समाप्त भयो देश तहसनहस भयो । यस्को जवाफ छ तसङ्ग,prachanda,yt:Prachanda interview,comment,deva
जेन्जी आन्दोलनमा यो हत्यारा कहाँ लुकेको थियो ??,prachanda,yt:Prachanda interview,comment,deva
जसरी यो आतंककारीको समर्थन पश्चात् देश बाट निक्लिन पर्यो परिवार पाल्न को निम्ति अब यो आतंककारी लाई देश बाट निकाल्ने हो,prachanda,yt:Prachanda interview,comment,deva
कम्युनिष्ट नेपाल मा फेल भयो,prachanda,yt:Prachanda interview,comment,deva
हेल्लो गाउँले दाइ यो बिदेसिको दानापानी खायर नेपाली मार्ने को अनुहार नदेखाउनुस हो,prachanda,yt:Prachanda interview,comment,deva
अरूलाई बाघको गर्जनका साथ प्रश्नको तीर चलाउने काका आज किन म्याउम्याउ गरे जस्तो आभास भएको छ मलाई 😂कि अब यिनिहरूसंग आस नभएर हो?,prachanda,yt:Prachanda interview,comment,deva
"इन्डियाले इन्डियामा जन्माएको हुर्काएको पाटीले, इन्डियनबाट हतियार चलाउन सिकेको पाटीले, इन्डियाको एजेण्डा बोकेको पाटी/ व्यक्तिले नेपाल र नेपालीको हित गर्छन् भनेर सोच्नु महामूर्खता हो।",prachanda,yt:Prachanda interview,comment,deva
देस र जनता सक्नलाई फेरि बाम एकताको नाटक गर्ने कोसिस नगरियोस प्रचण्ड केही सिमित स्वार्थका निमित्त ।जनताले तिमिहरुलाई छोड्ने छैनन बुढेसकालमा भाचिएको हड्डि जोडिदैन बिचार पुर्याउनु ।,prachanda,yt:Prachanda interview,comment,deva
राजेन्द्रजि सक्नु हुन्छ देशप्रेमिहरुको अन्तर्वार्ता लिनुस यस्ता चोर आतंककारीहरुको प्रचार नगर्दिनुस प्लिज।😪🤐,prachanda,yt:Prachanda interview,comment,deva
"❤❤देश भक्त बरिस्ठ पत्रकार 
राजेन्द्र बानियाँ सफलता को शुभकामना ❤
यस्तो नेता न निति सिद्धान्त आदर्श ,निष्ठा ,विभिन्न गल्ली ,गल्ली चोक चोक म साना साना पसले ले सस्तोबजार मा विभिन्न सामान जस्तो गफ sale sale sale सामान हरु 😮",prachanda,yt:Prachanda interview,comment,mixed
सत्र हजार जना नेपाली मान्छेहरू मारेर अझै पनि खुल्लाम खुल्ला घुमी राख्यो प्रचण्ड जोड डाँका देश लुट्ने यो मान्छे फटाहा,prachanda,yt:Prachanda interview,comment,deva
यदि नेपाल मा  राम्रो सरकार  आउने हो भने  यी बरिस्ठ  ज्यु ले जेल मा जानू पर्ने हुन्छ,prachanda,yt:Prachanda interview,comment,deva
Very good new s❤❤❤🎉🎉🎉,prachanda,yt:Prachanda interview,comment,latin
प्रचण्ड लाई कसैले राम्रो wow भनेको खै देख्दिन त?😊,prachanda,yt:Prachanda interview,comment,mixed
Janta le nai tiraskar gari sakeka haru ko ke kura sunnu 😊,prachanda,yt:Prachanda interview,comment,latin
"देउवा ओली प्रचण्डले नेपालको राजनीति पोलेर खाए।👈
ओली प्रचण्डले कम्युनिस्ट राजनीति पोलेर खाए।👈ओलीले एमाले राजनीति पोलेर खाए।👈",prachanda,yt:Prachanda interview,comment,deva
RIP parchanda,prachanda,yt:Prachanda interview,comment,latin
k gareu ra bepataa li timra li gareu hola hamrali tw aaja samaaa kai gardiyako xaina jun sarkar aaya pani hamili k vayo rww,prachanda,yt:Prachanda interview,comment,latin
हामिले धेरै सोचाइको कुरा आम्दोल्न बदी छ हजुरको interview आउँछ म सधैं हेर्छु सब view plan हजुरको नि intrevew अनुसार negagative देख्छु,prachanda,yt:Prachanda interview,comment,mixed
प्रचण्ड त जोगी जस्तै भयो!,prachanda,yt:Prachanda interview,comment,deva
स्पेसली जनजाति दलित तथा पिछडिएका लाई बोल्न सक्ने चाहिँ बनाको प्रचण्डले हो त्यो नभुलोस आम जनताले र केपि वलि लाई भ्रष्टाचारको अखडा बनाउन चान्स दिने नि कमरेड नै हो,prachanda,yt:Prachanda interview,comment,deva
कम्युनिस्टहरु 74 बाट सुरुभएर 84 पतन हुने निश्चित छ।,prachanda,yt:Prachanda interview,comment,deva
"Rajendra g manxe ko anuhar herera prasna garnu hunxa yaar.chitta bujen.cantimental,shun kanda.Baburam le vaneko budhigandaki khai ta??😊",prachanda,yt:Prachanda interview,comment,latin
"तिम्रा सपना ले देश डुवायौ ,,,नाता गोता ,झोले गुन्डा पाल्ने ,देश डुवाउने तिर लागेउ ,,,तिम्लाई सत्र हजार का रगत ,,,ले मर्न पनि सक्दैनौ ,बाच्न पनि सजिलो हुने छैन",prachanda,yt:Prachanda interview,comment,deva
माक्स र लेलेनले जनतालाइ झुक्काएर आफू धनाढ्य बन्नु चाहिँ कुन सिद्धान्त को धारामा तिमिहरुलाइ प्रसिक्षण दिएका थिए ।प्रचण्ड जि भनेर सोध्या भए हुन्थो नि राजेन्द्र जि! रुपान्तरण भनेको यिनको सिद्धान्त त हो यिनको सिद्धान्त ले नव धनाढ्यको जन्म र उत्थान भएको त जनताले चाल पाएरै हो टालाटुली बटुली कत्ती नराम्रि पुतली बानइदियो!,prachanda,yt:Prachanda interview,comment,deva
यस्ता थाङ्ने हत्त्यारा लाई के बोलाको होला राजेन्द्र सर ले😡,prachanda,yt:Prachanda interview,comment,deva
Singapore banaune!😂😂😂!,prachanda,yt:Prachanda interview,comment,latin
नुनको सोझो गर्न खोजेको हो हजुर ले?,prachanda,yt:Prachanda interview,comment,deva
धत् मोरा,prachanda,yt:Prachanda interview,comment,deva
Yas ko boli sunda pani has udxa,prachanda,yt:Prachanda interview,comment,latin
जनयुद्ध को बेला डर ले गतिलो सास फेर्न पनि नसक्ने हरु ले अहिले प्रचण्ड लाई गाली गरेर उनको जुँगा उखेल्न खोजेको देख्दा अचम्म लाग्छ!,prachanda,yt:Prachanda interview,comment,deva
Abo yesta lai nabolau bolako ma unsub gare ahile lai,prachanda,yt:Prachanda interview,comment,latin
"Teti saro ta, 😂😂😂 bijog na, gardinu bhaye hunthyo 😅😅",prachanda,yt:Prachanda interview,comment,latin
कती बेसरम कती कमीना राजेन्द्र सर यस्लाइपनी नेता भन्नु हुन्छ,prachanda,yt:Prachanda interview,comment,deva
We LOVE Prachanda!!,prachanda,yt:Prachanda interview,comment,latin
Nepal ko lee kuan yew singapore banounay😂,prachanda,yt:Prachanda interview,comment,latin
यो झत्ता को कुरा सुन्नु भन्दा टिक टक हेर्छु,prachanda,yt:Prachanda interview,comment,deva
आज भन्दा केहि बर्ष अगाडी दुर्गा प्रसाई ले बोलेको थियो कि माओबादी पार्टी ने घाडो भएको छ र पुस्प कमल लाई कसरि हुन्छ सेफ ल्यान्डिग गरु भै सकेको छ भनेर हो रहेछ अहिले सक्यो दुर्गा ले बोलेको १००% मिलेको छ,prachanda,yt:Prachanda interview,comment,deva
यो पनि जेलमा जाकेको हेर्न मन छ बास् अरु केही चाहिदैन।,prachanda,yt:Prachanda interview,comment,deva
फेरि पुरानै लेउन मन छ क्या हो यो पत्रकार लाई 😂😂😂😂😂😂,prachanda,yt:Prachanda interview,comment,deva
प्रचण्ड ❤,prachanda,yt:Prachanda interview,comment,deva
Namonisan metaidiyo maobadi lai,prachanda,yt:Prachanda interview,comment,latin
यो चोरलाई पनि मोउकात देको होनि जन्ताले तर के गर्नु आफ्नो आसे पासे पाल्दै र भर्स्थ गर्दा आज जन्ताले यो ठाउमा पुराउनु बाध्य भयो ।। सम्पति छानबिन गरेर रास्ट्कर्न गर्नु पर्छ,prachanda,yt:Prachanda interview,comment,deva
Chor ho sadhai chor chandal cheparey ani hatyara nai rahaney bhayo. 😡,prachanda,yt:Prachanda interview,comment,latin
Sampati suddikaran ko dar le ekata gareko bhanna kina lajako?,prachanda,yt:Prachanda interview,comment,latin
बुढाको हैसियत राजनीति गर्ने चाहिँ  होइन। बोल्ने धेरै काम गर्ने परिवारबादीब्र कार्यकर्ता मानसिकता,prachanda,yt:Prachanda interview,comment,deva
छेपारो न हो जतापनी ठिक्क,prachanda,yt:Prachanda interview,comment,deva
पतन भई सक्यो यो पार्टी त,prachanda,yt:Prachanda interview,comment,deva
Trying to run away after murdering an innocent citizen and changing your name is not going to work. You have committed a major crime by killing an innocent person.,prachanda,yt:Prachanda interview,comment,latin
"प्रचण्ड आफैमा खराब नेता हैनन , उनी सङ्ग केपि ओलि , सेर बहादुर , माधब नेपाल हरू को तुलना गर्न मिल्दैन ।",prachanda,yt:Prachanda interview,comment,deva
"यो मुला ठग्ने प्रचण्डको कुरा त सुन्दैनौं, सर। अलि देशको राम्रो भएको वा देशको लागि राम्रो गर्ने मान्छेलाई बोलाउनुहोस्, सर। त्यसो गर्दा तपाईंको समय पनि बच्नेछ, हाम्रो पनि समय बच्नेछ।",prachanda,yt:Prachanda interview,comment,deva
Dhartiko boj,prachanda,yt:Prachanda interview,comment,latin
युगनेता हून प्रचण्ड,prachanda,yt:Prachanda interview,comment,deva
Esta esta Ka Pani tapai Kura gari rahane .yar k khale manchhe ho tapai,prachanda,yt:Prachanda interview,comment,latin
Just give up and sleep. You are  not capable. There is only one leader. That is Harka Sampang.,prachanda,yt:Prachanda interview,comment,latin
Yesta jatha ko k kura sunnu😂,prachanda,yt:Prachanda interview,comment,latin
Maks ra lenin ka ghar khedaunu parxa yaslai,prachanda,yt:Prachanda interview,comment,latin
देश भक्तहरू रेl😂,prachanda,yt:Prachanda interview,comment,mixed
Kasto 🦎 ko interview ho .,prachanda,yt:Prachanda interview,comment,latin
हो हो शाही सैनिक मञ्च भन्ने शब्द कमरेड को मुखबाट सुन्दा अनौठो मात्र हैन मधु बचन नै सुनिदो रहेछ नी :😅😅😅,prachanda,yt:प्रचण्ड,comment,deva
"कमरेड प्रचण्डको भाषणमा शाही सैनिक मञ्चको उच्चारण त निकै अनौठो पो सुनिदो रहेछ । मलाई वहाँको यो भाषण निकै वजनदार, जिम्मेवार र महत्वपुर्ण लाग्यो । विपक्षी दलको नेताको यस्तो सकारात्मक भाषण सरकारको लागि निकै ठुलो सहयोग हो भने देश भरीका नागरीकहरुलाई आशा जगाएर सकारात्मक दिशामा अगाडी वढन अभिप्रेरित गर्ने उत्प्रेरणा पनि हो । सबै नेताले यस्तै सकारात्मक दृष्टिकोण पेश गर्ने हो भने देशको माहौल नै अर्को हुन सक्दछ ।",prachanda,yt:प्रचण्ड,comment,deva
राष्ट्रपिता प्रचण्ड सान्दर्भिक बिचार,prachanda,yt:प्रचण्ड,comment,deva
"Helicopter ma chadera sumargi sanga wine khane bela ka gayo thiyo timro jan kranti ko nara
Aele aayera thula kura garne",prachanda,yt:प्रचण्ड,comment,latin
कमरेड प्रचण्ड ले अविभावकको भुमिको भुमिका देखाएका छन तेहि भएर उनि राष्ट्रपिता हुन तर गजेडि खराने ग्याङ हरुले देसको चिन्ता गर्दैन,prachanda,yt:प्रचण्ड,comment,deva
Greatest of all time in nepalese politician  🎉😅,prachanda,yt:प्रचण्ड,comment,latin
ओहो जता पनि ठीक्क जता गयो जे मन लाग्छ तेहि बोल्यो कति आनन्द,prachanda,yt:प्रचण्ड,comment,deva
Garimamaya  samsadiya bhawanma bilin Maobadi ko upanaam prachanda jasta ko  feri uchcharan nagariyos.,prachanda,yt:प्रचण्ड,comment,latin
मास्टरमाईन्ड खेलाडि हाे भराेसा नगर्नु नेपाली जनता देश सकाउनेतिर लागिरहेछ यिनी छेपाराे🇳🇵🇳🇵🇳🇵,prachanda,yt:प्रचण्ड,comment,deva
कतै अहिलेको भैरगेको मास्टरमाइन्ड वाहा नै हो जस्तो लाग्छ।,prachanda,yt:प्रचण्ड,comment,deva
Sanatan dharm ra Sanskriti vatkaune niyam mawobadi Le gareko jasto lagxa suru ma yo desh ma.,prachanda,yt:प्रचण्ड,comment,latin
shahi sanik maancha .....,prachanda,yt:प्रचण्ड,comment,latin
याेसब यहिपरचनडे काेआदेसमा भइराछ याेफटाहा लाइ तुरुन्त कार्बाइ गर बालेन सरकार,prachanda,yt:प्रचण्ड,comment,deva
सात लाख उतार्छु भनेको केही दिन अगाडी भनेको कुरा अहिले सुनसरी ठ्याकै तेहि भयो तपाईं जे बोल्नु हुन्छ यो देश तेहि हुन्छ,prachanda,yt:प्रचण्ड,comment,deva
यहि आतंककारी काे हात हुन सक्छ । सत्तामा भाेक लागेकाे छ !!यिनी केपि र प्रचण्ड यसमेनलाई😡😡🇳🇵,prachanda,yt:प्रचण्ड,comment,deva
विशेष सम्बोधन ।🎉,prachanda,yt:प्रचण्ड,comment,deva
यो सबै काम  पुराना ईनै बिपकछि दलको उकसाहिमा भए को छ।,prachanda,yt:प्रचण्ड,comment,deva
"All of political neta do this work,, public know,, public are educat, Wise, honestly, faithful public,,",prachanda,yt:प्रचण्ड,comment,latin
देश सक्ने खास ब्यक्ती हो यो,prachanda,yt:प्रचण्ड,comment,deva
एक अविभाज्य देशका नागरिक हामी हौँ । 🎉,prachanda,yt:प्रचण्ड,comment,deva
घटना घट्यो किन को द्वारा उद्देश्य के हो यसो गर्यो भने कुन प्रतिभा को जगेर्ना हुन्छ यसो गराउने मा मुख्य हात कसको छ के यो भाले जुधाइ हो  कि मान्छे मार्ने र देश र नारिक लाई च्यत बी च्यत बनाउने विचार हो यो आतंक हो कानुन ले खोज्नु पर्छ ।,prachanda,yt:प्रचण्ड,comment,deva
"यही पुरानो हाम्राे नेपाल हिन्दु धर्म देश हुँदा नेपाल मा शान्ती र सुन्दर देश भने विश्वको पहिचान  थियो तर यो भरस्ठ नेताहरुको घुसपैठ ले गर्दा हाम्रो नेपाल को पहिचान जानु र अहिलेको अवस्था  जातजाति वा धर्ममा झै झ्गडा वा मार्न मर्न  लगाउने ई सबै कु कीर्ति काम भने सबै नेताहरु को व्योहरिक विदेशी हस्तछेपको चाल चलन नै  छ । देशमा यस्तो अपराध द्वन्द चलेको अवस्था बन्द गरी  हाम्रो देशको पहिचान विश्वको शिखर सम्म पुर्याउने काम हाम्रो देश प्रेमी जनता , शिक्षित मिडिया , देश अङ्ग रक्षक प्रशासन देश पर्थी इमान्दार हुनु अति जरुरी छ।जय देश जय नरेश जय नेपाल 🙏",prachanda,yt:प्रचण्ड,comment,deva
"Yinaile sikaeko ho jatiya,bargiya r dharmik ladai.janyuddhko bela jaha jasko bahulya chh tinai uchaln bibhinn dwand machchaune abhibyakti die.",prachanda,yt:प्रचण्ड,comment,latin
Video KO Right side Baula jasto KO ho,prachanda,yt:प्रचण्ड,comment,latin
Jai ghanti 🎉🎉🎉,prachanda,yt:प्रचण्ड,comment,latin
पुर्ब प्र.म भन्नु पार्‍यो रे ।।।😂😂,prachanda,yt:प्रचण्ड,comment,deva
Yesto banaune timiharu nai ho,prachanda,yt:प्रचण्ड,comment,latin
Ahile samma je jasto vayo vayo aaune din ma Nepal lai Development counrty Banauna ko lagi ahile ko Balen sarkar lai madad garera agadi badhaunu hjr ko responsibility hunxa Desh vikash Donda le hudaina sahamati le Bikash garnu parxa.Hami sabai party jat ra Dharma vanda Mathi uthera Hami sabai Nepali Hamro Desh Nepal 🇳🇵sabai le sochnu parxa.,prachanda,yt:प्रचण्ड,comment,latin
हत्याकारा हरुले फेरि धोको भासाबोल्दैछन,prachanda,yt:प्रचण्ड,comment,deva
Pahelaa prachanda lai tespaxii kp lai aheley harka rah ganendra lai aakhir yo ghrina failaauney kina rah k ko laagi ho vram lai satya thaandai uskaa kaam rah sahee avibeykti lai kina bewastaa garinncha?,prachanda,yt:प्रचण्ड,comment,latin
Yo parchand arulai khasalne manxe ho,prachanda,yt:प्रचण्ड,comment,latin
क प्रचण्ड को पालामा कहिले जनता ले आन्दोलन गर्नु परेन,prachanda,yt:प्रचण्ड,comment,deva
"Yesto kura hajur pahiley kina garna saknu bhayena ?  Aja ko magma Sahi bolnu bhayeo     bistarai salve garney kurama saport garnus yesaima janataharu Lai Valo hunchha jantaharulai Valo hunchha , jay nepal jay Des ,",prachanda,yt:प्रचण्ड,comment,latin
यो कुरा सत्य बोले प्रचंड   सभामुख कहिले पनि गल्ति नगर्ने मानिस हुन तर आज गलत बोलेकै हुन पुर्ब प्रधानमन्त्री भनुपरने ठाउँमा माननिय सदस्य भनु भयो के पुर्व  प्रधानमन्त्री   भएका होइनन र हलका दबाय जस्तो लाग्यो सुधार्नु होलानि भुल हुनछ,prachanda,yt:प्रचण्ड,comment,deva
"Anubhab Linu ,prshna Sodhnu parxa vanne line chai ramro lagyo hai",prachanda,yt:प्रचण्ड,comment,latin
yo ho lafada garauna fatha,prachanda,yt:प्रचण्ड,comment,latin
Sabai lai maobadima ladhayar marer aafu neta vako manxe.,prachanda,yt:प्रचण्ड,comment,latin
Ra swa pa lai fakaundai chha....satta prapta garna...kati batho chha yo...fox ho yo bhai...,prachanda,yt:प्रचण्ड,comment,latin
Hamro Desh dharma nirpexta hoina Ra teo Kura grxau na hjr arukura ta hudai rahanca hjr,prachanda,yt:प्रचण्ड,comment,latin
यो फटाहाले त आफैलाई सम्मान दिएको छ।,prachanda,yt:प्रचण्ड,comment,deva
2082 Bhadra ko nar sandhar ko barema nabolne le ahile ke boleko hola!,prachanda,yt:प्रचण्ड,comment,latin
Sammananiye parchand ji deshko yo bikaral abastha ma sarkar ai dhaudai agadi janu bigat ko jasto sarkar dhalne ra banaune tarfa nalagnu janata ko mat ko kadar gardai 5barsha sarkarko sath dinu tapailai nepali janata le siro dhari rakhnexan,prachanda,yt:प्रचण्ड,comment,latin
Talk too long…..,prachanda,yt:प्रचण्ड,comment,latin
Speech chai ramrai boldo raicha 😂,prachanda,yt:प्रचण्ड,comment,latin
Parchande lai seventy thousand jyan marako kandma jelma kochnu parchh greater PM jai balen jai ghanti jai rabi jai Nepal 🔔🔔🔔🔔🔔🔔🔔🔔🔔🔔🔔🔔💯🆗,prachanda,yt:प्रचण्ड,comment,latin
दन्त गराउने मालिक,prachanda,yt:प्रचण्ड,comment,deva
Fataha me Pani bolxa,prachanda,yt:प्रचण्ड,comment,latin
Yeslai bhittama hoiena sidhai yamraj ka pathaunu parxa!!,prachanda,yt:प्रचण्ड,comment,latin
देश २० वर्ष पछि पर्ने नै यो मान्छे हो ! अब यो मान्छेको कुरा नेपाली जनताले सुनिदैन र विश्वास गर्दैन ! अब यो मान्छेले रस्वापा फुटाउन सक्छन् है हेर्दै जाउ ! यो फटाहा हुन ! यो मान्छेको कुरा पत्याउनु नै देश बर्बाद हुनु हो ! जय नेपाल🇳🇵🇳🇵🇳🇵,prachanda,yt:प्रचण्ड,comment,deva
Is Prachanda only the guy corruption free from former political leaders?,prachanda,yt:प्रचण्ड,comment,latin
यो प्रचण्ड नै हो ठुलो दलाल ! यो भारतको एजेन्डा हो ! देशमा जातीय द्वन्द गराउने पनि यो नै हो!१० बर्ष लडाइँ गर्‍यो आफ्नो र आफन्तका लागि अधिक धन आर्जन गरेको देखिन्छ !यो भ्रष्टाचारिको पछी नलाग्न सबैमा अनुरोध छ !,prachanda,yt:प्रचण्ड,comment,deva
Abo timro palo aayo!!,prachanda,yt:प्रचण्ड,comment,latin
17000 वाला,prachanda,yt:प्रचण्ड,comment,deva
✊✊✊✊✊✊✊✊✊,prachanda,yt:प्रचण्ड,comment,latin
प्रधानमन्त्री भनेको यस्तो हुनुपर्छ।बालेन को काम छैन।बालेन अल्पज्ञानी छ।पद छोडे हुन्छ।,prachanda,yt:प्रचण्ड,comment,deva
माहान एसियाका। महामहिम काे देशमा आवश्यक भै सकेको छ गजेडी बाट देश चल्न न सक्ने ठहर।,prachanda,yt:प्रचण्ड,comment,deva
प्रचण्ड ज्यु को सल्लाह सुझाव चाइ सहि लागेको छ,prachanda,yt:प्रचण्ड,comment,deva
Great leader,prachanda,yt:प्रचण्ड,comment,latin
अति सन्तुलित र बौद्धिक सुझाप सरकार लाइ !,prachanda,yt:प्रचण्ड,comment,deva
Ramiro vhannuvho good 👍❤,prachanda,yt:प्रचण्ड,comment,latin
"परचनड ले दीएको सुजाव टीक हो,",prachanda,yt:प्रचण्ड,comment,deva
सहि हो ।कम्रेट प्रचण्ड  देशको एक महान लिडर र मेरुदण्ड हुनुहुन्छ। यदि उहाँ हुनुहुने थिएन  भने अझै सम्म दलितहरुलाई दुव्र्यवहार भहिरहेको हुने थियो।जय देश जय प्रचण्ड पथ 🙏🙏🙏🙏🙏🙏🙏🙏🙏,prachanda,yt:प्रचण्ड,comment,deva
राम्राे सक्म्बाेधन। 👌✔️,prachanda,yt:प्रचण्ड,comment,deva
महान नेता,prachanda,yt:प्रचण्ड,comment,deva
दक्षिण एसियाकै एक कुसल र अब्बल राज नेता क:प्रचण्ड ❤,prachanda,yt:प्रचण्ड,comment,deva
Dherai nabol aba talae pani halne ho jail prachanda buba,prachanda,yt:प्रचण्ड,comment,latin
jng lai xodeuna ta ye buda kina lov?? aat  xa??,prachanda,yt:प्रचण्ड,comment,latin
"यो प्रचण्ड अहिले सम्म किन हल्ला मात्रै गरिरहेको ? यसले सोझा साझा जनता लाई झुक्याएर कति दिन सम्म सम्पत्ति कमाउने र खाने हो ? यह्सलाई सुनेर नेपाल जनताले आफ्नो समय खेरो नफल्नु , सामाजिक संझालले यसको भाषण घरि घरि देखाएर नअल्मल्याउनु।  प्रचण्ड  जस्तो धुर्त नेताले नेपाल देश बिगारेको छ।",prachanda,yt:प्रचण्ड,comment,deva
"पुष्पकमल दाहालको राजनीतिक अन्त्य यहीं हो। उनको नेतृत्वले देशलाई मात्र होइन, साँघुरो पार्टीलाई पनि अशान्त व्यवस्थापनको उदाहरण बनाउँछ। भाषण र नाटकमा रमाउने तर शून्य परिणाम दिने उनको शैलीले राष्ट्रलाई दिशाहीन बनाउँछ।
आजसम्म क्रान्तिको नाममा पहिलो व्यक्ति असफलता र विश्वासघातको प्रतीक बनेको छ।
नेपालले विकास र योजनाको नेतृत्व गर्नुपर्छ - विभाजन र धूर्तताबाट बाँचेका पुराना नेताहरूको होइन।
प्रचण्डको युग सकिएको छ, अब इतिहासले जनताको सपना चकनाचुर पार्ने नेतालाई सम्झनेछ।",prachanda,yt:प्रचण्ड,comment,deva
Jun baad vayeni khaowoo badnai ho puspakamalko !!!lasta ma bp kai samaj baad ho,prachanda,yt:प्रचण्ड,comment,latin
bhot chaliyela haina ...terima luteraharu,prachanda,yt:प्रचण्ड,comment,latin
"यथार्थ वास्तविक कुरा यकता हुनु मिल्नु राम्रो कुरा हो। तर नेकपा माओवादी केन्द्रको नाम र चिह्न फेरिनु महाँ घातक हो। यो उपयुक्त र शान्तिपूर्ण मानिदैन अहिलेसम्मको त्याग तपस्या र बलिदानको यक हिस्सा र पहिचान हो।

✍️👇️💬 तपाईंको बिचार के? लाग्छ प्रतिक्रिया दिनुस: 

1)फेरिनु ठिक छ, 
2) छैन .",prachanda,yt:प्रचण्ड,comment,deva
"Maobadi ko nam ma luteo ,ab male ko Nam bat lutnu paro ni Janta sabai bheda , election ma per vote 1000 Rupees and masu Bhat ma bikne.butro desh banla..?",prachanda,yt:प्रचण्ड,comment,latin
😆😆😆 thukka mg haru 😅😅😅,prachanda,yt:प्रचण्ड,comment,latin
Himalayan Reserve,prachanda,yt:Prachanda Maoist Centre,comment,latin
सम्पुर्ण कम्निट को एक पार्टी बनाउनुपर्छ,prachanda,yt:Prachanda Maoist Centre,comment,deva
कति खानु त सिँगै देश बेचेर खाइसके अब भूतप्रो खानु,prachanda,yt:Prachanda Maoist Centre,comment,deva
अरुत खान हुने भए पो खानु देश खाएर,prachanda,yt:Prachanda Maoist Centre,comment,deva
Toilet kasto garexan vanam hai,prachanda,yt:Prachanda Maoist Centre,comment,latin
Aj kunsabhige ku gheregko pal dhan maki jantali tharkayar datar#damki deyar kik dayra hateya gara graya bichuo abhA shamenar gosti kun hotel magru three star 4-2-3starma gru paski caeyo janjal naoce vayana janglmi basna cahunchu rt maro nam ruo ta ram chandarpoudel ratapati shrmTi xena shanti bolucha machi buori palu  patry ma@gbir chlfalrakchu ratpati vo karnla rgenmdnachu patye prvshgarnchu nc❤😂🎉😢😮😮😅🇳🇵prachanda je donkey ko sas bhat jnmenu vacha ruta gau janle ma vakur khanus afni ta pad thman a garo cha bidhaya pata#paliplo paty ko sala gru rjneti gin lakch bidhya shutnagu bibek bbr baby king bhawana devi pueen neoal 🇳🇵😂🎉😢🍎🍍🍺🍻🥂🥤🥢🍽️🍴🥄🔪🏺🍬🍼😤🤑🤪🤮🤒😿🙈🧑🙉👳👳‍♂️💃🧖🧖‍♂️🧖‍♀️,prachanda,yt:Prachanda Maoist Centre,comment,latin
एक दम सहि बोल्ल्नु भयो कम्रेड प्रचण्ड ले बधाइ छ ।,prachanda,yt:Prachanda bhasan,comment,deva
Very balanced address...... Thank you for feedback from own realization.,prachanda,yt:Prachanda bhasan,comment,latin
Parchanda ji ko sujhab ra alochanako speech sunera ramro lagyo bhaeko ra hune yatharth pani yahi ho,prachanda,yt:Prachanda bhasan,comment,latin
RSP का केहिले मनन गर्नु  पर्छ ।याे सम्बाेदन सामान्य  छैन,prachanda,yt:Prachanda bhasan,comment,mixed
संघीय लोकतान्त्रिक गणतन्त्र नेपालका पिता तथा राष्ट्रका अभिभावकको सल्लाह सुझाबहरुलाई आत्मसात गरेर अगाडि बड्न उरण्ठेउलो प्रधानमन्त्रीलाई अनुरोध छ ।,prachanda,yt:Prachanda bhasan,comment,deva
बिरोध मत्रै गर्न जानेका छन जनताले सहि कुरा लाइ सहमत गर्दैनन्  गणतन्त्रको नायक kamerd parchanda,prachanda,yt:Prachanda bhasan,comment,mixed
राम्रो भन्नुभयो,prachanda,yt:Prachanda bhasan,comment,deva
यिनीहरूले आफ्नो बानि छाड्दैनन् । अहिलेको सरकारले निकै गम्भीर भएर  अगाडि बढ्दा राम्रो  होला ।,prachanda,yt:Prachanda bhasan,comment,deva
परिपक्व र जिम्मेवार मन्तव्य ।,prachanda,yt:Prachanda bhasan,comment,deva
Prachanda sir 🙏🙏🙏,prachanda,yt:Prachanda bhasan,comment,latin
बन्दुक आफ्नाका लागि मात्र कमाऊ मात्र राजनिति  खाओबादि नीति हेा ।,prachanda,yt:Prachanda bhasan,comment,deva
सरर कमेन्टहरु हेरें सबै मान्छेसंग गुहु र गोबर छुट्याउने क्षमता हुदैन वा छुट्याउन चाहैदनन किनकी आफुले आइडल मानेको नेताको गुहुलाइ कसैले गुहु भन्योभने रिसाउदै तुरुन्तै प्रतिबाद गर्दै गुहु होइन अपुङ्गो हो भनेर खानलाइ तम्सिहाल्छन । होइनभने हामी नेपाली स्वतन्त्ररुपले पुरानो नयाँ पार्टी नभनी गलत काम हुँदा वा बोल्दा गलत हो र सहि काम वा कुरागर्दा सहिहो भनेर भन्ने क्षमता हुनुपर्छ त्योनैहो स्वतन्त्र नेपाली नागरिक।,prachanda,yt:Prachanda bhasan,comment,deva
Right prachanda,prachanda,yt:Prachanda bhasan,comment,latin
जय सरकार,prachanda,yt:Prachanda bhasan,comment,deva
तार्किक तर्क,prachanda,yt:Prachanda bhasan,comment,deva
प्रचण्ड देशको हिरा हो ।,prachanda,yt:Prachanda bhasan,comment,deva
Bhrasta Lai karwahi garna banki raheko chha tyo Pani banki raheko chha tyo Pani bhannu paryo,prachanda,yt:Prachanda bhasan,comment,latin
prchand ji  tpilae bidesma dherai paisa deposit grnu vyxa ta aafno bikas matr grnu vyo,prachanda,yt:Prachanda bhasan,comment,latin
तिम्रो धेरै हेरियो अब पुग्यो,prachanda,yt:Prachanda bhasan,comment,deva
Prachanda quite rightly flag up to RaSwaPa as peoples not sensing the good signs on the horizon of their popular votes.,prachanda,yt:Prachanda bhasan,comment,latin
कसैले नजाने काे भासण  गरिस कहिले कलम कहिले तारा छेपारा काे बिचार भयकाे मानिस,prachanda,yt:Prachanda bhasan,comment,deva
"पृथ्वीनारायण शाह स्मृति प्रतिष्ठान ।
( पृथ्वी पथ महेन्द्र बिचार ज्ञानेन्द्र सोच )
नेपाल नेपाली का लागी राजसंस्था ।
स्वाभिमान स्वाधीन स्वाबलंबन नेपाल ।
गोंगबु काठमाडौ ।",prachanda,yt:Prachanda bhasan,comment,deva
"uste nvay kin congress ra amalesg 3 wte tauko election,srkarma meeting ma eute thauma hunuhuntiyo",prachanda,yt:Prachanda bhasan,comment,latin
Daami sabhodhan,prachanda,yt:Prachanda bhasan,comment,latin
NEPAL 🇳🇵 100 barsa पछड़ी पर्यों माओवादी ले garda !! इंडिया 🇮🇳 को पियूसो moist न भको भये 🇳🇵 १०० बरसां अगाड़ी हंथ्यों. tara समाये बलवान huncha । समय ले यथार्थ dekhaudai छ!!,prachanda,yt:Prachanda bhasan,comment,mixed
एतीका जानकारी भएको ले हिजो के हेरेर बसेको,prachanda,yt:Prachanda bhasan,comment,deva
ANUBHABI IS ANUBHABI HAI,prachanda,yt:Prachanda bhasan,comment,latin
Only negative,prachanda,yt:Prachanda bhasan,comment,latin
84 ma vote paauna sakne bhasan 😂😂,prachanda,yt:Prachanda bhasan,comment,latin
छेपारे नवन।,prachanda,yt:Prachanda bhasan,comment,deva
देउबा प्रचन्डे ओलि को भासण सुन्न चाहान्न नेपाली नागरिक ले सहिद को नाम मा देश र जनता नङ्यार आफू र आफ्ना परिवार लाई सपन्न बनाउने सोंच राख्ने नेता का दिन गय !,prachanda,yt:Prachanda bhasan,comment,deva
Prachandh is hero,prachanda,yt:Prachanda bhasan,comment,latin
Mahan neta prachand,prachanda,yt:Prachanda bhasan,comment,latin
गणतन्त्रको नायक प्रचण्ड,prachanda,yt:Prachanda bhasan,comment,deva
जस्लाई समर्थन गर्यो उनी सिधीन्छन तेस्तैले यस्ताको सहयोग चॉहिदैन,prachanda,yt:Prachanda bhasan,comment,deva
अब समाएर जकाउछ भनेर चिल्लो घस्दै छ छेपारो ले,prachanda,yt:Prachanda bhasan,comment,deva
"प्रचण्ड राम्रो मान्छे हो ,  संकत नराम्रो भएर मात्र हो , नभए प्रचण्ड ले गर्न नखोजेको हैन , जय घण्टी ❤",prachanda,yt:Prachanda bhasan,comment,deva
सहि कुरा हो।कुरा बुझेर मात्र होइन अब  नया सरकार  लाई सम्मान र सघाउनुपछ ।,prachanda,yt:Prachanda bhasan,comment,deva
लाल सलाम कम्रेड❤ सत्ता र शक्तिको थुनबाट हटाईएका मुखहरुको आलोचना हामिलाई स्वीकार छ्🙏,prachanda,yt:Prachanda bhasan,comment,deva
Ek dum satya ho timi xeparo paribar ko arthik kranti gare ka thiyeu dhani banne timro chahana ma 17000 ko khun piune timi fatha hau.,prachanda,yt:Prachanda bhasan,comment,latin
"लाल सलाम कमरेड प्रचण्ड  सर हजुर लाई चिन्नै सकिँदैन ,सीमान्त कृत वर्गको लागि तपाईं ले जति कुरा कसैले गरेका छैनन् तर काममा देखिँदैन ,देख्न पाइएन नी",prachanda,yt:Prachanda bhasan,comment,deva
नाटक गर्नु पर्दैन प्रचण्डजी जनताले बुझिसक्या छन्।,prachanda,yt:Prachanda bhasan,comment,deva
"नयाँ को बुद्धि भन्दा पुरानो नै राम्रो 
Rasopa khaeeeeeeee",prachanda,yt:Prachanda bhasan,comment,mixed
Lal salam🎉🎉🎉🎉❤❤❤❤❤,prachanda,yt:Prachanda bhasan,comment,latin
"कुशासनले गाँजिएको देशमा सुशासनको आशा बोकेर धेरै देशभक्त नेपालीहरूले संघर्ष गरे, बलिदान दिए। तर बेथिति, पहुँच र अराजकतामै रमाउने गाउँ–शहरका केही फटाहाहरू आज पनि बेला–बेला “१७ हजार” भन्दै कराइरहेका छन्। इतिहासको नाममा डर देखाएर फेरि उही अव्यवस्था फर्काउने सपना देख्नेहरूलाई जनताले समयमै नामोनिसान नमेटिने गरी पाखा लगाइसकेका छन्।
आफ्नो घोषणाअनुसारको थिति बसाल्न पुराना दलहरू कहिले स्वार्थमा मात्तिए, कहिले एकअर्काको तगारो बने। अब कम्तीमा Rastriya Swatantra Party ले भने नियम, कानुन र जवाफदेहिताको संस्कार बसाल्ने आँट गरोस्। देशलाई भाषण होइन, व्यवहारमा सुशासन चाहिएको छ भनेकोमा धन्यवाद ।",prachanda,yt:Prachanda bhasan,comment,mixed
फेरि पनि यहि डुलुवाको भर पर्यो  भने  सबै जान्छन जन्ताको बिश्वास  गुमाएको छ,prachanda,yt:Prachanda bhasan,comment,deva
चारो हाल्दैछ है होसियार!,prachanda,yt:Prachanda bhasan,comment,deva
नाटककिय रूपमा र।स्व।प।सङ्ग प्रचण्डले सहकारीय सङकल्प गरेको हुन पहिले,prachanda,yt:Prachanda bhasan,comment,deva
छेपारोले जस्तै रङ्ग बदल्ने राजनितिक अस्थिरताको मुख्य कारक यिनै हुन्,prachanda,yt:Prachanda bhasan,comment,deva
मलाई जोगाउँछ कि भनेर होला।,prachanda,yt:Prachanda bhasan,comment,deva
सलाम छ नायक,prachanda,yt:Prachanda bhasan,comment,deva
एकदम सही भन्नुभएको छ,prachanda,yt:Prachanda bhasan,comment,deva
Comred hajur Lai KP Le lat hane ko ho KP sanga milnu hunna hai,prachanda,yt:Prachanda bhasan,comment,latin
Parchanda 💕💕,prachanda,yt:Prachanda bhasan,comment,latin
"याे डुलुवाकाे भर पर्न चाहिँ हुन्न ,प्रचन्ड पनि यउटा टेस्टेट असफल नेता हाे ।जहाँ चाहिँ गाेरखाका मान्छेलाइ पङ्गु बनाएर रूकुमका जनता झुक्याउन सफल भयाे  । यिनिबाट सपाेट मात्रै  लिने हाे अरू बिषयमा असफल भईसक्याे।🇳🇵🇳🇵",prachanda,yt:Prachanda bhasan,comment,deva
"चिप्ले नेताकाे कुरा ले चिपल्याछ ,",prachanda,yt:Prachanda bhasan,comment,deva
भ्रष्टाचारी   कसैलाई   छाडनु   हुदैन  ।,prachanda,yt:Prachanda bhasan,comment,deva
अब रस्वापा सँग मिलेर जानु प्रचण्ड महोदय सरकारलाई सघाउनु देशको भलो छ।,prachanda,yt:Prachanda bhasan,comment,deva
Aajai Prachada ko kura  bishwash gaarne haru  😅😅😅,prachanda,yt:Prachanda bhasan,comment,latin
प्रचन्ड पनि उस्तै हो है।,prachanda,yt:Prachanda bhasan,comment,deva
Khoi k khoi k,prachanda,yt:Prachanda bhasan,comment,latin
हुकुमबासि लाई पनि २/४ शब्द बोल्नुहोस !!र रास्वपा मिलेर देश जनता को लागि राम्रो सहयोग गरि अगाडि बड्नु होस!!,prachanda,yt:Prachanda bhasan,comment,deva
मलाई नियाय दिनु होला म जनता मावि गुराँस उदयपुरमा उमावि अनुदान नेपाली शिक्षक हटाएर स्वास्थय विषयमा विज्ञापन नगरी मोहन बराल ले विशवास घात गरेपछि घरमा बसेको छु यो देशमा कहिले नियाय पाईन्छ परीक्षा रोक्नु राम्रो होइन,prachanda,yt:Prachanda bhasan,comment,deva
xeparoley rang feri rahanxa,prachanda,yt:Prachanda bhasan,comment,latin
1700. Ko. Rgt. Piar. Goeka. Aasu chuwauch,prachanda,yt:Prachanda bhasan,comment,latin
Yesto ramro bichar ma Pani negative comment grne haru ko sochna sakne ability Kati raexa prsata hunxa ....,prachanda,yt:Prachanda bhasan,comment,latin
"छेपारो को  बनावटी भावुकता पट्क्कै 
 सुहाएको छैन",prachanda,yt:Prachanda bhasan,comment,deva
यो हत्याराले रास्वपा लाई चारो हाल्दैछ बिचार गर है यसले बिताउछ।,prachanda,yt:Prachanda bhasan,comment,deva
संविधानमा ग्रेटर नेपालको मुद्दा उठाउनु।,prachanda,yt:Prachanda bhasan,comment,deva
Geda visit visa prakaranma utai taseko hoin xeparo G uti bela rasapa lai sath kina nadeko,prachanda,yt:Prachanda bhasan,comment,latin
😂😂😂😂 jadugar lai pani sarkar ma jana paune aash palayexa ki kya ho.,prachanda,yt:Prachanda bhasan,comment,latin
फकाउदै छ उता बालेन ले यस्कै लागि भात पकाउदै छ,prachanda,yt:Prachanda bhasan,comment,deva
प्रचण्ड को सुनेर हर्के ट्वा,prachanda,yt:Prachanda bhasan,comment,deva
Dui  jivre  ko  kahilei  Biswash  nagarnu .,prachanda,yt:Prachanda bhasan,comment,latin
bujhnuparne le khyal rakhe vo,prachanda,yt:Prachanda bhasan,comment,latin
खप्र/ प्रचण् १९/२०.,prachanda,yt:Prachanda bhasan,comment,deva
Taile k garish yatro barsa samma ???????????????,prachanda,yt:Prachanda bhasan,comment,latin
खै पुराना पाटिले खै हुकुम्बासीको बारेमा बोलेको,prachanda,yt:Prachanda bhasan,comment,deva
के गर्नु प्रचन्डे लाई २०० डिग्री को जोरो आको छ जेल्ल जाने बयो बनेरा,prachanda,yt:Prachanda bhasan,comment,deva
Comred  prachand le  garne  sambodhan nikai mahtwo rakhdachh. Tesai  prachand  bhayeka hoinan,prachanda,yt:Prachanda bhasan,comment,latin
Gold party😮 pk,prachanda,yt:Prachanda bhasan,comment,latin
Ganatantra haina timi haru lai satta ma putyauna garib mare! Aile aayera uniharu ko haisiyat badhaune vannu chhaina uniharu kai hal ma chhodnu parchha re 😏,prachanda,yt:Prachanda bhasan,comment,latin
Aru jaso bhaepani prachandalai bolna chai aaucha😂😂,prachanda,yt:Prachanda bhasan,comment,latin
Nindra po lagyo 😂,prachanda,yt:Prachanda bhasan,comment,latin
परिवारवादमा नगएको भए प्रचण्ड साह्रै राम्रो मान्छे जस्तो लाग्छ।,prachanda,yt:Prachanda bhasan,comment,deva
Good speech,prachanda,yt:Prachanda bhasan,comment,latin
Sahai ho hajur ko kuro👌👌👌,prachanda,yt:Prachanda bhasan,comment,latin
बास्तबमा प्रचण्ड राज नेतै हुन हेर्दै जानु,prachanda,yt:Prachanda bhasan,comment,deva
सुकुम्बासीको नाममा धेरै राजनीति नगर्नु तिमीहरूको राजनीति कठै,prachanda,yt:Prachanda bhasan,comment,deva
सहि हो प्रचण्ड जिन्दबाद हो।,prachanda,yt:Prachanda bhasan,comment,deva
आतकंकारी छेपारो को कारण देश को यो अबस्था भएको यो राष्ट्रिय समस्या थियो हो र छ,prachanda,yt:Prachanda bhasan,comment,deva
मिठो साहित्य सुनियो प्रचण्डको ।,prachanda,yt:Prachanda bhasan,comment,deva
१२६ वटा कलकारखाना  बेचेर खाने  के पि चाेरले केही  गर्दैन।,prachanda,yt:Prachanda bhasan,comment,deva
प्रचण्ड भन्छन् : म कस्तो लाटो रहेछु 😆🤣,prachanda,yt:Prachanda bhasan,comment,deva
"विचार गर्नुस् , तपाईं हरलाई संसार बाट बिदा गराउने  गूट हरु बनी राखेका छन्..",prachanda,yt:Prachanda bhasan,comment,deva
"धिक्कार छ तिमिहरुलाई 
देश रोइरहेको छ एता हासोको फोहोरा",prachanda,yt:Prachanda bhasan,comment,deva
धन्यावाद प्रचन्न सरकार🎉,prachanda,yt:Prachanda bhasan,comment,deva
प्रतिगमन तर्फ लैजान खोजे उत्पिडित बर्ग समुदाय चुप लागेर बस्दैन ।,prachanda,yt:Prachanda bhasan,comment,deva
तराजुमा राख्यो भने तिमी चोरहरु बराबर छौ,prachanda,yt:Prachanda bhasan,comment,deva
अर्को चुनाउमा एक्लै जाऊ त देखिहाल्छौ नि कामरेड । डरले मिलेको लोभले मिलेको खायौ खैनी,prachanda,yt:Prachanda bhasan,comment,deva
धिलो होल तर देश चलाउन प्रचन्ड चाहिन्छ।जयै प्रचन्ड सरकार,prachanda,yt:Prachanda bhasan,comment,deva
Desh ko barema Kura garnu xaina aafno aafno barema boldai thik xaa neta harulai...,prachanda,yt:Prachanda bhasan,comment,latin
सबै बराबरका फ्टाहुन । देशमा सैनिक सासन लागू गर । सब भर्स्तचारी लाई  जेल कोच ।,prachanda,yt:Prachanda bhasan,comment,deva
Always support prachanda jau always ur mine god and idol 🎉🎉🎉🎉🎉,prachanda,yt:Prachanda bhasan,comment,latin
"सबैभन्दा भ्रष्ट काङ्ग्रेस एमाले र माओवादी हो यी बाट नेपाली जनताले के आशा गर्नु,आफ्नो भ्रष्ट नेतालाई जोगाउन गरिएको एमाले र काङ्ग्रेसको सहमति गरिएको प्रष्ट नै छ !!🤔",prachanda,yt:Prachanda bhasan,comment,deva
इतिहासको पाङ्ग्रा निरन्तर अघि बढ्छ पछाडि फर्काउन सकिन्न ।,prachanda,yt:Prachanda bhasan,comment,deva
सहि कुरा अझ भावना मा बग्यो भने अझै के के हुन्छ,prachanda,yt:Prachanda bhasan,comment,deva
प्रचण्ड 🙏🙏🙏🙏,prachanda,yt:Prachanda bhasan,comment,deva
सहि कुरा  प्रचण्ड ज्यु,prachanda,yt:Prachanda bhasan,comment,deva
नेपाली जनताले राम्रो मान्छेलाई 100 बर्ष पछि मात्र सम्जिने गर्छ जिउदो हुँदा खेदो गर्छ ।,prachanda,yt:Prachanda bhasan,comment,deva
याे सबै कुरा स्वयम् प्रधानमन्त्री हुदा किन गरेनन् ? संविधान संशोधन गरेर मलाई दलित जनजाति सबैलाई बराबरी हक अधिकारी दिन कसले राेकेकाे थियाे ? आफू पदमा हुदा माखाे नमार्ने पद मुक्त भएपछि फेरि जातजाति भाषाभाषी उचालेर देशमा तण्डव गराैँला भनी नसाेचे हुन्छ ।,prachanda,yt:Prachanda bhasan,comment,deva
Bastabmai prachanda sir  nepalko raj neta hunuhunxa,prachanda,yt:Prachanda bhasan,comment,latin
केही छैन जति गर्नु भो नेपाल मा पनि पावर र पोइसा भएका हरुको  मात्र बोलवाला चल्दैन विधि नियम पनि हुन्छ भन्ने सुरुवात गर्नु भो अब जनता को मा आउनु हामी छौ,prachanda,yt:Prachanda bhasan,comment,deva
कस्ताे लाटाे सबै आफै खाँउ भन्ने सबै परिवारलाई  भाग लिएरै छाड्ने,prachanda,yt:Prachanda bhasan,comment,deva
32 सिटेले 2 ठुला  दल लाइ नचाको नचाइ गरेरा प्रधान मन्त्री हुनु मा स्यानो चतुराइ त हैन अझ म लाटो रहेछु मैले केही बझिना  भनेर चलाखी नगर प्रचड जि,prachanda,yt:Prachanda bhasan,comment,deva
100% Sahi,prachanda,yt:Prachanda bhasan,comment,latin
त्यहि अनुभव गर्दै बस्नुहोस प्रचन्ड जि,prachanda,yt:Prachanda bhasan,comment,deva
"अव काे सरकारमा कांग्रेस ले भुटानी शरणार्थी बेच बिखन मन्त्रालय र बाँसबारी छाला जुत्ता जग्गा मन्त्रालय, र एमाले ले गिरी बन्धु टी स्टेट जग्गा बेच बिखन मन्त्रालय पाउँछ",prachanda,yt:Prachanda bhasan,comment,deva
प्रचण्डको रोईलो र गोहिको आँशु कसलाई थाहा छैन र।,prachanda,yt:Prachanda bhasan,comment,deva
देश चलाउने हरु यसरी हाँसेको सुहाएन देश दुबिसक्यो😢,prachanda,yt:Prachanda bhasan,comment,deva
प्रचण्डजी यस्तै हुन्छ हालत तपाईंको कहिले यता कहिले उता गर्यो भने ढुक्क बस्नु भएको भए किन हुन्थ्यो यस्तो,prachanda,yt:Prachanda bhasan,comment,deva
बिचरा आज चाहिँ प्रचण्ड को कुरा सुनेर धेरै नै दया लागेर आयो,prachanda,yt:Prachanda bhasan,comment,deva
Yasto ramailo xa samsadma ke ko tension trisulima bas khasera Janta bepatta vako malai bal matlab,prachanda,yt:Prachanda bhasan,comment,latin
खातेहरु तराजुमा राख्यो भने तिमी चोरहरु बराबर छौ ठूलो कुरा नगर,prachanda,yt:Prachanda bhasan,comment,deva
Nice video and audio....,prachanda,yt:Prachanda bhasan,comment,latin
यो कुरा पहिले किन नभनेर आज सत्ता खुस्किदाको पिरोलो,prachanda,yt:Prachanda bhasan,comment,deva
"प्रचण्ड ज्यु अब पुन: नया संविधान बनाउनु पर्छ।अब टिके मन्त्री कसैलाई बनाउने हाेईन।अबआउने चुनाव मा सबै दलले उमेदवार उठाउदा पहिले नै राष्ट्रपति,प्रधानमन्त्री पनि चुनाव चिन्ह लिएर उठ्नुपर्छ। नत्र त चाेर हरुलाई मन्त्री बनाउने भनेर जनताले भाेट हालेकाे हाेईन।",prachanda,yt:Prachanda bhasan,comment,deva
Dami xa sar,prachanda,yt:Prachanda bhasan,comment,latin
More thanks,prachanda,yt:Prachanda bhasan,comment,latin
Wow nice ❤❤❤❤❤❤,prachanda,yt:Prachanda bhasan,comment,latin
नयॉ पार्टी खोलेर देश बिकास हून्छ भन्नू मूर्खता हो।सबै मिलेर प्रतक्ष प्रधानमन्त्री चयन गर्ने ब्यबस्था ल्याऔं।बिकासको मूलधार यहि हो।११५ ओटा पार्टी भएको नेपालमा कसैको बहूमत नपूग्नाले गठबन्धन गर्न बाहेक अरू केही गर्न सकिदैन।नेपालले त्यहि नेता खोजिरहेको छ,prachanda,yt:Prachanda bhasan,comment,deva
भाषण भाषिक हिसाबले पनि सुन्न लायक़ रहेछ ।,prachanda,yt:Prachanda bhasan,comment,deva
M tw dherai hasey aja😂😂😂,prachanda,yt:Prachanda bhasan,comment,latin
देशको अवस्था यस्तो छ्?जनता नेताको रत्योली हेरेर रमाएको अवस्था छ्😂😂😂गज्जब छ यार??यस्तो जनता भएको देशमा नेता यतिको हुनु ठिकै हो?,prachanda,yt:Prachanda bhasan,comment,deva
"Nepal ko kanun daibale janun vaneko k ho??? Yasma  ghotala xa ??? Desh ko sasan satta k ho adhiikar k ho ? aam nagarik lai thaha dina rastra  nikaya ani netritwa barga ko kartabya ho?????? Ani sabai  aam janata sakxam hunexan ,gyani hunxan🙏",prachanda,yt:Prachanda bhasan,comment,latin
"देशमा समस्या के छ त्यता ध्यान छैन। हाँसीरछन्, घिन लाग्दोहरु।",prachanda,yt:Prachanda bhasan,comment,deva
प्रचण्डको १००% सही कुरा छ र हो,prachanda,yt:Prachanda bhasan,comment,deva
Great speak,prachanda,yt:Prachanda bhasan,comment,latin
"दलित , महिला, जनजाति , मुस्लिम सबैलाई न्याय दिएको माओवादीले नै हो तर देशलाई न्याय दिन सकेन ।",prachanda,yt:Prachanda bhasan,comment,deva
एक पछि अर्को प्रधानमन्त्रीको कुरा सुन्दा लाज लाग्यो। सबै उस्तै उस्तै।,prachanda,yt:Prachanda bhasan,comment,deva
प्रचण्ड लाई सफाई गर्नुपर्छ अबको 2084 चुनावमा । यस्ले सधैं जातिय र धार्मिक राजनीति गर्न लायो । त्यो देश हितको विपरित छ ।,prachanda,yt:Prachanda bhasan,comment,deva
तपाइको र मेरो मन एउटै रहेछ ❤❤❤,prachanda,yt:Prachanda bhasan,comment,deva
झापाली हुन नि के पि कहिले  पनि बिस्वास गर्नु हुदैन बल्ल आँखा खुल्यो एमाले  हो म तर के पि बेमानी छ्न,prachanda,yt:Prachanda bhasan,comment,deva
सति ले सरापेको देस हो येहा येस्तै भैइरहन्छ !,prachanda,yt:Prachanda bhasan,comment,deva
जति सुनेपनी सुनिरहुँ जस्तो😢,prachanda,yt:Prachanda bhasan,comment,deva
Hami aam janta le subidha paunu paryo❤,prachanda,yt:Prachanda bhasan,comment,latin
"प्लेन संपर्क विहिन हुँदा मात्र पनी उच्चस्तरीय छानबिन समिति बन्छ,  तर २ वटा बस खोलामा खसेर ६५ जना वेपत्ता हुँदा किन गम्भीरता देखाइदैन, के बसमा यात्रा गर्ने मानिसको ज्यान को मूल्य छैन ? आखिर किन।।।।",prachanda,yt:Prachanda bhasan,comment,deva
सबै आफ्नो दुनो सोझ्याउने अरुलाई गाली गलौज सोझ्याउन देश सकाउन आफू जोगाउन सबै माहिर छन्,prachanda,yt:Prachanda bhasan,comment,deva
Thanks a lot for your  straingth Honorable  prime Minister jiu,prachanda,yt:Prachanda bhasan,comment,latin
True true,prachanda,yt:Prachanda bhasan,comment,latin
अगाडि आफैले देखाएको र पूरा गर्ननसकेको आशालाई फेरि उचाल्दै छ ।,prachanda,yt:Prachanda bhasan,comment,deva
एकदम सही भन्नुभयो कमरेड प्रचण्ड ज्यु❤❤,prachanda,yt:Prachanda bhasan,comment,deva
✊✊✊🇮🇳🇮🇳🇮🇳👌🇮🇳🇮🇳,prachanda,yt:Prachanda bhasan,comment,latin
भष्टचारीहरूकाे बेलाे माैलायाे अब जनताले साेच्ने बेला आयाे,prachanda,yt:Prachanda bhasan,comment,deva
Go ahead ravi sir I are the  heart of country,prachanda,yt:Prachanda bhasan,comment,latin
साच्चिकै हैसियत त मट्टिमा मिलाउन पर्ने भैसकेको छ।,prachanda,yt:Prachanda bhasan,comment,deva
अव पछुताव को रोदन पैल्यै भएको भए राम्रो हुन्थ्यो तर भुईमा पनि टेक्ने न समाउने भएपछि किन रोदन कमरेड यो हर्कत जव जव . व्याति गत संकट उत्पन्न हुन्छ तब तब सबै अस्त्र फ्याक्नु हुन्छ अचम्म ।,prachanda,yt:Prachanda bhasan,comment,deva
Thikvanuu vyo,prachanda,yt:Prachanda bhasan,comment,latin
"सम्माननिय मन्त्रि र माननिय सभासद जिउ हरु राज्य को मानब र भौतिक सम्रचना को राम्रो शुरछ्या गरेर राज्यमा
सान्ति पुर्ण  सरकार  बनाउन हुन मेरो हार्दिक अनुरोध गर्दछु।",prachanda,yt:Prachanda bhasan,comment,deva
Gajal ramro xa,prachanda,yt:Prachanda bhasan,comment,latin
Salut comrade,prachanda,yt:Prachanda bhasan,comment,latin
"Yo Naya Prachanda Ho. 
Yo Tei Puranoooooo Prachanda ho !! 👍🏻🇳🇵",prachanda,yt:Prachanda bhasan,comment,latin
Enaru le hami yuwa generation haru ko future om-fath-swaha banako banae xa hami aam nepali janta hereko herae sadhai 😅 k pais nepali le 🍌,prachanda,yt:Prachanda bhasan,comment,latin
"पहिलो दल लाई प्रतिपक्ष मा राखेर तेस्रो र चौथो दल को हालीमुहाली
त्या माथि ठूलो कुरा",prachanda,yt:Prachanda bhasan,comment,deva
आत्माघाति कहिले  हाल्नान  त्या भित्र तै दिन को इन्तुजार मा।,prachanda,yt:Prachanda bhasan,comment,deva
Don't worry prachanda jiu ramro kaam Gardae janu hola 🙏🙏🙏💖💖,prachanda,yt:Prachanda bhasan,comment,latin
अब पनि भूमिगत सशस्त्र काे कुरा त त्यतिकै हो आफै भन्नु भाे अर्को आतंक काे कुरो नगर्नु।।। आज तपाईंले रोजेको बाटो ठीक छ। संविधान सम्मत।। जय नेपाल।,prachanda,yt:Prachanda bhasan,comment,deva
Desh bechne ra sakne bahek eesko boli ra dimag ma khi chaina!!! Gu manche nai ho yo hatyara,prachanda,yt:Prachanda bhasan,comment,latin
Good information prajand sarkar,prachanda,yt:Prachanda bhasan,comment,latin
नेपाल को संसद भवन भनेको दुखेसो पोख्ने ठाउँ र लुटेर खाने को आश्रम हो,prachanda,yt:Prachanda bhasan,comment,deva
झापालि को बिस्वास गरेर कहिले नहिडनु,prachanda,yt:Prachanda bhasan,comment,deva
hami nepali haru kasto mitho khalay bheda bhakhara haru ho k hai ? k hami yo manxe haru jastai bheda bhakhara jastai huni hora? chayye tyyo congress ehmalyyy  yaha tyyoo abc somthing jsukaie hos please hami nepal lai banam na yo abc kunai neta haru lai hoiena,prachanda,yt:Prachanda bhasan,comment,latin
Prachanda’s speech is very powerful and relevant!,prachanda,yt:Prachanda bhasan,comment,latin
🙏🙏🙏🙏🙏👍️👍️👍️👍️,prachanda,yt:Prachanda bhasan,comment,latin
सत्य निस्छल निर्दोस मान्छेहरुलाइ पाप चिताउनेहरुको भलो त पक्कै हुदैन।,harka sampang,yt:Harka Sampang,comment,deva
वाहियात ।,harka sampang,yt:Harka Sampang,comment,deva
josle harka lai arop lauxa tyo manxele nai musal manlai uksako ho,harka sampang,yt:Harka Sampang,comment,latin
सहि कुरा हाे।,harka sampang,yt:Harka Sampang,comment,deva
देशको एकमात्र आफै खटिएर काम गर्ने भरोसा लाग्दो माननीय हुनु हुन्छ उहाँ हो हर्क साम्पाङ यस्तो माननीय लाई आरोप लगाउन पाप लाग्छ है बुढा बोल्नु पनि अलिक भाका पुग्दैन रहेछ मुला साग अलिक होस पुर्याएर बोल्नु ☹️☹️💪💪,harka sampang,yt:Harka Sampang,comment,deva
हाेईन हाे मान्छे हेर्दा त बुध्दि जिबिजस्ताे लाग्छ तर भित्रि रूपमा याे मान्छे पनि सद्भाभाब भत्काउने मान्छे जस्ताे लाग्छ,harka sampang,yt:Harka Sampang,comment,deva
Taile sunis boru tai huda hunx rastriye janawar,harka sampang,yt:Harka Sampang,comment,latin
"मदन भण्डारी यसै गरी मारीय को हो 
अब अरु पाएन हर्क कै पछि लाको छ 
राम्रो मान्छे टिक्न दिदैन यो डाका हरु ले 
फेरी यस्तै कुरा मा.. ह, हो, भन्ने कस्ता भेडा जनता 

चुनाब पछि अहीले सम्म कुनै नराम्रो बोलेको छ भनि ठिक छ आवाज उठाउनु पाइन्छ 
तर 7/8 बर्ष पछाडी को कुरा निकालेर जनता उचाल्ने त जट्ठा को झन ठुलो हात  छ",harka sampang,yt:Harka Sampang,comment,deva
को हो यो केको प्रमाण  पुङ्ना ओउछारको कुरा गर्छ यार यो घटना र रास्ट्रीय जानवारको के भन्न खोजेको  कहिले को कुरा हो यो  अलि होस पुर्यएर बोल्नुहोस  तपाईं हेर्दात मान्छे अलि सभ्या देखिनु हुन्छ तर दिमाग छैन,harka sampang,yt:Harka Sampang,comment,deva
को रैछ  yo मुला ? अनि विचार नाई त्यस्तै छ तिमीहरूको,harka sampang,yt:Harka Sampang,comment,mixed
आरोप मात्र होइन सत्य तथ्य बाहिर निस्किदै छ है।,harka sampang,yt:Harka Sampang,comment,deva
शकुनि वर्गका मान्छेहरु ले भन्ने येस्तै हो।,harka sampang,yt:Harka Sampang,comment,deva
सहि कुरा  ् यो हर्कै ले जे नि भन्न र गर्न सक्छ ्,harka sampang,yt:Harka Sampang,comment,deva
Ho ho yo sungure le 2015ko fb statusma yo baale boleko lekheko xa,harka sampang,yt:Harka Sampang,comment,latin
Sahi vannu vayo hajurle yo nalayek gue sungure khatenai ho ladai garaune,harka sampang,yt:Harka Sampang,comment,latin
"राजनीतिमा राजनीतिक विरोधी हुनु स्वाभाविक हो, कसको छैन र? तर हर्क साम्पाङ मात्र मैले यस्तो नेता पाएँ, जसले देशलाई माया गरेका छन्। त्यसैले हर्कलाई जातीय राजनीतिमा नतान्नु नै बेस हुनेछ।",harka sampang,yt:Harka Sampang,comment,deva
सहि प्रमाण,harka sampang,yt:Harka Sampang,comment,deva
Sahi kura bhannu vayo yo harkeko kam ho,harka sampang,yt:Harka Sampang,comment,latin
🕉️👁️‍🗨️🤔👍️हो ठिक भन्नुभयो हर्केको हात छ 100%🤨,harka sampang,yt:Harka Sampang,comment,deva
सुनसरी मा को यो घटना मा हर्क को 95% हात छ किना जनकपुर मा एस्लाई छिरना बाट रोक लगाको तेहि रिस एमाले र यो हर्क को काम हो सरकार लाई पनि कम्जोर बनाउनु षड्यन्त्र गर्नु खोजेको हो तर बालेन को एउटा भुतला पनि हलाउनु सक्दैना जो आए पनि हर्क राम्रो हो सोचेको थियो सबै तर यो पनि तुएको निकलो,harka sampang,yt:Harka Sampang,comment,deva
Ahileko sarkarko pani hat huna sakxa sangka garne ho vaneta.,harka sampang,yt:Harka Sampang,comment,latin
👍👍👍👍👍100%right  yo hark r tyo hark Ko chili Muslim uni harulai parader  karwai garnish parxha eni haruko  video aairaheko cha,harka sampang,yt:Harka Sampang,comment,latin
हुन सक्छ ् ् गाइ ज्तो शुदध र निष्चल सिध गाइ काटेर खाने कुरा गर्ने यहि हर्के पास्चर हो,harka sampang,yt:Harka Sampang,comment,deva
Very true 👍,harka sampang,yt:Harka Sampang,comment,latin
Yo video bata pusti  hoina justify nai vayo ...ta pani  Manab hoina raixas SUNGUR nai raixas😂😂😂😂,harka sampang,yt:Harka Sampang,comment,latin
त महा गुइठे रहेछस।😂😂,harka sampang,yt:Harka Sampang,comment,deva
लाडोबादुर बुडोले ठिकभन्यो,harka sampang,yt:Harka Sampang,comment,deva
पुष्टि गर,harka sampang,yt:Harka Sampang,comment,deva
Social media ko waiyat video herera budole thulo galat abhibyakti dinubhayekoma uhanko bhalo hoss,harka sampang,yt:Harka Sampang,comment,latin
Janis muji,harka sampang,yt:Harka Sampang,comment,latin
Nepal ma je bole pani huncha k yo budo ko Bole sunni ta,harka sampang,yt:Harka Sampang,comment,latin
Kungadhahoyo?,harka sampang,yt:Harka Sampang,comment,latin
Badi umliyo vhani pokin6,harka sampang,yt:Harka Sampang,comment,latin
Baula mg jpt bolxa..,harka sampang,yt:Harka Sampang,comment,latin
Sahi kura,harka sampang,yt:Harka Sampang,comment,latin
Good sahi ho,harka sampang,yt:Harka Sampang,comment,latin
Hoo Jatiya  kura garne Ra  dharmako kura garne neta  ek matra. Harka sampang  hoo. Yesko  aba  naramro  din. Suru vayo,harka sampang,yt:Harka Sampang,comment,latin
कतै हैन साँच्चै नै हो,harka sampang,yt:Harka Sampang,comment,deva
harkey ko hali ra joley haruley uchalera ho 100% hat xha.,harka sampang,yt:Harka Sampang,comment,latin
कतै कतै ठिक कुरा आयो !,harka sampang,yt:Harka Sampang,comment,deva
Sahi kura garyo yo  uncle le,harka sampang,yt:Harka Sampang,comment,latin
यो  सब। भैरहेको  तिमी हरुको प्लानमा हो हामी लाई थाहा छ,harka sampang,yt:Harka Sampang,comment,deva
Hoho yo hharke uasteng nai rahexagood budo b le thikai bhannu bho,harka sampang,yt:Harka Sampang,comment,latin
सहि कुरो हो।,harka sampang,yt:Harka Sampang,comment,deva
Harkechor desdroe,harka sampang,yt:Harka Sampang,comment,latin
Sahiiiiiiiiii,harka sampang,yt:Harka Sampang,comment,latin
हर्कले जय मंगोल भन्नेलाई बोके भने राजनीति समाप्त हुनेछ अर्को पटक देखि।यहाँ जय मंगोल भन्नेले हर्कको पार्टी कब्जा गर्न खोज्दैछन आफुहरुले ३८ बर्षमा १ वडाअध्यक्ष जित्न नसकेर।सुनसरी काण्डमा पनि हर्क समर्थक मंगोल भन्नेले मुस्लिम उचालेर भएको हो,harka sampang,yt:Harka Sampang,comment,deva
alpa bidya vaimkaram vaneko astai hola sayad justify lai justifive vaneko xa yar 🤣🤣🤣,harka sampang,yt:Harka Sampang,comment,latin
👍️👍️👍️👍️🙏🙏🙏👌👌👌👌,harka sampang,yt:Harka Sampang,comment,latin
🙏🙏🇳🇵🇳🇵🇳🇵🕉️🕉️🕉️💞💞,harka sampang,yt:Harka Sampang,comment,latin
Thank you Dr. Toshima Karki You raised the real issu,harka sampang,yt:Harka Sampang,comment,latin
एमाले लाई लाज हुन पर्छ भ्रषटाचारविरुद्धको फाइल खोलेको कारण यो अताङ मा एमाले माओवादी र माटोको हात छ।।,harka sampang,yt:Harka Sampang,comment,deva
ऐमाले ले नैतिकताको कुरा गर्दा मलाई पो लाज लाग्यो। छ्या।,harka sampang,yt:Harka Sampang,comment,deva
लाईसेन्स र पासपोर्ट समेत लिन धेरै कठिनाइ भएको छ। कहिले सम्म सहज हाेला ?,harka sampang,yt:Harka Sampang,comment,deva
निसकिन्दैना ।केहुन्छ काम भैराखेकोछ आवरके चाहिय दुनिया ले जत्तिकै घोकरो फुलायर चिच्चायपनि सक्नहु्ना बाबुरास्वपालाइ थाछ बेस्सरि कराउँदा कुनै पनि डरमा्न्नेवाला छैना बाबू।,harka sampang,yt:Harka Sampang,comment,deva
एमाले लगाएत सबै पार्टीको  नेताहरुलाइ नेपाली  जनताले राम्रो बुझेरै उनिहरुले चुनावमा ब्यहोर्नु परेको ।हो इनिहरुकै अराजक  गतिविधि  भस्टचारिको चाकडी  गरेकै हुनाले  इनिहरुको पत्तासाफ भयोको हो ।बालेन सरकारले  राम्रो कार्दा गर्दैपनि खुट्टा  तान्ने काम सरकार भडकाउने सरकार  ढाल्ने भनेर जथाभावी  बोल्ने भन्दा देशबिकाशको आभिब्याक्ति आएन जय बालेन सरकार  जय घण्टी  ।जय रास्वपा ।,harka sampang,yt:Harka Sampang,comment,deva
ल आआफनो पालामा देश जेभैराख्दापनि चुपचाप बसने बानि बसि गाकोछ जुन्सुकै  पार्टीको सारखारहुदा सबैकोबानि बेेहोरा यस्तैछ तर नेता हारु लाइथाहा हुदैना हामिनेपालि जनतालइ थाहाछ ।,harka sampang,yt:Harka Sampang,comment,deva
सहि कुरा खुसबुअोलि तर सुनस्रिघटना छानबिन भयपछि थाहुन्छ धैरिया  गर्नुहोला बरा बालेन लाटोमान्छे डरलेलुकेरबसेकोहोला  छानबिन्पछि थाहुन्छ  हेरदै जाँउ आनिथापाम ।,harka sampang,yt:Harka Sampang,comment,deva
Dhanya. Bad. Padma. Ji. Good,harka sampang,yt:Harka Sampang,comment,latin
यिनिहरुले आफै पृन्ट गरेर ल्याएको बक्तब्य पनि पड्न सक्दै तर बिरोध भने अचम्म,harka sampang,yt:Harka Sampang,comment,deva
बोलेर हुने भए नेपाल कहाँ  पुग्थे,harka sampang,yt:Harka Sampang,comment,deva
बोल्ने एउटा उता गर्ने काम अर्को चाहिँ नगरौँ। प्लिज माननीयज्यूहरू।,harka sampang,yt:Harka Sampang,comment,deva
"Amale ra congrats ahile samma ke garyo
Desh lai kangal 
Bannne party
Bhashan garre
 Matra ke",harka sampang,yt:Harka Sampang,comment,latin
Tanigadhiko emale leghtana banayeko,harka sampang,yt:Harka Sampang,comment,latin
सर्बापर्थमत पर्धान्मत्रि बैठकमा उपस्थितीहुदायानाहुदा बिपक्क्षाको केखाँचोभयहौला केपिअोलिसदन्मा बारबारउपस्थिति भयर त लुटधन्को भागबन्डा भयो तेति मात्रै भोकोथियो यार।,harka sampang,yt:Harka Sampang,comment,deva
बहिनी देश बनाउने योजना बनाउ जन्ता लडाउने भाषण नगर,harka sampang,yt:Harka Sampang,comment,deva
"""AARTHIK,SAAMAAJIK RUPAANTARANN""KO LAAGI""SAAMAAJIK SADBHAAW"" ""KAAYAM TATKAAL GARNE"".",harka sampang,yt:Harka Sampang,comment,latin
बिचरा मेहता मरेकोमा बिपछ दलका माननिय हरु रमायको देखेर दुःख लाग्यो,harka sampang,yt:Harka Sampang,comment,deva
"बास्ना थापा ज्यु सुनसरीमा सी डी ओ छ, मुख्य mantri पनी छ,पुलीस पनि छ तीनी हरू के को लागी पालेको पदमा आरयाल ज्यु तपाई प्रधान mantri भए के गर्थ्यौ सरकार लाई सहयोग दीनु बीरोध होईन भासन न दे काम गर",harka sampang,yt:Harka Sampang,comment,mixed
COM.CONGRATULATIONS.,harka sampang,yt:Harka Sampang,comment,latin
तझोले कतिकराएको,harka sampang,yt:Harka Sampang,comment,deva
यो कुराहरुत तिमिहरुबाटै सिकाकै त होनी।,harka sampang,yt:Harka Sampang,comment,deva
क्षत्रीबाहुन काटीन्छ आलोरगतचाटीन्छभन्ने मंगोले आरएनराइ  आफ्नुसकारभयकेगर्नेथियो यिनिगाइकाटाले जेभनेपनीबिस्वसलाग्दैन,harka sampang,yt:Harka Sampang,comment,deva
"यो धर्म राम्रो र त्यो धर्म नराम्रो भन्दै गलत बोल्दै छन ,  साम्सद खुस्बु ओलि, तपाइलाइ म भन्न चाहान्छु , यो घत्नामा प्रधानमन्त्री  र  गृहमन्त्री लाई सक्दो अब्जोस लगाउनु भयो , त र,,,, जेन जि को आन्दोलनमा १७ जनालाई गोलिहानी मारेको मा तिम्रा गृहमन्त्री  र प्रधान मन्त्री  को बारेमा आफ्नो बिचार के छ ? यस्को उत्तर यहि संम्सदमा दिनुहोला ।नेपालको जनता तपाइको प्रतिछ्या छन ।",harka sampang,yt:Harka Sampang,comment,deva
आशिका तामाङ ले बेइज्जत गर्नु भन्दा केही जानेको रहेनछ,harka sampang,yt:Harka Sampang,comment,deva
बासनाथापाकेपिकैझोलेनिहो हिँसामच्चाउनेयिनैका झोलेझाम्टेहरुनैहुन जोलिडर केपिओलि र महेसबस्नेतलेनैगरीराछन्।,harka sampang,yt:Harka Sampang,comment,deva
कमिनिलासरदानजलि,harka sampang,yt:Harka Sampang,comment,deva
the incident that happen in Sunsari is the result of former government’s carelessness. When they were in control they should have thought about these issues as well. Right now you are saying you will support this government???Mukh ma Ram Ram Bagalima Chura ho hai Amale haru. Be careful.,harka sampang,yt:Harka Sampang,comment,latin
पद्माजि धोतीखुस्कीयोत हजुर्को संमांउहै निबस्रर निबस्रर निबस्रर है हिंङसातिमेरुकोहो,harka sampang,yt:Harka Sampang,comment,deva
त्यही भनेर  तेरो पातीले कति रामोकामगर्छ,harka sampang,yt:Harka Sampang,comment,deva
Hain timiharu dalit vanda aeru jat dekhadainau,harka sampang,yt:Harka Sampang,comment,latin
केही काम छैन यस्तो संसद्,harka sampang,yt:Harka Sampang,comment,deva
Sunsari ghatna ghante + kharane gyang ko sadayentra ho,harka sampang,yt:Harka Sampang,comment,latin
गणतन्त्र सङ्घीय लोकतान्त्रिक को फलहो,harka sampang,yt:Harka Sampang,comment,deva
Yo muji pagl jhole ni,harka sampang,yt:Harka Sampang,comment,latin
तैले श्रम गरेको देखिनस् अन्धो😊😊😊😊,harka sampang,yt:Harka Sampang,comment,deva
Dekheuna shram gareko aakhaa chimlera herepa xi dekhindaina bhaai timipani paarti kholana nata,harka sampang,yt:Harka Sampang,comment,latin
माननीय ज्यु श्रमदान गरि राख्नु भएको छ के तिम्रो आँखा फुटेको छ मुला ☹️☹️,harka sampang,yt:Harka Sampang,comment,deva
"अनि के तपाइको घरको भाँडा माजनु पर्ने 
कुर रयो मा वोबादी मा थियो मा वो बादि मा 
को थिएन र
मा वोबादि पनि देसको लागि ठुलो योगदान थियो
सहि कामको सत्य प्रचार प्रसार गर्ने हो",harka sampang,yt:Harka Sampang,comment,deva
एएए आँखा नीकालेर गूच्चा खेलन  हौ।राश्वपा  जीउँदो लाश त देखीयो.आज आँखा देख्ने अन्धा पनी देखीयो।,harka sampang,yt:Harka Sampang,comment,deva
Hoho air Sahi Kura vannu vayo,harka sampang,yt:Harka Sampang,comment,latin
यो केटो को हो ? श्रम भनेको केहो बुझ्दै नबुझी बोल्ने !,harka sampang,yt:Harka Sampang,comment,deva
Yoo vailaai Sabai thahaa raixa 🤣🤣🤣🤣🤣🤣,harka sampang,yt:Harka Sampang,comment,latin
"भाई, बोल्नु भन्दा गहिरो अध्ययन गर, अरु नेताले बिकासमा अर्बौ भ्रष्टाचार गरे, हर्कले के गरे तिमी धरान जाउ, पुर्बका गाउ गाउ जाउ, कर्णालिको राउटे जस्तो भाईलाई आफु जस्तै लाग्द‍ो रहेछ, हर्क तिम्रो बुद्दिले बुझ्न सक्दैन भाई,",harka sampang,yt:Harka Sampang,comment,deva
Desh banauna sabai pm bannu parxa ho ki k ho,harka sampang,yt:Harka Sampang,comment,latin
Vakhar undabata niklidai xa kaha dekhne k dekhnu pareko bachcha ko kahani sunnu parne,harka sampang,yt:Harka Sampang,comment,latin
Kaa baat aayo yo guiye jaane vayer feri,harka sampang,yt:Harka Sampang,comment,latin
"Mul basi voko le sabai jana le birod gari rakhe6 , otherwise say no mulbasi will get the chance to contest election.every body knows the eligibility , criteria of harka sampang sir.",harka sampang,yt:Harka Sampang,comment,latin
Hoina kasto kasto santan janminchha  yo dharti ma,harka sampang,yt:Harka Sampang,comment,latin
You are right brother Jai Nepal,harka sampang,yt:Harka Sampang,comment,latin
Maubadi vhayeni ke vo baki neta jasto Vharsta gareko xaina.Baki Aaru netako kura garwna.,harka sampang,yt:Harka Sampang,comment,latin
"माओ बादीमा भएको प्रमाण देखात खाते मू जी, श्रम नगरेको भए त्यो हजारौं मानिसहरूको बेकुब हुन सके त हुन्छ पार्टीको भतुवा।",harka sampang,yt:Harka Sampang,comment,deva
Ho ho kun khate aayo,harka sampang,yt:Harka Sampang,comment,latin
Anuhar anusarko bichara Vako raxa😂😂😂😂,harka sampang,yt:Harka Sampang,comment,latin
Yo ko manxe ho yeslai chin dabai garnu parxa hai navaye proof garnu parxa yesle,harka sampang,yt:Harka Sampang,comment,latin
right bro,harka sampang,yt:Harka Sampang,comment,latin
यस्ता नमूना कहाँबाट आउँछ हो नेपालमा😂😂😂,harka sampang,yt:Harka Sampang,comment,deva
Yo ho zenG😂😂😂,harka sampang,yt:Harka Sampang,comment,latin
Khata Lai aka niklina gari hunnu parx ani matra dakx,harka sampang,yt:Harka Sampang,comment,latin
Harke kamai xain ho,harka sampang,yt:Harka Sampang,comment,latin
हर्क बहिष्कार गरौ,harka sampang,yt:Harka Sampang,comment,deva
यो पनि कति पैसा मा bikyo,harka sampang,yt:Harka Sampang,comment,mixed
Huna ta honi kura sahi nai ho,harka sampang,yt:Harka Sampang,comment,latin
यो भाई ले कति झुटो गफ लगाउनु भयो पहिला सत्य तत्य के हो बुझेर बोल्नुहोस के भाई  !!,harka sampang,yt:Harka Sampang,comment,deva
Fashi lagaunu parxa parchanda ra kp lai,harka sampang,yt:Harka Sampang,comment,latin
Khowobadhi ho,harka sampang,yt:Harka Sampang,comment,latin
Sano vai,harka sampang,yt:Harka Sampang,comment,latin
पागल अन्दा सचेत्मा बोलेको की अचेत्मा ।,harka sampang,yt:Harka Sampang,comment,deva
हैन हिजोको चाल्लले के बुजेको छ के हेर भाइ तिमी सानै छ यनकी बाच्चा नै छ केही बुजेको छैन बुजेको छैन भने बेकर म नबोलेकै बेस ल,harka sampang,yt:Harka Sampang,comment,deva
Correct answer 🙏🙏🙏👍,harka sampang,yt:Harka Sampang,comment,latin
Mawobadi ko samai ma janmay ko tish mula 😂😂😂,harka sampang,yt:Harka Sampang,comment,latin
Tero aankha thik gar tan aanda hosh.,harka sampang,yt:Harka Sampang,comment,latin
Haha 😂😂 gajedi,harka sampang,yt:Harka Sampang,comment,latin
Kun jhare ho yo feri,harka sampang,yt:Harka Sampang,comment,latin
यो चिकने जाठा खाते तैँले के बुझिस,harka sampang,yt:Harka Sampang,comment,deva
Ko ho dhulo chatne,harka sampang,yt:Harka Sampang,comment,latin
Oye goru tero aakha xaina mulako sag,harka sampang,yt:Harka Sampang,comment,latin
Yo muji dhoti k vanxa ho,harka sampang,yt:Harka Sampang,comment,latin
ti sut layara kharopnu parne,harka sampang,yt:Harka Sampang,comment,latin
Yo khate 😂,harka sampang,yt:Harka Sampang,comment,latin
Tero baule thagera khane bani bhaiko ta Pani thagera khane bhays chhor,harka sampang,yt:Harka Sampang,comment,latin
Kane goru po rahechas gadha.K boleko andha??.laaj navako bawlaha.,harka sampang,yt:Harka Sampang,comment,latin
Ke vayo kukur,harka sampang,yt:Harka Sampang,comment,latin
Khulkayis muji,harka sampang,yt:Harka Sampang,comment,latin
Tero aakha xaki nai muji khate,harka sampang,yt:Harka Sampang,comment,latin
हो।भाई ले एकदमैसाचचो। बोलेको छ।  त्यसैले। हर्क बहादुर  ले ।जनता।फुटाऊने  बाहेक।  कामछैन।,harka sampang,yt:Harka Sampang,comment,deva
You are very much professional Sir,harka sampang,yt:Harka Sampang,comment,latin
Very good,harka sampang,yt:Harka Sampang,comment,latin
Kati saral  ani sahaj ....👍,harka sampang,yt:Harka Sampang,comment,latin
Right speak ❤❤🎉🎉🎉,harka sampang,yt:Harka Sampang,comment,latin
जय माटो 🎉🎉🎉❤❤❤,harka sampang,yt:Harka Sampang,comment,deva
"महान नेता नेपाल को ली क्वान यु, जसलाई नचिने नेपाल कहिले स्वभलम्बि बन्ने छैन।",harka sampang,yt:Harka Sampang,comment,deva
organic leader of nepal harka,harka sampang,yt:Harka Sampang,comment,latin
Jay des ❤❤🎉🎉jay mato ❤❤❤🎉🎉🎉 good leader 🎉🎉🎉,harka sampang,yt:Harka Sampang,comment,latin
Harke.lidele.birodh.jari.rakhera.kehipani.khayasdaina.jaye.nepal.jaye.des...❤,harka sampang,yt:Harka Sampang,comment,latin
Good  thinks,harka sampang,yt:Harka Sampang,comment,latin
Jay mato jay des sahi kura,harka sampang,yt:Harka Sampang,comment,latin
बाघको दर्शन  गर्न मन लागेछ हर्क लाई,harka sampang,yt:Harka Sampang,comment,deva
Jay maTo❤,harka sampang,yt:Harka Sampang,comment,latin
प्र म जबाफ देहि नहुनु खुसि खुसि लुगा लाउनु हुन्छ भने अनि नीति नियम पुराने राख्ने अनि परम्परा तोड्ने भनेर हुन्छ? यस्तै होभनेत सुरछ्या फौज स्कुल कलेज हरुमा पनि परम्परा तोड्ने हो भने  देश को हालत काहापुग्छ अनुसासन बेगर केहि हुदैन,harka sampang,yt:Harka Sampang,comment,deva
जय लोकतन्त्र  जय देश जय माटो,harka sampang,yt:Harka Sampang,comment,deva
Jai mato jai desh 🎉🎉🎉🎉🎉🎉🎉,harka sampang,yt:Harka Sampang,comment,latin
Jay harka sampang Jay mato 🥰🥰🥰🥰🥰🥰💖💖💖💖🙏🙏🙏🙏🙏,harka sampang,yt:Harka Sampang,comment,latin
पहिला कुरा नेपालमा सिस्तम छैन मेनकुरा सिस्तम बनाउनु परो,harka sampang,yt:Harka Sampang,comment,deva
यो देशका जनता भाषण अघाइ सके  अब  काम चाहान्छन।आबस्यकता संसदमा आउछन ।,harka sampang,yt:Harka Sampang,comment,deva
"PRIME MINISTER BALEN SHAH SHOULD TAKE ACTION AGAINST 17 SEPTEMBER 8 AND 9,2025 !",harka sampang,yt:Harka Sampang,comment,latin
Good harka sir🙏,harka sampang,yt:Harka Sampang,comment,latin
जबसम्म यो देशमा जनता र देशको हितमा काम गर्ने प्रधानमन्त्री आउँदैन तबसम्म माननीय हर्क साङपाङ ज्यूले देशका धमिराहरुलाई बिरोध गरिरहनु हुनेछ ।,harka sampang,yt:Harka Sampang,comment,deva
❤❤❤Harka,harka sampang,yt:Harka Sampang,comment,latin
"हर्क सरकार नेपाललाई आवश्कता छ 
नभए नेपाल देश,,, बर्तमानकाे ईन्डेनकाे
 दलालहरू मिलेर देश बेची दिनेछ",harka sampang,yt:Harka Sampang,comment,deva
Jai-harka-sampang-,harka sampang,yt:Harka Sampang,comment,latin
Jay mato,harka sampang,yt:Harka Sampang,comment,latin
"बोलेर देश विकाश हुने भए के.पि, प्रचण्ड ले देश बनाईसक्थे, अब काम बोल्न आवश्यक छैन ।",harka sampang,yt:Harka Sampang,comment,deva
प्रधानमन्त्री किन बोल्दैन्न सानसदमा बैठक मा बिस्तारै थाहा पाउँछन् हर्क साम्पाङ्ले हामी लाई त थाहा छ किन बोल्दैन्न बालेन साह सान्सद हलमा ।,harka sampang,yt:Harka Sampang,comment,deva
Jay mato❤❤,harka sampang,yt:Harka Sampang,comment,latin
जय माटो जय देश जय हर्कवाद🙏🙏🙏,harka sampang,yt:Harka Sampang,comment,deva
Hoi na.patrakarjiu.yo.sarkarle.kahin.nabhayeko.jaatra.handi.gaunma.bHanney.dekhaunu.bhayeko.hOmani.hoinara.,harka sampang,yt:Harka Sampang,comment,latin
हुन सक्छ यो गन्हायको सँसदिय ब्यबस्था फाल्नको निम्ति वास्ता बाल नदियको ? अनि दिनमा ७/८ लाख भत्ता सिद्धयाउने जनता जस्ताको तस्तै 😎😁,harka sampang,yt:Harka Sampang,comment,deva
khali aauta boli sunnalai tadpirako xa kam chai chaihiyana harka ji lai,harka sampang,yt:Harka Sampang,comment,latin
Pardhanmantri Balen shaha lai kam garna dinus harka ji kina khutta tannu huncha sadhai vari,harka sampang,yt:Harka Sampang,comment,latin
यस्तोले सभ्य भाषा बुझ्दैन। कडा कानुन लगाएर को राख्नुपर्छ अनि बाउको बिहे देख्छ।,harka sampang,yt:Harka Sampang,comment,deva
"Kangres, emale  jasto bhaera  birod gareko jasto bhayo. Harka jyu lai yo patakkai suhaena. Kam garera agadi badnos. Harka jee lai  yo kurama dhipi lida  ekdamai ghata bhayo partylai",harka sampang,yt:Harka Sampang,comment,latin
"Prime minister nae kina खोज्नु हर्क जी वास्तै नगरी हिँड्दा पनी हुन्छ तपाईंले भनेकै हुनुपर्छ भन्ने सोच त्याग गर्दा राम्रो, आफु मा बढी ध्यान दिनु राम्रो 🙏🙏👍👍",harka sampang,yt:Harka Sampang,comment,mixed
राजा ल्याए पछी एकै पल्ट बोल्ने होला सायद।,harka sampang,yt:Harka Sampang,comment,deva
100% Sahi ho khotang ma bato ramrro xaen,harka sampang,yt:Harka Sampang,comment,latin
Harka best,harka sampang,yt:Harka Sampang,comment,latin
QR mananiya.,harka sampang,yt:Harka Sampang,comment,latin
योजना भन्दा उत्तेजना बढीआहा garne लाई डाहा गर्ने __हर्के गुईठे हो नि ?,harka sampang,yt:Harka Sampang,comment,mixed
❤❤❤❤❤😊😊😊😊😊😊💪🏻💪🏻💪🏻💪🏻💪🏻💪🏻🫡🫡🫡🫡🫡🫡,harka sampang,yt:Harka Sampang,comment,latin
Jai mato,harka sampang,yt:Harka Sampang,comment,latin
मैले QR बाट दिएको पैसा तरुनी घुमाउन ढाल किन्न जाड खान होइन हिसाब किताब चाहियो।,harka sampang,yt:Harka Sampang,comment,mixed
Harka jasto leader pm vaya des banxa,harka sampang,yt:Harka Sampang,comment,latin
हर्क साङपाङ यो देशको प्रधानमन्त्री नभय सम्म बिरोध भईनै रहन्छ ।,harka sampang,yt:Harka Sampang,comment,deva
हर्क राज राई जिन्दा वाद जय देश जय माटो,harka sampang,yt:Harka Sampang,comment,deva
Harka is great.,harka sampang,yt:Harka Sampang,comment,latin
dherai boldaima k hunxara ho,harka sampang,yt:Harka Sampang,comment,latin
हर्केको माटो हातको अन्जुलीमा लिँदा जाडमा परेको जस्तो किरै किरा भेटिन्छ शुद्ध माटो होइन त के हो कुरो😂,harka sampang,yt:Harka Sampang,comment,deva
समालिङ्गी हर्के हेनसम बालेन वन साइट लाभ परेको जस्तो छ balen आऊ हर्केको गाड बजाउ ठण्डा बनाउँ😂,harka sampang,yt:Harka Sampang,comment,mixed
हर्क त जाडो भयो भने दिदीबहिनीलाई छेउमा बोलाएर तताउन लगाउँदो रहेछ। यही यो हर्क? हामी त जाडो भयो भने न्यानो लुगा लगाउँछौं फरक यही भयो मिलाएर बुझ्नुहोस्,harka sampang,yt:Harka Sampang,comment,deva
Jay mato jay Desh 💯 Sahi kura bhannu Bhayo Mananiye Harka sampang Jiu,harka sampang,yt:Harka Sampang,comment,latin
हर्क साम्पाङले संविधान र संसदीय व्यवस्थालाई सम्मान गरेर नै सरकारलाई उत्तरदायी बनाउन खेलिरहेको भूमिका बारे प्राय गाली गर्नेहरुले बुझिरहेका छैनन् । बिस्तारै बुझ्लान।,harka sampang,yt:Harka Sampang,comment,deva
"माननीय Harka Sampang ज्यु र लोकप्रिय गायक Rajesh Payal Rai ज्यु सँगको विशेष अन्तर्वार्ता हेरेर  आफ्नो बहुमूल्य प्रतिक्रिया र सुझाव  दिनुहोला🙏🙏

Program Producer 
Anita Chalaune
Founder &CEO of Kछ Nepal 

Director
Dashrath Sunar🙏🙏",harka sampang,yt:Harka Sampang interview,comment,mixed
5 बर्ष पछि हर्क सम्पाम्पाङ प्रधान मन्री हुनु पर्छ हुन्छ जय हर्क ❤❤❤❤❤❤❤❤❤❤❤❤,harka sampang,yt:Harka Sampang interview,comment,deva
तिन करोड  जन्ताको छकरोड हात चलाउन परछ ऐकै साथ✊️🙏👍🇳🇵,harka sampang,yt:Harka Sampang interview,comment,deva
क्षेत्री बाउनलाई राईहरूले मात्रै तह लाउँछ भन्थे साँच्चिकै र छ।,harka sampang,yt:Harka Sampang interview,comment,deva
Jai harka🙏🙏🙏jai desh👍👍👍,harka sampang,yt:Harka Sampang interview,comment,latin
पृथिबी रहे सम्म यो देश रहनु पर्छ ।,harka sampang,yt:Harka Sampang interview,comment,deva
Love you Harka❤,harka sampang,yt:Harka Sampang interview,comment,latin
Harka Sampang sir 🙏,harka sampang,yt:Harka Sampang interview,comment,latin
Real hero ❤ harka sir,harka sampang,yt:Harka Sampang interview,comment,latin
i love harka sampang,harka sampang,yt:Harka Sampang interview,comment,latin
हर्क जी का कुरा गज्जब लाग्यो है ।,harka sampang,yt:Harka Sampang interview,comment,deva
एक चोटी हर्क र रवि अनी बलेन लाई एकै ठाउँमा ल्याउनु परियो राजेन्द्र सर,harka sampang,yt:Harka Sampang interview,comment,deva
मपनि हेर्न आएँै है😊,harka sampang,yt:Harka Sampang interview,comment,deva
फेसबुकको जोक्करहरुलाई हिसाब देखाउनु जरुरी छैन 👍️👍️👍️👍️🙏🙏🙏🙏,harka sampang,yt:Harka Sampang interview,comment,deva
"I am sure what HARKA speaks comes from his heart and mind it flows like a water
Not scripted  like script reader",harka sampang,yt:Harka Sampang interview,comment,latin
"प्रष्ट बक्ता ,देशकै इमानदार नेता हर्क,काम गरेर   देखाउने ,साहसी र सबै कुरा को खुबी भएको नेता हर्क राज साम्पाङ  , काम मा  अनुभबि ,देश कै असल नेता जस्लाई जाल झेल गर्नु छैन ,नेपाल देश लाई अत्यन्तै आवश्यक तर देश भरी को अल्छी नेता  र अल्छी जनता ले न रुचाउने ,उहाँ ले  गरेको काम धेरै असल भएको ले देश ले थेकन नस्कने ,खास मा अहिले बेरोजगार जनता १५हजार को रोजगार चाहियको छ यति राम्रो कुरा उठाउनु भएको छ खुसी लाग्यो ।राजेश पाइल राई धेरै राम्रो गायक लाग्छ गित गायर देश लाई चिनाउने गायक धेरै मन प्रर्छ।",harka sampang,yt:Harka Sampang interview,comment,deva
आजको बहस धेरै राम्रो लाग्यो खरो प्रश्नमा हर्क राज राईले पनि राम्रो जवाफ फर्काउनु भयो देश र जनताको पक्षमा सधैँ उभिनु होला देश विकास गर्न हामी सम्पूर्ण नेपाली जनता एक हुनै पर्छ सत्यको पक्ष मा हिँडौँ देश पक्का हाम्रै पिँढीले बनाउनु पर्छ  जाई देश जाई मतृभुमी यो पृथ्वी रहुन्जेल सम्म मेरो देश रहिरहनु पर्दछ हाम्रो चन्द्र सूर्य अंकित झण्डा रहिरहनु पर्दछ ✊✊✊🇳🇵🇳🇵🇳🇵,harka sampang,yt:Harka Sampang interview,comment,deva
herda herdai interview herne banaidiye yaar...😁😁😁😁😁😁,harka sampang,yt:Harka Sampang interview,comment,latin
"देश र जनताको समसामयिक बिषयहरुमा अलि सुन्न लायकको अन्तरबार्ताको खडेरी लागि रहेको बेलाना ,जे होस  हेरेर  धेरै नै मजा आयो । सबै टिम लाई धन्यवाद !!!",harka sampang,yt:Harka Sampang interview,comment,deva
Harka is good❤,harka sampang,yt:Harka Sampang interview,comment,latin
गज्जब रमाइलो!😀😀,harka sampang,yt:Harka Sampang interview,comment,deva
नेपाली बन्न र नेपाली हु भन्न नेपाली नागरीकताको कागज मात्रै बोकेर हुदैन जसमा नेपाल देश र संस्कृति पहिचान प्रति कुनै माया नै छैन भने त्यो असली पहिचान सहितको नेपाली नै हुन सक्तैन ..!!👏👏👍,harka sampang,yt:Harka Sampang interview,comment,deva
Nice conversation ❤❤,harka sampang,yt:Harka Sampang interview,comment,latin
"हर्कजीले कति राम्रो कुरा गर्नुभयो! आर्थिक अनियमितता वा हिनामिना गर्नु मात्र भ्रष्टाचार होइन, जनताका प्रश्नहरूको सामना गर्न र जवाफ दिन नसक्नु पनि भ्रष्टाचार नै हो।",harka sampang,yt:Harka Sampang interview,comment,deva
Prefect.,harka sampang,yt:Harka Sampang interview,comment,latin
वाह भ्रष्टाचार गर्न घोटाला नै गर्नु पर्छ होइन नि प्रश्नको उत्तर नदिनु नि भ्रष्टाचार हो कति राम्रो 👌👌👌👍️👍️,harka sampang,yt:Harka Sampang interview,comment,deva
good  interview,harka sampang,yt:Harka Sampang interview,comment,latin
Jay harka sampang❤❤❤❤❤❤,harka sampang,yt:Harka Sampang interview,comment,latin
Great Harka,harka sampang,yt:Harka Sampang interview,comment,latin
Good luck Jay mato,harka sampang,yt:Harka Sampang interview,comment,latin
Jay mato 🤟♥️♥️♥️♥️,harka sampang,yt:Harka Sampang interview,comment,latin
Great ❤❤❤❤,harka sampang,yt:Harka Sampang interview,comment,latin
श्रम बिना देस कुनै हालत मा बन्दै न त्यो श्रम बिना देश बन्दैन भन्ने हरु ले श्रम के हो बुझेकै छैन तेस लाई 1 चोटि बिदेश पठाउनु पर्छ देश श्रम ले बन्छ कि गफ ले अनि थाहा हुन्छ,harka sampang,yt:Harka Sampang interview,comment,deva
हर्क साम्पंग यदि संसदमा नगएको भए संसद सुनसान हुने थियो। राजेश पायल राई एक चर्चित कलाकार मात्र नभएर एक सच्चा नागरिक।,harka sampang,yt:Harka Sampang interview,comment,deva
हर्कराज मेरो प्रार्थना बाट GOD ले नेपालको लागी दिनुभएको नेता,harka sampang,yt:Harka Sampang interview,comment,mixed
एक दम राम्रो इन्टरभिउ राजेन्द्र सर!!❤,harka sampang,yt:Harka Sampang interview,comment,deva
wow nice❤❤❤❤❤❤❤❤❤❤❤❤❤❤❤❤❤❤❤❤❤❤❤❤❤❤❤❤❤❤❤❤❤❤🎉🎉🎉🎉🎉🎉🎉🎉🎉🎉🎉🎉🎉,harka sampang,yt:Harka Sampang interview,comment,latin
Jay mato Jay harka sir,harka sampang,yt:Harka Sampang interview,comment,latin
यो पटक पत्रकारज्युले हर्क साम्पाङको बिरोधीहरुलाई खुसी मिल्नेगरी कडा प्रश्न गर्नुभयो। तर मैले अन्यथा मानेको छैन। पत्रकारिता सधै तटस्थ रहोस् 🙏।,harka sampang,yt:Harka Sampang interview,comment,deva
Nice interview. jai mato,harka sampang,yt:Harka Sampang interview,comment,latin
Harka sampang a revolution,harka sampang,yt:Harka Sampang interview,comment,latin
हर्क सपाङ्ग  राई सङ्ग धरान को मेयर विक्रम बेघा ज्यू लाई बोलाउनु पर्थ्यो  ।,harka sampang,yt:Harka Sampang interview,comment,deva
Rasawapa ko mantri ani samsad haru layera pani interview linnu paryo Rajendra sir,harka sampang,yt:Harka Sampang interview,comment,latin
फेसबुकको जोकरहरुलाई हिसाब देखाउन  जरुरी छैन।❤❤❤❤,harka sampang,yt:Harka Sampang interview,comment,deva
Harka dai❤,harka sampang,yt:Harka Sampang interview,comment,latin
दिमागले सबै हल्लाउछ 👍️👍️👍️👍️👍️,harka sampang,yt:Harka Sampang interview,comment,deva
देश भक्ति नेता अनि देश र जनता हरु को लागी राम्रो गर्ने मान्छे यो देश मा असफल हुँदै आए का छन् 😢😢😢,harka sampang,yt:Harka Sampang interview,comment,deva
🙏🏻🙏🏻🙏🏻♥️♥️♥️,harka sampang,yt:Harka Sampang interview,comment,latin
love and respect ❤️ jay mato jay desh.. jay harka sampang 🙏,harka sampang,yt:Harka Sampang interview,comment,latin
याे बहस सुन्दा पत्रकार राजेन्द्र भन्दा त हर्क राज राई उच्च चेत भएकाे व्यक्तित्व लागाे जसले जेसुकै भनुन😍😍😍,harka sampang,yt:Harka Sampang interview,comment,deva
First time kunai neta ko interview skip nagari heriraxu kada qsn ani answer jhan kada👏👏👍️jay Harka sampang,harka sampang,yt:Harka Sampang interview,comment,latin
कडा प्रश्न कडा उत्तर ⭐️,harka sampang,yt:Harka Sampang interview,comment,deva
"It' is great to watch the podcast, ....straight questions....straight answers.....Great Rai Brothers..best wishes ❤",harka sampang,yt:Harka Sampang interview,comment,latin
🤱🇳🇵र✨हरेक नेपाली समाजका हितको पक्छेमा हुनु पर्यो चाहे internal होस् या international,harka sampang,yt:Harka Sampang interview,comment,mixed
हेर्न सुरु गरे मैले त 👀👀👽💀,harka sampang,yt:Harka Sampang interview,comment,deva
दिमभर कुर्दा बल्ल हेर्न पाईयो😊😊😊,harka sampang,yt:Harka Sampang interview,comment,deva
हर्ख ❤️🇳🇵👍️,harka sampang,yt:Harka Sampang interview,comment,deva
Harka is fire🙏,harka sampang,yt:Harka Sampang interview,comment,latin
Kada patrakar kada harka,harka sampang,yt:Harka Sampang interview,comment,latin
Kada question ko kada answer proud of you both sampang mananiya and baniya sir,harka sampang,yt:Harka Sampang interview,comment,latin
Jay desh Jay mato,harka sampang,yt:Harka Sampang interview,comment,latin
राजेस सर प्रणाम हजुरको सोच्छ बिचार लाई ।  धन्यबाद  ।  ह र के भनेको।अगाडीका पाटी  3  लाई बिर्सेपनी  सम्झाउने र उनी त्यही ब्यक्ती  हुन ।,harka sampang,yt:Harka Sampang interview,comment,deva
Great leader Harka Sampang,harka sampang,yt:Harka Sampang interview,comment,latin
Harka sir le jayaz kura uthaunu bayako chha Yati ko neta chai hunu parchha mato binako desh rahanna,harka sampang,yt:Harka Sampang interview,comment,latin
आज मलाइ प्रश्न र उतर दुबै खत्रा लग्यो जय मातो ❤❤❤❤❤🎉🎉🎉,harka sampang,yt:Harka Sampang interview,comment,deva
हर्क साम्पाङ जस्तो मान्छे चाहिन्छ यो देश लाई ❤😢❤😢😢😢😢,harka sampang,yt:Harka Sampang interview,comment,deva
"राजेन्द्र बनियाँ सर, अब श्रम संस्कृति पार्टीकी पिन्सा राईलाई पनि अन्तर्वार्तामा आमन्त्रण गर्नुपर्छ।",harka sampang,yt:Harka Sampang interview,comment,deva
Love for ma . Harka raj Sampang Rai,harka sampang,yt:Harka Sampang interview,comment,latin
"राजेन्द्र बानिया ,, सर को प्रश्न को छडी हर्क साम्पाङ लाई चलेन ।।",harka sampang,yt:Harka Sampang interview,comment,deva
राजेन्द्र  सरको म  फेयान हो आजको अन्तर बारता  हेर्न मजाआयो 🙏🙏🙏🙏🙏🙏,harka sampang,yt:Harka Sampang interview,comment,deva
"""To sum up the entire interview: 'I am the party. I alone can fix this country. Whatever I say or do is always correct, and anyone who criticizes me is anti-national.'""",harka sampang,yt:Harka Sampang interview,comment,latin
हाम्रो प्रिय हर्कु लाई नेपाल मा र बिदेस मा भको गाली जति सबै😘😂,harka sampang,yt:Harka Sampang interview,comment,deva
Great hark sir.,harka sampang,yt:Harka Sampang interview,comment,latin
कतिकति बेला अझ गज्जब लाग्यो। मज्जा आयो। जय माटो जय देश।,harka sampang,yt:Harka Sampang interview,comment,deva
Rajendra sir is the best.. yesto ghamndi haru sanga sakidina Rajendra sir,harka sampang,yt:Harka Sampang interview,comment,latin
राजेन्द्र सरलाइ धेरै धेरै धन्यवाद । 🇳🇵,harka sampang,yt:Harka Sampang interview,comment,deva
Facebook ko joker was epic😂😂😂😂,harka sampang,yt:Harka Sampang interview,comment,latin
हर्क सर भयर मात्र हेर्नू आको,harka sampang,yt:Harka Sampang interview,comment,deva
Yati khusi vaya ki harka sir ra rajesh sir ko kura sunnu pauda,harka sampang,yt:Harka Sampang interview,comment,latin
Saty kura ma bolda karbai rey😢😢😢 be strong 💪 Harka Sampang sir,harka sampang,yt:Harka Sampang interview,comment,latin
Harka sampang sanga kunai Nepal KO neta le sakdina rajniti bahash garna desh premi vanekai ak mantra ho harka jay harka sampang🙏,harka sampang,yt:Harka Sampang interview,comment,latin
जस्तो प्रश्न उस्तै जबाफ🙏,harka sampang,yt:Harka Sampang interview,comment,deva
मैले पनि हेर्न सुरु गरे❤❤❤,harka sampang,yt:Harka Sampang interview,comment,deva
Jay Harkabad 🙏,harka sampang,yt:Harka Sampang interview,comment,latin
Good answer 👏👏🙏🙏🍀 Jay Harka Baad 🫡🙏,harka sampang,yt:Harka Sampang interview,comment,latin
Harkabaad ko jay hos❤❤🎉🎉,harka sampang,yt:Harka Sampang interview,comment,latin
हर्क साम्पाङले उठाएको आवाजहरु हामी जस्तो भुई मान्छे दुःखी गरिबको,harka sampang,yt:Harka Sampang interview,comment,deva
हर्क साम्पाङ राई ❤❤,harka sampang,yt:Harka Sampang interview,comment,deva
Good job♥️,harka sampang,yt:Harka Sampang interview,comment,latin
Jay mato jay desh jay harka sampang,harka sampang,yt:Harka Sampang interview,comment,latin
पत्रकार ले रन्जु दर्सना लाई जस्तो चुपलागाउन खोजेकै हो प्रश्न कडा तेर्सा कै हो मान्नु पर्छ तर उत्तर त्यो भन्दा कडा र गहकिलो दिनु भयो... बढो मज्जा आयो,harka sampang,yt:Harka Sampang interview,comment,deva
जय देश जय नेपाल जय माटो जय हर्क साम्पाङ,harka sampang,yt:Harka Sampang interview,comment,deva
Wow 😮😮😊❤ जय हर्क साम्पाङ्ग ।उत्तर दिनमा निकै सिपालु तेई पनि सत्य तत्थेमा रहेर ।,harka sampang,yt:Harka Sampang interview,comment,mixed
Harka Sampang is one of the most talented and knowledgeable leader of New government of Nepal!,harka sampang,yt:Harka Sampang interview,comment,latin
Jay harka sampang❤❤❤,harka sampang,yt:Harka Sampang interview,comment,latin
Intererview ek Dam good lagyo harka sampang is very good 👍 ❤,harka sampang,yt:Harka Sampang interview,comment,latin
गरिब देशको धनी नेता भन्दा धनी देशको आम जनता बन्न चाहान्छु शब्दले साह्रै मन छोयो।,harka sampang,yt:Harka Sampang interview,comment,deva
"अन्तर्वार्ता दिने र लिनेको ठुलो  शुभचिन्तक  म।
येस्तै समसामयिक विषय भएको अर्को अन्तर्वार्ता नि देख्न पाईयोस।",harka sampang,yt:Harka Sampang interview,comment,deva
"समाजीक सन्जाल मा छरिएका वहाँका अभिब्यक्तीहरु हेर्दा अलि अपरिपक्क, 
तर यो अन्तर्वार्ता मा दिएका अभिव्यक्ती दँजी हेर्दा फराक र परिपक्क देखिन्छन हर्क साम्पाङ्ग।। 
अशल सोच बोकेर देश को समृद्धी उन्मुख कृयाशिल ब्याक्तित्व, जय नेपाल 🇳🇵🇳🇵🇳🇵",harka sampang,yt:Harka Sampang interview,comment,deva
मैले स्किप नगरिकन हेरेको पहिलो संबाद हो। अनि म पनि माटोको सुभ चिन्तक  हुहै हर्क सर,harka sampang,yt:Harka Sampang interview,comment,deva
नेपालमा धेरै नेताहरु छन् तर हर्क साँपांग नाम सुन्नेसाथ मेरो मनमा बड़ो कौतुहलता आऊछ र ध्यान दीएर उहाँको कुराहरु सुन्छू र गज्जब लाग्छ उहाँको अभीबेक्तिहरु ♥️🙏,harka sampang,yt:Harka Sampang interview,comment,deva
Very reasonable interview indeed 👍👍👍👍👍,harka sampang,yt:Harka Sampang interview,comment,latin
Nice interview ❤ Harka sir and Rajendra sir👏🙏🤝❤️✅,harka sampang,yt:Harka Sampang interview,comment,latin
सुकुम्बासीकाे विषयमा मेराे र हर्क सरकाे कुरा ठ्याक्कै मिल्याे। ❤❤❤,harka sampang,yt:Harka Sampang interview,comment,deva
राम्रो लाग्यो अन्तर्बाता अगाडि बढ्नुहोस देस बनाउनुस खवर्दारि गर्नुस शुभकामना छ|,harka sampang,yt:Harka Sampang interview,comment,deva
"""भोकले जनता चोरि गर्छ भने सरकार जेल जानुपर्छ "" ❤",harka sampang,yt:Harka Sampang interview,comment,deva
2 choti dorayera herda pani ajhai heram heram lagne interview❤😊,harka sampang,yt:Harka Sampang interview,comment,latin
jay swochxa nepali ra nepali mattrivumi❤✊,harka sampang,yt:Harka Sampang interview,comment,latin
अहिले मैले हर्क साम्पाङ को पुरै अन्तर्वाता हेरे मेरो मन पनि ठ्याक्कै हर्क साम्पाङ्ग्को जस्तै छ्,harka sampang,yt:Harka Sampang interview,comment,deva
धन्यवाद राजेन्द्र सर।🙏🙏,harka sampang,yt:Harka Sampang interview,comment,deva
"अन्तिमको भनाई शक्तिशाली छ, ""देशलाई गरिब राखेर नेताहरु मात्र धनी हुन हुँदैन"" हो, यदि कसैले देशको राष्ट्रिय राजनितीमा आउन सोच्दछ भने त्यो पद र शक्ति अनि आर्थिक लाभको लागि नहोस तर सर्वप्रथम देश र जनताको भलाईको लागि होस, यो नै साचो राजनिती हो ।",harka sampang,yt:Harka Sampang interview,comment,deva
हर्क साम्पाङ्ग प्रष्ट र खुल्ला छन तर नेपालिले बुझेर पनि बुझन चाहादैनन कारण भनिरहन पर्दैन।,harka sampang,yt:Harka Sampang interview,comment,deva
जति सन्यो उती सुनौ लाग्दा लाग्दै अन्तरवार्ता सक्किएछ ….,harka sampang,yt:Harka Sampang interview,comment,deva
Great thought ❤ great public leader 💪 Jay mato Jay desh ❤p,harka sampang,yt:Harka Sampang interview,comment,latin
Sarai ramro lagyo antarvarta ❤❤,harka sampang,yt:Harka Sampang interview,comment,latin
"यति राम्रो प्रश्नको उत्तर दिने व्यक्तिले अनेक प्रकारका स्टाटस लेखेर सामाजिक सञ्जाल फोहरी बनाउँदा राम्रो हुँदैन है माननीय ज्यू🙏🙏🙏
सुझाव मात्रै हाे अन्यथा नलिनु🙏🙏🙏🙏🙏",harka sampang,yt:Harka Sampang interview,comment,deva
"१घण्टा बितेको पत्तै पाइन ,,जति पट्क सुन्दा पबि सुनिरहु जस्तो,,,👏👏👏",harka sampang,yt:Harka Sampang interview,comment,deva
ज्यादै रसिलो र नर्म वचन नेतामा हुनुपर्ने गुणका शब्द तर कर्ममा अभिभावकिय भूमिका छ छैन मैले स्पष्ट बुझ्न बाँकी छ ।,harka sampang,yt:Harka Sampang interview,comment,deva
सत्य सधैं एक्लो हुन्छ,harka sampang,yt:Harka Sampang interview,comment,deva
हर्क साम्पाङ राई लाई मेरो रुकुम पुर्व जिल्लामा स्वागत गर्ने मन छ,harka sampang,yt:Harka Sampang interview,comment,deva
म रासोपा र हर्क साम्पाङ को बाहेक अरु नै कुनै पाटि को आस्था राख्ने मान्छे हो तर हर्क साम्पाङ जस्तो नेता हाम्रो देश लाइ चाहिन्छ,harka sampang,yt:Harka Sampang interview,comment,deva
Dherai ramro manche harka ji,harka sampang,yt:Harka Sampang interview,comment,latin
anyway राजेन्द्र सरको कार्यक्रम प्रस्तुति चाहिँ मलाई एकदम राम्रो लाग्छ।,harka sampang,yt:Harka Sampang interview,comment,mixed
"सत्य मानिसलाई सत्य बोल्न कुनै आपत्ति छैन गाह्रो छैन माननीय हर्क साङपाङ ज्यूलाई कुनै अग्नि परीक्षा दिराख्नु पर्दैन किनकि वहाँ सत्य हुनुहुन्छ तर दिनुपरे वहाले सजिलै दिनुहुन्छ 
अरु कुनै नेताको जन्म भएको एसरी सत्य बोल्न हरेक कुरोमा झुटै झुट दाग नै दाग छ त्यसको उत्तिकै विपरीत हरकबाद जो सत्य पवित्र हुनुहुन्छ",harka sampang,yt:Harka Sampang interview,comment,deva
I liked his word and determine ❤❤,harka sampang,yt:Harka Sampang interview,comment,latin
राजेन्द्र sir ले पेल्नु नसक्ने भनेको हर्क सम्पाङ् लाई मात्र हो अरु लाई त पिसाब निस्किने गरि निचोर्नु हुन्छ 🤣🤣🤣🙏  anyway एकदम सान्दर्भिक छ 🙏🙏,harka sampang,yt:Harka Sampang interview,comment,mixed
Dami lagyo interview,harka sampang,yt:Harka Sampang interview,comment,latin
"हर्का ज्यूका दुई रूप छन् —
एउटा सामाजिक सञ्जालमा देखिने तीखो, आक्रामक र निडर आवाज,
अर्को संसद भवनभित्रको गम्भीर बहस, तर्क र पत्रकारसँगको स्पष्ट अभिव्यक्ति।

तर गहिरिएर बुझ्ने हो भने, यी दुवै रूपको अन्तिम लक्ष्य एउटै छ —
देशप्रतिको अथाह माया, जनताले अनुभूति गर्ने सुशासन,
र गरिबीले थिचिएको नेपाली समाजलाई मुक्त गर्ने सपना।

शैली फरक हुन सक्छ,
तर उद्देश्य कहिल्यै फरक छैन।

बानिय ज्यु लाई धन्यबाद🙏",harka sampang,yt:Harka Sampang interview,comment,deva
l  lop harka sampang❤❤,harka sampang,yt:Harka Sampang interview,comment,latin
"भोकले जनता चोरि गर्छ भने सरकार जेल जानुपर्छ "" ❤ दमदार",harka sampang,yt:Harka Sampang interview,comment,deva
सत्यको सधैं जित होस् बोलेको बाचा सबै पूरा गरेकै छ। जय होस् नेपालीहरुको जय स्वाभिमान हरुको।,harka sampang,yt:Harka Sampang interview,comment,deva
सत्य तथ्य बोल्ने दुईजना व्यक्ति 🙏🙏,harka sampang,yt:Harka Sampang interview,comment,deva
"समय गएको पत्तै पाएन  देश र देशवासी प्रतिको माया हुटहुटी भएको स्वच्छ नेता हुनु हुन्छ हर्क जी सधैँ देश र जनतालाई शिरुपर गरी रहेको हेर्न पाऊ,🇳🇵🇳🇵🇳🇵✊✊✊",harka sampang,yt:Harka Sampang interview,comment,deva
गज्जब लाग्यो यो एपिसोड 😮🎉।,harka sampang,yt:Harka Sampang interview,comment,deva
"Excellent interview! Both interviewee and interviewer are ground to earth in their own field, commitment and dedication to what they are doing !",harka sampang,yt:Harka Sampang interview,comment,latin
That is my hero mananiya harka sampang sir and good patrakar rajendra baniya sir,harka sampang,yt:Harka Sampang interview,comment,latin
Jay mato jay harka sampang ❤,harka sampang,yt:Harka Sampang interview,comment,latin
हर्क सम्पाङ हरेक प्रस्नको सरल तरिकाले जवाफ दिनुहुन्छ ।,harka sampang,yt:Harka Sampang interview,comment,deva
He is so down to earth leader ..keep it up,harka sampang,yt:Harka Sampang interview,comment,latin
म पनि आजकल एकदम न्युज हेर्न थालेको छु हर्क सम्पाङ sir le गर्दा ❤,harka sampang,yt:Harka Sampang interview,comment,mixed
Wow nice interview,harka sampang,yt:Harka Sampang interview,comment,latin
"देश संकटमा पर्दा होस् 
या दुखी गरीब जनता पिडामा पर्दा ! 
चिन्ता गर्ने र आवाज उठाउने लिडर हर्क सम्पङ्ग 
बाहेक यो हाम्रो देश मा अरु कुनै सरकार छैन l जय देश जय मातो 🇳🇵",harka sampang,yt:Harka Sampang interview,comment,mixed
राजेन्द्र बानियाँ सर र हर्क सरको अन्तरबार्ता  धेरै-धेरै राम्रो लाग्यो(धन्यवाद)🙏🇳🇵♥️🇳🇵🙏,harka sampang,yt:Harka Sampang interview,comment,deva
Jaya SRAM saskriti. Jaya harka sampang ✊✊✊✊,harka sampang,yt:Harka Sampang interview,comment,latin
Baniya sir salute ❤❤,harka sampang,yt:Harka Sampang interview,comment,latin
I really appreciate with your positive thoughts,harka sampang,yt:Harka Sampang interview,comment,latin
Harka sir kura bujnu samay lagxa aba bistarai bujdaixan.,harka sampang,yt:Harka Sampang interview,comment,latin
हजुर भनाई सारै राम्रो छ तर बुज्नेसे कुरा नबुजे पछि मनमा किरा नलिए पछि भनेजस्तो छ केगर्नु गर्क सर 🙏🙏🇳🇵♥️🇳🇵♥️🇳🇵♥️🙏🙏,harka sampang,yt:Harka Sampang interview,comment,deva
हर्क साम्पाङको सोच र राजनैतिक बिचार राम्रो छ।,harka sampang,yt:Harka Sampang interview,comment,deva
Your the ladder sir,harka sampang,yt:Harka Sampang interview,comment,latin
"हैट समय सकेको पत्तै भएन 🤗
पार्दर्शि माननिय अनि एक
 पार्दशी पत्रकार राजेन्द्र बानिया🙏",harka sampang,yt:Harka Sampang interview,comment,deva
जब मैले हर्कलाई राम्रो सग बुझेको थिएन तेतिबेला किन अराजक बनेको पुरानो मान्छे जस्त्यो लाग्थ्यो अहिले जति बुझ्ने समाज को दुख देख्ने जहाँ पुग्न सक्ने देख्छु खुसी लाग्छ जनाता सग नजिक जनता को कुरा सुन्न सक्ने क्षमता भएको नेता,harka sampang,yt:Harka Sampang interview,comment,deva
"मलाई मन पर्ने भनेको दुई जना हो ,येक हर्क साम्पङ र, अर्को बानिया सर ।❤",harka sampang,yt:Harka Sampang interview,comment,deva
अती राम्रो जय हर्क बाद,harka sampang,yt:Harka Sampang interview,comment,deva
Rajendra baniya jiu tapaiko interview line saili ekdam daami lagxa,harka sampang,yt:Harka Sampang interview,comment,latin
सहयोग हो चन्दा होइना🎉🎉🎉🎉🎉,harka sampang,yt:Harka Sampang interview,comment,deva
वास्तवमा भन्ने हो भने नेपाली ले चिन्न नसकेको अमुल्य हिरा हो। हर्कराज साम्पाङ राई ! हर्कबाद जिन्दवाद !,harka sampang,yt:Harka Sampang interview,comment,deva
नबोल्ने भन्दा बोल्ने ब्यक्ति सधै सहि हुन्छ याद राख्नुहोला🙏 बोल्दा पारदर्शि हुन्छ नबोल्नेको मनमा के हुन्छ के थाह🙏 देश बनोश जनता खुशि हुन यहि कामना छ❤❤,harka sampang,yt:Harka Sampang interview,comment,deva
The most remember able fact interview with nation lover leader Harka sampang.,harka sampang,yt:Harka Sampang interview,comment,latin
Kunai Din harkajilai maile ni birod gareko manxe hoo tarw aaaja ayerw thikai lageyo❤❤❤ jaya mato,harka sampang,yt:Harka Sampang interview,comment,latin
"सबै प्राया हर्क साम्पाङ्गलाइ जाती बादी र पास्टरको उपनाम दिन्छन। तर बास्ताबमै नेता भनेको उस्को मन, बिचार , निष्ठा छर्ल्ङ्ग भएको नेता भनेको त्यो हर्क साम्पाङ्गमा हो।❤",harka sampang,yt:Harka Sampang interview,comment,deva
interview dami lagyo sabai ko jay hos👍👍,harka sampang,yt:Harka Sampang interview,comment,latin
किन हो किन पत्रकार राजेन्द्र बानियाँ सर र माननीय हर्क साम्पाङ ज्यु को इन्टभु सुन्दा र हेर्दा मनै आन्नन्द आउँछ मलाई  चाहिँ दुबै जनालाई सम्मान गर्दछु🙏🙏🙏🙏🙏🙏🙏,harka sampang,yt:Harka Sampang interview,comment,deva
Parsta parsna  Rajendra baniya sir  parsta  utar harka sir ❤🙏,harka sampang,yt:Harka Sampang interview,comment,latin
कती गहकिलो कुरा गर्नुहुन्छ राजनितीको बिषय देशको बिषयमा जय हर्क जिउ🙏,harka sampang,yt:Harka Sampang interview,comment,deva
Jaya Mato Jaya Des Jaya Nepal ❤🙏❤️,harka sampang,yt:Harka Sampang interview,comment,latin
हो हजुर लाई धेरै धेरै धन्यवाद यसरि हर्क साम्पाङ को interview लिनु भाको मा😢❤😢❤😢❤😢❤,harka sampang,yt:Harka Sampang interview,comment,mixed
Hamro Bhabisayeko Ashako Diyo Ho  Hajur. Thank you.,harka sampang,yt:Harka Sampang interview,comment,latin
jay mato jay bhumi❤,harka sampang,yt:Harka Sampang interview,comment,latin
अत्यन्तै intresting  रसिलाे प्रस्तुति👌👌,harka sampang,yt:Harka Sampang interview,comment,mixed
आहा सबै सुनियो मजा आयो,harka sampang,yt:Harka Sampang interview,comment,deva
Jay mato harka sir❤❤❤🎉🎉🎉,harka sampang,yt:Harka Sampang interview,comment,latin
Baniya sir best patrakar hun Nepal ko lagxa ho panie kharo daro k👍🙏,harka sampang,yt:Harka Sampang interview,comment,latin
जय माटो🌹❤️🙏,harka sampang,yt:Harka Sampang interview,comment,deva
लास्टको कोइसनको उत्तर चाहिँ एकदमै मनपर्यो सही छ बीचतिरको पनि एकदमै राम्रो छ। जय माटो जय देश❤,harka sampang,yt:Harka Sampang interview,comment,deva
"रमाइलो मान्छे, यसरी नै रमाइलो गरेर दुनियाँलाई हसाउँदै देश निर्माण गर्नु , शुभकामना।",harka sampang,yt:Harka Sampang interview,comment,deva
Wow wow nice interview ❤,harka sampang,yt:Harka Sampang interview,comment,latin
Dami interview,harka sampang,yt:Harka Sampang interview,comment,latin
Harka sampang garib ko neta ho hami nepali sabai garib ho kina vane hami arkako desh nagai haath mukha jodnu sakindaina vane hami harka sampang jasto netako paxi lagnu parxa Rajendra sirlai pani dhanyavaad jai mato❤❤❤,harka sampang,yt:Harka Sampang interview,comment,latin
Jaya harka sampang jaya mato jaya Nepal🇳🇵🇳🇵🙏🙏,harka sampang,yt:Harka Sampang interview,comment,latin
kati mitho antarbarta❤❤,harka sampang,yt:Harka Sampang interview,comment,latin
Big salute both of you,harka sampang,yt:Harka Sampang interview,comment,latin
"सरकार असफल हुनु देश असफल हुनु हो☝️
देश असफल हुँदा तपाई पनि असफल हुनु हो😢
म पनि असफल हुनु हो😢
सरकारलाई असफल हुने छुट छैन🙏
सरकारलाई असफल नहुने कुरामा हामी खबरदारी गर्छौँ🤗
त्यो ट्र्याक भन्दा बाहिरी गएर एक्सिडेन्ट हुने गरी काम नगरोस् 
भन्ने कुरामा सल्लाहा,सुझाब,प्रश्न,आलोचना भैपरि आए
बिरोध पनि रहन्छ🥰 माननिय🗣️हर्कराज साम्पाङ👏👏",harka sampang,yt:Harka Sampang interview,comment,deva
माननीय हर्क साम्पाङ ज्यु लाई १००कोरोड💪🏻❤,harka sampang,yt:Harka Sampang interview,comment,deva
Good Harka sampang sir,harka sampang,yt:Harka Sampang interview,comment,latin
प्रस्नको सरल जबाफ्।अति मजा लाग्यो अन्तर्वार्ता।जय देश जय श्रमदान्।,harka sampang,yt:Harka Sampang interview,comment,deva
Respect ❤️ 🙏 🫡 🤲 Hajur Adakxa jiu ani Patrakar Jiu  lai,harka sampang,yt:Harka Sampang interview,comment,latin
great  interview 🎉🎉🎉,harka sampang,yt:Harka Sampang interview,comment,latin
उहाँ जस्तो नेतृत्व यो देशलाई चाहिएको छ।।सबै ले मन देखि सोचौं बुझौं,harka sampang,yt:Harka Sampang interview,comment,deva
"हाम्रो देशका हर्क साम्पाङ राई र राजेन्द्र बानियाँ sir दुवै जना देशका hero हुन् , एक जना सांसदमा र अर्को पत्रकारिकता उल्लेखनीय कार्य गर्दैहुनुहुन्छ, दुवै जनाको सहकार्य ले देश बन्छ।।।",harka sampang,yt:Harka Sampang interview,comment,mixed
Woww harka❤❤❤❤,harka sampang,yt:Harka Sampang interview,comment,latin
Dhanyabad Rajendra sir,harka sampang,yt:Harka Sampang interview,comment,latin
प्रष्ट प्रष्न र उत्तर धेरै राम्रो लाग्यो धन्यवाद,harka sampang,yt:Harka Sampang interview,comment,deva
🙏साधा जिवन उच्च विचार हर्क सर को जति सुकै तारिफ गरेपनि कमै हुनेछ सँधै यसै गरि जनताई साथ सपोट गरि रहनु यहि कामना छ 👏,harka sampang,yt:हर्क सम्पाङ,comment,deva
साधा जिवन उच्च विचारका धनी हर्क साम्पाङको जयहोस ।,harka sampang,yt:हर्क सम्पाङ,comment,deva
"काम प्रती, हर्क साम्पाङ्लाई हृदय देखि सलाम 🙏🙏🙏🙏",harka sampang,yt:हर्क सम्पाङ,comment,deva
मेयर हर्क सर को हरेक शब्दमा सत्य छ अनि motivation speech लाग्छ..,harka sampang,yt:हर्क सम्पाङ,comment,mixed
कुशल सबल श्फल अनि शभ्या मेयर साम्पाङ्ग ज्युलाई नमन्👋👋❤️,harka sampang,yt:हर्क सम्पाङ,comment,deva
एक युगले पाउँने एक महान् पुरुष हर्क साम्पाङ्ग (राई) ज्यु सलाम हजुरको सधै जय होस्।,harka sampang,yt:हर्क सम्पाङ,comment,deva
"आज भने राईट मान्छे को मा पुग्नु भो टेक नारायण जि कती चोर नेताहरुको मात्र ईन्टरभीउ हेर्नु आज भने आनन्द लाग्यो,!!!",harka sampang,yt:हर्क सम्पाङ,comment,deva
सधै राजनीतिक दलका नेताहरुको हालतले वाक्क दिक्क भएको बेला हर्क साङपाङ जस्ता ब्यक्तिको अन्तरवार्ताले सबैको जीवनमा सकरात्मक उर्जा दिन्छ। Salute to #Harka Sampang,harka sampang,yt:हर्क सम्पाङ,comment,mixed
नेपाल को नयाँ ईतिहास सफल्ता को कामना गर्द छु ! ✍️💕💕💖,harka sampang,yt:हर्क सम्पाङ,comment,deva
"नेपालको एक सच्चा सपूत !🇳🇵
मेयर हर्क सांपाङ जी ।",harka sampang,yt:हर्क सम्पाङ,comment,deva
"कुनै पनि दामी ,नामी पोसाक ले सान्दार मात्र देखाउने ! बिकास र हितको लागि त सादा जीवन र उच्च बिचार ले काफी छ!!सधै सम्मान छ मेयर ज्युलाई🇳🇵🙏!",harka sampang,yt:हर्क सम्पाङ,comment,deva
कति राम्रो  बिचार  सधा जीवन  उच्च बिचार का धनी  मेयर  हर्क सर लाई सफलता को हिर्दय देखी  नमन ; साथै  पत्रकार ज्यु लाई ✋,harka sampang,yt:हर्क सम्पाङ,comment,deva
U r a great  human being Harka jue. We need many. Many person like you..keep it up..,harka sampang,yt:हर्क सम्पाङ,comment,latin
नमन नेपालको सुपुत्र!🙏🙏,harka sampang,yt:हर्क सम्पाङ,comment,deva
कति राम्रो सोच  ! धेरै धन्यवाद छ  हर्क जी   !,harka sampang,yt:हर्क सम्पाङ,comment,deva
देशभक्त भनेको यस्तो हुनुपर्छ बधाइ छ।,harka sampang,yt:हर्क सम्पाङ,comment,deva
Harka sir is the real hero of Nepal 🇳🇵💯✅👍,harka sampang,yt:हर्क सम्पाङ,comment,latin
"कति राम्रो सोच, सबै राजनीतिका नेता तथा कार्यकताको सोच यस्तै भए देशको विकासमा कायापलट हुने थियो कि । धन्यवाद हर्क जि यो अमुल्य विचारको लागि 🙏🙏🙏🙏🙏",harka sampang,yt:हर्क सम्पाङ,comment,deva
"Action speaks louder than the word. 
                                     Jaya Nepal 🇳🇵",harka sampang,yt:हर्क सम्पाङ,comment,latin
अहिले धरानको बागडोर सम्हाल्नु भाको छ अब यो देशको बागडोर सम्हाल्नुस धेरै शुभकामना जय नेपाल !,harka sampang,yt:हर्क सम्पाङ,comment,deva
Lead from front... lead by example... that will motivate larger mass to follow... Grand salute to Harka Rai !!,harka sampang,yt:हर्क सम्पाङ,comment,latin
सच्चा देश प्रेमी नेपालीको छोरा हर्क साम्पाङ राई नै हो जो आफू भन्दा जनताको दु:ख बुझ्छन्,harka sampang,yt:हर्क सम्पाङ,comment,deva
"सलाेट हर्क दाइ ! हर्क साम्पाङ जस्तो सादा जीवन उच्च  बिचार ईमानदार देश भक्त नेता नेपाल मा ३०,४० जना भए  नेपाल मातृभुमि अामा र नेपाली जनताले सुख शान्ति पाउने थिए !",harka sampang,yt:हर्क सम्पाङ,comment,deva
जनताकाे नेता यस्ताे हुनुपर्छ,harka sampang,yt:हर्क सम्पाङ,comment,deva
Upcoming PM of Nepal 🙏🙏👍👍💜💜God bless you Harka Sampang sir🙏🙏,harka sampang,yt:हर्क सम्पाङ,comment,latin
धरानका भूमिपुत्र हर्क ❤️🙏,harka sampang,yt:हर्क सम्पाङ,comment,deva
"He is indeed one of most humble, simple human to be alive in whole world. We must support and respect his vision to complete. Nepal need this kind of person who can lead our country towards future in development. Jai Nepal Jai Candra Surya.",harka sampang,yt:हर्क सम्पाङ,comment,latin
हरेक नेता र जनप्रतिनिधिहरु हर्क साम्पाङ जस्तो इमानदार र प्रतिबद्धता  हुने हो भने हाम्रो देश बिकाश हुनमा कुनै समय लाग्दैन र भ्रष्टाचार  पनि सुन्यमा झार्न सकिन्छ.,harka sampang,yt:हर्क सम्पाङ,comment,deva
What a great thought!!! Keep it up Dear Mayor 🙏🏽🙏🏽🙏🏽,harka sampang,yt:हर्क सम्पाङ,comment,latin
टेक नारायण  भण्डारी ज्यु राम्रो कोइशन बेस्ट  मेयर हर्क साम्पाङ्ग ज्युको एन्सर झन सुनुरहनु मन लाग्छ काठमाडौ देखि धरान पुग्नु भो बधाई छ हजुरलाई,harka sampang,yt:हर्क सम्पाङ,comment,deva
अाहा कति राम्रो साेच बिचार बिस्व मै उदाहरणीय बन्नु भएको छ हर्क जि सफलताको अग्रिम शुभकामना  सर जय देश जय स्वाभिमान हर्क राई जि 🇳🇵🇳🇵🌹🌹,harka sampang,yt:हर्क सम्पाङ,comment,deva
ज्यादै अनुकरणीय तथा प्रेरणादायी ब्यक्तित्व हर्क सामपाङ प्रति हार्दिक नमन ।❤️🙏,harka sampang,yt:हर्क सम्पाङ,comment,deva
मेयर हर्क साम्पाङ दाजु 🙏🇳🇵🇳🇵🇳🇵🇳🇵,harka sampang,yt:हर्क सम्पाङ,comment,deva
"Mayor Mr. Harka Sampang, You are truly a patriotic, innovative, an effective Coordinator, a hard worker and result oriented. We appreciate you. 25 people/leader like you will develop Nepal. Thank you.",harka sampang,yt:हर्क सम्पाङ,comment,latin
सादा जिवन उच्च बिचार सलाम छ मेयर साब,harka sampang,yt:हर्क सम्पाङ,comment,deva
"really great person and genius person ,,,in Nepal",harka sampang,yt:हर्क सम्पाङ,comment,latin
"Thanks Tek sir for this great interview with Harka sir.
I love Dharan.",harka sampang,yt:हर्क सम्पाङ,comment,latin
"देख्यौ पार्टी का झोले हरु खातेहरु पार्टिको सिफारिस र नेताहरुको सिफारिस र power बाट जागिर खाने मासु भात खाने पार्टी प्रचारमा जाने खातेहरु नेता कस्तो हुनुपर्छ हेर 
झोलेहरुले आफना नेताहरुलाई सबक कहिले सिकाउछन त मात्र ति भ्रस्टाचार नेताहरु सपृन्छन नत्र नेपालि ले दुख मात्र दिन्छन नेपालिलाई",harka sampang,yt:हर्क सम्पाङ,comment,mixed
काम सुस्त दुरुस्त छिटाे सजिलाे हाेस अनि मैना मैनामा सरकारि अपिस छड्के चेकजाच हाेस र कामचाेर कर्मचारि घर बसेर हाजिर गरेर जागिरखाने र भष्टचारि कर्मचारिलाई पनि कारबाइ हुनु अाबस्यकछ हर्क शर,harka sampang,yt:हर्क सम्पाङ,comment,deva
Real Nepali hero,harka sampang,yt:हर्क सम्पाङ,comment,latin
"we solute u dear mayor of dharan for ur work n hardworking,hope very soon we all nepalese will use electric vehicales n say good bye to disel n petrol vehicles...",harka sampang,yt:हर्क सम्पाङ,comment,latin
हर्क सम्पाङ सर बाट अरु नेताहरु ले पनि सिक्नु पर्ने एउटै शब्द नेता भनेको जनता भन्दा सानो हो! यो शब्द ले एकदम मन छोयो! salute हर्क सम्पाङ सर!🙏,harka sampang,yt:हर्क सम्पाङ,comment,mixed
ल है साथी हो यो हर्क सामपांगलाई जसरी भएनी असफल पार्नु पर्छ है ! नत्र त यसले धरानलाई राम्रो बनाऊने भो । 🙏🏽 नमन देशको पुत्रलाई ।🇳🇵,harka sampang,yt:हर्क सम्पाङ,comment,deva
हामरो देसमा 100 % 25  हर्क सर जता नेता भय सुदर्नेथियो देस,harka sampang,yt:हर्क सम्पाङ,comment,deva
"Wooo i,m your big fan sir you,re here hjr jasto manxa ko खाचो छ हजुरलाई जन्म दिने अामालाई सलाम म अाभारि छु हर्क साम्पाङ sir loved you",harka sampang,yt:हर्क सम्पाङ,comment,mixed
हर्क सर तपाईले हामीलाई बेवास्ता गर्नु भयो अब हामी सबै नेपाली लाई को पनि पर्तिनिधी बन्नु परो धेरै भग्यमानि धराने जनता समग्र नेपालाई र हामी नेपालि लाई पनि हेर्नु होला सर,harka sampang,yt:हर्क सम्पाङ,comment,deva
भबिस्यको प्रधानमन्त्री  महान ब्याक्ती हर्कलाई सलाम छ,harka sampang,yt:हर्क सम्पाङ,comment,deva
सबै राजनिति दलका नेताहरूले स्थानिय निकायका जनप्रतिनिधि ले धरान नगरपालिका का मेयर बाट  बिकास कसरी गर्नु पर्छ सिक्नु आबस्यक छ,harka sampang,yt:हर्क सम्पाङ,comment,deva
Lot of respect for  harka sir ko soch prati 🙏🏻,harka sampang,yt:हर्क सम्पाङ,comment,latin
नेपाल  आमा को यक मत्र सच्चा  पुत्र  हर्क  मेयर 🙏🙏🙏🙏,harka sampang,yt:हर्क सम्पाङ,comment,deva
जत्ती सुन्यो उत्ति सुनिरहु लाग्ने जत्ती हेर्यो उति हेरि रहु लाग्ने काम गर्बले छती फुलिन्छ मेयर साब हजुर्को बिचार अनि प्रत्यक बाक्याले सकरात्मक उर्जा दिन्छ।मनै देखि नमन अनि हजुर्लाइ एउता सल्लाह पनि छ। आफ्नो सुरक्षा मा एक्दमै ध्यान दिनु होला यो देशमा राम्रो मान्छेलाइ बाच्न गारो छ। अत्यन्तै ख्याल राख्नु होला सर,harka sampang,yt:हर्क सम्पाङ,comment,deva
"म हजार चोटी फेल भय भने पनि, एक हजार एक चोटी प्रयास गर्ने छु।

हर्क सांमपाड. ।",harka sampang,yt:हर्क सम्पाङ,comment,deva
"यस्ता  सपूत त बिरलै पाईन्छ जय होस नेपाली सपूत सलाम ,नमन",harka sampang,yt:हर्क सम्पाङ,comment,deva
देशको हिरो हर्क राई सलाम छ हजुरलाई,harka sampang,yt:हर्क सम्पाङ,comment,deva
"You are great Sangpang Sir, I solute you 🙏",harka sampang,yt:हर्क सम्पाङ,comment,latin
Great interview 👍 Salute to you respected Mayor Harka Sampang Rai Sir🙏🇳🇵,harka sampang,yt:हर्क सम्पाङ,comment,latin
धर्ति पुत्र हर्क साम्पाङ्ग्🇳🇵🇳🇵🇳🇵🇳🇵,harka sampang,yt:हर्क सम्पाङ,comment,deva
धर्ती पुत्र साम्पाङ जी🙏❤️,harka sampang,yt:हर्क सम्पाङ,comment,deva
सलाम छ हर्क जि,harka sampang,yt:हर्क सम्पाङ,comment,deva
Super hiro Harka sir salute .,harka sampang,yt:हर्क सम्पाङ,comment,latin
भट्टराइजीधेरै धन्यवाद छ सिधा मान्छेलाइ सिधा तवरको प्रश्नले । यसो गरि धरानको जनताले सहि मान्छे छाने जस्तै आगामी चुनावमा आम नेपालीलाइ यस्तै व्यक्ति छान्ने प्रेरणा र शिक्षा दिइ रहनुस ।,harka sampang,yt:हर्क सम्पाङ,comment,deva
"फेसबुकमा जे पाइ तेही राखेर अप्लोड गरेको छ र धराने जनतालाई यो यस्तो कुराहरु हुँदैछ भनेर जानकारी दिएको छ जे गरीरहनु भएको छ मेयर साबले राम्रो काम गरिरहनु भएको छ म पोखराको भए पनि हर्क सम्पाङ सर   प्रती नमन छ 🙏🏻🙏🏻
We r proud of you Sir 👏🏻👏🏻👍🏻",harka sampang,yt:हर्क सम्पाङ,comment,mixed
"हाम्रो देश मा परिवर्तनकाे घण्टी बजिसक्यो.. अब परिवर्तन हाम्रै पाला मा सम्भव: छ ।🇳🇵🇳🇵🇳🇵 #RastriyaSwatantraParty 
जसरी Harka Sampang लाई धरान को जनता ले सत्ता मा पुराए.. अब RABI LAMICHHANE अर्थात ( राष्ट्रिय स्वतन्त्र पार्टी ) लाई पनि जनता ले  राष्ट्र को सत्ता मा पुर्याउँछन् भन्ने ठूलो आशा छ ❤️❤️❤️🔔🔔🔔🙏",harka sampang,yt:हर्क सम्पाङ,comment,mixed
He is true nepal 🇳🇵🇳🇵🇳🇵 ko choro.....best wishes ..... From Darjeeling.. 🇮🇳🇮🇳🇮🇳,harka sampang,yt:हर्क सम्पाङ,comment,latin
"Hark sampang, great good work",harka sampang,yt:हर्क सम्पाङ,comment,latin
साधा जीवन उच्च बीचारको धारणाको ब्यक्तितो🙏🙏🙏,harka sampang,yt:हर्क सम्पाङ,comment,deva
"ठिक हो,बस्तु धपाउनु पछाडिबाट मान्छे धपाउनु आगाडिबाट",harka sampang,yt:हर्क सम्पाङ,comment,deva
हर्क साम्पाङ आएकै कारण  म यो न्युज 24पहिलो पटक हेरे मेयर जु लाई सेलूत,harka sampang,yt:हर्क सम्पाङ,comment,deva
सोच राम्रो छ,harka sampang,yt:हर्क सम्पाङ,comment,deva
"Harka sir, you’re genius, good sense of humour, patriotic, good hearted, Hard working and full of vision, dedicated. we all salute you, I wish all Over Nepal people born like you n god bless you.",harka sampang,yt:हर्क सम्पाङ,comment,latin
मलाई अति मन पर्ने पत्रकार टेक नारयण सर र हर्क साम्पाङ्को त कुरै नगरुम सलाम,harka sampang,yt:हर्क सम्पाङ,comment,deva
"this is the way,extremely motivational interview.A must watch and listen interview for leaders at all levels.",harka sampang,yt:हर्क सम्पाङ,comment,latin
कति राम्रो बिचार   सेवग्राहीलाई अघि पत्रकार लाई पछी ।,harka sampang,yt:हर्क सम्पाङ,comment,deva
"साधा जीवन उच्च बिचार,, नेपाल आमाको सच्चा सुपुत्र सबैले पाठ सिकौं ।",harka sampang,yt:हर्क सम्पाङ,comment,deva
उदारननिय नेता हर्क साम्पाङ !! सफल नेतृत्व को शुभकामना  !!!,harka sampang,yt:हर्क सम्पाङ,comment,deva
Great salut Harka sampang भाइ ✊✊🌹💐👏🇳🇵😇✌👍🙏💪💪🤝🌼,harka sampang,yt:हर्क सम्पाङ,comment,mixed
"भन्ने ले जे भनुन हामी सचेत नागरिक हजुरको साथमा छौ,अगुवाइ गर्नुहोस हजुर।❤️🇳🇵🙏",harka sampang,yt:हर्क सम्पाङ,comment,deva
माहान हो हर्क साम्पाङ सलाम सर सादा जीवन उच्च बिचार ❣️❣️❣️❣️❣️,harka sampang,yt:हर्क सम्पाङ,comment,deva
महान ब्यक्ती हर्क साम्पाङ ज्यूलाई सलूट छ।🙏🙏🙏🇳🇵🇳🇵🇳🇵🇳🇵🇳🇵 जयनेपाल्🙏,harka sampang,yt:हर्क सम्पाङ,comment,deva
अब देशमा सवै हर्क जस्तै हुन आवश्यक छ सवै नेताहरुले सिक्न जरुरी छ,harka sampang,yt:हर्क सम्पाङ,comment,deva
Congratulations hark sir,harka sampang,yt:हर्क सम्पाङ,comment,latin
"सादा जीवन उच्च बिचारका धनी आदरणीय हर्क साम्पाङ दाइ तपाईं यो देशको एक क्रान्ति हो तपाईं जस्तै अरु हर्क हरु जन्मनु जरुरी छ। 
हे नेपाल आमा अलिक छिटो जन्म देउ यस्ता राष्ट्रका गहनाहरु जस्ता । 
हार्दिक शुभकामना हर्क दाइ तपाईं अगाडि सर्नुहोस तपाइको पाइला पछ्याउँने  छन लाखौ धराने बासिहरु । 
कसैको गिद्दे नजर नलागोस तपाइप्रती।
तपाईं अब  भोलिका दिनमा यो देशको नेतृत्व लिन अगाडि बढ्नुपर्छ तपाइलाइ जिताउने करोडौं जनता तपाईंको साथमा। रहनेछन।",harka sampang,yt:हर्क सम्पाङ,comment,deva
नेपालमा यस्ता महान ब्यक्ति पनि रहेछन् ।,harka sampang,yt:हर्क सम्पाङ,comment,deva
आहा सरल र सालिन  स्वोभावका कार्यक्रम प्रस्तोता टेकनारायण सर सङ झन महा सालिन र सरल नेपालकै उधारण धरानका मेयर हर्क राई कत्ती गज्जब छ !अर्गानिक नेता सगको कार्यक्रम,harka sampang,yt:हर्क सम्पाङ,comment,deva
Great person great thought wanna salute you sir from my inner heart jai Harka sampang,harka sampang,yt:हर्क सम्पाङ,comment,latin
हेट आज त केही ठुला बडा मिडिया बाट हर्क साङ्गपाङ् सर को ईन्टर्भ्यु देख्नु पाईयो खुसि लागो जय होस सबैको ।।,harka sampang,yt:हर्क सम्पाङ,comment,deva
हर्क साम्पाङ सिङ्गो देशलाई आवश्यकता छ।,harka sampang,yt:हर्क सम्पाङ,comment,deva
तपाईजस्तै महान नगरपिता चाहिएको छ । सुल्युट,harka sampang,yt:हर्क सम्पाङ,comment,deva
सलाम हर्क सिर।,harka sampang,yt:हर्क सम्पाङ,comment,deva
"सलाम छ हर्क सर लाई, नेपाल आमाको  सच्चा छोरा।",harka sampang,yt:हर्क सम्पाङ,comment,deva
पहिलोपटक मन पर्यो मलाई टेक नारायण भट्टराई ल सर साम्पाङ लाई ल्याई दिनु भयो सल्युट!,harka sampang,yt:हर्क सम्पाङ,comment,deva
"Can’t comment enough his words, that’s reality well done!",harka sampang,yt:हर्क सम्पाङ,comment,latin
आहा कति राम्रो सोच । सबै को सोच एस्तै भयो भने देश बन्न धेरै समय लाग्दैन मात्र 10 बर्स मा देश ले कोल्टे फेर्छ ।,harka sampang,yt:हर्क सम्पाङ,comment,deva
हर्क सङ्पङ ज्युको देश र जनता प्रतिको माया देख्दा अरु नेताहरु किन यस्ता मन छैन ??प्रस्नै प्रश्नै उड्छ????,harka sampang,yt:हर्क सम्पाङ,comment,deva
सलामछ मेयर हर्क साम्पाङ राई ज्यु🙏🙏🙏,harka sampang,yt:हर्क सम्पाङ,comment,deva
सबै नेता मेयर हर्क सेम्पाङ जस्तो भएको भए हाम्रो देश चाडै बिकास हुन्छ । सच्चा देश भक्ती नेपाल अामाकाे छाेरा ।,harka sampang,yt:हर्क सम्पाङ,comment,deva
very interesting interview ❤️🇳🇵,harka sampang,yt:हर्क सम्पाङ,comment,latin
सलाम छ यी दुर्गामी सोछ बिचार सहित निरंतरता लागि पर्नुस अवस्य नि एक न एक दिन सफलताले शिखर चुम्नेछन!अनि ती महा मुर्खहरुको घाइटोमा नि घाम लाग्नेछ!,harka sampang,yt:हर्क सम्पाङ,comment,deva
"नेपालले खोजेको जिउदो मानब ,अती राम्रो 🙏🙏",harka sampang,yt:हर्क सम्पाङ,comment,deva
हाम्रो पत्रकार दाजु लाई सारै आनन्द आयो होला हर्क सर सङ अन्तरबार्ता लिदा ।।।।,harka sampang,yt:हर्क सम्पाङ,comment,deva
Yes 💯 shathi ho Harka shampang is greet ledar ship Myer shapko jay ho's,harka sampang,yt:हर्क सम्पाङ,comment,latin
Je bolnu bhako rahecha same tyo bhanda juada dober tirple garnu vako cha kasam 🙏❤️💪💪🇳🇵🇳🇵jay harka sampang jay sarmdan jay sramdesh🙏🥰❤️🇳🇵,harka sampang,yt:हर्क सम्पाङ,comment,latin
भने जस्तो गर्नु हुँदैछ। मेयर साब ले।,harka sampang,yt:हर्क सम्पाङ,comment,deva
king always harka sampang 💪💪,harka sampang,yt:हर्क सम्पाङ,comment,latin
Je boleko xa tyahi gardaixa❤❤❤❤,harka sampang,yt:हर्क सम्पाङ,comment,latin
Rai is a good think always good job,harka sampang,yt:हर्क सम्पाङ,comment,latin
सलुट मेयर ज्यू हजुर नै सच्चा देश भक्त बहादुर हुनुहुन्छ अब नेपाल को भबिष्य हजुरको हातमा छ!!,harka sampang,yt:हर्क सम्पाङ,comment,deva
हर्क साम्पाङ नेपालको जनता नेता हो,harka sampang,yt:हर्क सम्पाङ,comment,deva
Good advice,harka sampang,yt:हर्क सम्पाङ,comment,latin
one of the best leadership of नेपाल ❤जेइ हर्क साम्पाङ,harka sampang,yt:हर्क सम्पाङ,comment,mixed
ऋषि धमलालाई हर्क सामपंगले मात्र ठीक पर्छ।😂😂😂😂,harka sampang,yt:हर्क सम्पाङ,comment,deva
इमान्दार नै मान्छेको ठूलो शक्ति हो जय हर्क पथ,harka sampang,yt:हर्क सम्पाङ,comment,deva
"Pakai pani bahun jati lovi 6aen rai ko chora ho imandar huncha, maro full suport 6 ❤❤❤❤❤you lider you are great,",harka sampang,yt:हर्क सम्पाङ,comment,latin
Good Sir Salam xa hjr lai,harka sampang,yt:हर्क सम्पाङ,comment,latin
💯 right ho 🙏🙏🙏🙏🙏🙏🙏,harka sampang,yt:हर्क सम्पाङ,comment,latin
Birodi le j Sukai sochda hunx Tara yati bujnu ki yo desh rahe matra hami rahanxw… yo desh lai Kyam rakhnay ek matra ho yo ho Harka badh… ✊,harka sampang,yt:हर्क सम्पाङ,comment,latin
Great 👍 Harka sampang Mayor 🙏💪,harka sampang,yt:हर्क सम्पाङ,comment,latin
Ho yo kura ek dum sahi ho ra yo formula hamro niji jindagi ma pani lagu huncha,harka sampang,yt:हर्क सम्पाङ,comment,latin
Great 👍 👌 👍 👌 👍 👌 👍,harka sampang,yt:हर्क सम्पाङ,comment,latin
Jay matho jay desh congratulations Hrka Sir 👍💯,harka sampang,yt:हर्क सम्पाङ,comment,latin
❤❤जय जय हर्कवाद🇳🇵🇳🇵🇳🇵🇳🇵🇳🇵🇳🇵🇳🇵🇳🇵🇳🇵🇳🇵🇳🇵🇳🇵🇳🇵🇳🇵🇳🇵🇳🇵🇳🇵🇳🇵🇳🇵🇳🇵,harka sampang,yt:हर्क सम्पाङ,comment,deva
Right🌏♥👈🇳🇵🙏,harka sampang,yt:हर्क सम्पाङ,comment,latin
Ho jo kohi pani imandari xa vane daruna hunna jay mato❤,harka sampang,yt:हर्क सम्पाङ,comment,latin
यो कुरा सत्य हो हलन्त के हुन्छ र छोडा गेच इमादार छ। इमादार i love you तपाईँले यो कुरा भन्नुभएको थ्याङ्क यु दाजु। मेरो बाबा पनि इमान्दार हुनुहुन्थ्यो प्रदलपञ्चमा हुनुहुन्थ्यो। थियो भनेर होइन गरेर देखाउनु भएको छ गरेर देखाउनुहोस्।❤❤❤🙏🙏,harka sampang,yt:हर्क सम्पाङ,comment,mixed
हो नि इमानदारी भएपछि किन डराउने  सहि कुरो🙏❤️🙋‍♀️,harka sampang,yt:हर्क सम्पाङ,comment,deva
100% agreed 🎉❤😂,harka sampang,yt:हर्क सम्पाङ,comment,latin
"इमानदार नै मान्छे को ठूलो शक्ति , बलियो र विशवास हो जय जय हरक साम्पाङ जु 🙏🙏🙏🙏🙏🙏👍️👍️👍️👍️👍️👍️विजय शुभकामना 🇳🇵🇳🇵🇳🇵🇳🇵🇳🇵🇳🇵🇳🇵🇳🇵",harka sampang,yt:हर्क सम्पाङ,comment,deva
❤💯 Sahi 👌🙏,harka sampang,yt:हर्क सम्पाङ,comment,latin
❤❤जय माटो जय देश🙏🇳🇵🎉🙏🇳🇵❤️,harka sampang,yt:हर्क सम्पाङ,comment,deva
Nay way aak choti harko ko harna man 6 jay harka ❤❤❤❤❤❤❤❤❤❤❤,harka sampang,yt:हर्क सम्पाङ,comment,latin
Real hero of Nepal,harka sampang,yt:हर्क सम्पाङ,comment,latin
Sachaa Des bhakta neta harka sampang jiu  ho yo sahi ho🇳🇵🙏,harka sampang,yt:हर्क सम्पाङ,comment,latin
Ho YO Kura Sahi Ho Mayor jiu RESPECT 🙏 🫡 👏 ♥️ 🙌 Jai Harka Sampang A Revolution Jai Desh Jai MATO 🙏 👏 🙏 👏 🙏,harka sampang,yt:हर्क सम्पाङ,comment,latin
"Imandar,,Satya nai Harka ji ko sakti,,,❤❤❤",harka sampang,yt:हर्क सम्पाङ,comment,latin
ईमानदार  भनेक‍‍ बल्लिय‍ो खम्बा हो ❤❤❤❤🎉🎉🎉,harka sampang,yt:हर्क सम्पाङ,comment,deva
Wow ooo❤❤❤❤❤❤,harka sampang,yt:हर्क सम्पाङ,comment,latin
Wow nice good harkasampang didijey❤❤🎉🎉🎉🎉🎉✊🏿🦾👏🏿🙏🏿🇳🇵,harka sampang,yt:हर्क सम्पाङ,comment,latin
जय माटो ❤,harka sampang,yt:हर्क सम्पाङ,comment,deva
Ma pani hajur jastai,harka sampang,yt:हर्क सम्पाङ,comment,latin
जय माटो ✊✊✊,harka sampang,yt:हर्क सम्पाङ,comment,deva
Jay mattoo🫡🫡🙏🙏🫶🏻🫶🏻,harka sampang,yt:हर्क सम्पाङ,comment,latin
Good shot,harka sampang,yt:हर्क सम्पाङ,comment,latin
हर्क साङ्पाङ सरको जय होस् जय देश जय मातो जय श्रम सस्कृति पाति,harka sampang,yt:हर्क सम्पाङ,comment,deva
"Akdam sahe kura garnu vayo 
mananiya harka shampahng jeu hjr le 👍🙏👍 
Jay mato jay Des jay sharamdan",harka sampang,yt:हर्क सम्पाङ,comment,latin
right sir 👏👏🙏,harka sampang,yt:हर्क सम्पाङ,comment,latin
जय हर्क साम्पाङ जय देश,harka sampang,yt:हर्क सम्पाङ,comment,deva
Sahi kura 💯,harka sampang,yt:हर्क सम्पाङ,comment,latin
100 right kuro hajur jai saram saskirti party jai harka bad 🙏🙏🙏🙏🙏🙏,harka sampang,yt:हर्क सम्पाङ,comment,latin
"One of the best leader harka sampang sir 🙏🙏🙏🙏🙏
Jay mato🇳🇵🇳🇵",harka sampang,yt:हर्क सम्पाङ,comment,latin
Jaoiii matoo,harka sampang,yt:हर्क सम्पाङ,comment,latin
१००%right😊😊😊,harka sampang,yt:हर्क सम्पाङ,comment,mixed
Jay Nepal dai,harka sampang,yt:हर्क सम्पाङ,comment,latin
Aisto Leader Aile samma Nepal ma janmiyeko chaina na janmila????,harka sampang,yt:हर्क सम्पाङ,comment,latin
Harka sampang is best alwayes ❤❤❤❤,harka sampang,yt:हर्क सम्पाङ,comment,latin
👍️👍️👍️👌👌👌🙏,harka sampang,yt:हर्क सम्पाङ,comment,latin
Yes you right harka sampang,harka sampang,yt:हर्क सम्पाङ,comment,latin
Right ❤❤❤❤❤,harka sampang,yt:हर्क सम्पाङ,comment,latin
jaysramsaskrite party jay mato jaydesh,harka sampang,yt:हर्क सम्पाङ,comment,latin
1000% सहि हो 👍️👍️👍️,harka sampang,yt:हर्क सम्पाङ,comment,deva
Yes right harka sir you are a our lovely best leader jae mato 👍👍👍👏👏👏👏👏🙏🙏🙏🙏🙏🙏🙏💪💪💪💪💪💪💪💪💪💪💪💪🇳🇵🇳🇵🇳🇵🇳🇵🇳🇵🇳🇵🇳🇵🇳🇵🇳🇵🇳🇵🇳🇵🇳🇵🇳🇵🇳🇵🇳🇵🇳🇵🇳🇵🇳🇵🇳🇵🇳🇵🇳🇵🇳🇵,harka sampang,yt:हर्क सम्पाङ,comment,latin
Good response,harka sampang,yt:हर्क सम्पाङ,comment,latin
ठिकहाे🙏🙏🙏,harka sampang,yt:हर्क सम्पाङ,comment,deva
Yesto hunu parxa cashew ji imandari vaneko ke raxa,harka sampang,yt:हर्क सम्पाङ,comment,latin
Sahi ho hark sir good ho,harka sampang,yt:हर्क सम्पाङ,comment,latin
100% Right,harka sampang,yt:हर्क सम्पाङ,comment,latin
Aafale aafai Lai emandaar re 😂😂😂 gukhane le😂😂,harka sampang,yt:हर्क सम्पाङ,comment,latin
Sahi kuro imandari maanxe koi sanga daraunna ksm hoo sahi kuro ho,harka sampang,yt:हर्क सम्पाङ,comment,latin
"नैतिक्वान हुनु को कारण 
सहि कुरो",harka sampang,yt:हर्क सम्पाङ,comment,deva
Harka sampang ko jeet vaneko Nepal ama ko jeet ho...🎉❤❤,harka sampang,yt:हर्क सम्पाङ,comment,latin
😂😂😂😂😂 मुर्ख भएसी यस्तै हो,harka sampang,yt:हर्क सम्पाङ,comment,deva
इमानदारी त पछाडी बाट,harka sampang,yt:हर्क सम्पाङ,comment,deva
🥰🥰🥰🥰🥰💖💖💖🙏🙏🙏,harka sampang,yt:हर्क सम्पाङ,comment,latin
🙏🙏🙏❤❤❤🇳🇵🇳🇵🇳🇵,harka sampang,yt:हर्क सम्पाङ,comment,latin
किन हजुरले अरु सबैलाई बैमानी देख्नुभयो र हजुरले आफूलाई मात्र इमान्दार भन्दै हुनुहुन्छ त हजुरको इमानदारीयता त जनताले देखिने हो। सबैले आफूले आफूलाई इमान्दारै देख्छन्।,harka sampang,yt:हर्क सम्पाङ,comment,deva
Gosera tado ho hjr koilai,harka sampang,yt:हर्क सम्पाङ,comment,latin
Rabi le vaneko thiyo dherai pahila yo word,harka sampang,yt:हर्क सम्पाङ,comment,latin
"Exactly tyo tito satay, kunai maihum vnne haru pani tiniharuko muttu kami rahekocha",harka sampang,yt:हर्क सम्पाङ,comment,latin
No no  kina daraucha,harka sampang,yt:हर्क सम्पाङ,comment,latin
Aafno tarif  aafae yesto,harka sampang,yt:हर्क सम्पाङ,comment,latin
Rabi hunu na khojnu hajur,harka sampang,yt:हर्क सम्पाङ,comment,latin
Hahaha sabai chor chan harke dhud ma dhule ko msnche😂😂😂,harka sampang,yt:हर्क सम्पाङ,comment,latin
yo lai hallau ni vane ko daru le matra ho 😂😂,harka sampang,yt:हर्क सम्पाङ,comment,latin
"तपाईं महान हुनु हुन्छ ,मेरो परिकल्पना अनुसार को नेता अनि चुनाव को प्रचार शैली",harka sampang,yt:Harka Sampang Dharan mayor,comment,deva
केही कुरा यस्तो हुदो रहेरछ अरुको जीत मा आफनै झै लाग्ने 👏👏,harka sampang,yt:Harka Sampang Dharan mayor,comment,deva
"He is such a humble person. Nepalese people are truly showing their power , by VOTING FOR GOOD CANDIDATE. On DHANGADHI AND NOW ON DHARAN! Now eagered to see Balen Shah as the mayor of Kathmandu. 
🇳🇵🇳🇵🇳🇵🇳🇵🇳🇵🇳🇵🇳🇵🇳🇵🇳🇵",harka sampang,yt:Harka Sampang Dharan mayor,comment,latin
Dharan ko matra hoin Nepal ko man jitnu vakox ❤❤❤🇳🇵🇳🇵🇳🇵,harka sampang,yt:Harka Sampang Dharan mayor,comment,latin
"balen has money,fans,supporters,media and high profile job but this guy alone fighting  ..very inspiring❤❤",harka sampang,yt:Harka Sampang Dharan mayor,comment,latin
तपाईंले गर्नभएको मिहिनेत अनि एक्लै भए पनि निरन्तर लागिरनुभएको जनता को समस्या को लागि तपाइलाइ सलाम छ।,harka sampang,yt:Harka Sampang Dharan mayor,comment,deva
एक्लै प्रचार अनि एक्लै भासण लास्ट मा हजारौं मतमतान्तरको परिणाम ले बिजयी कस्तो अचम्म    संसारकै history बन्यो 😯😯😯😯😢❣️🙏,harka sampang,yt:Harka Sampang Dharan mayor,comment,mixed
"Wow!! गित पनि कति मीठो गाउने ... सलाम छ सपुतलाई तपाईं जस्ता सपुतहरुको खाचो छ देशमा अब मेयर बाट उदायर देशको मुख्य केन्द्रमा हस्तक्षेप गर्नुपर्छ, जुन भ्रष्टाचार,दलाल माफिया र देश द्रोहिहरुले कब्जा गरिरहेकाछन। जय होस..",harka sampang,yt:Harka Sampang Dharan mayor,comment,mixed
राम्रो कार्य गर्नुहोला प्रधानमन्त्री बनाउने ह‍ो हर्के दाजु😘,harka sampang,yt:Harka Sampang Dharan mayor,comment,deva
"One and only national hero harka sempang  sir huge respect for you,
Congratulation sir and all the best for upcoming days..i m not from dharan but i am so happy to see you as a mayour 🙏🇳🇵",harka sampang,yt:Harka Sampang Dharan mayor,comment,latin
"Well done ! You are the one who can prosper Nepal.
Thank you.",harka sampang,yt:Harka Sampang Dharan mayor,comment,latin
"So Inspirational, keep the great work man,✊",harka sampang,yt:Harka Sampang Dharan mayor,comment,latin
Such a humble person. Best wishes. Really happy that Dharan chose the best mayor.,harka sampang,yt:Harka Sampang Dharan mayor,comment,latin
"I am not from dharan but i have seen him carry a mic and speaker in Bhanu Chowk alone giving speech about khane pani and corruption so many times. No supporter, just alone. Lone wolf fighting.",harka sampang,yt:Harka Sampang Dharan mayor,comment,latin
"कति धेरै संयोग नेपाल मा यो पाली चुनाव मा धनगढी, काठमाडौं र धरान ले पाएको मेयर निर्वाचित स्वतन्त्र उम्मेदवार हरु को सपना र संघर्ष सबै नेपाली जनता को लागि ठुलो प्राप्ति हो।  लौरो चुनाव चिन्ह को दम्मभ अब नेता र कार्यकर्ताको हरु को लागि ठुलो घात हुने भएको छ। अब आउने चुनाव फलाम को चिउरा चपाउनु हुने भयो राजनितिक दल हरु लाई। जय नेपाल जय देश। यस्ता सपुत हरु ले अझै आँट गरुन ताकी नेपाली ले अरु को गुलामी बाट मुक्ति पाउन। 🇳🇵🙏🇳🇵",harka sampang,yt:Harka Sampang Dharan mayor,comment,deva
This is so inspirational. 👏👏🇳🇵🇳🇵,harka sampang,yt:Harka Sampang Dharan mayor,comment,latin
हर्क साम्पाङ्ग मेयरमा बिजयी भएकाेमा हार्दिक बधाइ तथा कार्यकालमा सफलताकाे कामना ।,harka sampang,yt:Harka Sampang Dharan mayor,comment,deva
Just belive in yourself and work hard u can acheive your distine .feeling happy for him.,harka sampang,yt:Harka Sampang Dharan mayor,comment,latin
Yes geet sunda runu man lageu yes 🙌 he’s the greatest,harka sampang,yt:Harka Sampang Dharan mayor,comment,latin
नेपालमा नि कोहि यस्ता व्यक्ति  छन जसले सच्चिनै परिवर्तन गर्छु र गर्नु पर्छ भन्ने लागि परेका छन सलाम छ 🙏,harka sampang,yt:Harka Sampang Dharan mayor,comment,deva
Wow दामी ❤❤❤👏👏👏congratulations ❤❤👏🎈🎈🎈🎈🎈,harka sampang,yt:Harka Sampang Dharan mayor,comment,mixed
एउटा सच्चा  देश प्रेमी एक्लो योद्धा असल बिचार का धनी नब निर्बचीत मेयर हर्क सम्पाङ जीउ को पछि अब लाखौ जनता हुनेछ अब हजुर एक्लै हिंड्न पर्दैन हजुरको पछी लाखौं जनता हुनेछ हजुरले मात्र बाटो देखाउने हो जय चन्द्र सुर्य,harka sampang,yt:Harka Sampang Dharan mayor,comment,deva
"धरान नेपाल को अरु ठाउ भन्दा बेग्लै पहिचान छ। धरनेहरु चेतनामा आर्थिक मा र शिक्षा मा अगाडि छ्न। साचै नै धरान राम्रो मेयर पायको छ। अब त जनता जागौ देश को मुहार फेरौ। गालि गलौच गर्ने राज्नितिलाइ माथि नराखौ आवज बोल्ने बोक्ने समस्य पहिचान समधान गर्ने र vision भयको र vision अनुसार अघि बड्न सक्ने लाइ मात्र साथ दिउ।
मेरो देश नेपालको सधा जय होस।",harka sampang,yt:Harka Sampang Dharan mayor,comment,mixed
देश र जनताले परिवर्तन खोजिरहेको एउटा सानो संकेत। हाम्रो सहर को नगरप्रमुख हुनुभएकाे मा धेरै धेरै बधाई एवम् सफल कार्यकाल काे शुभकामना🎉🎉,harka sampang,yt:Harka Sampang Dharan mayor,comment,deva
यस्तो छोरा हरेक आमा ले जन्माउन 💗😘,harka sampang,yt:Harka Sampang Dharan mayor,comment,deva
जागाैं सम्पूर्ण युवाहरू नेपाल बेच्ने नेताहरू लखेट्न ।,harka sampang,yt:Harka Sampang Dharan mayor,comment,deva
Wow congratulations sir. Mero janma thalo dharan lai ramro banaunus hai sir.,harka sampang,yt:Harka Sampang Dharan mayor,comment,latin
God blasse him. Uhako yojana ma success  hunu hos. Suvakamana. ❤️🙏🇳🇵 #furkepukar,harka sampang,yt:Harka Sampang Dharan mayor,comment,latin
यस्तो महान सपुत को लागी सलाम,harka sampang,yt:Harka Sampang Dharan mayor,comment,deva
"Ajha harka sampang dai ko jeet le malai sachikai manai dekhi khusi garayeko cha , hami Nepali aba esari yo jholey neta haru ko pachadi nalagau , sahi manchey lai jitayera ajha Dharan ka basinda le Purai Nepal lai euta thulo chetana jagayidiyeko jhai lageko cha , dhanyabaad Dharan ka janata lai , 🙏 yo desh sachikai sudhrincha aba bhanney bhaan aba ka yuba barga ma jhino bhaye ni asha yo jeet le diyeko cha bhanney malai lageko cha . Jai Desh Jai Nepal ani Jai Nepali Janta ,, hatsoff to Dharan ka sachet nagarik lai , singo desh lai ajha garba mahoos bhayeko cha. 🙏🙏🙏🙏",harka sampang,yt:Harka Sampang Dharan mayor,comment,latin
Great leader harka sampang g we love you 🥀♥️🥀🇳🇵🇳🇵🇳🇵💞💞,harka sampang,yt:Harka Sampang Dharan mayor,comment,latin
Hamro Hoina Ramro Manchhe Chunnu Bhaekoma Badhai Chha Dharane Matadata Harulai..,harka sampang,yt:Harka Sampang Dharan mayor,comment,latin
"तपाईंको यात्रा नरोकिईयोस्  सबैले साथ दिईएकै छन्/दिनेछन्
शुभकामना",harka sampang,yt:Harka Sampang Dharan mayor,comment,deva
Congratulations best wishes !!,harka sampang,yt:Harka Sampang Dharan mayor,comment,latin
❤ धरान को मेअर हर्क सामपाङ धन्याबात छ ।,harka sampang,yt:Harka Sampang Dharan mayor,comment,deva
Harka sar lai bhot halnu hune sablai dherai dherai dhanebad🙏🙏🙏🙏🙏,harka sampang,yt:Harka Sampang Dharan mayor,comment,latin
हर्क दाइ को देस प्रती प्रेम संघर्स दुख लाग्दो छ बधाई छ हर्क दाइ,harka sampang,yt:Harka Sampang Dharan mayor,comment,deva
subhakamana cha....sir.aasha jagaunu bha cha..,harka sampang,yt:Harka Sampang Dharan mayor,comment,latin
Kasam aakha bata aasu  jharyo k....really love u sir .....now best of luck,harka sampang,yt:Harka Sampang Dharan mayor,comment,latin
"राम्रो काम गर्नुहोस्। शुभकामना,,
म चैं,,,,,काठमूर्तिको लौरो परें
बालेनको ,,हेर्दै छु,,👍👍",harka sampang,yt:Harka Sampang Dharan mayor,comment,deva
What a guy. Just feel blessed  to share the same motherland with him. Hope this will be stepping stone for our country's future.,harka sampang,yt:Harka Sampang Dharan mayor,comment,latin
the whole wotld will get fascinated by his story if a dochmentary is made upon him..,harka sampang,yt:Harka Sampang Dharan mayor,comment,latin
Hard work always pays off ☺️,harka sampang,yt:Harka Sampang Dharan mayor,comment,latin
अावाज बिहिनकाे अावाज बन्न सफल बन्न सफल हुनुभयकाेमा हर्क साम्पाङ लाई अाकास भरिकाे शुभमामना। यस्ताे पात्रकाे खाेजि पुरै देश भरिनै भैराखेकाे अबस्था छ ।। 😍🤩💗,harka sampang,yt:Harka Sampang Dharan mayor,comment,deva
कति मीठो आवाज सोर शब्द 😢😢,harka sampang,yt:Harka Sampang Dharan mayor,comment,deva
Nepal aama ko sachha xora xori dherai xan haamile chinna nasakeko maatra ho jay Raastra 🇳🇵🇳🇵🇳🇵🇳🇵🇳🇵🇳🇵🇳🇵,harka sampang,yt:Harka Sampang Dharan mayor,comment,latin
suvakamana dherai dherai,harka sampang,yt:Harka Sampang Dharan mayor,comment,latin
एउट सचचा नेपालिको जितले मन परफुल भएकोछ,harka sampang,yt:Harka Sampang Dharan mayor,comment,deva
One man army I salute you sir 🙏👍,harka sampang,yt:Harka Sampang Dharan mayor,comment,latin
I don’t know why I cry. Harkasangpang is the true son of Nepal.,harka sampang,yt:Harka Sampang Dharan mayor,comment,latin
"देश का एक सच्चा सपुत को जित, सारै खुशी लाग्यो। धरानबासी लाई बधाई छ।",harka sampang,yt:Harka Sampang Dharan mayor,comment,deva
Long live Mayor! RESPECT,harka sampang,yt:Harka Sampang Dharan mayor,comment,latin
Follow your dream alone walk your path alone there is noone for u in this cruel world 😊 .......you will achieve sucess😊,harka sampang,yt:Harka Sampang Dharan mayor,comment,latin
शुभकामना छ! आगामी कार्यकाल सफल रहोस हरेक नेपालिको मनमा सधै बसि रहनुस😍🇳🇵🇦🇪,harka sampang,yt:Harka Sampang Dharan mayor,comment,deva
"salute for u sir , u deserve it",harka sampang,yt:Harka Sampang Dharan mayor,comment,latin
Janta ko man jitna saknus... subhakamna.🇳🇵👍,harka sampang,yt:Harka Sampang Dharan mayor,comment,latin
Great....to see people like you..,harka sampang,yt:Harka Sampang Dharan mayor,comment,latin
Kati ramro inspirational manxe ....great vision ♥️♥️♥️,harka sampang,yt:Harka Sampang Dharan mayor,comment,latin
कति मिठो गाएको। बधाई छ🙏🙏,harka sampang,yt:Harka Sampang Dharan mayor,comment,deva
Man Sarai ramayo yesto manxe le jitda … dhanyabad sapai dharan ka janta lai 🤗❤️❤️,harka sampang,yt:Harka Sampang Dharan mayor,comment,latin
"Dharan ko chamkiraheko heeraa. 💎
Harka sampang ji.
🙏🙏🙏",harka sampang,yt:Harka Sampang Dharan mayor,comment,latin
"You came from ground reality n kept your confidence fresh forever 
Wish you good luck for your working period. 
Whole country should be leaded by you like person. 
GOOD LUCK HARKA SANGPANG",harka sampang,yt:Harka Sampang Dharan mayor,comment,latin
हार्दिक बधाई छ,harka sampang,yt:Harka Sampang Dharan mayor,comment,deva
Congratulations bro.👏👏🎆🎊,harka sampang,yt:Harka Sampang Dharan mayor,comment,latin
Wow what a personality.,harka sampang,yt:Harka Sampang Dharan mayor,comment,latin
Great man,harka sampang,yt:Harka Sampang Dharan mayor,comment,latin
Great person 🙏🕉️🇳🇵👏,harka sampang,yt:Harka Sampang Dharan mayor,comment,latin
Voce pani ramro x hai.. ani bichar ko samman garxu.. congratulations 🎊,harka sampang,yt:Harka Sampang Dharan mayor,comment,latin
Congratulations sir🎉🎉,harka sampang,yt:Harka Sampang Dharan mayor,comment,latin
"Harka dai badhai xa🎉
Safal karya Kal ko suvakamna 
Dhanyabad sampurna Dharanbasi☮️",harka sampang,yt:Harka Sampang Dharan mayor,comment,latin
Am I the only one who is crying 😩?,harka sampang,yt:Harka Sampang Dharan mayor,comment,latin
"Congratulations gyes those people voted for him 👌👌👌
Love from kalimpong
India",harka sampang,yt:Harka Sampang Dharan mayor,comment,latin
So emotional... Harka ji,harka sampang,yt:Harka Sampang Dharan mayor,comment,latin
Real hero of this country❤❤,harka sampang,yt:Harka Sampang Dharan mayor,comment,latin
Badhi xa tapai lai,harka sampang,yt:Harka Sampang Dharan mayor,comment,latin
"You are really great sir .The love towards   your nation is just like how a mother loves her child . Your are idol for us .The imagination you have  made to change dharan had now become a reality . I hope if every person have same love and respect toward the nation than it doesn't took nepal to be change . If in every district there will be a mayor like u than our country will be beautiful than heaven ...  
BEST OF LUCK and BEST WISHES for your upcoming days .",harka sampang,yt:Harka Sampang Dharan mayor,comment,latin
"Wow!  
All the very best",harka sampang,yt:Harka Sampang Dharan mayor,comment,latin
सच्चा नेपाली नेता पायो धराने जनताले,harka sampang,yt:Harka Sampang Dharan mayor,comment,deva
This is the worlds best example of democracy .,harka sampang,yt:Harka Sampang Dharan mayor,comment,latin
Really Great 🙏🙏🙏,harka sampang,yt:Harka Sampang Dharan mayor,comment,latin
Good job harka bro. Jhit ko suvakamana. Aba garera dekhae dinus.,harka sampang,yt:Harka Sampang Dharan mayor,comment,latin
Congratulations 👏👏👏,harka sampang,yt:Harka Sampang Dharan mayor,comment,latin
Just wow... 💞💞💞,harka sampang,yt:Harka Sampang Dharan mayor,comment,latin
Those days 😢,harka sampang,yt:Harka Sampang Dharan mayor,comment,latin
मन रोयो hajur,harka sampang,yt:Harka Sampang Dharan mayor,comment,mixed
Very Goodwork Sir,harka sampang,yt:Harka Sampang Dharan mayor,comment,latin
Great person with great personality.& huge congratulation harka samang dai,harka sampang,yt:Harka Sampang Dharan mayor,comment,latin
Harka Sangpang tesai Meyar vako hoina pahileka videoharu herda kasto manai vabhuk vayera Aauxa..Jai Meyar Harka Sangpang...🙏🙏🙏🙏🙏,harka sampang,yt:Harka Sampang Dharan mayor,comment,latin
This shows don’t underestimate anyone in life ..👌,harka sampang,yt:Harka Sampang Dharan mayor,comment,latin
एक्लै भएपनि सतेको बाटोमा हिड्नु एकदिन सफल हुन्छ भनेको यहि हो।,harka sampang,yt:Harka Sampang Dharan mayor,comment,deva
My heartfelt best wishes for your vision of lok kalayan ! Pl do all but disappointment to trust people put in !,harka sampang,yt:Harka Sampang Dharan mayor,comment,latin
"अझै राम्रो काम गरेर धरान वासिको धेरै मन जित्नु 
सुभकामना हजुर लाई",harka sampang,yt:Harka Sampang Dharan mayor,comment,deva
Great work,harka sampang,yt:Harka Sampang Dharan mayor,comment,latin
Aasu nai aayo yar 😢😢🇳🇵🇳🇵,harka sampang,yt:Harka Sampang Dharan mayor,comment,latin
congratulations daju,harka sampang,yt:Harka Sampang Dharan mayor,comment,latin
काम पनि गरेर  देखाउ दाजु तिम्रो नाम मा एक दिन फ्लिम बन्ने छ ईतिहास मा लेखिने छ। best of luck my brother,harka sampang,yt:Harka Sampang Dharan mayor,comment,mixed
यस्तो नेता हाम्रो देशमालाई चाहिन्छ । बदाई छ। मेयर जितेकोमा हजुरलाई,harka sampang,yt:Harka Sampang Dharan mayor,comment,deva
Maile ahile samma uhalai dekheko thina tara maile uhalai vote diye.naam sunda budo manche hola vaneko varkarkai hunuhudo raicha varkar video herera tha paye.Khusi lagyo young generation lai deknhna pauda sachai ghar ma basera pani afaile jeteko jasto lagiracha.Dherai dherai badhai n suvakamana hamro Dharan ko mayor jiu lai.Ramro Kaam gardaijanuhos. We will always support you sir!👏👍🇳🇵,harka sampang,yt:Harka Sampang Dharan mayor,comment,latin
Badhai cha vai!,harka sampang,yt:Harka Sampang Dharan mayor,comment,latin
हरेक मिनेट मा एउटा फोन आयो भने पनि एक लाख फोन आउन 69 दिन लाग्छ। केपी काे भन्दा धेरै भयेन गफ,harka sampang,yt:Harka Sampang Dharan mayor,comment,deva
धरानको बेजत नै गर्ने भो हर्का दाजुले,harka sampang,yt:Harka Sampang Dharan mayor,comment,deva
भनेपछि तपाई राष्ट्र भक्त होइन रै छ ।,harka sampang,yt:Harka Sampang Dharan mayor,comment,deva
Facebook minister banau yo daj lai sarai kar kar garyo!,harka sampang,yt:Harka Sampang Dharan mayor,comment,latin
Hark good kp Oli lutera lut.,harka sampang,yt:Harka Sampang Dharan mayor,comment,latin
Testa naathe 😂😂,harka sampang,yt:Harka Sampang Dharan mayor,comment,latin
Harka kti bata farka,harka sampang,yt:Harka Sampang Dharan mayor,comment,latin
एकता हुनु पर्छ हर्क मेयर 👍️💐💐,harka sampang,yt:Harka Sampang Dharan mayor,comment,deva
"महान मेयर साब ""धरान उप-महानगरपालिका । श्रमपिता",harka sampang,yt:Harka Sampang Dharan mayor,comment,deva
आख़िर अहिलेसम्म पनि संघर्षमा खटिरहनू भएको छ हुने बिरुवाको चिल्लो पात त्यसकारण होला धरान हरियालीले भरीदै👍,harka sampang,yt:Harka Sampang Dharan mayor,comment,deva
One' of the great Mayor harka sampang sir 🎉🎉🎉🎉🎉🎉🎉🎉🎉🎉🎉🎉🎉🎉🎉❤❤❤❤,harka sampang,yt:Harka Sampang Dharan mayor,comment,latin
Hamro mayor shab ko jayhosh🙏🙏🙏🙏🙏🙏🙏🙏🙏🇳🇵🇳🇵,harka sampang,yt:Harka Sampang Dharan mayor,comment,latin
❤🇳🇵🇳🇵🇳🇵हर्क    साम्पाङ  जय,harka sampang,yt:Harka Sampang Dharan mayor,comment,deva
Nice❤❤❤❤❤❤,harka sampang,yt:Harka Sampang Dharan mayor,comment,latin
Dami damii,harka sampang,yt:Harka Sampang Dharan mayor,comment,latin
Jay hark Jay Nepal,harka sampang,yt:Harka Sampang Dharan mayor,comment,latin
Me also khotang birthplace,harka sampang,yt:Harka Sampang Dharan mayor,comment,latin
💯जय किरात✊,harka sampang,yt:Harka Sampang Dharan mayor,comment,deva
❤❤😮😊👌👌👌👌👌👌👌🙏🙏🙏🙏🙏🙏🙏🙏🙏🙏🙏🙏🙏,harka sampang,yt:Harka Sampang Dharan mayor,comment,latin
🙏🙏🙏💐💐💐💖💖💖👍️👍️👍️,harka sampang,yt:Harka Sampang Dharan mayor,comment,latin
इङ्लिस लेङ्ग्येज पढादा पढाउदै अहिले को उस्को बुडि लाई पेट बोकाको हो अनि जेठी बुडिले छोडेको हो अलि राम्रो जानकारी लिएर मात्र बोल्नु होला,harka sampang,yt:Harka Sampang Dharan mayor,comment,deva
श्रमपिता♥️♥️🇳🇵,harka sampang,yt:Harka Sampang Dharan mayor,comment,deva
❤❤❤❤❤❤🎉🎉🎉🎉,harka sampang,yt:Harka Sampang Dharan mayor,comment,latin
Sakkali leader,harka sampang,yt:Harka Sampang Dharan mayor,comment,latin
हर्क साङ्गपाङ्ग बाघ हाे बाघ २०८४ मा सानाेतिनाे साँसदकाे क्षेत्रबाट हाेईन केपि काे क्षेत्रबाट चुनाव लड्नु पर्छ र पि एम बन्नुपर्छ ।,harka sampang,yt:Harka Sampang Dharan mayor,comment,deva
🇳🇵🇳🇵🇳🇵🔔🔔🇳🇵💐,harka sampang,yt:Harka Sampang Dharan mayor,comment,latin
Dukha bhogne lai dukhiko man bujhdaxa,harka sampang,yt:Harka Sampang Dharan mayor,comment,latin
He is great Mayor harka sampang,harka sampang,yt:Harka Sampang Dharan mayor,comment,latin
Great sir❤,harka sampang,yt:Harka Sampang Dharan mayor,comment,latin
Jay harka sampang Juu 🌹🙏🌹🙏🌹🙏🌹🙏🌹,harka sampang,yt:Harka Sampang Dharan mayor,comment,latin
Dai auta office productive works accounting editing multi tasking haru ko laagi ni best portable raa long battery life wala laptop ko video banawnu na 1 lakh dekhi 1 20 samma maa....battery backup ramro vako laptop,harka sampang,yt:Harka Sampang Dharan mayor,comment,latin
great meyar in nepal,harka sampang,yt:Harka Sampang Dharan mayor,comment,latin
यो कुन चाही झोले मीडीया हो मुजी  पार्क बनाउन राजयको बिकास हो ? यसले के गरो धरानमा सोधन चाहे मुजी,harka sampang,yt:Harka Sampang Dharan mayor,comment,deva
"wooo   nepali  hone  अबश्री  गर्छन्   ?
धराने  जनता को  हीत",harka sampang,yt:Harka Sampang Dharan mayor,comment,mixed
Congratulations sir🍾🎈🎊🎉,harka sampang,yt:Harka Sampang Dharan mayor,comment,latin
god bless u sir tapai jasto manxe lye desh ko jaruri xa jay nepal,harka sampang,yt:Harka Sampang Dharan mayor,comment,latin
धरानबासि पर्ति उच्च सम्मान छ,harka sampang,yt:Harka Sampang Dharan mayor,comment,deva
👌👌👌👌🔥🔥🔥🔥🙏🙏🙏🙏🙏,harka sampang,yt:Harka Sampang Dharan mayor,comment,latin
Congratulations dear sir,harka sampang,yt:Harka Sampang Dharan mayor,comment,latin
Wowowow salam x mero,harka sampang,yt:Harka Sampang Dharan mayor,comment,latin
हर्क सरलाई सलाम गर्न मन लाग्यो,harka sampang,yt:Harka Sampang Dharan mayor,comment,deva
Bibekshil dharane janata tq,harka sampang,yt:Harka Sampang Dharan mayor,comment,latin
Congratulations sampang ji Dharan lai modern banaunu holla..!!,harka sampang,yt:Harka Sampang Dharan mayor,comment,latin
धेरै धेरै सम्मान🙏,harka sampang,yt:Harka Sampang Dharan mayor,comment,deva
Congratulations and all the best ahead 😊👍,harka sampang,yt:Harka Sampang Dharan mayor,comment,latin
Grand salute,harka sampang,yt:Harka Sampang Dharan mayor,comment,latin
his dedication his hardwork 👏👏👏👏👏👏 salute u man stay blessed,harka sampang,yt:Harka Sampang Dharan mayor,comment,latin
Congratulations harka ji😍😍,harka sampang,yt:Harka Sampang Dharan mayor,comment,latin
Great dharan people 👏👍,harka sampang,yt:Harka Sampang Dharan mayor,comment,latin
Congratulations ❤️,harka sampang,yt:Harka Sampang Dharan mayor,comment,latin
धरान को जनता महान छन! यति राम्रो मेर पाउनु भो! र हर्क दाजुले यक्लै चिच्याउदा यक्लै भासण गर्दा यक्लै घर दैलो प्रचारप्रसार मा हिड्दा ! ठुला धनी  हजारौं कार्यकर्ता गुंडा पाल्ने नेता हरुको हजारौं हजार को भिड जुलुस देख्दा पक्कै पनि हरेस नखाइ कन निरन्तर आफ्नो अभियान र सत्य र जनता को आवाज समस्या मा अडित रैकन निरन्तर लागिरनुहुने हर्क दाइ लाई धरान को जनता ले सर्प्राइज दियकै हुन्😢😢💪🛐❤️सिलो,harka sampang,yt:Harka Sampang Dharan mayor,comment,deva
great person,harka sampang,yt:Harka Sampang Dharan mayor,comment,latin
"20,821 जना धराने बासीलाइ धन्यवाद",harka sampang,yt:Harka Sampang Dharan mayor,comment,deva
"Congratulations 👏 
You're going to be great, the leader and election campaign style I guess what’s the turn ❤️",harka sampang,yt:Harka Sampang Dharan mayor,comment,latin
badhaix dai hjr🙏🙏👏👏🎻🎶🎼🎸congratulations,harka sampang,yt:Harka Sampang Dharan mayor,comment,latin
Right leader...,harka sampang,yt:Harka Sampang Dharan mayor,comment,latin
🥳🥳🥳🥳🥳🥳🤴🌈,harka sampang,yt:Harka Sampang Dharan mayor,comment,latin
Well done sharan public,harka sampang,yt:Harka Sampang Dharan mayor,comment,latin
"Wa Kya sin Cha, Good luck, Good candidate win and Prithivinarayan alive again.",harka sampang,yt:Harka Sampang Dharan mayor,comment,latin
One Man Army Harka Sampang 🤞🤘🤟🙏💜👍 Hajur le sakeko sakne jati effort lagaunuhos but quit nagarnuhos. Hajur jasto leader whole Nepal ma need xa,harka sampang,yt:Harka Sampang Dharan mayor,comment,latin
"Sabai netale Partyko jhanda bokyo
Bir gorkhele nepali ko shaan rashtriya jhanda bokyo 😊 deshlai tapai jasto mahaan byaktiko khaacho chha dai 😊aagami dinma ramro kaam gardai januhola dai😊",harka sampang,yt:Harka Sampang Dharan mayor,comment,latin
Sarai khusi lagxa ❤🎉jay harka,harka sampang,yt:Harka Sampang Dharan mayor,comment,latin
नमन साम्पाङ्ग दाजु। बधाई ❤️🇳🇵🦯,harka sampang,yt:Harka Sampang Dharan mayor,comment,deva
congratu,harka sampang,yt:Harka Sampang Dharan mayor,comment,latin
"👍️😊❤️😊👍️ बास्तवमा .... जे.बि. टुहुरे,रामेश,जीवन शर्माहरुलाई  दलहरूले दास मात्रै बनाएका रैछन् .. साम्पाङ् जी जनता कै लागि गाउने र जनता कै लागि काम गर्ने कर्मठ कलाकार",harka sampang,yt:Harka Sampang Dharan mayor,comment,deva
Tapai KO jeet dekhara dharae khusi lagyo..,harka sampang,yt:Harka Sampang Dharan mayor,comment,latin
Ho yesta manchhe haru thauma pugnu parchha. Yahata raal chaune budaharu le desh ko bejat gari sakya.,harka sampang,yt:Harka Sampang Dharan mayor,comment,latin
👍️👍️👍️👍️👍️👍️👍️👍️👍️👍️👍️👍️👍️👍️,harka sampang,yt:Harka Sampang Dharan mayor,comment,latin
बधाई तथा कर्याकल सफलता को शुभकामना वाहालाई जिताउने धरान  बसिलाई धान्नेबद जितएर मात्र  हुदैन वाहालाई नीग्रानी रा संरक्षक पनि गर्नु पार्‍यो पाटीका चोर भ्रष्टाचारी नेताहरुले असफल पर्ने कोशिस गर्नेछ,harka sampang,yt:Harka Sampang Dharan mayor,comment,deva
म त रोय यार😭😭😭,harka sampang,yt:Harka Sampang Dharan mayor,comment,deva
"धरान मेयरमा बिजउ हुनु भयकोमा हार्दिक शुभकामना हजुरलाई चुनाब जित्न कुनै मास भिड सडकमा मोटरसाइकल र्याली कुनै आमशभा चाहीदैन  रहेछ  पहिला आफ्नो गाउँ टोल नगरमा अन्याय अत्याचार बिरुद्ध दुखी गरीबलाई परेको दुखमा साथ दियर सहयोग गर्छ उसै सहयोगी मानीसलाई अब जनताले पार्टी होइन अशल मान्छे  सामाजमा उस्ले केगर्दैछ भबिष्यमा केगर्न सक्छ त्यो हेर्छ कुनै पार्टीको क्षणिक सहयोग र पैसा मासुभातमा बिकेर भोट अब बेच्दैन अब जनता सचेत होशियार हुनु जरुरी जस्ले पैसा मासुभात रक्सी बियरमा भोट बेचे जस्लाई दुई चार दिन खायको भरमा भोट दिय भोट दियपछी नतपाईलाई चिन्छ नतपाईलाई आपतबिपत दुखमा सहयोग पाईन्छ किनकि तपाईले भोट पैसार रक्सीमा बेचेको छ यसकारण जनप्रतिनिधिलाई तपाईंको काम गर्नु पर्ने आवश्यकता नै छैन पार्टीको भेडो जनता हो एम सि सि पासगर्ने यि चार पार्टीलाई भोट दिने जनता जति पार्टीको जिम्मेवार छन् त्यो भन्दा यी चार पार्टीलाई भोट दियर स्थानीय जिताउने जनता महामुर्ख माहापापी दुष्ट देशद्रोही भन्दा फरक नपर्ला यी भेडा जनताको तब होस खोल्छ तब हामी भारतको उत्तर प्रदेश या बिहार प्रदेशको कुनै भुमीमा भारत सरकार र युनआईको शरण शरणार्थी जीवन बिताउदा होस् खोल्छ अहिले नेपालमा दलाई लामा प्रबिर्ती बढ्दै गयको छ जुन अमेरिकी नेता मन्त्री अमेरिकी बायुसेना,आर्मी बाक्लो नेपालमा आवतजावत छ जुन चिनले आफुलाई असुरक्षा महशुस गर्दछ कुनैदिन चिनले आफ्नो आत्म सुरक्षाको लागि भनेर रसियाले  युक्रेनमा झै चिनले नेपालमा सैनिक आक्रमण अबस्य गर्नेछ अनि त्यो बेला बल्ल भेडा जनताको होसखुल्छ अनि अनि ज्यान बचाउन छिमेकी देश भारतमा शरण लिन जानुपर्छ ।यो नेपालले छिट्टै भोग्ने स्थिति आउने देखिदैछ।",harka sampang,yt:Harka Sampang Dharan mayor,comment,deva
भाेट पाउन पैसा बगाउनु पर्दैन चाेर नेताहरु जस्ताे झुण्ड लिएर हल्ला गर्नु पर्दैन यसरी सच्चा मनले अघि बढे एक भाेटकाे सट्टा सयाैं भाेट पाईन्छ। अबकाे संघ र केन्द्रकाे चुनाबमा सारा स्वतन्त्रले जित्नु पर्छ।,harka sampang,yt:Harka Sampang Dharan mayor,comment,deva
❤❤❤❤❤❤❤❤❤❤❤❤❤❤,harka sampang,yt:Harka Sampang Dharan mayor,comment,latin
सेतो पाटि बिच ad चाहि हटाउ,harka sampang,yt:Harka Sampang Dharan mayor,comment,mixed
"History
 ma
Pahilo choti yasto dekhe 
Yo  saili ma  jaos 
Aaba  ko  chunabi  parchar  parsar 
Yastai  hunu  parxa  aaba  ko.  Leader",harka sampang,yt:Harka Sampang Dharan mayor,comment,latin
Ak lai vot magdai hiney ko dekhera aasu nai aayo mero 🥺🥺🥺,harka sampang,yt:Harka Sampang Dharan mayor,comment,latin
माननीय हर्क साम्पाङ ले एकदम राम्रो अभिव्यक्ति दिनुभयो धन्यवाद,harka sampang,yt:Harka Sampang bhasan,comment,deva
"सहि।हाे।कुरा।👍👍👍👍
JAI NEPAL",harka sampang,yt:Harka Sampang bhasan,comment,mixed
Harka sir lai manai dekhi salam xa hajurlai,harka sampang,yt:Harka Sampang bhasan,comment,latin
"Harka ho  pratipxya tara adha samadhis samadhan ta hunxa nai, Nepal desh ko utthan ko uchha padaroan hunexa, sathik twaar duwara 👍🙏",harka sampang,yt:Harka Sampang bhasan,comment,latin
देशलाई चाहिएको मुद्दा यहि नै हो । अहिले सम्म नेपालमा जति अन्दोलन भएको छ यहि मुद्दाको वरिपरि घुमेर भईरहेको सबैलाई थाहा नै छ ।,harka sampang,yt:Harka Sampang bhasan,comment,deva
jay Nepal 🙏,harka sampang,yt:Harka Sampang bhasan,comment,latin
Sansar ko pahilo Neta ho jasto bhassan mantyabya jasto k👍👍,harka sampang,yt:Harka Sampang bhasan,comment,latin
U my herobhsrka g,harka sampang,yt:Harka Sampang bhasan,comment,latin
कस्तो मिठो अभिव्यक्ति दिए हर्क साम्पाङले ।,harka sampang,yt:Harka Sampang bhasan,comment,deva
wow great,harka sampang,yt:Harka Sampang bhasan,comment,latin
"७ मिनेटमा ७ करोड को कुरा । जय माटो, जय नेपाल ।",harka sampang,yt:Harka Sampang bhasan,comment,deva
This my good  pm,harka sampang,yt:Harka Sampang bhasan,comment,latin
100%right xa👍🇳🇵🇳🇵🤣,harka sampang,yt:Harka Sampang bhasan,comment,latin
"प्रधानमन्त्री वालेन शाह सँग सिंगौरी नखेली माननीय हर्क साम्पाङले धरानमा भएको विविध समस्याहरुको समाधानमा विशेष जोड दिनुहुन धरानबासीको हैसियतले हार्दिक अनुरोध गर्दछु ।
यो सुनौलो अवसरमा धरानमा लामो समयदेखि बजेट विनियोजनमा गरीएको सौतेनी व्यवहारलाई चिर्दै बजेटको समायोजनसँगै विशेष सुधारमा ध्यान दिनुहुन पनी अपिल गर्दछु । जस्तै ः वि.पि. क्यामको वेतिथिको खोज, छानविन र गल्ति गर्ने माथि कडा कारवाही, खानेपानीको दिगो व्यवस्थापन, यातायातमा भरपुर सुधार, पानवारी र ठिङगावारीलाई कृषि योग्य जमिनको प्रस्तापना गरी जमिन खन्डिकरणमा रोक, शेहरा, सेउती, अधेरी र सर्दुखोलाको किनाराको सरकारी जमिनको संरक्षण र सुकुम्वासी को व्यवस्थापन, सर्दु जलाधारमा भएको वेतिथिको छानविन र दोशीलाई हदैसम्मको कारवाही, धरान बहुमुखी क्याम्पसको जग्गा को छानविन र यसको पढाईमा स्तरउन्नति, हात्तिसार र पूर्वाञ्चल ईन्जिनियरिङ्ग क्यापसको उत्थान र त्यहाँको वेतिथिको छानविन र यसको सुधारमा विशेष जोड, अन्तराष्ट्रिय स्तरको फुटवल र भडिवल सरंगशालाको निर्माणमा विशेष पहल अन्तराष्ट्रिय स्तरको संगित पाठशालाको विशेष पहलकदमी, बुढासुव्वा, दन्तकाली, पिन्डेश्वर, पञ्चकन्या, शनि  मन्दिर र विश्नुपादुका जस्ता विशेष धार्मिक स्थलको उत्थान र प्रवर्धनमा विशेष जोड, पूर्वको खेल राजधानी बनाउनमा जोड सरकारी स्कुलको पठनपाठनलाई कसरी सुधारउन्मुख बनाउनमा विशेष जोड र प्राइभेट स्कुलको नियमन र वेतिथि विरुद्ध कारवाहीको डन्डा अहिलेसम्म भएको अनियमितताको जोड र दोशी उपर कडा कारवाही र क्षतिपूर्ति को व्यवस्थापन र तिनकुने देखि आपगाछिसम्मको सडक विस्तार मा विशेष जोड जस्ता अन्य विशेषहरुमा पहलकदमी लिई धरानको सुधारमा लाग्न माननिय ज्यूलाई हार्दिक अनुरोध ।
                                     “समस्याको समाधान सधै जुधेर मात्र होइन, मिलेर एकजुट भएर अगाडि वढे समाधानमा सजिलो हुन्छ ।”",harka sampang,yt:Harka Sampang bhasan,comment,deva
16 minutes dhila ahuda Kei na vanna ani janma 7 minutes bolda dui tin choti finish vayo vae ka ko naya ho yo sarkar .,harka sampang,yt:Harka Sampang bhasan,comment,latin
कत्ति छिटो समय सकिएको ?मत सुनेर थाकिन कत्ती राम्रो मुद्दाहरु उठाएको?,harka sampang,yt:Harka Sampang bhasan,comment,deva
पहिलो पटक vanera hola bt. भ्रष्टाचारी हरु बारे केही एक सब्द बोल्न  हार्क साम्पाङ्ग,harka sampang,yt:Harka Sampang bhasan,comment,mixed
Mero lado taila 7 minutes leies vhane 224 jana le 7/7/7 minutes lioyo vhane minting ta 1 months Ko hunupracha,harka sampang,yt:Harka Sampang bhasan,comment,latin
देशको असिम माया कति छ भन्ने उहाँको हरेक शब्दले दर्शाउछ जय हर्कवाद❤❤❤,harka sampang,yt:Harka Sampang bhasan,comment,deva
उहाँ को शब्द ले देश को माया कति छ भन्ने कुरा प्रष्ट थाहा हुन्छ ❤❤❤,harka sampang,yt:Harka Sampang bhasan,comment,deva
हर्क साम्पाङ देशभक्त मेहनती बौद्धिक नेपाली छोरो हुन।🇳🇵🇳🇵🇳🇵🇳🇵❤️❤️❤️❤️,harka sampang,yt:Harka Sampang bhasan,comment,deva
राष्ट्रवादी नेता माननीय हर्क साम्पाङको सारगर्भित भनाई प्रति सम्मान छ ।,harka sampang,yt:Harka Sampang bhasan,comment,deva
जय श्रम संस्कृति पाटि जिन्दा बाद जय माटो जय देस जय हर्क बाद जय दार्चुला जय श्रम दान जय नेपाल 🙏🇳🇵🙏,harka sampang,yt:Harka Sampang bhasan,comment,deva
हर्क साम्पाङ माननीय सांसदज्यू ❤🙏एक मात्र जनताको र देशको एउटा हिरो हुनुहुन्छ ।✊,harka sampang,yt:Harka Sampang bhasan,comment,deva
"जय नेपाल, जय देश, जय माटो।",harka sampang,yt:Harka Sampang bhasan,comment,deva
Real hero harka sampang😮,harka sampang,yt:Harka Sampang bhasan,comment,latin
दामी भाषण र अती नै आवश्यकता कुरा भन्नु भयो धन्यवाद।,harka sampang,yt:Harka Sampang bhasan,comment,deva
जय श्रम पिता हर्क बाद जय श्रम सांस्कृति पार्टीको केन्द्रीय कमिटीको अध्यक्ष माननीय देश भक्त जन्ता प्रेमी हर्क राज साम्पाङ राई ज्यू जय श्रम सांस्कृति पार्टी जय अँजुलीमा माटो जय देश नेपालको जय होस् धन्य बाद नमस्कार जय माटो ❤❤❤❤❤❤❤❤,harka sampang,yt:Harka Sampang bhasan,comment,deva
कुरो सही हो ✅जय नेपाल 🇳🇵🙏🏻❤️❤️,harka sampang,yt:Harka Sampang bhasan,comment,deva
Wow k Desh Bhakti MP Harka sangpang Rai ❤❤❤❤❤❤,harka sampang,yt:Harka Sampang bhasan,comment,latin
जय नेपाल जय देश जय माटो,harka sampang,yt:Harka Sampang bhasan,comment,deva
धेरै राम्रा भाषण हो तर के गर्नु बुझ्ने लाइ श्रीखण्ड नबुझ्ने लाइ सुके को दाउरा हो,harka sampang,yt:Harka Sampang bhasan,comment,deva
Lovely❤❤❤,harka sampang,yt:Harka Sampang bhasan,comment,latin
❤❤❤❤❤jai harka bad jai Sarah pita ❤,harka sampang,yt:Harka Sampang bhasan,comment,latin
Jati sune pani sunirahu jasto Mananiye harka sampang jiu ko Avibekti bichar haru. salute 🫡🫡🫡 Cha hajur ko bichar ra manasiksta lai God bless you ❤️🙏💖💖💕💕 forever ever,harka sampang,yt:Harka Sampang bhasan,comment,latin
यस्तो कुराहरू नपचने घन्टेहरु 😢,harka sampang,yt:Harka Sampang bhasan,comment,deva
जय माटो जय देश जय हर्क साम्पाङ,harka sampang,yt:Harka Sampang bhasan,comment,deva
Jay. Mato  jay  hark  bad 🎉🎉🎉🎉,harka sampang,yt:Harka Sampang bhasan,comment,latin
Jai Harka bad🎉🎉🎉 jai des🎉🎉,harka sampang,yt:Harka Sampang bhasan,comment,latin
जये माटो 🙏✍️📘🇳🇵 जये देश 🙏✍️📘🇳🇵 जये श्रम संस्कृति पार्टी 🙏 जये हर्क साम्पाङ 🙏✍️📘🇳🇵 जये श्रम दान दाता 🙏✍️📘🇳🇵,harka sampang,yt:Harka Sampang bhasan,comment,deva
Jay harka sampang jay mato ❤❤❤,harka sampang,yt:Harka Sampang bhasan,comment,latin
Jay Harka sampang🙏🙏,harka sampang,yt:Harka Sampang bhasan,comment,latin
जय बालेन सरकार जय नेपाल ❤अब बन्छ नया सुन्दर नेपाल ❤🙏🙏🙏🙏🙏🙏,harka sampang,yt:Harka Sampang bhasan,comment,deva
Sahi bat garnu vayo harka sir,harka sampang,yt:Harka Sampang bhasan,comment,latin
Harkaism  🇳🇵 Respect ❤️ 🙏 🫡 👏,harka sampang,yt:Harka Sampang bhasan,comment,latin
साम्सद हर्क सम्पाङ  जस्तो भिजनर हुनुपर्छ,harka sampang,yt:Harka Sampang bhasan,comment,deva
देश र नेपाल नेपाली जनताको हित्तमा माननिय हर्क साम्पाङ ज्यू ।🇳🇵🇳🇵🇳🇵👍👍❤️👌👌❤️❤️❤️❤️❤️👌👌🙏🙏,harka sampang,yt:Harka Sampang bhasan,comment,deva
Kati bishal bichar .,harka sampang,yt:Harka Sampang bhasan,comment,latin
बल्ल आज हर्क ले देस र जनताले चाहेको कुरा बोल्यो यसरी सरकार को नेतृत्व  लिनेका आँखा खोल्नु पर्यो,harka sampang,yt:Harka Sampang bhasan,comment,deva
Jay harka sampang,harka sampang,yt:Harka Sampang bhasan,comment,latin
जय माटो ❤❤,harka sampang,yt:Harka Sampang bhasan,comment,deva
जिवनमा पहिलो चोटि हजुर जस्तो नेतृत्व देखे यो मुटु को धड्कन चलुन्जेल हजुर को समर्थन छ‌ माननिय ज्यु 😢😢😢😢❤❤जय माटो जय देश 🙏,harka sampang,yt:Harka Sampang bhasan,comment,deva
Mananiya harka sapang sar is grate lider 👍🇳🇵👍🇳🇵👍,harka sampang,yt:Harka Sampang bhasan,comment,latin
Jay matooo❤❤,harka sampang,yt:Harka Sampang bhasan,comment,latin
Nepalko Real Hiro Ma. Harka Sangpang,harka sampang,yt:Harka Sampang bhasan,comment,latin
"Jai Harka jaimato 
Yo ho netaa ma hunu prane gurn ,vabana,chhabi , 
Hark ko boli kharo xa tara man safa xa jo abhivayki samsad ma dnu bhayo antar aatma dekhi bolnu bhayo❤❤❤❤❤❤❤❤❤❤❤

HARKA JI LAI NACHINNE NEPALI PASU HO 
Be Change animal to human a",harka sampang,yt:Harka Sampang bhasan,comment,latin
jay mato jay desh 🤝🤝✊✊🇳🇵🇳🇵🇳🇵🇳🇵🇳🇵,harka sampang,yt:Harka Sampang bhasan,comment,latin
Hraka Sampang is Legend ❤❤❤❤❤❤,harka sampang,yt:Harka Sampang bhasan,comment,latin
🙏🙏🙏🙏🙏❤️❤️❤️👍️👍️👍️👍️,harka sampang,yt:Harka Sampang bhasan,comment,latin
🙏🙏🙏🙏🙏🙏👍👍👍🇳🇵🌺🇳🇵,harka sampang,yt:Harka Sampang bhasan,comment,latin
Harkabad ❤,harka sampang,yt:Harka Sampang bhasan,comment,latin
जय हके सामपाङ माननिय सहि कुराहो,harka sampang,yt:Harka Sampang bhasan,comment,deva
धन्या बाद मान निया हर्का साम्पाङ ज्यु लाई समग्र मुघ्दा ऊठै दिनु भाकाे मा,harka sampang,yt:Harka Sampang bhasan,comment,deva
माननीय  हरक सामपाङ देश र जन्ता लाई  कति माया ग्रनुहुन्छ कति महान यो कुरा सबै ले सुनुर बुजनु भो होला तेसाइ लेगर्दा उहाँ लाई  तथानाम गालि नगरौ,harka sampang,yt:Harka Sampang bhasan,comment,deva
जय हर्क बाद,harka sampang,yt:Harka Sampang bhasan,comment,deva
Jay mato jay desh❤,harka sampang,yt:Harka Sampang bhasan,comment,latin
Jai harka jai mato❤❤,harka sampang,yt:Harka Sampang bhasan,comment,latin
इनी कुरा उठाउनु त्यो ठाँउको साम्सद छैनन कि मर्यो तलब भत्ता खानुको लागीमात्र साम्सद भाका हुन?,harka sampang,yt:Harka Sampang bhasan,comment,deva
Real hero of Nepal🎉,harka sampang,yt:Harka Sampang bhasan,comment,latin
जये हर्क साम्पाङ,harka sampang,yt:Harka Sampang bhasan,comment,deva
Jay hark❤,harka sampang,yt:Harka Sampang bhasan,comment,latin
"खेत रोप्ने दिन सम्म पनि
मल पाईएको छैन  !
मल चाहिएको छ 150 kg
मल दिन्छन  50 kg त्यति 
ल्याएर के गर्नु यस्तो छ देशको
स्थिती यसरी किसानलाई 
सारै मार परेको छ मल 
नपाइएर खेती गर्न पनि 
गाह्रो  छ ! यसको लागि 
सरकारको बिशेष  ध्यान
जावस अबका दिन हरुमा 🙏",harka sampang,yt:Harka Sampang bhasan,comment,mixed
Jai harkabad,harka sampang,yt:Harka Sampang bhasan,comment,latin
हर्क वाद जिन्दाबाद❤❤❤❤,harka sampang,yt:Harka Sampang bhasan,comment,deva
मैले जति पल्ट सुने पनि धित मरेन सुनौ सुनौ लाग्ने इस्पिज।,harka sampang,yt:Harka Sampang bhasan,comment,deva
He iswar harka sampang jasta hamro desma 51 %janata Matra harka Ko jhain bibek bichar bhaeko bhae hami Nepali ho bhanne 100% garba hunthyo 😮!,harka sampang,yt:Harka Sampang bhasan,comment,latin
Jai harka,harka sampang,yt:Harka Sampang bhasan,comment,latin
सहकारी ठग भ्रस्टाचारी लुटेर खाना पल्केका हरुले यो कुरा सुन्नै सक्दैन तर श्रम संस्कृति पार्टीको प्रयास सधैँ नेपाली र नेपालको लागि सँरक्षण गरिनै रहन्छ पसिना बगाएर आफ्नो आत्मा निर्भर यसरी मात्रै हुन्छ र बन्छ भनेर सिकाइ नै रहन्छ राम्राे लाई राम्रो र सहयोग पनि गर्छ लुट्न खोजे खबरदारी पनि गर्छौं। जय माटो जय देश जय होस् नेपालीहरुको जय स्वाभिमान हरुको जय नेपाल।,harka sampang,yt:Harka Sampang bhasan,comment,deva
Jay mato 🙏🙏🙏,harka sampang,yt:Harka Sampang bhasan,comment,latin
Jay mato jay harkbad,harka sampang,yt:Harka Sampang bhasan,comment,latin
Jai mato jai desh jai mananiya jiu🏂️👌👌👌👌👌🙏🙏🙏🤲💙💛💜💙❤️,harka sampang,yt:Harka Sampang bhasan,comment,latin
Jai mato Jai des,harka sampang,yt:Harka Sampang bhasan,comment,latin
"त्याह का दुम्लीङ बासी हरु ले भिर पैरो जाने ठाउमा जरा छरिने वोट विरुवा रोप्नु होला गाउँले मिलेर, बिरुवा रोपी सके पंछी गाउँले नाई मिलेरा पानी पनी हालेरा बोट बिरुवा लाई बचाउनु होला",harka sampang,yt:Harka Sampang bhasan,comment,deva
Harka sampang jiule sahi kura garnuvo,harka sampang,yt:Harka Sampang bhasan,comment,latin
Yo Honi ta layan ta harka ji,harka sampang,yt:Harka Sampang bhasan,comment,latin
Janta kura bulne matra  hark sampang ❤❤❤,harka sampang,yt:Harka Sampang bhasan,comment,latin
"Politics garnu najane, sabai ko man ma basna nasakne huda pani, Harka Sampang le afu sakne jati, ek samuha lai afu ko parisram social work ma dinu ra motivate garnu bhayeko cha — yo ekdamai sarahaniya kura ho. Yadi tyo prayas sachai jaruratmand ko lagi ho ra political benefit ko lagi hoina bhane, mero dui haat ko naman Harka Sir la",harka sampang,yt:Harka Sampang bhasan,comment,latin
samsad ma hi yesto kura paileai bata uthako vahe aile samma kati janatale maya suport pauthyo..aaja malai man paryo..ramro lai ramro vanna saknu  prxa..tara aba tapaiko bani xudra bani sudrinu parxa.,harka sampang,yt:Harka Sampang bhasan,comment,latin
Nepal 🇳🇵 Aama ko Aasu Ho Harka Sampang ko AASU Nepali Janta le xito Bugnuparxa. 🙏 Dhilo Garnu HudaiNepali 🇳🇵 Janta le Harka Sampang 🇳🇵 lai xito bujera Saath Diye Nepali Janta Ra  Nepal 🇳🇵 ko vabisya Ujwal xa. NATRA  Anadhakar.😥 . Nepali Janta🇳🇵 Xito Jaga Bujha Aakha 👁  kholau  🙏 .,harka sampang,yt:Harka Sampang bhasan,comment,latin
Harka sampangko salla sujab sahi ho,harka sampang,yt:Harka Sampang bhasan,comment,latin
जय हर्क साम्पाङ ❤,harka sampang,yt:Harka Sampang bhasan,comment,deva
"Nepal aamako yek kusal karmath ,lagansil, sachai sahasi Nepal aamale ballaa Xora payeko xa, sayad yugle mageko xa , sabailai mahasus hunuparxa.",harka sampang,yt:Harka Sampang bhasan,comment,latin
मन्त्री पाउछु भनेर निन्द्रा लाग्दैन जति गरेनी बालेन भाग्दैन देस र जन्ता ले मलाइ माग्दैन निन्द्रा लाग्दैन अब हर्के को लागि कोहि जग्दैन,harka sampang,yt:Harka Sampang bhasan,comment,deva
मनै छोयो दार्चुलाको पिडा,harka sampang,yt:Harka Sampang bhasan,comment,deva
Shai Kura garnu vayko nimti salam manniy harka sagpag jiu party Hardik badhai ani suvakamna 🙏🙏🇳🇵🇳🇵🇳🇵🇳🇵🇳🇵🇳🇵❤❤❤❤❤❤,harka sampang,yt:Harka Sampang bhasan,comment,latin
नेपाल को राज नेता हर्क सा।साम्पङ हो❤🎉,harka sampang,yt:Harka Sampang bhasan,comment,deva
नीद कहा आउथ्यो हर्के चमेली ले रात भर फोन गरेर हैरान पारेको होला,harka sampang,yt:Harka Sampang bhasan,comment,deva
देस्को माया हैन मन्त्री को पदको माया ले घरीघरी गोहिको आसु झार्छ हो थाहा छ हामी लाई नि केका देस्को माया,harka sampang,yt:Harka Sampang bhasan,comment,deva
💯 Sahi kura bhannu Bhayo Mananiye Harka sampang Jiu Jay mato jay Desh,harka sampang,yt:Harka Sampang bhasan,comment,latin
आत्म दाह गर,harka sampang,yt:Harka Sampang bhasan,comment,deva
Great leader Harka Sangpang Jai mato Jai Desh 🎉❤🎉❤🎉❤🎉,harka sampang,yt:Harka Sampang bhasan,comment,latin
That’s it mp Harka go ahead till you live in this soil.,harka sampang,yt:Harka Sampang bhasan,comment,latin
Sit purai khali x kaha janu vyoo aru mananya jiu haru,harka sampang,yt:Harka Sampang bhasan,comment,latin
अब नेपालको लागि अन्तिम विकल्प बन्नेछ श्रम संस्कृति,harka sampang,yt:Harka Sampang bhasan,comment,deva
Talakina. Nindralaxta  paesa. Paina xodishola. Tasaela. Talai. Niñdra malagakox. Ho,harka sampang,yt:Harka Sampang bhasan,comment,latin
Asti asti ko harkat le yesko kura nai Sunna man lagdaina,harka sampang,yt:Harka Sampang bhasan,comment,latin
संख्यामा कम भएपनि विचारमा कम छैनन् भन्ने हेक्का होस् सरकारलाई।,harka sampang,yt:Harka Sampang bhasan,comment,deva
"Finally, I following harka sampang ❤",harka sampang,yt:Harka Sampang bhasan,comment,latin
"जन्ताको मन मुटुमा बस्नु सफल एक मात्र गरीबको आवज,गरीबको मसिह,देश भक्त ,जन नेता,श्रम पिता,नेपालको आवज,भुमि पुत्र जै हर्क साम्पाङ,जै माटो जै देश 🇳🇵मेरो मन मुटु बाट धेरै माया छ।।।जै देश ।।। जै माटो ।।। जै हर्क साम्पाङ❤❤❤",harka sampang,yt:Harka Sampang bhasan,comment,deva
यति गहकिलो कुराहरु छन् कृपया यस्ता कुराहरु सबैले बिचार गरेर अघि बढौँ,harka sampang,yt:Harka Sampang bhasan,comment,deva
"Mero baba ra maile 
Harka sampang ji  ko party lai समानुपातिक ma chitwan bata vote deko. ❤
Rastriya dal banyo khusi laagyooo🎉",harka sampang,yt:Harka Sampang bhasan,comment,mixed
हर्कलाइ पागल भन्नेहरु महा पागल  हरु कस्तो लाग्यो,harka sampang,yt:Harka Sampang bhasan,comment,deva
"घण्टीलाई यो सन्सार रहन्ज्ल यो देश रहेको हेर्न मन छैन 
किन ? ताली बजेन?",harka sampang,yt:Harka Sampang bhasan,comment,deva
यस्तो मान्छे सरकारमा हुनुपर्ने 😢 अहिले बिरोधिहरुले गु खान्छ पहिला चिनेर नि नचिने झै गर्‍यो,harka sampang,yt:Harka Sampang bhasan,comment,deva
जय होस जय देश जय नेपाल जय होस हामी हाम्रो सुन्दर संस्कृति को स्वाभिमान को रक्षा गरुन हजुर 🔥,harka sampang,yt:Harka Sampang bhasan,comment,deva
Thank you harka sampang.❤️,harka sampang,yt:Harka Sampang bhasan,comment,latin
यति को राम्रो सोच भाको ब्यक्ति नेपाल मा नेता भयो भने हामि जनता ले दुःख पाउने छैन,harka sampang,yt:Harka Sampang bhasan,comment,deva
Kati ramro  socha  vako  manche  hunuundho  rahexa,harka sampang,yt:Harka Sampang bhasan,comment,latin
1 मात्र आसा र भरोसा र देश भक्त नेता हर्क सर हुनुहुन्छ गरीब जनता को आवाज उठाउनु भएको मा धन्यवाद हर्क सर,harka sampang,yt:Harka Sampang bhasan,comment,deva
घन्टे हरु पृथ्वी रहुनजेल नेपाल रहनु पर्छ भन्दा अंध्यायो अनुहार लगाए त,harka sampang,yt:Harka Sampang bhasan,comment,deva
"Aaja Hark Sangpang Le MCC Ra Des Ko Rakxya Ko Lagi Kura Uthauda Sarai Ramro Lagyo 
Jay Mato ❤
Jay Nepal 🇳🇵 ❤",harka sampang,yt:Harka Sampang bhasan,comment,latin
Salute harka sampang sir lai 🫡…!!!,harka sampang,yt:Harka Sampang bhasan,comment,latin
Aaja dherai samaye pachi Harka Dai feri Mann paryo❤❤,harka sampang,yt:Harka Sampang bhasan,comment,latin
सादा जीवन उच्च बिचार🎉 श्रम सस्कृती पार्टि द्वारा आएका यी भनाई बिचारहरुलाई हालको सरकारले गहिरो चिन्तन मनन गरि आम नेपाली जनताहरुलाई बोध हुनेगरी कार्यक्रमहरु अघि बढाईयोस धन्यवाद।।🇳🇵जय मेरो देश नेपाल्🇳🇵,harka sampang,yt:Harka Sampang bhasan,comment,deva
"हर्क साम्पाङ ज्यु🙏🙏
देशलाई चाहेको नेता, बल्ल ठिक ठाँउमा पुग्नु भएको छ, एकदमै खुसी लागेको छ।
हजुरलाई बधाई छ।
जय माटो👍️👍️❤️❤️",harka sampang,yt:Harka Sampang bhasan,comment,deva
Ramro soch sir,harka sampang,yt:Harka Sampang bhasan,comment,latin
One of the best leader ever I judged n a good orator.,harka sampang,yt:Harka Sampang bhasan,comment,latin
🙏💐❣️👏Punctuality is must 👏👏👏,harka sampang,yt:Harka Sampang bhasan,comment,latin
पृथ्वी रहुन्जेल हाम्रो देश रहिराख्नु पर्छ। कुविचार बोकेका देश दोर्ही हरु कुरा राम्रो सँग बुझ्नु होला।,harka sampang,yt:Harka Sampang bhasan,comment,deva
धेरै राम्रो कुरा  गर्नु भयाेत दादा,harka sampang,yt:Harka Sampang bhasan,comment,deva
"पृथ्वी रहुन्जेल नेपाल रहनु पर्छ 
चन्द्र सुर्य झन्डा फहराउनु पर्छ 
सेनालाई सिमानामा राख्नु पर्छ ❤👏🫡🫡",harka sampang,yt:Harka Sampang bhasan,comment,deva
Love you harkasampang,harka sampang,yt:Harka Sampang bhasan,comment,latin
आइले आएर हर्कजी मन पर्यो keep it up harka sir👍️,harka sampang,yt:Harka Sampang bhasan,comment,mixed
Jay.DeshJay.Mato❤❤❤❤🎉,harka sampang,yt:Harka Sampang bhasan,comment,latin
Desh ko sachha leader,harka sampang,yt:Harka Sampang bhasan,comment,latin
"कसरी देश बनाउने र देशलाई सुरक्षा गर्ने जनचाहना केके छन् भन्ने कुरा चाहिन माननीय हर्क साम्पाङ ज्युको जति अरु कसैको छैन भन्दा फरक पर्दैन ।
जय माटो जय देश ❤️❤️❤️❤️❤️🇳🇵🇳🇵🇳🇵🇳🇵🇳🇵🇳🇵",harka sampang,yt:Harka Sampang bhasan,comment,deva
Good Discussion 🎉❤,harka sampang,yt:Harka Sampang bhasan,comment,latin
MCC kharej gar full support on this to any party,harka sampang,yt:Harka Sampang bhasan,comment,latin
जनताको प्रिय नेता ❤❤,harka sampang,yt:Harka Sampang bhasan,comment,deva
"हर्क जीले राम्रो बोल्नु भयो । नया सरकार मात्र नभएर सबै साम्सद लाइ राम्रो सुझाब दिनु भयो । पहिला पहिला को गालि मात्र गर्ने प्रबित्री सुधार्नु भएछ । धेरै राम्रो बोल्नु भयो ।
तर सुन्ने साम्सद हरुले टेबुल ठटाउने होइन । तालि बजाउनु पर्यो के  जनताका प्रतिनिधि हरुले  । यो टेबल ठट्टाउने परम्परा हटाउनु पर्यो । जनताले तिरेको सम्पति को सम्रक्ष्यन गर्नु पर्छ । त्यो टेबल ठट्टाएको कत्ति मन परेन ।",harka sampang,yt:Harka Sampang bhasan,comment,deva
साह्रै विचारणिय भनाई....,harka sampang,yt:Harka Sampang bhasan,comment,deva
बिचार धेरै राम्रो छ उहाँको र सत्य पनि छ यत्ती मात्र हो उहाँ सत्य भए पनि अलिक धेरै बोलिदिने  बानी मात्र सुधारनु भयो भने भोलिको दिनमा सबै जनता तपाईको साथमा हुनेछौ।❤,harka sampang,yt:Harka Sampang bhasan,comment,deva
Kura ta ramrai grya xa hou ❤❤❤,harka sampang,yt:Harka Sampang bhasan,comment,latin
Hark laid hern aako ma nathe arulai ke hernu😂😂😂😂😊😊,harka sampang,yt:Harka Sampang bhasan,comment,latin
Sachai man chuyo 😊😊😊😊,harka sampang,yt:Harka Sampang bhasan,comment,latin
Wow good harakasag Sir Lai Mero salamama xa,harka sampang,yt:Harka Sampang bhasan,comment,latin
wow good,harka sampang,yt:Harka Sampang bhasan,comment,latin
Well said harka sampang sir.🙏🏽❤️,harka sampang,yt:Harka Sampang bhasan,comment,latin
Proud of you 😮 Harka sir 💐,harka sampang,yt:Harka Sampang bhasan,comment,latin
🎉🎉🎉🎉🎉Good & best lectures,harka sampang,yt:Harka Sampang bhasan,comment,latin
right Kura 💯 jay mato jay desh 🤝🤝✊🇳🇵🥰,harka sampang,yt:Harka Sampang bhasan,comment,latin
हर्क नै देशको सच्चा नेपाल आमाको छोरा हो ✝️🛐🙌❤️❤️,harka sampang,yt:Harka Sampang bhasan,comment,deva
good point,harka sampang,yt:Harka Sampang bhasan,comment,latin
What a powerful speech—every single word he spoke was truly for the betterment of the Nepali people. He feels like the only real hope for our country. I just hope people realize and understand his vision before it’s too late.,harka sampang,yt:Harka Sampang bhasan,comment,latin
huge respect harka sir❤😊,harka sampang,yt:Harka Sampang bhasan,comment,latin
You Are Right,harka sampang,yt:Harka Sampang bhasan,comment,latin
Gud luck harka🎉,harka sampang,yt:Harka Sampang bhasan,comment,latin
"Good harkji,यो चाहिन्छ ,! सरकारलाई ,?",harka sampang,yt:Harka Sampang bhasan,comment,mixed
आज आएर बल्ल ठिक लाग्यो हर्क साम्पाङ,harka sampang,yt:Harka Sampang bhasan,comment,deva
"हर्ककाे बुदा हरु १,२, ३,४ ,५  ,६,७ ,८, ९ न बुदाहरु पुर्णरुपमा कार्यान्वयन गरि बृद्वभत्ताकाे लागि उमे नबढाउने बरु जतिय रुपमा नभै बर्गिय रुपमा दिने र प्रत्यक्ष निर्बाचित कार्यकारीकाे माग जायज छ । त्यता तर्फ सरकारको ध्यान जावस ।",harka sampang,yt:Harka Sampang bhasan,comment,deva
Nice speech Harka sir ❤,harka sampang,yt:Harka Sampang bhasan,comment,latin
Love you Harka dai❤❤❤❤,harka sampang,yt:Harka Sampang bhasan,comment,latin
jay mato jay desh,harka sampang,yt:Harka Sampang bhasan,comment,latin
देश को  यउटा जिम्मेवारी बेक्ती हुन ❤ देरै न भयनी 🙏🙏💕💕,harka sampang,yt:Harka Sampang bhasan,comment,deva
सबै मीलेर देश जोगायर धेरै बीकास गर्नुहोस् शुभकामना 💐,harka sampang,yt:Harka Sampang bhasan,comment,deva
Good point need to notice ❤,harka sampang,yt:Harka Sampang bhasan,comment,latin
❤️🙏🏽🇳🇵 Thank you Harka Sampang ji for,harka sampang,yt:Harka Sampang bhasan,comment,latin
Well said.,harka sampang,yt:Harka Sampang bhasan,comment,latin
Well said..yetti ko buddi ni haixa,harka sampang,yt:Harka Sampang bhasan,comment,latin
माटो पार्टी का हर्क को जस्तो भिजन अरु पार्टी  देखिन,harka sampang,yt:Harka Sampang bhasan,comment,deva
100%Right✊✊✊🙏❤️❤️❤️❤️,harka sampang,yt:Harka Sampang bhasan,comment,latin
Dherai rammro kura garnu vayo,harka sampang,yt:Harka Sampang bhasan,comment,latin
I love you harka sampang 🇳🇵💪,harka sampang,yt:Harka Sampang bhasan,comment,latin
"सबै भन्द उत्क्रिष्टा सदनमा हर्क साम्पाङको भाषण, लग्छ किन भने सबै सब्द सब्दमा देश र जनताको प्रेम झाल्किन्छ। तर दुखाको कुरा त् यो छकि सत्य पच्ने गारो छ हाम्रो देशमा। किन कि सत्य तितो हुन्छ।",harka sampang,yt:Harka Sampang bhasan,comment,deva
सत्ता पक्ष साइडमा रहेको विपक्ष  काङ्ग्रेस  एमाले राप्रपा  नेकपाहरुले यो गहकिलो बुदाहरु खै कस्ले ल्याउन सक्यो जय माननीय हर्क साम्पाङ्ग जय माटो,harka sampang,yt:Harka Sampang bhasan,comment,deva
Thank you for the great speech sir ❤,harka sampang,yt:Harka Sampang bhasan,comment,latin
सहि  कुरा  हो । सबैले नेपाली  बनेर सोचौ ।,rabi lamichhane,yt:Rabi Lamichhane,comment,deva
Thank you so much for so good news.,rabi lamichhane,yt:Rabi Lamichhane,comment,latin
एकदम राम्रो कुरा । हामी पनि मकै फुल्न थाले पछि  पाकेर घर नभित्राउँदा सम्म  बिहान  राम्रो सँग उज्यालो  नहुँदै बारीमा जानु पर्छ अनी साँझ  अँधेरो हुन लागे पछि मात्र घर आउनु पर्छ ।,rabi lamichhane,yt:Rabi Lamichhane,comment,deva
Good luck Rabi Sir. Balen Sir team Jai Ghanti 👍👍👍👌👌👌🙏🙏🙏🔔🔔🔔🔔🔔🔔,rabi lamichhane,yt:Rabi Lamichhane,comment,latin
"यो हिंसा फैलाउने हर्के र रबिना खातुन  अनि उस्को श्रीमान हो , यि तिनजना माथि सरकारले छानबिन तुरुन्त गरोस ।",rabi lamichhane,yt:Rabi Lamichhane,comment,deva
हे भगवान देश बन्न बालेन सरकार नै चाहिन्छ है,rabi lamichhane,yt:Rabi Lamichhane,comment,deva
Absolutely right Great analysis 🧐 Sir 👌👌👌👍👍👍🙏🙏🙏,rabi lamichhane,yt:Rabi Lamichhane,comment,latin
"कुरा सहि छ है धर्म भनेको एउटा मान्दै आएको आस्था हो जसले जसरी पुजे त पनि भगवान  एउटै छ पुज्ने बोधी फर्क हो  अनि पुज्ने ठाउँ अलग अलग कोइ मन्दिर मा पुजछन कोइ चर्चमा कोइ प्राकृती  कोइ अफ्नो अगेन मा अनि पित्रीकुनामा कोइ गुम्बामा   पुज्छन  
 बस फरक एती मात्र हो",rabi lamichhane,yt:Rabi Lamichhane,comment,deva
Good very good,rabi lamichhane,yt:Rabi Lamichhane,comment,latin
Good. ..sir,rabi lamichhane,yt:Rabi Lamichhane,comment,latin
Great thoughts❤❤❤,rabi lamichhane,yt:Rabi Lamichhane,comment,latin
Har har mahadev,rabi lamichhane,yt:Rabi Lamichhane,comment,latin
Good👍👍👍👍🇳🇵🇳🇵 sir,rabi lamichhane,yt:Rabi Lamichhane,comment,latin
Kyabat hai rahabar ansari MP jiu very nice and outstanding speech.,rabi lamichhane,yt:Rabi Lamichhane,comment,latin
अन्सारी जि तपाईको प्रधानमन्त्रीको पहिलेको अभिव्यक्ति  हेर्नुहोस! घृणा कसले र कसरी फैलाउन सकिन्छ।,rabi lamichhane,yt:Rabi Lamichhane,comment,deva
टेवल होईन दुई हात जोडेर तालि बजाउने मिल्दैन र😅😅😅😅,rabi lamichhane,yt:Rabi Lamichhane,comment,deva
Very good statement of Maniya Rahabar Ansari.,rabi lamichhane,yt:Rabi Lamichhane,comment,latin
Shai ho❤❤❤❤❤❤❤❤,rabi lamichhane,yt:Rabi Lamichhane,comment,latin
👌👌👌👍️👍️👍️🇳🇵🇳🇵🇳🇵,rabi lamichhane,yt:Rabi Lamichhane,comment,latin
Kam xaina yo keta ko,rabi lamichhane,yt:Rabi Lamichhane,comment,latin
Hindu rastra kaayam na bhaye samma yastai hunchha.,rabi lamichhane,yt:Rabi Lamichhane,comment,latin
बाटो अनेक छन  पुग्ने ठाउ एकै हो।सबै जनाले  एकअर्काको बाटो को सम्मान गरिनु पर्छ ।,rabi lamichhane,yt:Rabi Lamichhane,comment,deva
यो देशमा हिन्दु इस्लाम र इसाईहरुले धर्म युद्ध गराउदैछ्न। अब बुद्ध र बौद्धराज्य घोषणा गर्ने कि?,rabi lamichhane,yt:Rabi Lamichhane,comment,deva
बादर आतंक बाट बच्न र बचाउन के उपाय होला माननीय ज्यु?समस्या मात्र राख्नुभएको देखिन्छ समाधानको उपाय पनि दिनुभएकै होला।तपाईकै मुखबाट सुन्नुपाए हुनेथियो।,rabi lamichhane,yt:Rabi Lamichhane,comment,deva
त पागल अारेन देखदा  रिसले अागो हुनछन जनता  छि छि छि छिछि छि छि छि यासको गति,rabi lamichhane,yt:Rabi Lamichhane,comment,deva
अे हजुर  योतधरमको लडाई हैन योत ईसबै पाटि मिलेर  बालेन सरखार ढालन लाई  रचेको जाल हो सबै जनता मिलेर बालेन रबि सुदन गुरुङ लाई साथ सपोट दिउ,rabi lamichhane,yt:Rabi Lamichhane,comment,deva
Om mane patme humm,rabi lamichhane,yt:Rabi Lamichhane,comment,latin
ओइ खाते आर एन  राई के मकैबारीमा रासोपाटी आएपछाडि मात्र आउन थालेका हुन् र,rabi lamichhane,yt:Rabi Lamichhane,comment,deva
Hindu Bata suru bhayo yo Samrat Sena Lai karbai garnu vayo,rabi lamichhane,yt:Rabi Lamichhane,comment,latin
देश एउटा भय पनि जातिय एउटा मात्र छैनन्।यदि जातिय एउटा मात्र छ। भन्ने दाबी गर्छौ भने। एउटै जातिय भित्र पनि एउटा मात्र सोच बिचार छैन। त्यसैले जातिय विषयमा र धर्मको विषयमा कसैले अरूको विरुद्ध बोल्छ भने 20 वर्ष जेल सजाय साथै।दश लाख जरिवाना तिर्नुपर्ने नियम लागु गराउनु पर्छ,rabi lamichhane,yt:Rabi Lamichhane,comment,deva
neta bat aako cha,rabi lamichhane,yt:Rabi Lamichhane,comment,latin
"3,4महिना मात्र सरकारमा मा आएको सरकार मात्र हो कि यो भन्दा अगाडि को समयमा पनि सरकार थियो, आरेन लाइ प्रस्न, अर्को कुरा,यो रास्वपा सरकार आएदेखि मात्र बाँदर बदेल उत्पत्ति भएर किसान हरुको बालि खाएर नस्ट पार्दै छ कि रास्वपा सरकार आउनु भन्दा पहिले पनि ति बाँदर बदेल थिए र किसान हरुका बालिनालि बिनास गर्थे या गर्दैन थे? अनि आज आएर सम्भव नहुने असम्भब कुरामा बखेडा निकालेर संसद अवरुद्ध गर्नु हुन्छ।",rabi lamichhane,yt:Rabi Lamichhane,comment,deva
"Dharma vaneko Aanusasan ma basnu ho, jab aanusasan ma basna sakdaina ani aruko samman garna sakdaina taba yastai Himsatmak gatibidhi ma parinat hunxa tesaile aruko samman garau ani aanusasan ma basna sikau 🙏🙏🙏",rabi lamichhane,yt:Rabi Lamichhane,comment,latin
Rahabar dai Lai Gau Gau ma dharm ko barema bujhanu pthau sharkar,rabi lamichhane,yt:Rabi Lamichhane,comment,latin
Satuako niya garne jasle banaunu bhayo uhale uhalenai garnechha,rabi lamichhane,yt:Rabi Lamichhane,comment,latin
आज चि सहि कुरो गरे राई लेक,rabi lamichhane,yt:Rabi Lamichhane,comment,deva
पहिला    निदायौ केरे  अब खोक,rabi lamichhane,yt:Rabi Lamichhane,comment,deva
Kam xaina,rabi lamichhane,yt:Rabi Lamichhane,comment,latin
Belen lai des banauna nadine nai vaye,rabi lamichhane,yt:Rabi Lamichhane,comment,latin
Bol bam ko gaeko ryali ma akraman na garnu parne Jo Le vae ni tyes Lai yo ghatna ko dosi thahrnu parxa,rabi lamichhane,yt:Rabi Lamichhane,comment,latin
Ghatiya rajniti Nepal,rabi lamichhane,yt:Rabi Lamichhane,comment,latin
२०६०/६५ साल तिर हामिले पनि स्कुल जान छोडेर  बादर हेरेर बस्थिम ।तेतिबेला पनि रास्वपा को सरकार  थियोे कि के हो? बुझिन मैले बुझाईदेउ कसैले🤣🤣🤣यो आरेन हो कि सारेन हो यस्ले त रास्वपाले नै बादर उत्पति गरेको जस्तो गर्छ हे😡😡😡👊👊कि पागल भैसक्यो😂😂,rabi lamichhane,yt:Rabi Lamichhane,comment,deva
yo charo ko karaan la vako aandula😢😢😢,rabi lamichhane,yt:Rabi Lamichhane,comment,latin
Rim ram haina rim rim ho badar dapaunu chai Arayan Rai nai gaye kaso hola,rabi lamichhane,yt:Rabi Lamichhane,comment,latin
Tesko xora xorilai chahi sotnu parx sansadma hoina,rabi lamichhane,yt:Rabi Lamichhane,comment,latin
आरेन भने मान्छे एकदमै खराब,rabi lamichhane,yt:Rabi Lamichhane,comment,deva
Nepal ma dharma  ko Naam ma hingsha phailaune  Durga prashai Jyanendra Shahi Janak Pur ko pujari Lagayet Anya manish haru hoina ra Sarkar k herera Eniharu lai chhada chhodeko  ki Sarkar pani …….?waaa Ra. Sa.pa. Aafu sarkar ma nahuda  chahi Sabai dekhne  huda chahi kehi nadekhne?????,rabi lamichhane,yt:Rabi Lamichhane,comment,latin
Bandar sanga meta laginu,rabi lamichhane,yt:Rabi Lamichhane,comment,latin
जाउ बाबु बादर धपाउन 😢,rabi lamichhane,yt:Rabi Lamichhane,comment,deva
Manadhikarle diyeko pratibedan karyanwoyan garnus sbai chupchap lagchhan.,rabi lamichhane,yt:Rabi Lamichhane,comment,latin
जेलरको अनुहारनै शडिसके छ,rabi lamichhane,yt:Rabi Lamichhane,comment,deva
Who’s here on March 2026?,rabi lamichhane,yt:Rabi Lamichhane interview,comment,latin
this press meet was not less than any blockbuster movie. 😮,rabi lamichhane,yt:Rabi Lamichhane interview,comment,latin
"Absolute legend 👏 
No wonder KANTIPUR and 12 BHAI  is always printing fake media against BALEN and RABI",rabi lamichhane,yt:Rabi Lamichhane interview,comment,latin
Look what he has accomplished today for the sake of whole Nepalese and the country. Kudos to you !! Keep up Rabi dai…,rabi lamichhane,yt:Rabi Lamichhane interview,comment,latin
2082 चुनाब पछि हेर्ने जति यता हाजिर गरौ,rabi lamichhane,yt:Rabi Lamichhane interview,comment,deva
"Wow rabi Dai wow bolne sabda nai xainw ,kasto mutu xa hola rabi Dai ko jasto ❤",rabi lamichhane,yt:Rabi Lamichhane interview,comment,latin
"We support you, Ravi Ji!! Boycott Kantipur media. Let's save Nepal  🇳🇵",rabi lamichhane,yt:Rabi Lamichhane interview,comment,latin
This is the real spirit of patriotism I salute you from inter core of my heart,rabi lamichhane,yt:Rabi Lamichhane interview,comment,latin
Every lines touch my heart ❤️ million people makes a proud moment because Rabi dai is the nepali ❤️ thank you for your patience displine ❤️😊he is one gorkhali ❤️,rabi lamichhane,yt:Rabi Lamichhane interview,comment,latin
कति भाग्यमानी हुनुहुन्छ नेपाल आमा ❤️ हजुर जस्तो छोरा पाउनु भको छ 🙏🙏🙏 अनि हामी सिङ्गो नेपाली ले हजुर जस्तो असल मान्छे पाएका छौ 🇳🇵 आहा कति गर्भलाग्छ 🇳🇵 हे भगवान उहाँ हामी नेपाली लाई एक दम आवस्यक को पात्र हुनुहुन्छ 🙏🙏🙏 बिन्ती छ छिटो पूरा गरिदिनु होला 😌😌😌🙏🙏🙏 🇳🇵🇳🇵🇳🇵,rabi lamichhane,yt:Rabi Lamichhane interview,comment,deva
"You are always truth and positive for Nepali,  even we support you ❤️ more",rabi lamichhane,yt:Rabi Lamichhane interview,comment,latin
नेपाली जनताको आशा भरोसा हजुर मात्र हो नडराउनु नेपाली जनता हजुरको साथ मा छ ❤❤❤,rabi lamichhane,yt:Rabi Lamichhane interview,comment,deva
100% Truth with proof and real Nepali Ravi. Means compared others.,rabi lamichhane,yt:Rabi Lamichhane interview,comment,latin
""" Arise youngsters-d youth of our paradise
Upon thy shoulder d bounden duty lies
The nation's a shambles n all hell breaks loose
Thy presence is a must to settle d ongoing disputes.""
Hats off to Rabi L for your indomitable guts n patriotic fervor -U're truly a protagonist of change.",rabi lamichhane,yt:Rabi Lamichhane interview,comment,latin
"kharo machheko kharo kura, sarhai man paryo.. Ravi jee, you are Great.. we are with you. keep going.. we support you..",rabi lamichhane,yt:Rabi Lamichhane interview,comment,latin
Great speech 🎤 I salute You ravi sir 🙏🙏🙏🇳🇵🇳🇵🇳🇵,rabi lamichhane,yt:Rabi Lamichhane interview,comment,latin
रवि सर तपाई ढु्क्क रहनुहोस सब ठिक हुन्छ हामी  युवाहरु तपाइको साथमा छौ ।कत्ति पनि नडगमगाउनुस❤,rabi lamichhane,yt:Rabi Lamichhane interview,comment,deva
Was awesome Historical press conference... Go ahead  Rabi we will be with you no matter what👍👍,rabi lamichhane,yt:Rabi Lamichhane interview,comment,latin
अब यी सिन्डिकेट धारी राजनीतिक आवरण बोकेका मिडिया कान्तिपुर निउज र अनलाईन खबर लाइ बहिस्कार गरौ,rabi lamichhane,yt:Rabi Lamichhane interview,comment,deva
म पाचथर बाट डेबिट आङ्देम्बे म लगायत देश तथा बिदेशमा रहने सम्पुर्ण नेपाली युवाहरु तपाइको यो साहसप्रती गर्व गर्छौ। दाइ नडगमगाइ अगाडि बड्नोस ३ करोड नेपाली युवा तपाइको साथमा छ। र आदरणीय चितवनवासी दाजुभाइ तथा दिदी बहिनिहरु म हजुरहरुलाइ बिन्ती गर्छु हुन लागिरहेको उपनिर्वाचनमा रबि दाइलाइ जिताउनुहोला किनकी देश को मुहार फेराउने जिम्मेवारी तपाइहरुको हातमा छ।,rabi lamichhane,yt:Rabi Lamichhane interview,comment,deva
"Truth had to come out, 💯🙏🙏🙏🙏",rabi lamichhane,yt:Rabi Lamichhane interview,comment,latin
Aba 12 Vai Media line ma aaune vay😂😂😂❤,rabi lamichhane,yt:Rabi Lamichhane interview,comment,latin
"कोइछ माइकललाल???
कुन नेताको हिम्मत छ mainstream को सम्पूर्ण मीडिया: कान्तिपुर, अन्नपुर्ण, नया पत्रिका, online khabar, सेतोपाटी लगायत....राजाबादी, रबिन्द्र मिश्र, ऋषि धमला माथिको तितोसत्यकुरा खुलेआम प्रमाण सहित ओकाल्ने हिम्मत, चाहे आक्रोशमानै सहि??? यसको मतलब उनलाई केहि कुराको लोभ छैन, कोहीसंग setting गर्नुछैन भन्ने प्रस्टहुञ्छ! 

पार्टीको तलुवा चाट्नेहरु नआवो अब अनेक भन्दै.... रबिले गृहमन्त्रि भएर नियम कानुनमा देश चलाउदा, सिस्टम बसाल्दा,तिमीहरुलेनी केहि सुख पाउथेउ,
खाऊ अब तेही.....

देशले पाएको सच्चा नेता, सच्चा योद्धा..... Salute रबि लामिछाने",rabi lamichhane,yt:Rabi Lamichhane interview,comment,mixed
यत्तिक नेता चाहिन्छ।🙏🇳🇵🇳🇵,rabi lamichhane,yt:Rabi Lamichhane interview,comment,deva
मिडिया को दादागिरी एक दिन कसै न कसैले भण्डाफोर गर्नु पर्ने थियो। आज रबि  सरले साहस गरेका छन नमन रबि सर ! यिनिहरू ले सबैलाई  त्रास मा राखेर आफ्नो रोटी सेकाईरहेका थिए ।,rabi lamichhane,yt:Rabi Lamichhane interview,comment,deva
god bless u rabi dai❤ be strong sabai nepali janta tapieko satha ma xan,rabi lamichhane,yt:Rabi Lamichhane interview,comment,latin
Jay rabi🙏🏻🙏🏻🙏🏻💪💪💪💪💪💪💪💪💪💪३ करोड जनताको साथ छ👍👍👍💪💪💪💪💪🙏🏻🙏🏻🙏🏻,rabi lamichhane,yt:Rabi Lamichhane interview,comment,mixed
You are absolutely right man … A great salute 🫡 to you sir… Hope you and your political party will rise more than others… Blessing 🤗,rabi lamichhane,yt:Rabi Lamichhane interview,comment,latin
"जिन्दगीमा गर्व छ रवी लाई भोट दिएकोमा ! अझै जिन्दगीभर दिईने छ, देशको युवाले सिक र देश को बागडोर आफुले लिन हिम्मत गर , भ्रष्ट ,हत्यारा र फटाहा हरु को झोले बनेर कलो खाएर धिक्कार को जिबन नबाँच ! वीर र स्वाभिमानी बन , जय जन्मभूमि 🙏🙏🙏🙏🙏🇳🇵🇳🇵🇳🇵🇳🇵🇳🇵",rabi lamichhane,yt:Rabi Lamichhane interview,comment,deva
Yakdam ramro socha bichar x hjr ko yo hjr ko socha bichar ma hare nepali daju bhaini le sath dinuhunx rabi dai good job dai🙏🙏🙏👏👏👏👏👏🤝🤝🤝,rabi lamichhane,yt:Rabi Lamichhane interview,comment,latin
रबि सर हजुर को साथ मा हामी जन्ता छौ नआत्तिनु होश हजुर 🇳🇵🇳🇵🔔🔔🔔🔔,rabi lamichhane,yt:Rabi Lamichhane interview,comment,deva
कान्तिपुर लाई कारवाही गर्न मपनि तयार छु।खबर होस।,rabi lamichhane,yt:Rabi Lamichhane interview,comment,deva
"Ravi Is always all nepali population is hearty ❤️ 
But true line. 
Ravi is proud of. You",rabi lamichhane,yt:Rabi Lamichhane interview,comment,latin
Can’t stop listening to him. Such a good thought and his work🙏,rabi lamichhane,yt:Rabi Lamichhane interview,comment,latin
"म कैलाली देखि हाल कार्यरत दुबइ मा छु। यो चुनाव मा  पहिलो पल्ट भोट गरेको मान्छे! कुनै उम्मेदवार नभएर पनि, घण्टी मा भोट गरेको हुनाले म सारै खुसी छु। कि मेरो भोट खेर गएन छ।",rabi lamichhane,yt:Rabi Lamichhane interview,comment,deva
केही शब्द चयन मा कमजोरी भएपनि वास्तविक   अवस्था को सरल चित्रण नै लाग्यो ।best wishes,rabi lamichhane,yt:Rabi Lamichhane interview,comment,mixed
Grand Saluteeee...Xa Rabi Sir🙏🙏🙏❤❤❤Go Ahed❤❤❤,rabi lamichhane,yt:Rabi Lamichhane interview,comment,latin
well this aged well ..,rabi lamichhane,yt:Rabi Lamichhane interview,comment,latin
रबी जि तपाई सुरक्षित हुन जरुरी छ,rabi lamichhane,yt:Rabi Lamichhane interview,comment,deva
Jay desh jay Rabi sir❤❤❤,rabi lamichhane,yt:Rabi Lamichhane interview,comment,latin
🙏 खिन्नत्ता नलिनोस रवि सर आम जनता तपाइँका साथ छन,rabi lamichhane,yt:Rabi Lamichhane interview,comment,deva
Salute to your courage 😊,rabi lamichhane,yt:Rabi Lamichhane interview,comment,latin
King 👑 is on his track. Wish you all the best Rabi dai.,rabi lamichhane,yt:Rabi Lamichhane interview,comment,latin
Very good ekdum thik kura vannu vako chha yesrinai nidar vayera agadi badnooss Nepali janatale aba tapaiko jyan deena tayar chha dess ko laagi jyan deena tayar chha ...,rabi lamichhane,yt:Rabi Lamichhane interview,comment,latin
"Rabi sir u r the honest person which we need now  in our country,too many corrupt politician should be kick out including media 👍",rabi lamichhane,yt:Rabi Lamichhane interview,comment,latin
सबै देशभक्त जनताहरु मिलि रबिको समर्थनमा देश भरी सम्पुर्ण कान्तिपुर मिडिया लाई बहिष्कार गर्ने अभियान चलाउ ।,rabi lamichhane,yt:Rabi Lamichhane interview,comment,deva
Keep it up Rabi Ji! We are all with you. 👏 👏 👏,rabi lamichhane,yt:Rabi Lamichhane interview,comment,latin
Sahi kura sahi bata hjr rabi sir    🇳🇵🇳🇵🇳🇵🙏🙏🙏,rabi lamichhane,yt:Rabi Lamichhane interview,comment,latin
"Jay Nepal 🇳🇵🕉️🥀
❤️❤️❤️",rabi lamichhane,yt:Rabi Lamichhane interview,comment,latin
We Support You Ravi Always . Khaney Ra bhukney lai bhukna dinuparxa aafno gantabya xadna hunna .,rabi lamichhane,yt:Rabi Lamichhane interview,comment,latin
Wow great aawaj  we r always with Rabi dai ..is great person keep it up your voice,rabi lamichhane,yt:Rabi Lamichhane interview,comment,latin
We proud of you jay Nepal 🇳🇵🇳🇵🇳🇵🇳🇵,rabi lamichhane,yt:Rabi Lamichhane interview,comment,latin
We are with you ravi dai💚🇳🇵you are real hero of Nepal 🙏,rabi lamichhane,yt:Rabi Lamichhane interview,comment,latin
"One word ""LEGEND"".",rabi lamichhane,yt:Rabi Lamichhane interview,comment,latin
Jay Nepal 🇳🇵🏏 dai,rabi lamichhane,yt:Rabi Lamichhane interview,comment,latin
+2 garera foreign country janu parxa Nepal maa kaam xaina kei garna sakkina jasto lagthyo but rabi dai ko yo press conference dekhera kei garna sakinxa aafnai desh maa  jasto lagyo ❤️  hjr ko each and every word bata inspire Lina sakinxa thank you Rabi dai for inspiring Nepali youth ❤️,rabi lamichhane,yt:Rabi Lamichhane interview,comment,latin
Great rabi sir we are always with you🙏🙏,rabi lamichhane,yt:Rabi Lamichhane interview,comment,latin
"Brilliant Rabi sir, god bless!
Om Gurung from uk!!",rabi lamichhane,yt:Rabi Lamichhane interview,comment,latin
रबि दाइको यो आटलाई मेरो सलाम छ । रबि दाइ हिजो पनि राम्रो मान्छे हो आज पनि राम्रो मान्छे  हो रबि दाइलाइ मेरो साथ छ । ❤️❤️❤️,rabi lamichhane,yt:Rabi Lamichhane interview,comment,deva
जनता हजुर को साथ मा छ रबि जी  🙏 जय राष्ट्रबाद,rabi lamichhane,yt:Rabi Lamichhane interview,comment,deva
सबै ठीक छ रबि दाइ ! अबको प्रधानमन्त्री रबि लामिछाने बन्नुपर्छ !,rabi lamichhane,yt:Rabi Lamichhane interview,comment,deva
good job ravi sir jay nepal🙏🙏🎊🎊🇳🇵🇳🇵,rabi lamichhane,yt:Rabi Lamichhane interview,comment,latin
Wow 🤩 Rabi dai i am with you ❤jaya Nepal 🇳🇵,rabi lamichhane,yt:Rabi Lamichhane interview,comment,latin
हो सर हजुरको साथमा हामि सारा नेपाली हजुर्को साथमा छम,rabi lamichhane,yt:Rabi Lamichhane interview,comment,deva
"Chitwan raj nai hunxa,,Hami tapai ko sathama xu🤗🙏",rabi lamichhane,yt:Rabi Lamichhane interview,comment,latin
"Harek deshbhakta, honest Nepali ko maan mutu ma chan hamro real hero Rabi dai 🙏🏿🙏🏿",rabi lamichhane,yt:Rabi Lamichhane interview,comment,latin
Always support💪💪💪 broo be strong,rabi lamichhane,yt:Rabi Lamichhane interview,comment,latin
Jay Nepal 🇳🇵🇳🇵🇳🇵Jay Rabi sir ❤️❤️❤️🔔🔔🔔🇳🇵🇳🇵🇳🇵,rabi lamichhane,yt:Rabi Lamichhane interview,comment,latin
जय रवी दाई तपाईंले आट गर्नुस हामी साथ र सपोर्ट दिनेछौ🙏🙏🙏,rabi lamichhane,yt:Rabi Lamichhane interview,comment,deva
जनताको साथ रहोस ।God bless you!!,rabi lamichhane,yt:Rabi Lamichhane interview,comment,mixed
हाम्रो देश नेपालले कुनै जन्ममा पनि नपाएको एक होनहार सचा देशभक्त सपूत हाम्रो रबि लामिछाने लाई हामी हाम्रो अन्तिम प्राण रहुन्जेल सम्म पनि साथ र सपोर्ट दिने र गर्ने छौ जय देश जय रबि ❤️🙏❤️,rabi lamichhane,yt:Rabi Lamichhane interview,comment,deva
अब जहिले पनि रबिको साथ छ मेरो तर्फबाट 🙏🇳🇵🇳🇵,rabi lamichhane,yt:Rabi Lamichhane interview,comment,deva
Mark my words ☺️mr ravi is up coming prime minister for sure❤️we are with you dai,rabi lamichhane,yt:Rabi Lamichhane interview,comment,latin
सत्य तथ्य कुरु यही हो,rabi lamichhane,yt:Rabi Lamichhane interview,comment,deva
Goosebumps nai aayo hau yek yek kura sundai garda🔥 we are with you rabi lamichhane❤keep going🤝,rabi lamichhane,yt:Rabi Lamichhane interview,comment,latin
Hami chituwan basi navhaye pani tapaiko kura sahi ho vhai,rabi lamichhane,yt:Rabi Lamichhane interview,comment,latin
"धन्यवाद रबि दाइ ,तपाईं सङ धेराई आसा र बिस्वास छ ,तपाईं अगाडी बढानु हामी तपाईं को साथमा छु,",rabi lamichhane,yt:Rabi Lamichhane interview,comment,deva
Ho ekadam sahi vanu bhako xa  rabi bhai good luck badhai xa hajur lai🎉🎉🎉🎉🎉🎉🎉🎉🎉🎉🎉🎉🎉❤❤❤❤❤❤❤❤💐💐💐💐💐💐💐💐💐💐💐💐💐💐💐💐💐,rabi lamichhane,yt:Rabi Lamichhane interview,comment,latin
सारै मन छुयो रबिजी फुत्रकारहरूमा भयको कमाउ धन्दा र बेथिती बारेमा प्रष्ट पारी दिनु भयो धन्यवाद 😮,rabi lamichhane,yt:Rabi Lamichhane interview,comment,deva
"You did great job by exposing media and the speed of the SC in your case, This has made public very clear that media and various powers want Ravi down, the voice of ordinary people down! There are numerious problems and serious court cases which haave not been solved but processing of Ravi's mistake in super speed in order to stop oridnary people's agenda in power. Wish you work in expanding RSP reach in public more so that in next election, the seat would not be 20, it would be more. The work has to be addressed on this part seriously. Thank you",rabi lamichhane,yt:Rabi Lamichhane interview,comment,latin
"🎉🎉🎉🎉🎉 Ravi dai congratulations in advance for upcoming P.M. Malai hajur lay garay ko kura lay sahas baday ko xa. Hajur lay garay ko kaam lay aatma biswas baday ko xa. You are such a inspiration, you are true one & only one best of the best politician ever I know personally. Thank you for your bravery. Keep it up   Dai . From today I will tell my whole family to take membership to this our Rastriya independence party.# Janata ko party. 🎉🎉🎉🎉. Lots of love dai ❤❤❤",rabi lamichhane,yt:Rabi Lamichhane interview,comment,latin
Brave soul 🍀Keep Going we are with you kanun strong hunu parchha ani sabai lai saman hunu parchha 🙏,rabi lamichhane,yt:Rabi Lamichhane interview,comment,latin
"great speech 
I salute you Ravi Sir",rabi lamichhane,yt:Rabi Lamichhane interview,comment,latin
"Most important personality politician and Jem of all Nepalese ♥️🇳🇵🇳🇵🇳🇵
We support Ravi sir ♥️",rabi lamichhane,yt:Rabi Lamichhane interview,comment,latin
"You gain strength, courage and confidence by every experience in which you really stop to look fear in the face. You must do the thing you think you cannot do. Thanks Chitwan for choosing such leader.",rabi lamichhane,yt:Rabi Lamichhane interview,comment,latin
What a great personality 🙌💯.. Keep going rabi sir👍,rabi lamichhane,yt:Rabi Lamichhane interview,comment,latin
"स्यालुट छ, हजुरलाई सर👍️",rabi lamichhane,yt:Rabi Lamichhane interview,comment,deva
Fame and defame goes hand in hand… you should be happy that you are threat to them…. Kina risaunu ….full support cha hamro tapain lai,rabi lamichhane,yt:Rabi Lamichhane interview,comment,latin
You are real hero Ravi sir we support you.,rabi lamichhane,yt:Rabi Lamichhane interview,comment,latin
Wow great well said !!,rabi lamichhane,yt:Rabi Lamichhane interview,comment,latin
आगो लगाउनु पर्छ रवि सर,rabi lamichhane,yt:Rabi Lamichhane interview,comment,deva
"गज्जब लाईन!

म, आमाको काखमा फर्केर आएको हु, यो देशमा बिदेश पुगेका मान्छेहरु बाकसमा मात्र फर्केर आउनपर्ने हो?",rabi lamichhane,yt:Rabi Lamichhane interview,comment,deva
Wow congratulations 🎉🎊🎈 rabi sir,rabi lamichhane,yt:Rabi Lamichhane interview,comment,latin
"Rabi you been hurt so sorry I hope every one is with you I knew you are so good human we respect you more then any Nepali other Citizens.
God love you so much.",rabi lamichhane,yt:Rabi Lamichhane interview,comment,latin
What a great leader ❤️!!,rabi lamichhane,yt:Rabi Lamichhane interview,comment,latin
rabi ji hami xau hajur ko sath ma,rabi lamichhane,yt:Rabi Lamichhane interview,comment,latin
चोर र भ्रस्टाचारले सबै लालचमा परेकोछ देशमा राम्रो गर्ने आउनेलाइ ठाउनै छैन झोलेहरुलाइ देश निकाला गर्नुपर्छ अब कहिले बुज्ने हामी नेपालीले ।,rabi lamichhane,yt:Rabi Lamichhane interview,comment,deva
Huge respect Rabi Sir  keep going,rabi lamichhane,yt:Rabi Lamichhane interview,comment,latin
"Nepal ko chautho anga ——- 
Nyayalaya——- 
Sarkar ——- 
Jaya hosh rabi sir 🙏🙏",rabi lamichhane,yt:Rabi Lamichhane interview,comment,latin
Tika Ram Yatri dai jasto guest sanga bolne bela ma Sanjay Bro ko intellectual height katro cha bhanera clearly expose bhayeko cha...He Really needs to Modify himself and he should learn and research more before conducting interview with such personalities...,rabi lamichhane,yt:Rabi Lamichhane interview,comment,latin
❤❤❤Nice sir,rabi lamichhane,yt:Rabi Lamichhane interview,comment,latin
masterpiece thought yatri g,rabi lamichhane,yt:Rabi Lamichhane interview,comment,latin
Rabhi dai sang pani interview garnu parxa,rabi lamichhane,yt:Rabi Lamichhane interview,comment,latin
"Kina बोल्ने,कारण के  जवाफदेहिता तिमी हरु TRP वाला लाई दिनै पर्ने हो र",rabi lamichhane,yt:Rabi Lamichhane interview,comment,mixed
Patrakarko lavish life ko economic source chai k honi Mr.Tika yatri????,rabi lamichhane,yt:Rabi Lamichhane interview,comment,latin
sahi manchhe.,rabi lamichhane,yt:Rabi Lamichhane interview,comment,latin
Ravi dai jai nepal,rabi lamichhane,yt:Rabi Lamichhane interview,comment,latin
Good 🔔🔔🔔👌🇳🇵,rabi lamichhane,yt:Rabi Lamichhane interview,comment,latin
Tika ramji ko sthar nai ucha chha hai.rabiji  yatri ji ko karkram ma chhittai aaune hope ma chhu.,rabi lamichhane,yt:Rabi Lamichhane interview,comment,latin
Ravi lamichanne should give an interview …lukera hero thodi bhaincha…come out Mr 😂,rabi lamichhane,yt:Rabi Lamichhane interview,comment,latin
"Tika rAm, rajendra baniya,  yubraj gautam, yubraj ghimire etc parenan.",rabi lamichhane,yt:Rabi Lamichhane interview,comment,latin
"Debate गर्न सक्ने , तर्कहरु दिन सक्ने त ह्याउ पनि हुनु पर्यो नि , धोक्रो सुकाइ सुकाइ पाएको भोट एउटा अन्तर्वार्ताले सोत्तर पार्छ भन्ने थाह भएरै भागि रहेको हो |",rabi lamichhane,yt:Rabi Lamichhane interview,comment,mixed
Kina bolne?????..... individual rights Cha hoina??????,rabi lamichhane,yt:Rabi Lamichhane interview,comment,latin
Gu le ful lai ganayo vanna mildaina.,rabi lamichhane,yt:Rabi Lamichhane interview,comment,latin
Esto fatahalai Rabile kina interview dine?,rabi lamichhane,yt:Rabi Lamichhane interview,comment,latin
खुल्क्याउऔ तिमिले तिमी जस्तो लाई अन्तर्बार्ता दियर बस्न समय छैन नि महोदय देस र जन्ताको लागि हिडेको मान्छे लाई किन.......?,rabi lamichhane,yt:Rabi Lamichhane interview,comment,deva
भगवान जस्ता रबि सर बदाइ अनि सुभकामना🌹🌹🌹🌹🌹🌹,rabi lamichhane,yt:Rabi Lamichhane interview,comment,deva
रवि जी धेरै गर्व लाग्ने योजना रैछ सफ़ल होस जग्दिस जी प्रश्न चयन धेरै उच्च कोटिको ।,rabi lamichhane,yt:Rabi Lamichhane interview,comment,deva
Ravi bhai congratulations you are my Dream people,rabi lamichhane,yt:Rabi Lamichhane interview,comment,latin
rabi sir is real hero of nepal really.🌹🌹🌹🎁🌹,rabi lamichhane,yt:Rabi Lamichhane interview,comment,latin
जय हाे रबि सर !  तपाईंको बिचार मााहन छ !!,rabi lamichhane,yt:Rabi Lamichhane interview,comment,deva
"Wow katti handsome k 
Rabi Sir",rabi lamichhane,yt:Rabi Lamichhane interview,comment,latin
U r great dai lov u 😍😍😘,rabi lamichhane,yt:Rabi Lamichhane interview,comment,latin
अब प्रत्रकार नेपाल पहिलो प्रधामन्त्री रबि लामिछाने हुनुपर्छ,rabi lamichhane,yt:Rabi Lamichhane interview,comment,deva
nepal amako real hiro real son jei nepal ama god bless you ravi bhai,rabi lamichhane,yt:Rabi Lamichhane interview,comment,latin
रबीसर हाम्राे नेपालकाे कॅणधार हाेे हामी सबै सन्तुस्ट छाैं,rabi lamichhane,yt:Rabi Lamichhane interview,comment,deva
Handsome rabie sir congratulations.,rabi lamichhane,yt:Rabi Lamichhane interview,comment,latin
So great interview line ra dine dubai Jan great,rabi lamichhane,yt:Rabi Lamichhane interview,comment,latin
Rabi sir Namasker,rabi lamichhane,yt:Rabi Lamichhane interview,comment,latin
ravi sir many  many  thank  so much,rabi lamichhane,yt:Rabi Lamichhane interview,comment,latin
हजुर दुबैमा शुभकामनाछ रबिसर रबिसर रबिसर,rabi lamichhane,yt:Rabi Lamichhane interview,comment,deva
Great !!!,rabi lamichhane,yt:Rabi Lamichhane interview,comment,latin
rabi sir is great i miss him,rabi lamichhane,yt:Rabi Lamichhane interview,comment,latin
Love you soo much ravi sir,rabi lamichhane,yt:Rabi Lamichhane interview,comment,latin
Hjr rabi vy verry verry thanks vy kati khusi la go je hos hjr ko maile hjrlai essor rai Janma uni vaya xa savanda hjr ko mamilai Yasto xora pay a ko ma verry verry thanks xa vy,rabi lamichhane,yt:Rabi Lamichhane interview,comment,latin
I miss you dai,rabi lamichhane,yt:Rabi Lamichhane interview,comment,latin
Aakhir j bhanyo  tehi garer dekha ko xa Ravi Sir le best of luck Ravi Sir,rabi lamichhane,yt:Rabi Lamichhane interview,comment,latin
You are great rabi vaai,rabi lamichhane,yt:Rabi Lamichhane interview,comment,latin
Ravi Sir we all want u to be a prime minister of nepal,rabi lamichhane,yt:Rabi Lamichhane interview,comment,latin
Nepali janata ko national real hero rabi lamichhani grand salute .,rabi lamichhane,yt:Rabi Lamichhane interview,comment,latin
नमस्कार  रबि सर  हजुर लाई  बधाई छ रबि सर,rabi lamichhane,yt:Rabi Lamichhane interview,comment,deva
I like rabi dai,rabi lamichhane,yt:Rabi Lamichhane interview,comment,latin
I love you ravi dada,rabi lamichhane,yt:Rabi Lamichhane interview,comment,latin
You are great myan😘😘😘,rabi lamichhane,yt:Rabi Lamichhane interview,comment,latin
मेरो निम्ती मेरो ज्ञानमा दुवै जना पत्रकार उत्कृष्ट ।,rabi lamichhane,yt:Rabi Lamichhane interview,comment,deva
रबि लामिछानेको प्रगती त्यो इन्टरभ्यु  अनि यो ईन्टरभ्यु लिएको समयमा भन्द्दा आज धेरै माथी छ । आज बरु अरु पत्रकार लाई मानिसले नचिन्लान तर आज रबि लामिछाने लाई सबै नेपालीले चिन्छन ।,rabi lamichhane,yt:Rabi Lamichhane interview,comment,deva
Congratulation ...rabi da,rabi lamichhane,yt:Rabi Lamichhane interview,comment,latin
आज आएर हेरे । गजब लाग्यो ।,rabi lamichhane,yt:Rabi Lamichhane interview,comment,deva
Salam x rabi sir hajur lai 3 karod nepali ko,rabi lamichhane,yt:Rabi Lamichhane interview,comment,latin
2 people nice taking.... 💝,rabi lamichhane,yt:Rabi Lamichhane interview,comment,latin
Rabi dai🙏👌💗💖💝,rabi lamichhane,yt:Rabi Lamichhane interview,comment,latin
Wow wow Rabi bhai thank you,rabi lamichhane,yt:Rabi Lamichhane interview,comment,latin
congralutions Rabi dai all the best,rabi lamichhane,yt:Rabi Lamichhane interview,comment,latin
"यो पत्रकार भाग्यमानी रैछ,रवि सर जस्तो महान सत्य मान्छेको अन्तरवार्ता  लिन पाईस।केहि सिक रवि सर संग बाट... Salut Rabi Sir",rabi lamichhane,yt:Rabi Lamichhane interview,comment,mixed
Dami dami xa,rabi lamichhane,yt:Rabi Lamichhane interview,comment,latin
wow rabi sir,rabi lamichhane,yt:Rabi Lamichhane interview,comment,latin
दियाको एक्टिङ् सारै राम्रो त्यो स्वर प्रियङ्का सॅग मिल्दोरछ,rabi lamichhane,yt:Rabi Lamichhane interview,comment,deva
Jindabat rabi dai,rabi lamichhane,yt:Rabi Lamichhane interview,comment,latin
श्री३   रवि  महाराजको जय होस्,rabi lamichhane,yt:Rabi Lamichhane interview,comment,deva
Salute xa Rabi sar lai,rabi lamichhane,yt:Rabi Lamichhane interview,comment,latin
रवि सर जिन्द बात जिन्द बात,rabi lamichhane,yt:Rabi Lamichhane interview,comment,deva
namaste rabi ahar,rabi lamichhane,yt:Rabi Lamichhane interview,comment,latin
jay rabe sar jay nepal,rabi lamichhane,yt:Rabi Lamichhane interview,comment,latin
I like Rabi sir,rabi lamichhane,yt:Rabi Lamichhane interview,comment,latin
khusi lageko xa rabi sir Nepal le payakoma,rabi lamichhane,yt:Rabi Lamichhane interview,comment,latin
ma chai 2077 ma herdai xu hai.😍😘,rabi lamichhane,yt:Rabi Lamichhane interview,comment,latin
साधारण जनता को आसु पुछिदिने भगबान सरि रबिसर।,rabi lamichhane,yt:Rabi Lamichhane interview,comment,deva
ravi ravi ravi...,rabi lamichhane,yt:Rabi Lamichhane interview,comment,latin
Best of luck rabi sir,rabi lamichhane,yt:Rabi Lamichhane interview,comment,latin
Mahan rabi sir,rabi lamichhane,yt:Rabi Lamichhane interview,comment,latin
i like rabi sar,rabi lamichhane,yt:Rabi Lamichhane interview,comment,latin
al th best ravi sir,rabi lamichhane,yt:Rabi Lamichhane interview,comment,latin
I am big friends for you ravi sir miss yu❤❤❤❤😊,rabi lamichhane,yt:Rabi Lamichhane interview,comment,latin
great rabi sir,rabi lamichhane,yt:Rabi Lamichhane interview,comment,latin
👍👍👍👍🎉🎉🎉🎉,rabi lamichhane,yt:Rabi Lamichhane interview,comment,latin
good  rabi dai,rabi lamichhane,yt:Rabi Lamichhane interview,comment,latin
"लोकप्रिय भन्ने कुरा रातारात हुँदैन, सङ्घर्ष के हो सिक्नै पर्छ रवि दाई बाट, सोच्नुस् त रवि थिएनन् भने यो मुलुक कस्तो हुन्थियो होला",rabi lamichhane,yt:Rabi Lamichhane interview,comment,deva
Namaskar rabi dai,rabi lamichhane,yt:Rabi Lamichhane interview,comment,latin
Rieal herro rabi dai,rabi lamichhane,yt:Rabi Lamichhane interview,comment,latin
JayDesh JayRavi sir,rabi lamichhane,yt:Rabi Lamichhane interview,comment,latin
दुई टै मान्छेले कति मिठो तरिकाले कुरा गरेको समय गाको पत्तै भयेन,rabi lamichhane,yt:Rabi Lamichhane interview,comment,deva
I love you Rabi daju,rabi lamichhane,yt:Rabi Lamichhane interview,comment,latin
Rabi sir ramro parsana sodnuhoal please,rabi lamichhane,yt:Rabi Lamichhane interview,comment,latin
100 % Good.,rabi lamichhane,yt:Rabi Lamichhane interview,comment,latin
अनुहार नै भगवान को छ,rabi lamichhane,yt:Rabi Lamichhane interview,comment,deva
Rabi sir u are great man,rabi lamichhane,yt:Rabi Lamichhane interview,comment,latin
super hero  rabi  dai,rabi lamichhane,yt:Rabi Lamichhane interview,comment,latin
लोकप्रिय सञ्चार कर्मी एकमात्र रबी लामिछाने,rabi lamichhane,yt:Rabi Lamichhane interview,comment,deva
Absolutely 👍 right ✅,rabi lamichhane,yt:रवि लामिछाने,comment,latin
Jay Rabi dai,rabi lamichhane,yt:रवि लामिछाने,comment,latin
सहि भन्नुभएको हो भाइ राजा,rabi lamichhane,yt:रवि लामिछाने,comment,deva
सहिबाेेलेकाछनरल,rabi lamichhane,yt:रवि लामिछाने,comment,deva
पतरकारहरु पनि झोलेहरु नै छन के   सोधेको तरीका बाटै थाहा हुन्छ,rabi lamichhane,yt:रवि लामिछाने,comment,deva
Now open border is very injurious to Nepal,rabi lamichhane,yt:रवि लामिछाने,comment,latin
"देख्ने का अँखा फुटे, सुन्ने को सहि",rabi lamichhane,yt:रवि लामिछाने,comment,deva
"🇳🇵🙏 एउटा प्रश्न हरेक नेपालीले आफैलाइ सोधौ त !प्रश्न >>"""" एउटा नेपालीले आफ्नो देश र  आफ्नो धर्म मध्य कुनचैलाइ प्राथमिकतामा राख्ने ? 🤔🤔 धर्मका लागि लडदै गर्दा देश नै मर्ने स्थीतीमा जान लाग्योभने के तपाई अझै धर्मकै लागि  लड्नुहुन्छ की देस जोगाउन ?🤔🤔  नेपालमा अहिले मुख्य  2 मानसिकता बोकेका मान्छेहरु,समहु,समाज र राजनीति  पार्टीहरु छ्न 🙏 जसमध्ये एक हालको सरकारमाथी आशा गरेर समर्थन गर्ने र अर्को चै जसरी भएपनी यो सरकारलाइ ढाल्नुपर्छ भन्ने 😢😢 के यो सरकार ढालेर परीवरतन हुनेछ र? 🤔🤔 35/36 वर्षमा भएका भ्रष्टाचार ,कुसासन रोकीन्छ त? ते दोषीहरुलाइ कार्वाही हुन्छ त? अनी पुराना र नयालाइ सुक्ष्म रूपमा  तुलना गरेर , केलायर हेर्दा कसलाई रोज्नुहुन्छ?100%perfect ,32 लक्ष्णले भरीपुर्ण कोही हुदैनन् र अहीलेको नेपालको परीस्थीतीमा त्यो खोज्नु पनी अलीक तार्किक हुदैन होला हैन र? 🤔🤔🤔  यी माथीका प्रश्नको उत्तर खोज्नुहोस अनी हरेक नेपालीले के गर्नुपर्ने ,कस्तो सोच बनाउने बुझीनेछ । 🙏 """"नेपाली हामी ,रहौला कहा नेपाल नै नरहे""""🙏🇳🇵.",rabi lamichhane,yt:रवि लामिछाने,comment,mixed
पक्का हो सत्य तथ्या छानबिन हुन जरुरी छ तर रमेस प्रसाईं आजो भोलि अरु सनोतिनो युटुबको समचारमा धेरै भर परेको जस्तो देख्छु यस्तो  नचाहिदो बोल्नु तपाईं सुहाउदैन प्रसाईं सर,rabi lamichhane,yt:रवि लामिछाने,comment,deva
मलाई त तपाईं हरु को कुरा सुनेर अचम्म अनौठो अनि हास पनि उठछ तपाई हरु चै कसरी आज यो पद कुर्सी मा अचानक एकाशी फुत फुत मन्त्री बन्नु भो यो त ताज नै छ भने अरु माथी नै बारम्बार औलाउनु उचित सहि हुदैन धान खाने मुसा चोट आरोप चै भ्यागुतो लाई भने जस्तो हुन्छ पहिले त सरकार दरो बलियो होशियार चलाक हुनु पर्यो अनि सुरक्षा कर्मी हरु लाई चुस्त दुरुस्त बलियो बनाउनु जरुरी छ,rabi lamichhane,yt:रवि लामिछाने,comment,deva
Esle chai k bechera xak tardai x sodha n ho.,rabi lamichhane,yt:रवि लामिछाने,comment,latin
आफै सत्तामा  रहेर आफै अरुलाइ लालछाना लगाउन त्यो भन्दा मुर्खता के होला ।,rabi lamichhane,yt:रवि लामिछाने,comment,deva
Resin pm,rabi lamichhane,yt:रवि लामिछाने,comment,latin
Yu muji le sabai dekheko hunxa yaar feri ghatana hun aghi kin vandain.,rabi lamichhane,yt:रवि लामिछाने,comment,latin
डिजिटल  ठग केको  तनाबमा  छ,rabi lamichhane,yt:रवि लामिछाने,comment,deva
Yeslai tyatikai vagwanle Ando banako hoen,rabi lamichhane,yt:रवि लामिछाने,comment,latin
Patrukar ji of Nepal looks like actually you guys have nothing to do all the time running after these Netas and political people with your booms ! sometime you guys must have to know about the situation of your nation how tense is it right ? how the concerned authority is working to solve these so many problems which are created by your 3 old parties corrupt people ? So stop bothering them instead of running after them do your creative field based journalism make aware the people of present condition of your nation !,rabi lamichhane,yt:रवि लामिछाने,comment,latin
"सुनसरी घटनाको मुख्य नाइके नै हर्क हो।
अघिल्लो दिन हर्कको अभिव्यक्ति र भोलिपल्टको घटना हेर्दा।",rabi lamichhane,yt:रवि लामिछाने,comment,deva
Love rabi sir🇳🇵🇳🇵🇳🇵🇳🇵👍👍🎉,rabi lamichhane,yt:रवि लामिछाने,comment,latin
🙏🙏🙏🙏🇳🇵🇳🇵🔔,rabi lamichhane,yt:रवि लामिछाने,comment,latin
Timiharu kohi thick chainnau ra hoinnauu pani. Think how our country was before 2046.  But now how is it going on? And how we expect future's like you unprofessional leaders,rabi lamichhane,yt:रवि लामिछाने,comment,latin
Yo sirkar pura asafal vae sakyo xode hunxa,rabi lamichhane,yt:रवि लामिछाने,comment,latin
एले आँखा कसरी देखि राछ,rabi lamichhane,yt:रवि लामिछाने,comment,deva
आँखा नदेख्ने किन कराको,rabi lamichhane,yt:रवि लामिछाने,comment,deva
Kun pagal ho yo,rabi lamichhane,yt:रवि लामिछाने,comment,latin
Pray For Peace.... गृहमन्त्री ले नैतिकता देखाएर राजीनामा दिएर परिपक्व मनिष झा हरु जस्ता परिपक्व गृहमन्त्री बनाउ   ।,rabi lamichhane,yt:रवि लामिछाने,comment,mixed
यस्ता काना हरू सरकार मा छन अनी कसरी देश उभाे लाग्छ,rabi lamichhane,yt:रवि लामिछाने,comment,deva
yo prasna sodhne keta abasya UML bata prachalit nai ho? Jimmewar kina line? goli haane dui samuha bhitra bata nai bhako chha.,rabi lamichhane,yt:रवि लामिछाने,comment,latin
यस घटनाको मुख्य दोसि हर्के हो यस्को छिटो छान बिन होस हर्के लाई सम्सद पद बाट निलम्बन गर्नु पर्छ,rabi lamichhane,yt:रवि लामिछाने,comment,deva
Tero jindigi,rabi lamichhane,yt:रवि लामिछाने,comment,latin
कति राम्रो  कुरा 👍️👌👌🙏🙏🌺🌺,rabi lamichhane,yt:रवि लामिछाने,comment,deva
यो पत्रकार झोले कि के हो,rabi lamichhane,yt:रवि लामिछाने,comment,deva
अरु सरकार ले सबै गल्ती Rasapa काे सरकार ले जे गरे   पनि मान्छे मारे पनि सबै ठिक।,rabi lamichhane,yt:रवि लामिछाने,comment,mixed
सरकारले नलेर कसले लिन्छ त त्यसको जिम्मा सरकारले लिनु परेन,rabi lamichhane,yt:रवि लामिछाने,comment,deva
Rawi daaju ko jawaaf nai kaafi xaa❤🎉🎉🎉 baalen ko k dosh,rabi lamichhane,yt:रवि लामिछाने,comment,latin
Jaya Rabi jaya Ghanti 🔔🔔🔔🔔🔔🔔🔔🔔🔔🔔🔔,rabi lamichhane,yt:रवि लामिछाने,comment,latin
❤❤❤❤❤❤right,rabi lamichhane,yt:रवि लामिछाने,comment,latin
सबभन्दा पहिला त यो प्रचण्डलाई समाउनुपर्छ हो प्रचण्डलाईयो प्रचण्ड माओवादी जंगल पसेर गाउँघरको बिचरा सानो नानी बाबुलाई स्कुलबाट अपहरण गरेर लानेगाउँ रित्तो भएको यही माओवादीले गर्दाखेरि नै हो।,rabi lamichhane,yt:रवि लामिछाने,comment,deva
Mahan hunuhunxa Ravi sir vagawan,rabi lamichhane,yt:रवि लामिछाने,comment,latin
Kasto patur ka ho,rabi lamichhane,yt:रवि लामिछाने,comment,latin
Jai Rabi Sir and Balen Sir,rabi lamichhane,yt:रवि लामिछाने,comment,latin
Baalen ko k dosh❤🎉🎉🎉🎉,rabi lamichhane,yt:रवि लामिछाने,comment,latin
तिमेरू राश्वपा लगायत शृकार कै काम छैन।एस्तो अबश्थामा पनी पीएम चूप छ।गृह चूप छ।की तीमेरकै मीलेमतो त छैन?की शरकार हाँक्न शक्दैनौ?तेसो हो भने राजीनामा दीदा राम्रो।,rabi lamichhane,yt:रवि लामिछाने,comment,deva
पत्र कार ले त साँचै भन्नु पर्दा यस्तै उल्टो सुल्टो कोइसेन गरेको सुन्दा त मनै पर्दैन,rabi lamichhane,yt:रवि लामिछाने,comment,deva
Honi rabi daaju❤🎉🎉🎉🎉,rabi lamichhane,yt:रवि लामिछाने,comment,latin
🔔🔔🔔🔔🙏🙏🙏🙏🇳🇵🇳🇵🇳🇵🇳🇵❤️❤️❤️❤️☝️☝️☝️,rabi lamichhane,yt:रवि लामिछाने,comment,latin
Yo sabai balen Sarkar dhalana ho Sarkar leh ta gareko Hina ni,rabi lamichhane,yt:रवि लामिछाने,comment,latin
मिडियाबाजि र भाषनगरेर हँदैन घटना स्थल मापुगेर सत्य तथ्य पतालगाएर दाेसिलाइ कडाभन्दा कडा डणड सजाय गरियाेस।   सरकार,rabi lamichhane,yt:रवि लामिछाने,comment,deva
Kp lai pradhan mantri banau pheri samajik sanjal bandha garchha ani khaula jhole hatu😂,rabi lamichhane,yt:रवि लामिछाने,comment,latin
Janta ni vedo ho na chahine new kojyko  ho sarkaar lai dawon gharna khoje ko chaa,rabi lamichhane,yt:रवि लामिछाने,comment,latin
Ghante  ko jhooley,rabi lamichhane,yt:रवि लामिछाने,comment,latin
Good News 👍👍👍👍👍,rabi lamichhane,yt:Rabi Lamichhane RSP,comment,latin
❤❤❤❤❤❤❤❤❤❤❤❤❤❤❤❤❤❤❤❤❤❤❤❤❤❤❤❤❤❤,rabi lamichhane,yt:Rabi Lamichhane RSP,comment,latin
Rabi dai Balen❤❤,rabi lamichhane,yt:Rabi Lamichhane RSP,comment,latin
Barking dog seldom bites is actually the same. Balen Shah(PM) did every single best outcome without saying and after being done he is saying to people who may have misunderstood for his action. He is speaking less with grt confident and trying to finish his speech but people around want to hear his more speech. I wander if I would be there… Thanks for your honesty and love in peace while we can see your confidence level.❤❤❤,rabi lamichhane,yt:Rabi Lamichhane RSP,comment,latin
Very good balen 🙏🙏👍👍👍,rabi lamichhane,yt:Rabi Lamichhane RSP,comment,latin
Jaya hos Balen Sarkar 💐 Jaya Nepal 🇳🇵,rabi lamichhane,yt:Rabi Lamichhane RSP,comment,latin
जय रबि जय बालेन जय नेपाल ❤❤❤,rabi lamichhane,yt:Rabi Lamichhane RSP,comment,deva
Aba boldaina vanne birodhi  haru le kun naya bahana garne hola,rabi lamichhane,yt:Rabi Lamichhane RSP,comment,latin
Ravi balen ❤,rabi lamichhane,yt:Rabi Lamichhane RSP,comment,latin
Jai Balen jai rabi,rabi lamichhane,yt:Rabi Lamichhane RSP,comment,latin
balen lai bal chaina. afno kam garcha jancha. yeti kura chai confirm cha ki usle brastachar chai gardai gardaina .,rabi lamichhane,yt:Rabi Lamichhane RSP,comment,latin
Jay balen group❤❤❤❤,rabi lamichhane,yt:Rabi Lamichhane RSP,comment,latin
"राजनीतिक भाषण हो,सुनौं र आनंद लिउं 
बांकी त काम बाट देखिई नै हाल्छ/अहिले
पनि देखिएकै छ!!",rabi lamichhane,yt:Rabi Lamichhane RSP,comment,deva
रबि तथा बालेन यो देशमा जनताका लागि मुना मदन जस्तै सदाका लागि भैरहुनन् जय निलो क्रान्ति जय नेपाल जय रास्ट ?,rabi lamichhane,yt:Rabi Lamichhane RSP,comment,deva
"Aru sab party KO Neta haru lai dekhada sarai mann Prasanna bhayo, ho yo po ho ta rajneetik sanskar!! Khali tyo Harkey ho Nathey !",rabi lamichhane,yt:Rabi Lamichhane RSP,comment,latin
Tara jai nepal ko aawaj Suniyana  jun bolna sakena raswopa 😅,rabi lamichhane,yt:Rabi Lamichhane RSP,comment,latin
गरिस बोल बोल त र पुरानो मा र त मा के फरक छ ? त सट्टामा हुदा रबीको सबै मुद्दा बाट सफाई BYD कान्ड सबै आफै मिलाउने ??? यो कुरा बुझ झुट धेरै टिकदैन ? कहिले देश भन्दा पार्टि कहिले ठुलो हुदैन ? साम्सदमा कहिले बोल्न नचाहने ले पार्टिको अधिबेसनमा बा बनिस?,rabi lamichhane,yt:Rabi Lamichhane RSP,comment,mixed
🔔🔔🔔🔔🔔🔔🔔🔔🔔🔔🔔❤️❤️❤️❤️❤️❤️🌈,rabi lamichhane,yt:Rabi Lamichhane RSP,comment,latin
Dbk mukhma ram ram bavali mathura,rabi lamichhane,yt:Rabi Lamichhane RSP,comment,latin
Balen is working as a social worker rather than a leader,rabi lamichhane,yt:Rabi Lamichhane RSP,comment,latin
"salute to dear Dr. Baburam Bhattrai, Gagan thapa and who others accepted to join the adhibesan ❤🎉🙏🏻😂😆🥰",rabi lamichhane,yt:Rabi Lamichhane RSP,comment,latin
"RSP को पनि धागो बाहिर नै रहेछ???नत्र राजा ल्याउनुपर्ने, सिमा मिचेको सच्याउन पर्ने ।कतै नेपाली झुक्याउँदै त छैनन्???",rabi lamichhane,yt:Rabi Lamichhane RSP,comment,mixed
Very good Balan happy,rabi lamichhane,yt:Rabi Lamichhane RSP,comment,latin
Jay Balen Jay Ravi 🔔🔔🔔🔔,rabi lamichhane,yt:Rabi Lamichhane RSP,comment,latin
माहान रबि दाइ,rabi lamichhane,yt:Rabi Lamichhane RSP,comment,deva
Nepali ko aasa varosa hamro PM #Balen,rabi lamichhane,yt:Rabi Lamichhane RSP,comment,latin
Rabi dai thikka bolnu dherai bolnu hunna,rabi lamichhane,yt:Rabi Lamichhane RSP,comment,latin
जय रबि जय वालेन जय घण्टी जय नेपाल,rabi lamichhane,yt:Rabi Lamichhane RSP,comment,deva
❤😂🎉😢😮😅😊😊,rabi lamichhane,yt:Rabi Lamichhane RSP,comment,latin
Jaya balen ji jindabad,rabi lamichhane,yt:Rabi Lamichhane RSP,comment,latin
जनताकोसरकारबालेनसाह जिनदनबाद,rabi lamichhane,yt:Rabi Lamichhane RSP,comment,deva
जय घनंटी जय रबीसर जिन्दाबाद जय बालेन सरकार,rabi lamichhane,yt:Rabi Lamichhane RSP,comment,deva
Wow What a great speech Rabi sir,rabi lamichhane,yt:Rabi Lamichhane RSP,comment,latin
Wowww 🙏🙏🙏♥️♥️♥️👍👍👍👍👍👌👌👌👌👌💯💯💯💯🇲🇲🇲🇲🇲🇲🇲🇲🇲🇲🇳🇵🇳🇵🇳🇵🇳🇵🇳🇵♥️♥️♥️♥️🇹🇭,rabi lamichhane,yt:Rabi Lamichhane RSP,comment,latin
Rabi is king of Nepal ☝️☝️☝️🇳🇵🇳🇵🇳🇵🇳🇵❤️❤️❤️❤️🙏🙏🙏🔔🔔🔔🔔,rabi lamichhane,yt:Rabi Lamichhane RSP,comment,latin
Excellent speech 👏💬👏💬 great topics 👏👏💬👏👏👏❤️❤️❤️💥💥❤️❤️💥❤️💥❤️💥👏💬👏❤️💥,rabi lamichhane,yt:Rabi Lamichhane RSP,comment,latin
I love ❤️❤️❤️❤️ Rabi Dai ❤❤❤,rabi lamichhane,yt:Rabi Lamichhane RSP,comment,latin
साच्चिकै बोलिमा जादु छ आखाबाट आसुरसाउछ ।,rabi lamichhane,yt:Rabi Lamichhane RSP,comment,deva
💕🇲🇲🇳🇵💕💕💕💕🙏👌👍💕💕💕💕💕💕💕💕💕,rabi lamichhane,yt:Rabi Lamichhane RSP,comment,latin
Sir sapai thik xa tara hamro raja hunu huna very bad frst raja ani aru plzz janta buja mula ho raja hunu parxa frst ma ?,rabi lamichhane,yt:Rabi Lamichhane RSP,comment,latin
❤❤❤❤❤❤❤❤❤🎉🎉🎉🎉🎉🎉🎉🎉🎉🎉🎉🎉🎉🎉🎉😢🎉🎉🎉🎉🎉🎉,rabi lamichhane,yt:Rabi Lamichhane RSP,comment,latin
Very good ❤❤❤,rabi lamichhane,yt:Rabi Lamichhane RSP,comment,latin
Great ravi sir,rabi lamichhane,yt:Rabi Lamichhane RSP,comment,latin
Ek ek sabda dai ko yrr..eti biswas xa ki jaba samma rabi dai xan taba samma kasailai xada hune xhut xainaaa... lv u daiii,rabi lamichhane,yt:Rabi Lamichhane RSP,comment,latin
❤❤❤ love you Ravi dai,rabi lamichhane,yt:Rabi Lamichhane RSP,comment,latin
Jaya bell jaya balen,rabi lamichhane,yt:Rabi Lamichhane RSP,comment,latin
"सबैको परिश्रम र मेहनत बराबरी भए तापनि त्यसको मुल्यांकन बराबरी नहुदा रहेछन् है रबि भाई, किनकि जिवित नै अशान्ति र नर्क हुन। ब्रह्माण्ड भित्र पाइने यी सबै दृश्य तत्त्वहरु असमानताको प्रतीकहरु हुन, यिनै असमानताको प्रतीकहरु नै अशान्तिको प्रतीकहरु हुन। All these visible elements found within the universe are symbols of inequality, and these symbols of inequality are symbols of unrest, that's why, should be now “No heat, No cold” “No God, No Giant” “No error, No punishment” it is a real peace, real sleep, real equality, real great and real heaven, which is called the original end and original invisible void. Within that space, both inanimate and living things elements are made the invisible void धन्यवाद!
""O""M´science",rabi lamichhane,yt:Rabi Lamichhane RSP,comment,mixed
हाम्रो देश कृषिप्रधान देश भनेर संसार भर चिनिन्छ ।तर देशभित्र अन्न्बाली उत्पादन नभएर अझै पनि ग्रामीण भेगमा 15-20 किलोमिटर चामल भोकेर परिवर पाल्ने गरेको छ । यदि अब आउने सरकारले देश भित्र आमदानी लाई प्रोत्साहन दिनेहो भने देश हरियाली र भोकमरी मुक्त हुने छ । भाहिर बाट आउने क्यामिकल र बिसादी खाना खायर क्यान्सर र विभिन्न रोग बाट जनता हरु त्रसित भएको अवस्था छ । यदि सरकारले किसान लाई प्रोत्साहन र निजामती कर्मचारी जस्तै महिना हो ( छ )महिना को कृषकको  आम्दानी हेरेर  तलब छुट्टायाउने हो भने अझ देश उत्पादन मा अगाडि बढछ ।कृषकको पनि आमदानी अनुसार को लाइसेन्स भयो भने अझ कृषक ले न्याय पाउने छ र देश नंया मोड मा जानेछ,rabi lamichhane,yt:Rabi Lamichhane RSP,comment,deva
Nepal maa balatkar huna Banda hunuparo😢 Nepal maa karmachariharuko kadarhunu paro aafnu desh maa jagir khako Lai Khana dinay boru vhastachar Banda hos hospital ma line lagna naparos,rabi lamichhane,yt:Rabi Lamichhane RSP,comment,latin
Mero.tharpa.bata.Rabi.lamechane.Russia.ko.putain.jasto.hunuparcha.rabi.le.desh.ra.janta.pachama.cha.dhari.dhari.suvamakna,rabi lamichhane,yt:Rabi Lamichhane RSP,comment,latin
Jay nepal jay ghanti jay pr manti balen sah lae bhadhae ch,rabi lamichhane,yt:Rabi Lamichhane RSP,comment,latin
निलो कार्न्ति जिन्दावाद जय घन्टि जय नेपाल,rabi lamichhane,yt:Rabi Lamichhane RSP,comment,deva
जय बालेन सरकार 🙏🙏🙏🙏🇳🇵🇳🇵🇳🇵🇳🇵🇳🇵🇳🇵🇳🇵🇳🇵🇳🇵,rabi lamichhane,yt:Rabi Lamichhane RSP,comment,deva
"जाय,गानठि,",rabi lamichhane,yt:Rabi Lamichhane RSP,comment,deva
Beunitadenepalyamalaimayagaru,rabi lamichhane,yt:Rabi Lamichhane RSP,comment,latin
8:18 yama Buddha 😢,rabi lamichhane,yt:Rabi Lamichhane RSP,comment,latin
Balan Babu 🙋🙋,rabi lamichhane,yt:Rabi Lamichhane RSP,comment,latin
Birodhi haru kta xan 😆😆,rabi lamichhane,yt:Rabi Lamichhane RSP,comment,latin
"चिनताराषट,कोगर राजतनऋ जिनदनबनद",rabi lamichhane,yt:Rabi Lamichhane RSP,comment,deva
धन्यवाद प्यालेन्जी तपाईँको बचन अमर होस्,rabi lamichhane,yt:Rabi Lamichhane RSP,comment,deva
Dbk agali 25650 Tere Liye Arun furniture,rabi lamichhane,yt:Rabi Lamichhane RSP,comment,latin
😂😂aaja aamro balenle bkhara chorko hatma ghanti  bajaunu deyo😂😂jay ghanti kila nepal ♥️ jay ♥️ rabi & balen ❤jindabad nilo kranti ko mahan raj neta rabi bag ♥️ jay ghanti,rabi lamichhane,yt:Rabi Lamichhane RSP,comment,latin
Vasan matra garera chaldena😊😅,rabi lamichhane,yt:Rabi Lamichhane RSP,comment,latin
Gagan thapa le   aru le bhanda dherai ber ghanti  bajaye,rabi lamichhane,yt:Rabi Lamichhane RSP,comment,latin
"Our pm and Rabi sir
Love you😢😢",rabi lamichhane,yt:Rabi Lamichhane RSP,comment,latin
Veda Janta haru 😅,rabi lamichhane,yt:Rabi Lamichhane RSP,comment,latin
१००%साहि  पात को नलागाॐ,rabi lamichhane,yt:Rabi Lamichhane RSP,comment,deva
Bad boy balen really worst hahah,rabi lamichhane,yt:Rabi Lamichhane RSP,comment,latin
Bad boy balen really worst,rabi lamichhane,yt:Rabi Lamichhane RSP,comment,latin
"अमेरिकी झुण्ड,",rabi lamichhane,yt:Rabi Lamichhane RSP,comment,deva
Mula 😂ghanty haru k gardae xA tha xaen yar,rabi lamichhane,yt:Rabi Lamichhane RSP,comment,latin
"जय,रबि,जय,बालेन🇳🇵🇳🇵🇳🇵🇳🇵🇳🇵🇳🇵",rabi lamichhane,yt:Rabi Lamichhane RSP,comment,deva
belen sarkar 20 barsa dhukhha,rabi lamichhane,yt:Rabi Lamichhane RSP,comment,latin
Proud of PM Balen Shah.🥰,rabi lamichhane,yt:Rabi Lamichhane RSP,comment,latin
Jai balean❤❤,rabi lamichhane,yt:Rabi Lamichhane RSP,comment,latin
आहा कति राम्रो कुरा गर्नु भयो रबि लामिछाने जयु ले नेता हुन् रबि जस्तै सारै मन छोयो हजुर लाई धेरै धेरै धन्यवाद छ हो जनता ले चाहेको यही हो 🙏👏👏🇳🇵👍🔔🔔,rabi lamichhane,yt:Rabi Lamichhane bhasan,comment,deva
"असादै मन छुने भाषण 
साच्चै तापाई अदभूत हुनुहुन्छ 
जय रास्वपा /जय रबि",rabi lamichhane,yt:Rabi Lamichhane bhasan,comment,deva
राम्रो बिचार हुने बिरुबाको चिल्लो पात बोलेका कुराहरु ब्यबाहरमा लागु होस,rabi lamichhane,yt:Rabi Lamichhane bhasan,comment,deva
जय घण्टी 🔔🔔🔔🔔🔔🔔🔔 जय रबि दाई जय रा स्व पा देश बिकास  र न्यायको पक्क्षेमा हामी जनताहरू तपाईको आसा र भरोसामा छौ,rabi lamichhane,yt:Rabi Lamichhane bhasan,comment,deva
रविको हरेक बोलिमा मेरो आशु आउछ 😢 सधै तपाइलाइ पशुपति नाथले रक्षा गरुन🎉🙏,rabi lamichhane,yt:Rabi Lamichhane bhasan,comment,deva
सबै मानिनीय को यस्तै विचार सिद्धन्त रहोस,rabi lamichhane,yt:Rabi Lamichhane bhasan,comment,deva
सहि कुरा गर्नु भयाे🔔रबि सर  नफुट्नु  हाेला धन्यवाद जय🔔🌺🇳🇵,rabi lamichhane,yt:Rabi Lamichhane bhasan,comment,deva
देशमा केही आमूल परिवर्तन हुन्छ भन्ने। पूर्ण विश्वासका साथ राष्ट्रिय स्वतन्त्र पार्टीलाई नेपाली जनताले विश्वास गरेका छन् जय राष्ट्रिय स्वतन्त्र पार्टी जय नेपाल आमा,rabi lamichhane,yt:Rabi Lamichhane bhasan,comment,deva
तपाइको सोँच र बिचार जस्तै सबै सदस्य ज्युहरु को पनि बिचार र सोँच रहोस .....!!,rabi lamichhane,yt:Rabi Lamichhane bhasan,comment,deva
अब भन्नु केहि छैन जय रबिबलेन❤❤❤❤❤❤,rabi lamichhane,yt:Rabi Lamichhane bhasan,comment,deva
रास्वपा यानी आदरणीय दाइ रबी लामिछानेका विपक्षीले सुन्नैपर्ने हेर्नै पर्ने  भिडियो ❤स्यालुट 😊,rabi lamichhane,yt:Rabi Lamichhane bhasan,comment,deva
हाम्रो सभापति ज्युले सार्है चित्त बुझ्दो बाचन गर्नु भो। भनाइ अनुरुपको कार्य गर्नु होला र बालेन र रबि ज्यु ८४ बर्ष सम्म मिलीरहनु होला 🙏🙏👍🙏🙏😍😍,rabi lamichhane,yt:Rabi Lamichhane bhasan,comment,deva
सही कुरो जय घन्टी राम्रो कामको शुभकामना  भस्टहरूलाइ नछोड,rabi lamichhane,yt:Rabi Lamichhane bhasan,comment,deva
जय रास्वपा जय रबि दाइ,rabi lamichhane,yt:Rabi Lamichhane bhasan,comment,deva
निलो कार्न्ति जिन्दावाद जय घन्टि जय रबि जय नेपाल,rabi lamichhane,yt:Rabi Lamichhane bhasan,comment,deva
रबि दाई हजुर सेरनिउरेर नमगर्न चहान्छु🙏🙏,rabi lamichhane,yt:Rabi Lamichhane bhasan,comment,deva
यसकारण ले मलाई रबि मन पर्छ रास्वपा मन पर्छ❤,rabi lamichhane,yt:Rabi Lamichhane bhasan,comment,deva
रबि सर तेत्तीकैत रबि बन्नु‌ भएको हैन नी रबि लगभग ढाइ करोड जनताहरुको प्यारो हुनुभएको हैन नी रबि यो देशले खोजेको नेता हो ।अनी एतीहासमा रहनेछ यो देशले पनि धेरै बर्ष पछी पाएको छौं तेती सजीलै हल्का रुपमा नलिदिनुहोला ।,rabi lamichhane,yt:Rabi Lamichhane bhasan,comment,deva
जय देश जय रास्वपा जय रबि सर🙏🙏,rabi lamichhane,yt:Rabi Lamichhane bhasan,comment,deva
I don’t know others but I think I knew  this man as a patriotic from the very first day of his political step,rabi lamichhane,yt:Rabi Lamichhane bhasan,comment,latin
रबि देशको आवाज हुन जय घण्टी,rabi lamichhane,yt:Rabi Lamichhane bhasan,comment,deva
जय रवि शर❤❤❤❤,rabi lamichhane,yt:Rabi Lamichhane bhasan,comment,deva
यो ठाउँमा केपि ओलि भएको भए अर्काको कुरा काट्दै कमेडि गर्दै बस्थ्यो।। तर रबि दाइको कुरा 🙏🙏❤️❤️,rabi lamichhane,yt:Rabi Lamichhane bhasan,comment,deva
साच्चै आँखा बाट आँसु नै आयो रबि दाइ सहीत आमा कुरा भन्दा मन रूयो हाल मलेशिया बाट सलाम छ हजुरलाई,rabi lamichhane,yt:Rabi Lamichhane bhasan,comment,deva
सहि कुरा यो पाली सम्पुर्ण सांसद हरुलाइ आफ्नो बिकास गर्न लाई भन्दा पनि देस र जनता को बिकास गर्न पठाको हो,rabi lamichhane,yt:Rabi Lamichhane bhasan,comment,deva
धन्यवाद  रबि सर,rabi lamichhane,yt:Rabi Lamichhane bhasan,comment,deva
रबि लामिछाने जिन्दाबाद ❤❤❤❤🎉🎉🎉🎉🎉,rabi lamichhane,yt:Rabi Lamichhane bhasan,comment,deva
नेपालरनेपालिकाे आमुलपरिबर्तन गर्नुपर्छ तर रा स पा लाई अब दायावाया किन्तु परन्तु केही भन् नछुट चै छदैछैनहै जयरासपा जय घण्टि जयमात्रिभुमि जयजननि🎉🎉🎉🎉,rabi lamichhane,yt:Rabi Lamichhane bhasan,comment,deva
Jai balen jai ghanti jai rabi 🔔🔔🔔🔔🔔🔔🔔🔔🔔🔔🔔🔔🔔🔔🔔🔔💯🆗,rabi lamichhane,yt:Rabi Lamichhane bhasan,comment,latin
गुड रबी सर,rabi lamichhane,yt:Rabi Lamichhane bhasan,comment,deva
आजको उहाँको  अभिव्यक्तिमा राष्ट्रप्रतिको गहिरो उत्तरदायित्व बोध र नेपाली जनताप्रतिको उच्च सम्मान स्पष्ट झल्किएको छ।,rabi lamichhane,yt:Rabi Lamichhane bhasan,comment,deva
बधाई छ घन्टी,rabi lamichhane,yt:Rabi Lamichhane bhasan,comment,deva
"सहि हाे छिटाे छिटाे काम गर ।
याे देश बनाेस",rabi lamichhane,yt:Rabi Lamichhane bhasan,comment,deva
धन्यवाद रबिजि सै सोच्नुभाछ यदि पहिले जस्तै देशको हालत भय अब त जेन्जी हैन आमाहरु अगी आउने छौँ रहरले भोट दियका हैनौ देश बनाउने रबन्छ भन्नेआसलेदियका छौँ 🔔🔔🔔🔔❤️❤️,rabi lamichhane,yt:Rabi Lamichhane bhasan,comment,deva
जय घन्टी जय रबि जय बालेन जय नेपाल जय नेपाली,rabi lamichhane,yt:Rabi Lamichhane bhasan,comment,deva
बधाई छ सबैजनालाई अब बन्ने गृहमन्त्री चाहिँ मुटु भएको चाहिन्छ,rabi lamichhane,yt:Rabi Lamichhane bhasan,comment,deva
Very good Rabi sir,rabi lamichhane,yt:Rabi Lamichhane bhasan,comment,latin
रबी दाईले नेपाल मा केही परिबरतन गरछन की जसतो छ है।।।।।,rabi lamichhane,yt:Rabi Lamichhane bhasan,comment,deva
Congratulations and best wishes to all the members of RSP,rabi lamichhane,yt:Rabi Lamichhane bhasan,comment,latin
"हेरम यदि तपाईंकोे बोली अनुसार काम गरियो भने एकपटक होईन पटक, पटक RSP ले जनताको साथ र सपोर्ट पाउने छ ।",rabi lamichhane,yt:Rabi Lamichhane bhasan,comment,mixed
❤🎉🎉जय रबि लामिछाने जी,rabi lamichhane,yt:Rabi Lamichhane bhasan,comment,deva
आजको करिब दुई तिहाइ ७८ मा २७५ सिट रासपाले एक मुस्ट हेर्ने धोको छ यो पूरा गरि दिनोश रबि बालेन सर तपाई हरु तीन करोड जनताको आशा र भरोशाको केन्द्र हो तपाईहरु ।धन्यवाद जोश जागर हिम्मत का साथ काम गर्नोस्  सफलताको अग्रिम शुभ कामना ।,rabi lamichhane,yt:Rabi Lamichhane bhasan,comment,deva
अब प्रेम सन्जेल ज्यु लाई अक्तियार प्रमुख बनाउनु पर्छ,rabi lamichhane,yt:Rabi Lamichhane bhasan,comment,deva
"हामी एक सार्वभाैम जनता हाे ,हामी सधै एक शान्ति प्रेमि देश सबै सगँ एक तटस्थ बिदेश  नीति अबलम्बन गराै🇳🇵🇳🇵🇳🇵",rabi lamichhane,yt:Rabi Lamichhane bhasan,comment,deva
Derai ramro kura ho Rabi sir 🙏🙏🙏🙏🙏🙏🙏🙏🙏🙏🙏🙏🙏🙏🙏🙏,rabi lamichhane,yt:Rabi Lamichhane bhasan,comment,latin
वा वा वा रबि दाइ❤❤❤❤❤❤❤,rabi lamichhane,yt:Rabi Lamichhane bhasan,comment,deva
रवि दाइ कति माहान छ जय देश जय घण्टी,rabi lamichhane,yt:Rabi Lamichhane bhasan,comment,deva
Yes good  point,rabi lamichhane,yt:Rabi Lamichhane bhasan,comment,latin
हार्दिक धन्यवाद रबि सर राजा सहितको सासन नेपाल मा गरियो भने नेपाली देश का जनता र देश को भबिस्य राम्रो हुदै जाने छ सबै को जय होस् ॐ नमः शिवाय,rabi lamichhane,yt:Rabi Lamichhane bhasan,comment,deva
वहाँको शब्दमा देश भक्तीको आवाज छ त्यसैले त जनताहरु बिश्वास गरी प्राणको बाजी राखेर दुष्मन संग भिडन जान्छ ।,rabi lamichhane,yt:Rabi Lamichhane bhasan,comment,deva
देश बचाउनु पर्छ अब हामी जनताले सुख मा रमाउन जिताएकाे हाे अाशा भराेसा गरेकाे छ,rabi lamichhane,yt:Rabi Lamichhane bhasan,comment,deva
हामी जन्ता लाई अरु कुरा थाहा छैन रबि लामीछाने नैं गृहमन्त्री हुनैपर्छ जसरी भए पनि नत्र हुदैन राम्रो,rabi lamichhane,yt:Rabi Lamichhane bhasan,comment,deva
Good job Jay gahnti,rabi lamichhane,yt:Rabi Lamichhane bhasan,comment,latin
Jay RAVI 🙏🙏🙏,rabi lamichhane,yt:Rabi Lamichhane bhasan,comment,latin
Shai ho hajur jay ghanti,rabi lamichhane,yt:Rabi Lamichhane bhasan,comment,latin
❤नमस्कार  समपुण  सांसद हरूलाई  अगिम बधाई छ अब देश र राष्ट्र जनता को आशा र विश्वास भरोसालाई अटुट कायम रहोस सत्य धम शान्ति पेम अहिंशा बाटो हिँड्नुपर्छ ❤,rabi lamichhane,yt:Rabi Lamichhane bhasan,comment,deva
Excellent good brefing thanks Rabi sir  jay sachet Nepali desh bachu Jay Nepal ❤️,rabi lamichhane,yt:Rabi Lamichhane bhasan,comment,latin
Hamilai biswas xa aba dekhi sarkari karyelae ma kam bina ghus pes bata kam hunexa,rabi lamichhane,yt:Rabi Lamichhane bhasan,comment,latin
100 right vanu Vayo salute xa rabi sir good luck god bless you ❤❤🤙🤙🙏🏻🙏🏻🎉🎉,rabi lamichhane,yt:Rabi Lamichhane bhasan,comment,latin
जय देश ❤ जय घन्टी ❤❤❤,rabi lamichhane,yt:Rabi Lamichhane bhasan,comment,deva
रबि दाईको आवाज होईन आम नेपालिको आवाज हो यो आवाज लाई अघिल्लो सरकारले करिव डेड वर्ष त्यो कालो कठघरि  मा लगेर थुनेको फल भोगेको हो पुराना भर्ष्टहरुले जय देश 🙏🙏🙏🔔🔔🔔👏👏👏,rabi lamichhane,yt:Rabi Lamichhane bhasan,comment,deva
rabi is rabi ho nepalko hero ho,rabi lamichhane,yt:Rabi Lamichhane bhasan,comment,latin
Good luck Rabi sir Jay ghanti jay desh,rabi lamichhane,yt:Rabi Lamichhane bhasan,comment,latin
बधाई तथा सम्पुर्ण माननीय ज्यु हरु लाई सफल कार्यकाल को शुभकामना आम जनता ले दिएको मत को कदार होस अब आउने दिन मा हाम्रा छोराछोरी हामी झै अरुको देश मा बेचिन नपोरस देश मा केही नया बिकास होस आम मान्छे बाच्ने आधार बनोस्  जय नेपाल जय मेरो देश,rabi lamichhane,yt:Rabi Lamichhane bhasan,comment,deva
Mero deshle khojeko sahi menxe ❤️🙏,rabi lamichhane,yt:Rabi Lamichhane bhasan,comment,latin
Mantri Hune लोभ नगर्नुस् सांसद हरु,rabi lamichhane,yt:Rabi Lamichhane bhasan,comment,mixed
Rabi  Bhai yo nelo karanti rasapa yadh x. Nepal telibhenan marphat  Janata abaj bat suru. ra. Pattra kar ghatana bhartpur kanda chetunko janatako jwalako beu Le pahilo chunab. 21 hal. ayra 82ko nirba chan Shri rasthiy amako bhumeka 7.pardesh bat akai matko aphsarlai khera naphalwo jay ghanti nelokaranti jet s. l.,rabi lamichhane,yt:Rabi Lamichhane bhasan,comment,latin
ho yetti ko manxe chiyeko ho hamlai aba system ma chalos desh teti vannu xa,rabi lamichhane,yt:Rabi Lamichhane bhasan,comment,latin
❤Jay balen jay rabi ❤🎉🎉🎉,rabi lamichhane,yt:Rabi Lamichhane bhasan,comment,latin
"माननीय रवि ज्यू भाषण राम्रो छ,शब्द शब्दमा मृदुभाषी छन् ।। यो समय भन्दा अगाडि ऐन कानुन कसका लागि कसलाई दिने के गर्दा दिने थाहा भएन तर अहिलेको समयमा ऐन कानुन बनाउदा पशु पंचीलाई महशुस होस्। कानुनको दयारा भित्र सबै  छौँ।हामी सबै सचेत रही असल काम गर्नु पर्छ भन्ने अभास नेता जनतामा होस्।।जय देश.......",rabi lamichhane,yt:Rabi Lamichhane bhasan,comment,deva
"Jaya ghanti
Jaya Rabi.sir
Good sepech",rabi lamichhane,yt:Rabi Lamichhane bhasan,comment,latin
जय देश जय घण्टी 🔔🔔👏🎊🙏🙏,rabi lamichhane,yt:Rabi Lamichhane bhasan,comment,deva
100% Right rabi sir,rabi lamichhane,yt:Rabi Lamichhane bhasan,comment,latin
रबि बालेन माननीय ज्यु को कुनै शब्द ले तारिफ गर्न सकिन,rabi lamichhane,yt:Rabi Lamichhane bhasan,comment,deva
rabi daii goood❤❤❤,rabi lamichhane,yt:Rabi Lamichhane bhasan,comment,latin
हामी नेपाली जनताको बारम्बार कुठाराघात भएको छर्लङ्ग प्रमाण हुंदाहुंदै फेरि अहिले रबि लामिछानेको पाटीलाई बौमतले नतिजा जनताको तर्फबाट दिएको छन् तर दुर्भाग्यवश 2007सालमा नेपाली कांग्रेसले ल्याएको बौमत कुठाराघात गरेको प्रमाण छर्लङ्ग छ फेरि अर्को 2048सालमा फेरि अर्को कार्यकाल बौमत दिए फेरि अर्को कार्यकाल नेकपा एमाले फेरि अर्को कार्यकाल नेकपा माओवादी प्रचण्ड बाबुराम नेतृत्वको बौमत दिए फेरि अर्को कार्यकाल रबि लामिछानेको पाटीलाई बौमतले नतिजा प्रकाशित सुनिश्चित गर्ने हिम्मत भएको साहसिक निर्णय गरेको नेपाली जनताको जवाफदेही जिम्मेवारी देश नेपाल बचाउने र नेपाली जनताको रोजगारीको अवसर सिर्जना गर्ने स्पष्ट राष्ट्रिय स्तरको विकास बिज्ञान प्रबिधि तथा श्रमको सम्मान राष्ट्रको अभियान सञ्चालन गर्ने राष्ट्रिय हिम्मत हुनुपर्छ,rabi lamichhane,yt:Rabi Lamichhane bhasan,comment,deva
रबि यो साचो हो तिमी जस्ता आएका छैनन,rabi lamichhane,yt:Rabi Lamichhane bhasan,comment,deva
२ वटा सान्सद नपुग्दा जनता कति दुखित  भए होलान् ।,rabi lamichhane,yt:Rabi Lamichhane bhasan,comment,deva
Ravi Dai best,rabi lamichhane,yt:Rabi Lamichhane bhasan,comment,latin
Janata ko Aasha  ra  varosa RSP party jay Rabi jay ghanti 🔔 🤝 🙏🙏🙏,rabi lamichhane,yt:Rabi Lamichhane bhasan,comment,latin
"I think it is the best speech i ever heard from you ! Quite impressive so positivity is the key to your future success to accomplish Nation’s responsibilities that you have set for yourself keep Moving Brother! Now it is time to prove along with your huge team .. Nation first , citizen first ., path is clear you have to carry others too in the same path .. well done Bravo 🎈",rabi lamichhane,yt:Rabi Lamichhane bhasan,comment,latin
Ravi sir ko kura right ho,rabi lamichhane,yt:Rabi Lamichhane bhasan,comment,latin
असल नेता ❤ देश र जनताले ठूलो अपेक्षा गरेको छ।,rabi lamichhane,yt:Rabi Lamichhane bhasan,comment,deva
भाषणको ताप । अहिले त काठमाडौं मा रवि र बालेन  फलामको लौरो लिएर बसेका छन देशमा गद्दारि र बेइमानी गर्ने लाई ठिक पार्न  भनेर दिल खोलेर भोट हालेको हो । जय होस । जय रास्वपा । वालिङ बाट ।,rabi lamichhane,yt:Rabi Lamichhane bhasan,comment,deva
Great speech 👏,rabi lamichhane,yt:Rabi Lamichhane bhasan,comment,latin
Thanks again,rabi lamichhane,yt:Rabi Lamichhane bhasan,comment,latin
kati man jitxau rabi balen? ❤❤❤❤❤,rabi lamichhane,yt:Rabi Lamichhane bhasan,comment,latin
Shai ho rabi,rabi lamichhane,yt:Rabi Lamichhane bhasan,comment,latin
"महान विचार व्यक्त लाई,,सलाम❤❤❤",rabi lamichhane,yt:Rabi Lamichhane bhasan,comment,deva
Ho yo Satya ho anushasan bahut bahut jaruri xa asko khyal rakhnu hola thank you rabi dai ❤❤❤❤❤❤❤❤❤❤❤❤❤❤❤,rabi lamichhane,yt:Rabi Lamichhane bhasan,comment,latin
आज पनि मन जितेउ दाई,rabi lamichhane,yt:Rabi Lamichhane bhasan,comment,deva
100% सहि छ,rabi lamichhane,yt:Rabi Lamichhane bhasan,comment,deva
🎉🎉🎉🎉🎉🎉🎉🎉🎉❤❤❤❤❤❤❤❤❤ thanks for all your message and disteksn thaugt things talked to good point out that the good news progress 👍💯 write to your think talking to you manniy mantri Rabi lamichne balen Shah srkar ghnti chap Jay janta Jay Des Jay ho's suvkamna 77 jila ko janta ko manmutu ma ASA vrosa Biswas Chan hjur amkibar Balen Shah PM Des Moines snmbridhi banaun skchn vne smpurn 77 jila ko janta ko vnaechn anlaesis mulynkn chn hjur midiya sathi haru thankful,rabi lamichhane,yt:Rabi Lamichhane bhasan,comment,latin
देश जन्ता हितमा काम गरनु होला🎉🎉🎉🎉,rabi lamichhane,yt:Rabi Lamichhane bhasan,comment,deva
Great sir,rabi lamichhane,yt:Rabi Lamichhane bhasan,comment,latin
💐💐💐🌹🌹🌹🌹🙏🙏🙏🙏🙏🙏🙏👍👍👍👍👍,rabi lamichhane,yt:Rabi Lamichhane bhasan,comment,latin
रास्व पा काे समर्थक हरु हामी समर्थक मात्र हाेईन हामी सरकारकाे खबर्दारि पनि बन्नुपर्छ याकि भाेलि पुरानादलकाे आजकाे  अबस्था नआओस भनेर सजक रहनु पर्छ नराम्राेलाई नराम्राे भन्न पछि नपराै हरेक आफ्ना ठाउका समस्या समाधानका लागि आफ्नाे स्वार्थ त्यागेर माथि उठ्न एकले अर्कालाई सहयाेग गर्न पछि नहट्नु नै हामी र हाम्राे समाजलाई अगाडि बढ्न  सहयाेग पुगछ,rabi lamichhane,yt:Rabi Lamichhane bhasan,comment,deva
रवि दाई यतिकै रबि दाइ भएको होइन। रवि दाइको यो भाषणले सबै नेपालीहरूको मन अवश्य खुसी भएको छ।,rabi lamichhane,yt:Rabi Lamichhane bhasan,comment,deva
"What a speech, Optimum level of resposibility in Rabi Lamichanne!!",rabi lamichhane,yt:Rabi Lamichhane bhasan,comment,latin
साँच्चै आज रबि दाइको अभिव्यक्ति सुन्दा सुन्दै आँसु झरिरहेछ पत्तै पाएन😢❤ साँच्चै देशले रबि दाइ जस्तो जिम्मेवार अभिभावक पाएका छौँ❤🙏,rabi lamichhane,yt:Rabi Lamichhane bhasan,comment,deva
३६ बर्षमा पहिलो पटक उच्च नेता बाट यति मिठो speech सुन्न पाईयो आहा ।।,rabi lamichhane,yt:Rabi Lamichhane bhasan,comment,mixed
Ek minute pani skip na gari herne ❤hajir hum tw ✋️ 🎉,rabi lamichhane,yt:Rabi Lamichhane bhasan,comment,latin
"एउटा परिपक्व नेता हो , रबि लामिछने",rabi lamichhane,yt:Rabi Lamichhane bhasan,comment,deva
यो भनाइ सुन्दा घण्टीमा भोट हालेको आनन्द आइरहेको छ।,rabi lamichhane,yt:Rabi Lamichhane bhasan,comment,deva
He delivered his best speech today. Hats off !,rabi lamichhane,yt:Rabi Lamichhane bhasan,comment,latin
"Just look at his honesty and integrity. I have nothing against Balen, but Ravi is on a different level.",rabi lamichhane,yt:Rabi Lamichhane bhasan,comment,latin
"Too good.
Not a single gaali for opposition.
Inclusive.
Seeing Nepal as one.
Advocating rule of law. 

A breath of fresh air in today’s polarized geopolitics .",rabi lamichhane,yt:Rabi Lamichhane bhasan,comment,latin
"रबि दाइ यतिकै रबि दाइ भएका होइनन, नेपालि जनता को मन मन मा बस्ने नेता हाम्रो रबि दाइ, जय घन्टि।",rabi lamichhane,yt:Rabi Lamichhane bhasan,comment,deva
यो मान्छे मलाई सार्है मनपर्छ,rabi lamichhane,yt:Rabi Lamichhane bhasan,comment,deva
"आज रवि को भासण सुन्दालाग्छ  एकदमै गहिरो अर्थ दिने जिम्मेवारी बोकेको छ ।
बिगतमा पुरानाले यो देसकालागि दियको योगदान को सम्मान ❤️❤❤",rabi lamichhane,yt:Rabi Lamichhane bhasan,comment,deva
कति आनंद आउँछ बोलेको सुन्दा नि कसैलाई गाली नगरि पनि त बोल्न सकिदो रैछ नि हैन र  जय घन्टि🔔🙏🙏,rabi lamichhane,yt:Rabi Lamichhane bhasan,comment,deva
आज रवि दाईको यति कुरा सुनेपछि मलाई ढुक्क भयो। अब हामी सचेत नागरिक बनौँ र आफूबाट गर्न सक्ने देशको लागि गरौँ। नेताहरू र संसदहरू मात्रै सुध्रिएर हुँदैन नागरिक पनि सुध्रिनु जरुरी छ। संसारलाई बदल्नु छ सुरुवात आफैबाट गर्नु पर्दछ 🙏🙏❤️❤️,rabi lamichhane,yt:Rabi Lamichhane bhasan,comment,deva
रवि लामिछानेले दिएको आजको भाषणलाई इतिहासले सम्झिनेछ।,rabi lamichhane,yt:Rabi Lamichhane bhasan,comment,deva
रबीको देन देखेर दिएको भोट हो यो आशालाई निराशामा परिणत नहोस् त्यो आशालाई पूरा गर्ने जिम्मा आएको छ पूरा गर्नुस् शुभकामना छ दाई🙏🙏🙏,rabi lamichhane,yt:Rabi Lamichhane bhasan,comment,deva
भाशण ले यलर्जि हुने अझै अरु आधा घन्टा माग्यो यो मनले धित नै मरेन कसम 😮💖,rabi lamichhane,yt:Rabi Lamichhane bhasan,comment,deva
मलाई धेरै खुशी लाग्यो। रबि सर लाई धन्यवाद 🙏,rabi lamichhane,yt:Rabi Lamichhane bhasan,comment,deva
So proud moment! 😔🇳🇵🔔🙏🌹🇳🇵🇳🇵 #Rabi Dai always rabi Dai! 😢😢 I'm now in Qatar,rabi lamichhane,yt:Rabi Lamichhane bhasan,comment,latin
एउटा मन कतिपटक जित्छौ दाइ❤ सुनेको सुनेइ भावुक बनायौ,rabi lamichhane,yt:Rabi Lamichhane bhasan,comment,deva
नेताको भाषणले पारो तात्थ्यो तर आज 30 मिनेट बितेको पत्तै चलेन ! 😮 यस्तै परिपक्वता र संस्कारले देश बन्दैजाने छ ! सबैले साथ दिनुहोला,rabi lamichhane,yt:Rabi Lamichhane bhasan,comment,deva
यसै फ्यान थिए अजै फ्यान भए ।गौरब छ मलाई रबीको झोले हुनु मा,rabi lamichhane,yt:Rabi Lamichhane bhasan,comment,deva
Great leader🇳🇵🔔🔔🔔❤️❤️❤️💐💐💐💐,rabi lamichhane,yt:Rabi Lamichhane bhasan,comment,latin
Jhole haru pani herdai gar hai kasto hunxa neta ani leader wow great ravi dai ❤❤❤❤❤,rabi lamichhane,yt:Rabi Lamichhane bhasan,comment,latin
रास्वपा को स्थापना देखि नै लाग्थ्यो यो मान्छे ले चाइ देश बनाउछ। बि पि कोइराला मदन भन्डारी नाम सुनेको नेता मा पर्छन भोगेको नेता मा रबि लामिछाने नै हो।,rabi lamichhane,yt:Rabi Lamichhane bhasan,comment,deva
आजको रबि दाइको भासन्ले मैले देख्न नसकेको सपना अब आउने मेरो पुस्ताले देसमै देख्नेछन भनने आसा पलायको छ धन्यबाद रबि दाइ,rabi lamichhane,yt:Rabi Lamichhane bhasan,comment,deva
I think this has to be the best political speech i ever listen from any Nepali leader. This shows RSP means country n citizens first. This is my 3rd time listening. Good luck to all of us❤❤❤.,rabi lamichhane,yt:Rabi Lamichhane bhasan,comment,latin
"He realized the responsibility. 
Thank you sir.
We have huge hope with you ❤️",rabi lamichhane,yt:Rabi Lamichhane bhasan,comment,latin
"अत्यन्तै तेजस्वी, अत्यन्तै दुरदर्शी, अत्यन्तै अनुशासित, अत्यन्तै ज्ञानी ब्यक्तित्वका धनी रबि लामिछानेलाई मन, मस्तिष्क, मुटु देखि नै नमन गर्दछु 🙏 उहाँले देखाउनुभएको मार्गदर्शनले जनताले सुख, सम्मान पाउँछन्; देशले काँचुलि फेर्छ🇳🇵",rabi lamichhane,yt:Rabi Lamichhane bhasan,comment,deva
"रविको ३० मिनेटको दिव्य उपदेशः सांसदहरु सुन्या सुन्यै, यति जिम्मेवार मन्तब्य जसले देशलाई नै भावुक बनायो । राष्ट्रिय स्वतन्त्र पार्टी (रास्वपा) का सभापति विगत ३ वर्षको 'आरोह-अवरोह' ले रवि लामिछानेलाई अझ खारिएको र परिपक्व बनाएको प्रमाण उनको  सम्बोधनले दिएको छ।अबको सुधारिएको सफल नयाँ देश बनोस,देशले नयाँ अनुहार फेरोस। सबैमा शुभकामना ।।🔔🙋🌺 Rabi Lamichhane, Rastriya Swatantra Party - RSP ❤️🔔✊🏻",rabi lamichhane,yt:Rabi Lamichhane bhasan,comment,mixed
लाख लाख सलाम तपाइको यो सुझबुझ सहितको बिचार लाइ  तपाइले नै सरकारको नेतृत्व गर्नुपर्छ। 🎉🎉🎉,rabi lamichhane,yt:Rabi Lamichhane bhasan,comment,deva
हैट नसोचेको । आनन्दित बनायो वहाको भाषणले । साच्चिकै वहामा केही गर्ने हुटहुटी रहेछ। दिल खुश गर्दिनु भयो।,rabi lamichhane,yt:Rabi Lamichhane bhasan,comment,deva
म रबि दाइ को असली झोले हु💪❤️❤️❤️,rabi lamichhane,yt:Rabi Lamichhane bhasan,comment,deva
"Outstanding speech!! all nepalese people wanna to see in actions, Good luck 👍🏾👍🏾",rabi lamichhane,yt:Rabi Lamichhane bhasan,comment,latin
अनुभवी र जिम्मेवार ब्यक्ति भनेको यस्तो हुन्छ ...साथीहरू 🙏🙏🐝जय रवि दाइ,rabi lamichhane,yt:Rabi Lamichhane bhasan,comment,deva
One of the best speech I’ve ever heard in a long time!!! Jay Nepal 🇳🇵,rabi lamichhane,yt:Rabi Lamichhane bhasan,comment,latin
"""HATTS OFF"" DEAR OUR GREAT LEADER,,,,,,,,,,,,,,,,, SO PROUD !!!",rabi lamichhane,yt:Rabi Lamichhane bhasan,comment,latin
जसले जे सुकै भन म त्यसै रविको पक्षमा उभिएको होइन।उहाँलाई त पुराना नेताले ट्याग लगाएको मात्र हो।,rabi lamichhane,yt:Rabi Lamichhane bhasan,comment,deva
Ravi dai aago - salute,rabi lamichhane,yt:Rabi Lamichhane bhasan,comment,latin
Babbal Rabi dai❤,rabi lamichhane,yt:Rabi Lamichhane bhasan,comment,latin
28 मिनेट को भिदियो  मलाई  वाईत शब्द कतै पनि मसुश भयन रबि सर यतिकै रबि हुनु भएको हैन चुनाप हुदा एउटा कुरा चुनाप सकिय पछि अर्को कुरा कतै भयन  नत्र अरु  पार्टी लाई गालि गर्नु भयो  यो हो परिवर्तन यो सोच यो नयाँ पुस्ता यो परिवर्तन को बाटो  यतिको बिचार   पहिला को पार्टी मा भएको अहिले सस्म देश कहा पुग्थ्यो  थाहा छ  परिवर्तन गर्नु अहिले अबस्थामा धेरै मेहनत गर्नु पर्छ अहिले सम्म चुस्दा चुस्दा ह्डी मात्र छ तर अब पुर्नु पर्छ पार्टी छ गर्छ नि बस्ने हैन जनता ले पनि साथ दिनु पर्छ बिदेशमा काम गर्ने साथि हरु नेपाल मा  पैसा पठाउदा ध्यान दिनु पर्ने कुरा आफ्नो एक दुइ रुपया धेरै दिन्छु  भनेर हुन्दी काम कारोबार गर्नु हुन्छ यो बन्द गर्नु  यो पनि यो बेला सबै ले बुज्नु पर्छ है  अनि हामी बिदेश मा नेम कानुन  फलो गर्छौ आफ्नै देशमा किन फलो गर्दैन त हामी जनता पनि ध्यान दिनु पर्छ बिदेशमा फोहर गर्नु मनाइ छ फोहोर  दस्तपिन हालिन्छ त्यो बानि बसालौ   मैले कति मान्छे हरु उस्ले गरेको र पनि गर्छु भन्ने बिचार ले हैन म गर्छु अनि मेरो हेरर उस्ले गर्छ भन्ने बचार राख्नु परिवर्तन आफै हुन्छ ❤,rabi lamichhane,yt:Rabi Lamichhane bhasan,comment,deva
नेपालका मतदाताहरु बुद्दीमान भएका छन। नेपालको राजनीति सरारात्मकबाटोमा लगेका छन जनताले,rabi lamichhane,yt:Rabi Lamichhane bhasan,comment,deva
G.O.A.T जहिले पनि मेरो लागि रबि दाइ 🙏  जय नेपाल 🇳🇵जय देश 😊,rabi lamichhane,yt:Rabi Lamichhane bhasan,comment,mixed
Rabi dai yeuta man pani kati patak jitnu huncha🙏🙏🙏🙏🙏,rabi lamichhane,yt:Rabi Lamichhane bhasan,comment,latin
"Goosebumps!!  आशाको किरण । Let us together make this beautiful country a dream nation, a civilised nation!!",rabi lamichhane,yt:Rabi Lamichhane bhasan,comment,mixed
यतिखेर बहुतै होस गरेर कर्म गरन रास्वपालयी हार्दिक अनुरोध छ जयहोस धन्यवाद,rabi lamichhane,yt:Rabi Lamichhane bhasan,comment,deva
Great Leadership Rabi Daii ❤❤🫡🫡अब चाहिँ देशले काँचुली फेर्ला जस्तो छ 🙏,rabi lamichhane,yt:Rabi Lamichhane bhasan,comment,mixed
"A true leadership! 🫡 Anyways, the success of RSP will be determined from how much RSP abuses power in next 5 years! A lot to see! This time Nepal should win! 🇳🇵💯🤞",rabi lamichhane,yt:Rabi Lamichhane bhasan,comment,latin
रबि दाई जिन्दावाद 👍👍👍👍👍,rabi lamichhane,yt:Rabi Lamichhane bhasan,comment,deva
मैले घण्टीलाई भोट दिए या दिईन त्यो महत्वपुर्ण छैन अब । तर आज को रबि जि को मन्तव्य बहुत ठिक लाग्यो आगामी दिनमा पुर्ण पालना होस। जय नेपाल,rabi lamichhane,yt:Rabi Lamichhane bhasan,comment,deva
❤❤❤ सारै खुसी लाग्यो रबि दाइ को कुराले जय घण्टी 🔔,rabi lamichhane,yt:Rabi Lamichhane bhasan,comment,deva
Wow my fvr rabi sir good luck   100 right vanu Vayo salute xa god bless you ❤❤🤙🤙🙏🏻🙏🏻,rabi lamichhane,yt:Rabi Lamichhane bhasan,comment,latin
Goosebump yaar,rabi lamichhane,yt:Rabi Lamichhane bhasan,comment,latin
"गज्जबको समय सान्दर्भिक निर्देषण,भाषण 😍😍",rabi lamichhane,yt:Rabi Lamichhane bhasan,comment,deva
"भनिन्छ नि—विरामीको आधा रोग त डाक्टरको मिठो बोलिले नै निको हुन्छ।
त्यसैगरी, नेपाली जनताको आधा मन त रवि लामिछानेले हिजोको आफ्नो प्रभावशाली भाषणले नै जितिसकेका छन्। अब बाँकी आधा कामबाट प्रमाणित गर्दै १००% विश्वास जित्ने आशा  छ।",rabi lamichhane,yt:Rabi Lamichhane bhasan,comment,deva
"क्या बात रबि , यो बोली र वचन व्यबहारमा उतार्नुहोस् ❤",rabi lamichhane,yt:Rabi Lamichhane bhasan,comment,deva
जिन्दगीमा पहिलो पल्ट एउटा सच्चा नेता सच्चा नेपालीको छोरो रबि दाइ❤❤❤,rabi lamichhane,yt:Rabi Lamichhane bhasan,comment,deva
Rabi sir is Rabi Nepal ko no1 best talented king good luck god bless you ❤❤🙏🏻🙏🏻,rabi lamichhane,yt:Rabi Lamichhane bhasan,comment,latin
Great 👌 leader of Nepal hat's of you,rabi lamichhane,yt:Rabi Lamichhane bhasan,comment,latin
Tapai katti saral ra mahan hunu hunxa Rabi dai salute xa tapailai😊,rabi lamichhane,yt:Rabi Lamichhane bhasan,comment,latin
देश बन्नला कि भन्ने आशा पो पलाउन थलो ❤🇳🇵,rabi lamichhane,yt:Rabi Lamichhane bhasan,comment,deva
आजको सम्बोधन जस्तै सदैब देश र जनता पर्ति बफदार बन्नुहुन अनुरोध,rabi lamichhane,yt:Rabi Lamichhane bhasan,comment,deva
Rabi the greatest,rabi lamichhane,yt:Rabi Lamichhane bhasan,comment,latin
Great start!! Much needed speech especially for celebrities 😅,rabi lamichhane,yt:Rabi Lamichhane bhasan,comment,latin
लेख्ने सब्दै छैन रबि दाइ💞💞💞💞💞💞💞💞💞💞💞💞💞💞,rabi lamichhane,yt:Rabi Lamichhane bhasan,comment,deva
lastai man paryo yll ayo rabi Lamichhane ko speech ❤❤❤,rabi lamichhane,yt:Rabi Lamichhane bhasan,comment,latin
रवि दाइलाई पत्रकार हुँदा जति फ्यान थ्ये अहिले पनि त्यति नै छ। I always support you dai🙏🏻❤️,rabi lamichhane,yt:Rabi Lamichhane bhasan,comment,mixed
आज रबि को भासन साचिकै सुनिरहु लाग्यो ।आगामि दिनमा काम पनि कुरा जस्तै भौस शुभकामना।,rabi lamichhane,yt:Rabi Lamichhane bhasan,comment,deva
Wow kati khusi lagxa yasto sunda desh rw janata ho sabai vanda thulo vanny neta rabi lamichne,rabi lamichhane,yt:Rabi Lamichhane bhasan,comment,latin
"Great speech it goose bumps, hope your team feels the same way as you feel in making this country, best wishes",rabi lamichhane,yt:Rabi Lamichhane bhasan,comment,latin
म लाई रबि लामिछाने भाषणले पुरानो पार्टीका नेता झोले कार्यकर्ता लाई खुकुरी हानु जस्तो रगत उम्लिन छ हो😢,rabi lamichhane,yt:Rabi Lamichhane bhasan,comment,deva
We hope right track follow,rabi lamichhane,yt:Rabi Lamichhane bhasan,comment,latin
Awesome Speech! Really inspirational.,rabi lamichhane,yt:Rabi Lamichhane bhasan,comment,latin
"Wow what a speech rabi dai 
no words …..",rabi lamichhane,yt:Rabi Lamichhane bhasan,comment,latin
यो भीडियो पुराहेरे अनायासै आखाबाट तप्प आशु खसेछ 😢अनी लामो सास फेरेर आशु पुच्दै डिउटिमा लागे❤,rabi lamichhane,yt:Rabi Lamichhane bhasan,comment,deva
सलाम छ रबि दाई तपाईंको विचार र तपाईंको त्यागलाई साँच्ची नै देश प्रेमी हुनुहुन्छ तपाईंको नाम इतिहासमा चम्किने छ पार्टीमा नराम्रो गतिविधि ल्याउने बित्तिकै २४घण्टा भित्र कारबाही गरेको हामीले देखेका छौ कुनै शंका छैन तपाईं माथि दाई🙏🙏🙏,rabi lamichhane,yt:Rabi Lamichhane bhasan,comment,deva
जय रबी जय राष्ट्रीय स्वतंत्र पार्टी 🔔❤️,rabi lamichhane,yt:Rabi Lamichhane bhasan,comment,deva
महान नेता रबि लामिछाने त्यागी अनि दुरदर्शी नेता रबि लामिछाने,rabi lamichhane,yt:Rabi Lamichhane bhasan,comment,deva
🎉wow.daju thank  you yeti maya desko lagi dinu vako ma,rabi lamichhane,yt:Rabi Lamichhane bhasan,comment,latin
"दिल खुश होगया ।
गज्जबको भनाई ।।",rabi lamichhane,yt:Rabi Lamichhane bhasan,comment,deva
Well said 🎉🎉🎉🎉,rabi lamichhane,yt:Rabi Lamichhane bhasan,comment,latin
परिपक्वताको आवश अन्तिममा आयो !सुभकामना।,rabi lamichhane,yt:Rabi Lamichhane bhasan,comment,deva
Wow 🎉 what a great leader! Jay 🔔,rabi lamichhane,yt:Rabi Lamichhane bhasan,comment,latin
Right.👏👏👏👏👏🇳🇵🇳🇵,rabi lamichhane,yt:Rabi Lamichhane bhasan,comment,latin
सलाम छ रबि दाइ तपाईको हरेक शब्दले हामी नागरिकलाई‌ मन 🙏🙏 छोएको छ। अगामि दिनहरू पनि यसरी हासी रहन परेको पहोस,rabi lamichhane,yt:Rabi Lamichhane bhasan,comment,deva
Well said rabi dai hope sabai vana KO sabda haru la chai biwash na todiwosh (right now UAE bata herdai xu),rabi lamichhane,yt:Rabi Lamichhane bhasan,comment,latin
Bole jastai Kam hos subhakama xa Rabi sir and team.,rabi lamichhane,yt:Rabi Lamichhane bhasan,comment,latin
देश ले अब काचुली फेर्छ  सबै आसाबादी छौ जय नेपाल्🙏🇳🇵🇳🇵,rabi lamichhane,yt:Rabi Lamichhane bhasan,comment,deva
"What a speech omg rabi dai i,m speechless",rabi lamichhane,yt:Rabi Lamichhane bhasan,comment,latin
वा रबी सर तपाईंको योगदानले नेपाली जन्ताको भाग्य र भबिष्य लेखिएको हेर्न मन छ तपाईंको यो अविब्याक्तीले देश परिवर्तनको दिशामा जानेछ भनि बिस्वास जागेको छ तपाईंको त्यागले नै पार्टी लाई दुइतिहाइ बहुमत सहित सरकार बन्दैछ तपाईं लाई सलाम छ।🙏❤️,rabi lamichhane,yt:Rabi Lamichhane bhasan,comment,deva
Wow! Nepal kai first best speech👌🏻👌🏻,rabi lamichhane,yt:Rabi Lamichhane bhasan,comment,latin
"पैसा ठुलो भनौ कि होइन भनौ, त्यही पैसा नभएर विदेश आएको, अहिले घर जाने पैसा भएर पनि घर जान पाएको छैन। परदेशी जीवन यस्तै छ।""",rabi lamichhane,yt:Rabi Lamichhane bhasan,comment,deva
एक एक शक्द मा धेरै राम्रो अर्थ wow क्या राम्रो विश्लेषण रवि दाई ❤🎉 यस्तो नेता भए देश को विकास एकदम दुर्त गतिमा हुन्छ।।,rabi lamichhane,yt:Rabi Lamichhane bhasan,comment,mixed
Jay Nepal Jay Rabi sir Jay Balen sir Jay ghanti ❤❤❤❤❤,rabi lamichhane,yt:Rabi Lamichhane bhasan,comment,latin
❤❤ Best wishes Meena Dijju❤❤❤,mina kharel,yt:Mina Kharel,comment,latin
पावर र पैसाले सबैलाई समाजमा रुपान्तरण गर्ने दल भनेकै नेपाली कांग्रेस हुन।,mina kharel,yt:Mina Kharel,comment,deva
best interview meena didi ❣️🌳,mina kharel,yt:Mina Kharel,comment,latin
Mina Kharelle Rajnitikaran Aastha,mina kharel,yt:Mina Kharel,comment,latin
"शुभकामना ।
जय नेपाल । 🌳🌳🌳",mina kharel,yt:Mina Kharel,comment,deva
Jay mina kharel,mina kharel,yt:Mina Kharel,comment,latin
Mero Chitawanlai Mathi Uthauchhu Saharamatha Jati,mina kharel,yt:Mina Kharel,comment,latin
"जनताकी छोरी र सवैकी दिदीलाई यसपटक सवैले माया र साथ दिनुहुनेछ ।
हार्दिक शुभकामना ! !",mina kharel,yt:Mina Kharel,comment,deva
तपाईंको जित सुनिश्चित छ दिदि,mina kharel,yt:Mina Kharel,comment,deva
Kun party ko k ho bujhina maile ta!,mina kharel,yt:Mina Kharel,comment,latin
खातेकि दिदी 😥भन्ने शव्द हटाउनु होला। सडक बालबालिका लेख्नु होला । Its a humble request,mina kharel,yt:Mina Kharel,comment,mixed
"राम्रो समाजसेवी,त्याग तपस्या गरेको व्यक्ति तर के गर्नु बुझेर हो कि नबुझेर हो हुइँया चलेको छ  देशमा!!",mina kharel,yt:Mina Kharel,comment,deva
"Best of luck Didi तर तपाईंले मतदाताले यी यी कारणले मलाई मत दिनुहोस् नभन्नु होला है, असली सुनलाई कसी लगाउनु पर्दैन तपाईं असली सुन हो तपाईंलाई मत नदिन कारण नै छैन त्यसैले अरु जस्तो कारण मत माग्न रोइकराई र झुटा आश्वासन गर्न  आवश्यक छैन । तपाई भुई मान्छेको साहारा हो र खोला तर्ने लाठी हो त्यसैले तपाईंले नै त्यो ठाउँमा पुगेर ति भुई मान्छेको आवाज सुनाउने र निर्णय गराउन सक्ने ठाउँमा पुग्न आवश्यक छ तर तपाईले बाटो,पानी,बिजुली रोजगारी दिने ठाउँमा जाने ठाउँ त्यो हैन त्यहाँ त नीति निर्माण गर्ने ठाउँ हो त्यसैले तपाईंले आफ्नो अधिकार क्षेत्र पर्ने कुराको मात्र बाचा गर्नु होला । ३३ कोटी देउताको आश्रीबाद रहोस् दिदीलाई लामो आयु रहोस् अनि जितको शुभकामना छ ।",mina kharel,yt:Mina Kharel,comment,mixed
नमस्कार कतारमा बस्ने हामी नेपाली श्रमजीवी युवाहरू🙏🙏🙏🙏🙏🙏🙏🙏🖐️,mina kharel,yt:Mina Kharel,comment,deva
तत्कालिन चितवन प्रहरी प्रमुख सुरेन्द्र बहादुर शाह र डि.एस.पि. धिरु बस्नेत काे पालामा म पनि जिल्ला प्रहरी कार्यालय चितवकाे सामुदायिक प्रहरी सेवामा कार्यरत रहदा मिना खरेल सँग सँगे काम गरियाे एकदमै सबल र सक्षम महिला हुन।,mina kharel,yt:Mina Kharel,comment,deva
बानियाँ जी सही व्यक्ति ल्याउनु भो धन्यवाद 🎉,mina kharel,yt:Mina Kharel,comment,deva
"जाग, बुझ चितवनवासी, अब तपाइहरुको विवेक पुरा नेपाल र विश्व ले हेर्नेछन।",mina kharel,yt:Mina Kharel,comment,deva
चितवन का जनताले त नाम सुनेकाछैन हाेला झन नेपाल अधिराज्य भरि कसले चिने? जय🔔🔔🔔🔔🔔🔔,mina kharel,yt:Mina Kharel,comment,deva
वाह दिदी ❤ 🌳,mina kharel,yt:Mina Kharel,comment,deva
रेणु र यिनी चितवन न्याय गरोस्!,mina kharel,yt:Mina Kharel,comment,deva
तपाईको यात्रा शुभ रहोस । अनि मनकामना पुरा होस ।,mina kharel,yt:Mina Kharel,comment,deva
साहासि ब्यत्तित्व ।।,mina kharel,yt:Mina Kharel,comment,deva
अग्रिम  शुभकामना  दि,mina kharel,yt:Mina Kharel,comment,deva
"नेपालले नै सम्मान गर्न पर्ने नारी हुनुहुंदो रहेछ । यति सक्षम, यति अब्बल महिला  बाफरे सम्मान ।",mina kharel,yt:Mina Kharel,comment,deva
देशले खोजेको महिला नेतृ जितको शुभकामना छ मिना दिदि,mina kharel,yt:Mina Kharel,comment,deva
"❤❤धेरै धेरै राम्रो बरिस्ठ ,पत्रकार  राजेन्द्र ❤❤
भुइँ  मुन्छे का कुरा ❤❤❤",mina kharel,yt:Mina Kharel,comment,deva
"""म आलोचना गर्न राजनितिमा आको होईन"" वाउ 🌳🌳🙏🙏",mina kharel,yt:Mina Kharel,comment,deva
जनता ले जिताउनु पर्ने  उमेदवार वहानै हो।हेरौ चितावन ले समाजसेवी लाई जिताउछन कि सहकारी ठग लाई ।,mina kharel,yt:Mina Kharel,comment,deva
रवि दाई ❤️‍🩹❤️‍🩹🇳🇵🔔💖,mina kharel,yt:Mina Kharel,comment,deva
कस्तो बौद्धिक अन्तर्वार्ता यार❤❤ आजै चिने मिना खरेल लाई तर आजै मन नित्यो बाफ्रे शसक्त हुनुहुदरहेछ❤अगृम शुभकामना,mina kharel,yt:Mina Kharel,comment,deva
"राजेन्द्रजी न्यायोचित सेवा र विकास, महिलालाई हेर्ने विसयमा अध्ययनको कमि देखियो!",mina kharel,yt:Mina Kharel,comment,deva
खातेको दिदी र खाते दिदी को अर्थ आकाश-जमिनको हुन्छ ।,mina kharel,yt:Mina Kharel,comment,deva
well done dd,mina kharel,yt:Mina Kharel,comment,latin
"राजेन्न्द्र  सर  ले आज  बल्ल  सुन्न  मनलागेको  माञ्छे  संग  साक्षत कार  गराउनु  भयो। पिडित  भुइँ  मान्छेहरुकी  सुख दू ख कि  साथि  मिना  दिदि  का  कुरा  सुन्दा दूख  नि  लाग्यो  खुसि  नी  लाग्यो  , दुख  यसकारण की  राज्य को  नजर  यस्ता समस्या  तर्फ  अझै सम्म छैन र  खुसि  यसकारण  कि राज्य को नजर नपरे पनि  कोहि न कोहि  त यी भुइँ मान्छे  हरु को समस्या समाधान  गर्न  कोशिस  गरि  रहेको  छ। 

मलाई लाग्छ  चितवन  २ का  बुद्दि जीबी मत  दाता  हरु  अहिले  धर्म संकट  मा  हुनहुन्छ। अन्तर मन को  आबज  सुनेर  मत दान गर्ने कि एउटा भाबआबेश  लाइ  सम्झेर मतदान  गर्ने  , आसा  गर्दछु  तपाई हरु अन्तरमनको  आबाज   का साथ  मिना  दिदि  लाई  मत दान  गर्नु  हुनेछ जसले  मिना दिदि लाई  काम  गर्न  अरु  मद्दत  गर्छ।",mina kharel,yt:Mina Kharel,comment,deva
"Full goosebumps in my body❤. Har jit aafno thauma xa tara uhako tyag, samarpan ra samajsewa Aru sanga tulanayogya xainw. Best wishes dijju.❤",mina kharel,yt:Mina Kharel,comment,latin
म जन्मिएको चितवन मा हो। तर यी दिदिको अहिलेसम्म कहिल्यै पनि नाम पनि सुनिन र देखिन पनि।,mina kharel,yt:Mina Kharel,comment,deva
उहाले भनेका वास्तबिक समस्या समाधान गर्न नेतालाई भट्ने परिपाटि र अवस्था तिनै पूराना पार्टिले ल्याएका हून मिना दिदि जस्तो योगाय व्यक्ति तिनै पूराना भ्रष्ट पार्टिहरूमा नजोडिएको राम्रो हून्थ्यो।,mina kharel,yt:Mina Kharel,comment,deva
यो चुनाव मा रबि जि लाई जित्न  गाह्रो छ र चितवन ले रबि लाई हरायकै ठिक छ,mina kharel,yt:Mina Kharel,comment,deva
यस्ता सच्चा समाजसेवी उमेदवारको आम मतदाताले कदर गर्न सकुन।धन्यबाद ।जय नेपाल ।,mina kharel,yt:Mina Kharel,comment,deva
सहि    हाे     गाराे      छ    बहिनि,mina kharel,yt:Mina Kharel,comment,deva
कमसे कम लोक हसाउने काम नगर्नुस आमै।,mina kharel,yt:Mina Kharel,comment,deva
"न कसैलाई गाली छ, सालीन ब्यक्तित्व असल समाजसेवी मीना दिदीलाई हराउनु भनेको विवेक गुमाउनु हो । चितवन २ का मतदाताले विवेक गुमाउदैनन भन्ने विश्वास छ ।",mina kharel,yt:Mina Kharel,comment,deva
हैट आँखाबाट आँसु बगिरह्यो । मिना दि जित्नैपर्छ ।,mina kharel,yt:Mina Kharel,comment,deva
रवि जितेर संसद भवन छिर्न पाउँदैनन् कृपया चित्वनबसी यि दिदीलाई जिताऊ।,mina kharel,yt:Mina Kharel,comment,deva
"पार्टी भित्र सबै नराम्रो ब्यक्ति हुदैनन् , मिना बैनीको सहयोग हेर्ने हो भने धेरै धेरै छन , महिला या पुरुष पिडितहरु र बिदेशी पिडित हरुलाई समेत आफ्नो बलबुतो ले भ्याए सम्मको सहयोग गर्दै आउनु भएको छ, समाजमा आई परेको कयौं सेवा गर्दै आउनु भएको छ, वहाँ लाई चितवनका २ नम्बर क्षेत्रका जनताले बिर्सनु हुदैन, वहाँको योग्यताको कदर गर्दै , पार्टी लाई हैन, वहाँको कामलाई प्रसंशा गर्दै अत्याधिक भोट दिएर "" चितवन कि चेली "" लाई जिताउन म आग्रह गर्दछु, 🙏मिना बैनी बिजयी भव🙏🙏🙏🙏🙏🙏🙏🙏🙏🙏🙏🙏🙏🙏🙏🙏🙏 🙏जय नेपाल 🙏",mina kharel,yt:Mina Kharel,comment,deva
Jay ghanti...........suvakamana,mina kharel,yt:Mina Kharel,comment,latin
"मैले प्रतक्ष कुनै कार्यक्रमका क्रममा देखें होला त्यति थाहाँ छैन। नेपाली काग्रेस ले योगदानको आधारमा मूल्याङ्कन गरी मिनादिदिलाई चिनेछ। एक शिक्षित, सक्षम महिलालाई पार्टीले (गगन थापाले) टिकट दिनुभो असाध्यै राम्रो निर्णय।
शुभ अनी विजय भव दिदी।
राजेन्द्र बानियाँ सरको भन्नु भएको महिला किन उप मात्रै हुने प्रमुख किन नहुने भन्ने महत्त्वपूर्ण शब्द लागू भएछ । यो अभियानमा",mina kharel,yt:Mina Kharel,comment,deva
jitnu parxa hai dd suvakamana 🎉🎉🎉,mina kharel,yt:Mina Kharel,comment,latin
यो चित्र चितवन जिल्लाका जनताले बुझ्नुपर्छ हो हजुर,mina kharel,yt:Mina Kharel,comment,deva
Mina Didi Lai agrim shubhakamana🎉,mina kharel,yt:Mina Kharel,comment,latin
"चितवन बासीले यस्तो बौध्दिक ,सामाजिक ब्यक्तिलाई जिताउनुहुने छ।",mina kharel,yt:Mina Kharel,comment,deva
Best of luck sister ❤❤❤,mina kharel,yt:Mina Kharel,comment,latin
Mina kharel jyu 🙏🙏🇳🇵🇳🇵❤️❤️😭😭,mina kharel,yt:Mina Kharel,comment,latin
जय नेपाल 🌳🌳🌳🌳,mina kharel,yt:Mina Kharel,comment,deva
देश लाई नभई नहुने नेतृत्व मिना खरेल ❤,mina kharel,yt:Mina Kharel,comment,deva
म मतदाता हैन तर ऊहाँलाई सुन्दा बुझ्दा   रविले ल्याऊने भनेको सुनामिको छाल शायद रोकिएला ...रोकिएन भनेपनि धेरै ठुलो क्षति गर्दैन यति बुझियो लौ....मिना दिदिलाई शुभकामना।,mina kharel,yt:Mina Kharel,comment,deva
जय नेपाल दिदी,mina kharel,yt:Mina Kharel,comment,deva
"हाेनहार समाजसेवी दिदी ❤❤❤,जय नेपाल ।",mina kharel,yt:Mina Kharel,comment,deva
"आधा मात्रै सुनेर कमेन्ट गरेको हो, रविजस्तो बहुरूपीयालाई भोट हाल्नुभन्दा यी दिदीलाई भोट दिए चितवनका जनताले सुख पाउँछन्, म चितवनमा भइदिएको भए ५० जनासँग हात जोडेर भएपनि दश पन्ध्र भोट चाहिँ यी दिदीको लागि पक्कै जुटाउथे, यीनमा कुनै स्वार्थ देखिदैन... मात्र त्याग!!",mina kharel,yt:Mina Kharel,comment,deva
Good luck dd,mina kharel,yt:Mina Kharel,comment,latin
"Mahan Nari hunuhudorahechha, Maile paile rabiko barema socheko thiya tara waha jasto byektilai vote nadiye paap lagchha.",mina kharel,yt:Mina Kharel,comment,latin
Wow दिदी हजुरको कुराले मन छोयो जितको सुभकामना दिदि🙏,mina kharel,yt:Mina Kharel,comment,mixed
जय घन्टी जय रबी 🔔🔔🔔🔔🔔🔔🔔🔔🔔👍️👍️👍️👍️👍️👍️👍️👍️👍️👍️,mina kharel,yt:Mina Kharel,comment,deva
Congratulations 🎊 👏 MINA JI,mina kharel,yt:Mina Kharel,comment,latin
Didi good,mina kharel,yt:Mina Kharel,comment,latin
🌲🌲🌲🌲🌲🌲🌳🌳🌳🌳🌳🌳🌳🌳🌳🌳🌳🌳🌳Jay Nepal,mina kharel,yt:Mina Kharel,comment,latin
सोद्धै नसोधी 🙏धेरै कुरा बुझ्न पाए धन्यवाद राजेन्द्र दाइ 🙏🙏,mina kharel,yt:Mina Kharel,comment,deva
"दिदीले  समाज का लागि गरेको योगदान  प्रेरणादायी छ त्यस्का  लागि नमन  र शुभकामना ।
तर यो समय देशसेवा लागि हो पुस्तान्तरन को हो परिवर्तनको लागि हो।  स्थिर सरकार को लागि हो त्यस्का लागि घण्टी बजौउन जरुरी छ चाहे त्यो चितवन् होस या देश भारी यो समय घण्टीको हो ।",mina kharel,yt:Mina Kharel,comment,deva
"Hats off for your incredible works. Best wishes, respected Didi.",mina kharel,yt:Mina Kharel,comment,latin
Wow diii Rajendra ji tapaile yo karyakm yak CHOTI hajur le panihernush na hai .....,mina kharel,yt:Mina Kharel,comment,latin
Best wishes.,mina kharel,yt:Mina Kharel,comment,latin
मान्छे चाहिँ नयाँ पार्टि रास्वपाबाट उठ्नुपर्ने व्यक्ति रैछ।अब चुनाव पछि रास्वपामा जेाडिनु हेाला।प्रदेश अनि स्थानिय निकाएमा भनेपनि लडेर जनताकेा सेवा गर्नुपर्छ तपाईले।हिजेा तपाईलाई कसैले चिनेकेा थिएन।अब रवि लामिछानेसग लडिरहदा राजेन्द्र बानिया सरले सबैमाझ चिनाउने अवसर दिनुभयेा।अब तपाईलाई जनताले राम्रेासग चिन्ने अवसर पाए।Go ahead Madam,mina kharel,yt:Mina Kharel,comment,mixed
"बाल बालिका,महिलाकाे बारेमा धेरै काम गर्नु भाकाे छ।नगरेकाे चाहिँ सहकारि ठगेकाे छैन।❤❤❤❤❤❤",mina kharel,yt:Mina Kharel,comment,deva
Manxe ta ramro man patinai  khara no bhot jay ghanti jay chitwan,mina kharel,yt:Mina Kharel,comment,latin
Heart touching,mina kharel,yt:Mina Kharel,comment,latin
जित हुनु पर्छ ❤❤❤❤🎉🎉🎉,mina kharel,yt:Mina Kharel,comment,deva
Wah sir you also..,mina kharel,yt:Mina Kharel,comment,latin
सुभकाममा 🌳😊,mina kharel,yt:Mina Kharel,comment,deva
"I saw you for the first time on YouTube. If you get 5 thousands Votes, that is too many votes for you.",mina kharel,yt:Mina Kharel,comment,latin
Please vote for  Tree and make Meena didi  win 🙏🙏She deserves victory 🎊,mina kharel,yt:Mina Kharel,comment,latin
राजेन्द्र सरलाइ धन्यबाद मिना दिदिलाइ विजयको शुभकामना,mina kharel,yt:Mina Kharel,comment,deva
रुखलाई जरै देखि ओखलेर फालने हो ।जय घन्टी जय नेपाल,mina kharel,yt:Mina Kharel,comment,deva
Mina dd 🌳,mina kharel,yt:Mina Kharel,comment,latin
चितवनले दुई दिदी लाई सांसद मा पुर्याउनु पर्ने देखियो रेनु दिदी र मिना दिदी लाई।🙏🇳🇵,mina kharel,yt:Mina Kharel,comment,deva
Nice🎉🎉🎉🎉🎉🎉,mina kharel,yt:Mina Kharel,comment,latin
भुसको पहाड हो है राजेन्द्रजी।,mina kharel,yt:Mina Kharel,comment,deva
Ramro manxe huda hudaini rabi pratiko purano ko badala vote ghanti ma ho,mina kharel,yt:Mina Kharel,comment,latin
जीतको लागि अग्रिम शुभकामना ।,mina kharel,yt:Mina Kharel,comment,deva
"राजेन्द्र बानियाँले अन्तर्वार्ता लिन कहिले सिक्ने हौ, के सारो बटारिएको !",mina kharel,yt:Mina Kharel,comment,deva
जय नेपाल  दिदी जितकाे शुभकामना,mina kharel,yt:Mina Kharel,comment,deva
अन्तरबार्ता  लिने दिने दुबैलाई हार्दिक नमनः ।  मिना खरेललाईअर्को पटक अवस्य संसदमा ल्याउनुपर्छ ।,mina kharel,yt:Mina Kharel,comment,deva
Best Of Luck DiDi.,mina kharel,yt:Mina Kharel,comment,latin
"मीनाजी ! चितवनमा तपाईंले अद्भूत सेवा गर्नु भएको छ, तपाईं महान् हुनुहुन्छ । तपाईंको योगदान चितवनका सचेत नागरिकले पक्कै पनि बुझ्ने छन्। तपाईंलाई शुभकामना ।",mina kharel,yt:Mina Kharel,comment,deva
Congratulation !!!,mina kharel,yt:Mina Kharel,comment,latin
Wow ! Best wishes,mina kharel,yt:Mina Kharel,comment,latin
राम्रो प्रस्तुति,mina kharel,yt:Mina Kharel,comment,deva
पूरै कार्यक्रम हेरियो ।,mina kharel,yt:Mina Kharel,comment,deva
"खातेकि दिदी कि सडक वालवालिका कि दिदी,शव्द फेरौँ।",mina kharel,yt:Mina Kharel,comment,deva
Didi le jitnu bho bhane kati khusi hune the..chitwan ka janata plz choose wisely 🎉🎉🎉🎉❤❤❤❤,mina kharel,yt:Mina Kharel,comment,latin
शुभकामना दिदि🎉🎉🎉,mina kharel,yt:Mina Kharel,comment,deva
She is the best candidate for better democracy,mina kharel,yt:Mina Kharel,comment,latin
Best wishes Didi and Jay Nepal.,mina kharel,yt:Mina Kharel,comment,latin
दिदिले नि जितेन भने चितवने जन्तालाइ पापै लाग्छ!,mina kharel,yt:Mina Kharel,comment,deva
"Best candidate, thug lai vote bata jawaf diyau",mina kharel,yt:Mina Kharel,comment,latin
Perfect candidate for Chitwon 2 and she deserves to win this election.,mina kharel,yt:Mina Kharel,comment,latin
Ghanti IT CELl  le yo video bhetayako chaina ki kyaho... 😂😂😂😂😂😂 ..,mina kharel,yt:Mina Kharel,comment,latin
best wishes did great thinking  great leader ❤❤❤,mina kharel,yt:Mina Kharel,comment,latin
🇳🇵🏝️🏝️🏝️👍👍👍,mina kharel,yt:Mina Kharel,comment,latin
Jit dhukha cha Jaya ghanti Jaya balen Jaya rabi Jaya RSP 🔔🔔🔔😊,mina kharel,yt:Mina Kharel,comment,latin
सहज रुपमा जित्छ्न् ।,mina kharel,yt:Mina Kharel,comment,deva
🇳🇵🇳🇵🇳🇵🔔🔔🔔🔔रबि जे बोल्छन् एकदम सही र सत्य बोल्न छ्न रबि को घाउँ नबिसाएको भए रबि चुप बस्ने राज नेता होइन उनि बोल्न जनता को चिन्तन मनन् गरिरहेने सच्चा देश भक्त नेपाल आमा को बहादुर छोरो हुन्।,mina kharel,yt:Mina Kharel,comment,deva
"जय रवी,जय घन्टी,अब देशले परीवर्तन चाहेको छ।",mina kharel,yt:Mina Kharel,comment,deva
रबि को जित पक्का पक्की छ !🔔✅,mina kharel,yt:Mina Kharel,comment,deva
Jay rabi jay ghanti jay nepali,mina kharel,yt:Mina Kharel,comment,latin
बिचरा उठ्ने कोही नभए पछि समाजसेवा गरेर बसेको मिना दिदी लाई सहीद बनाउने भय,mina kharel,yt:Mina Kharel,comment,deva
Satya Aakhira Satya Nai Ho Dhulo Chado Prashta Hunchha Tyahi Satya Dhakna Khojne Bhrashtam Bhayera Nashta Hunchha Satya Ho,mina kharel,yt:Mina Kharel,comment,latin
हाइलाट ले रबिलाइ मतलब हुदैन। रबि जनताको हेडलाईन बदल्न आएको निलो क्रान्ति सर्बोच्च कमान्डर हुन रबि लामिछाने 🔔🔔🔔✊✅,mina kharel,yt:Mina Kharel,comment,deva
No rabi and balan we need king Jay desh jay neresh jay Nepal 🇳🇵👑👑👑👑👑👑 make king news,mina kharel,yt:Mina Kharel,comment,latin
"मिना खरेल राम्रै नेतृ हुनुहुन्छ होला तर वहाँ को सङ्गठन राम्रो छैन ! 
तसर्थ रबि लामिछाने ( घण्टी ) नै बिजयी हुनेछन ! 
जय घण्टी 🔔",mina kharel,yt:Mina Kharel,comment,deva
"म स्वयॅं त्रि.वि शिक्षण अस्पतालमा गएर भेटेर आएको,खुट्टा fracture भएको रहेछ-टिकाराम यात्री
खुट्टाको छालामा सॅंक्रमण-शिलापत्र",mina kharel,yt:Mina Kharel,comment,mixed
रविलाई घरि घरि जिताएर बालुवामा पानी खन्याउँछन्? मिनाले जित्नु राम्राे। ठगीकाे मुद्दा खेपेकाे रविभन्दा पढेकी निस्वार्थ समाजसेवी मिना कयाैँ गुणा गतिली।,mina kharel,yt:Mina Kharel,comment,deva
jay nepal om शान्ति अगृम बधाई  तथा  हार्दिक  शुभकामना ❤❤❤❤❤,mina kharel,yt:Mina Kharel,comment,mixed
"Balen prime minister
Ravi home minister
Harka defense minister 
Kulman Transport minister. ❤ you all.",mina kharel,yt:Mina Kharel,comment,latin
Khai ma pani ctn 2 ko basinda ho maileta pahila namai suneko thiyanata,mina kharel,yt:Mina Kharel,comment,latin
Nice joke😂😂😂,mina kharel,yt:Mina Kharel,comment,latin
Joke of the week !! 😆😆,mina kharel,yt:Mina Kharel,comment,latin
Rabi sita k vidthi haso lagxa,mina kharel,yt:Mina Kharel,comment,latin
Mawabadi ko reports herda haso lakxa 😂,mina kharel,yt:Mina Kharel,comment,latin
ALL OLD POLITICAL PARTIES ARE OUT OF DATE,mina kharel,yt:Mina Kharel,comment,latin
Aba congressle jitnu parcha,mina kharel,yt:Mina Kharel,comment,latin
"Joke garne ni euta sima hunxani rabilai chunauti rey😂😂😂 kati hasnu 
Pahilo choti kati vote lyako thaha raixena shilapatra owner lai",mina kharel,yt:Mina Kharel,comment,latin
Oe vai rabi le na ho jitne,mina kharel,yt:Mina Kharel,comment,latin
yo pali rabi ko 60k vote dhukka hou timi,mina kharel,yt:Mina Kharel,comment,latin
No doubt he will win this time as well 🔔🔔🔔🔔🔔,mina kharel,yt:Mina Kharel,comment,latin
Rest ma hunuhun xa,mina kharel,yt:Mina Kharel,comment,latin
मीना खरेलको जमाना जफत हुन्छ जित रविको पक्का छ।,mina kharel,yt:Mina Kharel,comment,deva
Bro cellulitis is not simple 😂,mina kharel,yt:Mina Kharel,comment,latin
वाड सदस्य हुने हैसियत छैन यो आईमाई,mina kharel,yt:Mina Kharel,comment,deva
Ra sa pa hijack vayo😂😂😂,mina kharel,yt:Mina Kharel,comment,latin
म लेखेर दिन्छु मिना खराेल को जमना जफ्त हुन्छ लेखेर राख्दा हुन्छ,mina kharel,yt:Mina Kharel,comment,deva
अब 65 हजार ल्याउछ रबि ले,mina kharel,yt:Mina Kharel,comment,deva
Meena kharel ✅️🌳🌳🌳,mina kharel,yt:Mina Kharel,comment,latin
रविसँग चुनाव भिड्न चरि जुरेली उठाएछन् । हास्यास्पद ।,mina kharel,yt:Mina Kharel,comment,deva
Rabiko yspali jamanat jafat hunuparcha.sahakari tagliatelle kasle bhote dincha.pahila sahakariko paisa tirnu ani chunab janu,mina kharel,yt:Mina Kharel,comment,latin
ए शिलु त्यो नटवरलाल ले पाएको भोट चै उसको गोजि को हो ??? उसलाई हराउनै असम्भव छ भने जसरी कुरा गर्छे त ? नटवरलाल ले पाएको अधिकांश भोट NC कै हो जुन अब मिना दिदी लाई जान्छ । हुन त चिताउने को के भर भो र रास्ट्रबैक का गभर्नर लाई हराएर त्यो जगल्टे सुकुल गुन्डा जस्तो हरि ढकाल लाई जिताउने जिल्ला हो चितवन हेरौ तिनिहरु चेतना कत्तिको छ,mina kharel,yt:Mina Kharel,comment,mixed
Meena kharel le जित्नुपर्छ ❤❤❤,mina kharel,yt:Mina Kharel,comment,mixed
65 crore pahisa rabile tirnu parcha,mina kharel,yt:Mina Kharel,comment,latin
Best wishes 🙏🙏❤,mina kharel,yt:Mina Kharel,comment,latin
जय नेपाल❤,mina kharel,yt:Mina Kharel,comment,deva
Good प्रस्न 🙏🌹🌹🌹,mina kharel,yt:Mina Kharel,comment,mixed
चितवनबासीले रास्ट्रीय रुपमा कामका आधारमा दिदी बनिसकेकी मिना जिको न्यायको निम्ति भोटबाट जिताउन जरुरी छ्👏👏👏,mina kharel,yt:Mina Kharel,comment,deva
यो दिदीलाई नेता बन्नु भन्दा पहिला म कुन पाटि मा अबद्द भए भन्ने सोच कहिल्यै सोचेन ?,mina kharel,yt:Mina Kharel,comment,deva
शुभकामना जय नेपाल,mina kharel,yt:Mina Kharel,comment,deva
ववा सर ववा तपाईकाे पत्रकारीचै मानै परछ सर🎉🎉🎉🎉🎉🎉🎉🎉🎉🎉🎉🎉🎉🎉🎉🎉🎉🎉🎉🎉🎉🎉🎉🎉🎉🎉🎉🎉🎉🎉🎉🎉🎉🎉🎉🎉,mina kharel,yt:Mina Kharel,comment,deva
Salam mina didinlei🌳🌳🌳🌳🌳,mina kharel,yt:Mina Kharel,comment,latin
यत्तिको मान्छेले चुनाब जितेन भने नेपाल कहिले बन्दैन,mina kharel,yt:Mina Kharel,comment,deva
जय नेपाल❤❤,mina kharel,yt:Mina Kharel,comment,deva
वहाँ अति राम्रेा व्यक्ति तर पार्टी नै खराब,mina kharel,yt:Mina Kharel,comment,deva
Good luck ♥️ 👍,mina kharel,yt:Mina Kharel,comment,latin
Let Thug go and break politics of hatred.,mina kharel,yt:Mina Kharel,comment,latin
"सबै कुरा थाहा पाउदा त दिदि महान रहिछ्न ! ! उहा सङग त रबि को तुलना नै गर्न नमिल्ने रहेछ नि  ! ! 
Great DD🙏🏻🙏🏻",mina kharel,yt:Mina Kharel,comment,mixed
निर्भिक र सालिन ब्याक्तित्व समाजसेवी ब्याक्तित्व मिना खरेल दिदि लाइ भोट दिन जरुरी छ।सम्पुर्ण चितवन बासि दाजुभाइ दिदिबहिनी हरु यो अन्तरबार्ता हेर्नुहोला।,mina kharel,yt:Mina Kharel,comment,deva
best of luck❤😊,mina kharel,yt:Mina Kharel,comment,latin
उहाको कामको लागी सम्मान छ तर अहीलेको समयमा रबी नै जीताउनु पर्छ।पाटीको हीसाबले  ३० बर्स नगरेकाले अब के आसा अनि अहीले बहुमत आउदैन  जीतनु कुनै अर्थ लाग्दैन  । माफ गर्नु होला🙏 अब नयाको परीक्षा लिनु पर्छ  लिनु छ जय 🛎️ जय देस,mina kharel,yt:Mina Kharel,comment,deva
"दिदिको चरित्र रविको मात्रै होइन समकालीन धेरै नेता भन्दा माथी रहेछ! जित हार जे होस् , दिदिलाइ शुभकामना छ 🙏",mina kharel,yt:Mina Kharel,comment,deva
Didi lai jitau hai sabai milera..balla politics of value huncha,mina kharel,yt:Mina Kharel,comment,latin
चितवनको 2 चुनाव को सम्मान पाउने र बदनाम उपनाम पाउनेको बीचमा सहकारी दाइ भन्दा खातेको दिदी को जितको लागि अग्रिम शुभकामना मिना दिदी लाई,mina kharel,yt:Mina Kharel,comment,deva
Jay nepal ❤️,mina kharel,yt:Mina Kharel,comment,latin
हजुरलाई निरको लागि लडाउनुपर्ने व्यक्ति हुनुहुँदो रहेछ।,mina kharel,yt:Mina Kharel,comment,deva
शुभ कामना ।।,mina kharel,yt:Mina Kharel,comment,deva
Wish you all the best dd,mina kharel,yt:Mina Kharel,comment,latin
मिना खरेल जी ले जित्नु पर्दछ र जित्नु पर्छ अनिमात्रै चितवनका जनताको जित हुनेछ ! 👏,mina kharel,yt:Mina Kharel,comment,deva
चितवन  क्षेत्र नं.२ का मतदाताले मिना खरेललाई बिजय गराउनु पर्दछ । रबी लामिछाने बिबादीत नागरिक हुन । उनलाई मत हाल्नु पनि अपराध हुन्छ । अत: गहिरिएर बिचार गर्नुस् है,mina kharel,yt:Mina Kharel,comment,deva
मीना दिदीले जिताेस् 🎉🎉🎉🎉,mina kharel,yt:Mina Kharel,comment,deva
राजनीतिमा पाईने निकै कम पात्रहरू मध्ये उहाँ हुनुहुँदोरहेछ।,mina kharel,yt:Mina Kharel,comment,deva
हजुर यहि कार्यामा पबित्रका साथ लाग्नुस यता तिर आएर दुसित नहुनुस ल😊😊,mina kharel,yt:Mina Kharel,comment,deva
राजेन्द्र जि मत तपाई लाई धेरै राम्रो पत्रकार सम्झन्थे तर तपाई जति खेर पनि रबि रबि भनेको सुन्दा अलि उदेक लाग्यी ।,mina kharel,yt:Mina Kharel,comment,deva
तंपाईलाई बल्ल फेरिएको कांग्रेसले चिनेछ । सुनामी मौषमी हुन्छ ।तंपाईले सुनामीको लहरलाई शान्त पार्न सक्नुहुन्छ ।शुभकामना दिदी ।,mina kharel,yt:Mina Kharel,comment,deva
मीना दिदी हजुरलाई  मेराे काेटिकाेटि प्रणाम छ। हजुरकाे राजनीतिक  सफलता र बिजयकाे शुभकामना  छ।,mina kharel,yt:Mina Kharel,comment,deva
Dami interview मीना जी,mina kharel,yt:Mina Kharel,comment,mixed
चितवनका विवेकशील नागरिक ले  समाजसेवी मिना खरेल दिदि लाई भोट दिनु हुन्छ,mina kharel,yt:Mina Kharel,comment,deva
Good luck❤,mina kharel,yt:Mina Kharel,comment,latin
यो पटक घण्टि मा भोट हालौ🔔🔔🔔,mina kharel,yt:Mina Kharel,comment,deva
शुभकामना  सबै कुरा सुने राम्रो लाग्याे तर प्रधानमन्त्री गगन भन्नु भयाे कता कता चिप्लियाे कि?,mina kharel,yt:Mina Kharel,comment,deva
हेर्नुस् त  कम्मेन्ट मा  लेखिइएका शब्द रा स्वा पा को ?,mina kharel,yt:Mina Kharel,comment,deva
कति राम्रो कुरा । यस्ता खालको मान्छे ले जित्नैपर्छ ।शुभकामना,mina kharel,yt:Mina Kharel,comment,deva
रबि दाइ ले धेरै अन्तर ले जित्नुहुन्छ कांग्रेस एमाले र माओबादी ले यिनीहरु त के साक्षत भगवान नै आएपनि जित्दैण,mina kharel,yt:Mina Kharel,comment,deva
❤❤❤❤❤ great didi,mina kharel,yt:Mina Kharel,comment,latin
चितवन 2 मा मिना दिदिले नै जित्नु पर्छ ।चितवन देवभुमि हो मिना जि आध्यात्मिक  नारी हो ।,mina kharel,yt:Mina Kharel,comment,deva
Jitnarayan hoina harnarayan pakka ho!,mina kharel,yt:Mina Kharel,comment,latin
"मेरो समर्थन छ प्यारी मिना दिदी 🙏🇳🇵
  म रुकुम(पूर्व) देखि 🇳🇵
यदि मिल्ने भय मेरो एक भोट हजुरलाइ🇳🇵",mina kharel,yt:Mina Kharel,comment,deva
"१०,००० भोट मा कमि हुँदैन।",mina kharel,yt:Mina Kharel,comment,deva
अहिले सम्म सबैभन्दा राम्रो लाग्यो !,mina kharel,yt:Mina Kharel,comment,deva
what a energetic lady? rellay impressive.,mina kharel,yt:Mina Kharel,comment,latin
वाह मिना दिदि,mina kharel,yt:Mina Kharel,comment,deva
दुख नपाऊ दीदी १० हज़ार भोट लाई धेर खर्च नगरनु होला,mina kharel,yt:Mina Kharel,comment,deva
गजब पहिलाे पटक देखे र चिने मिना ज्यु अर्थात खातेकि दिदी लाई अब चितवन बासिले पार्टी भन्दा माथि रहेर उहाँ लाई जिताउनु पर्याे,mina kharel,yt:Mina Kharel,comment,deva
Vote for sun ❤❤❤❤❤,mina kharel,yt:Mina Kharel,comment,latin
Jay nepal didi❤❤❤,mina kharel,yt:Mina Kharel,comment,latin
so sweet talk didi bot for mina kharel❤️🙏🍀,mina kharel,yt:Mina Kharel,comment,latin
धेरै पछी राजनीतिमा यत्तिको सेवाको पवित्र मन भएको ब्यक्ति लाई सुन्न र देख्न पाइयो। जितको शुभकामना मिना खरेललाई ।।,mina kharel,yt:Mina Kharel,comment,deva
wow man paro,mina kharel,yt:Mina Kharel,comment,latin
दिदी तपाईं जति राम्रो भए पनि तपाइँ को पार्टी नै खराब छ । माफ गर्नुहोला जीत त रास्वपा कै हुनुपर्छ ।। जय घण्टी ।।।,mina kharel,yt:Mina Kharel,comment,deva
जियोज्यान लगाउदा पनि बाँनिया सरको केही चल्दैन😂😂😂,mina kharel,yt:Mina Kharel,comment,deva
🛎️🛎️🛎️🛎️🛎️🛎️🛎️🛎️🛎️🛎️🛎️,mina kharel,yt:Mina Kharel,comment,latin
शुभकामना दिदि❤❤❤,mina kharel,yt:Mina Kharel,comment,deva
चितवन 2 ले जनताको रगत चुस्नेलाइ कि जनताको सेवा गर्नेलाइ भोट हाल्छ हेर्न बाकि छ,mina kharel,yt:Mina Kharel,comment,deva
भुइन्माञ्छे गरिबकालागि तेत्रो मनै देखि काम गर्नु भएको व्यक्तिले आफ्नै पार्टी सरकारमा भएका बेला चाहिं के हेरेर बस्नु भएको थियो। नेताहरु अलमलिनु भएको थियो भनेर ढाकछोप गर्न खोज्ने वहाँलाइ कसरि बिश्वाश गर्ने।  आफ्नै नेताहरुलाई खबरदारी गर्न नसक्ने व्यक्तिलाइ कसरि जनताले बिश्वाश गरेर पठाउनु नीति निर्माणको तहमा। मिना जी को तर्कमा खासै दम देखिएन। मेरो बिचारमा त वहाँले समाज सेवालाइनै निरन्तरता दिंदा जनताको माया पाइरहनु हुनेछ। रबि प्रति भएको अन्यायको बिरुद्ध अलिकति बोल्नु भएको भए वहांको उचाइ अझै बढ्थ्यो होला जनताको नजरमा।  तपाईंपनि आर्को बिरोधि पार्टीको  जनप्रिय नेत्री हुनुभएको भए र बेथिति र भ्रस्ट नेताहरुको रविलेझैँ कडा बिरोध गर्नु भएको भए पक्कै रविको हालमा पुग्नु हुनेथ्यो होला।  wish you all the best for your social works in the days ahead!,mina kharel,yt:Mina Kharel,comment,mixed
"बौद्धिक र उचित पात्र लाग्यो, साहासी महीला मीना खरेल जीलाई जिताउनु पर्छ, वहाले गरेका अति महत्वपुर्ण सामाजिक कार्य, कसैलाई आरोप आक्षेप लगाउनु भएन। रवि रजनितिमा आउनका लागि उहाका सबै  अभियोग मेटाएर शुद्द भएर आउनु पर्छ । यसै अभियोग लगाईएको त पक्कै पनि होईन यो कुरा चितवन वासी जनताले बुझ्नु पर्दछ।",mina kharel,yt:Mina Kharel,comment,deva
"मिना खरेल सामाजिक सञ्जालमा भाइरल भएकी पात्र होईनन् । उहाँ त नेपालैभरी विशेषगरी चितवन जिल्ला भरी नै दुःखी, पिडित, गरिब, निमुखा व्यक्तिहरुको मात्र अहोरात्र काम गर्ने समाजसेवी हुन् । अब दिदीलाई जनताले उचित न्याय गर्ने समय आएको छ । जय नेपाल दिदी ।",mina kharel,yt:Mina Kharel,comment,deva
बानियाँलाई एमालेकाे साख गिर्छ थाहा छ त्यहि भएर ने का नि सानाे दल हाेस भन्ने चाहाना राख्छन्,mina kharel,yt:Mina Kharel,comment,deva
पत्रकारज्यूले रविकाे खिल्ली जति उडाएपनी जनताले माया गरेभने कसकाे के लाग्याे र ?,mina kharel,yt:Mina Kharel,comment,deva
Didi le thug lai haraunai parcha,mina kharel,yt:Mina Kharel,comment,latin
"वा ! कहां चटके जस्ता रवि , कहां यति भद्र शालिन मिना ! कसलाई विजय गराउने तेहांका भोटरको परीक्षा हो अैले ।",mina kharel,yt:Mina Kharel,comment,deva
"नेताको भाशरण एस्तै हुन्छ ,,बुझेका छौ,,र चिनेकाछौ",mina kharel,yt:Mina Kharel,comment,deva
शुभकामना हजुरलाई,mina kharel,yt:Mina Kharel,comment,deva
"बेस्ट  उम्मेदवार ,  हो  !  चितवन २  ,  रबि  को  झोला न  बोकौ  !!!",mina kharel,yt:Mina Kharel,comment,deva
काङ्ग्रेसले यस्ता यस्ता व्यक्तिलाई पछि पारेको थियो। भाउजुका नजरमा यस्ता मान्छे जहिले घृणाका पात्र थिए। आज युवाको काँधले उहाँलाई जिम्मेवारीको काँधमा सुम्पेको छ। जितको अग्रिम शुभकामना🇳🇵🇳🇵♥️♥️,mina kharel,yt:Mina Kharel,comment,deva
"Dd lai salute xa, Mahan ho hajur, Tara Rabi dai is next Level person, I love him🔔🔔🔔 jay ghanti.. Rabi dai vaneko bides ma bechiyeko cheli ko uddar, bides ma alapatra pareka ko varosa ho.. Rabi is future PM of Nepal 🇳🇵 jay ghanti🔔🔔🔔",mina kharel,yt:Mina Kharel,comment,latin
"चितवन को जनताले राम्रो सँग चिन्तन गरेर पार्टी, हो हल्ला मा नलागेर काम गर्न सक्ने र दुःख सुख मा साथदिने लाई भोट हाल्नु होला कुरा सुन्दा र उहाँको योगदान चितवन बासीले राम्रो सँग नियालेर उचित हुन्छ भनी मौका दिन सजिलो छ।",mina kharel,yt:Mina Kharel,comment,deva
राम्रो बोल्नुहुदो रहिछ,mina kharel,yt:Mina Kharel,comment,deva
Congratulations di,mina kharel,yt:Mina Kharel,comment,latin
didi namaste ❤❤❤,mina kharel,yt:Mina Kharel,comment,latin
एउटा सक्षम महिलालाई काङ्ग्रेसले बलि चदायो अन्त कतैबाट टिकट पाएको भए सम्भब हुन्थ्यो चितवन २ बाट काङ्ग्रेसको जमानत जफत हुने निश्चिति छ...,mina kharel,yt:Mina Kharel,comment,deva
K ho yo caption khate ki didi. Kati ris ho rabi sanga 😅😅😅,mina kharel,yt:Mina Kharel,comment,latin
Gagan Kumar thapa jasto Congress  party ko lagi chunab ma vote 🗳 dinu vane ko am nepali janta haru 🇳🇵 lai dherai dhukha pida ho hunexa Mina kharyel didi le Dhulo galti garnu??? vayo ko xa jai ghanti jai RSP party jai rabi ju,mina kharel,yt:Mina Kharel,comment,latin
She is undoubtedly one of best candidates and she deserves to win.  But I am concerned she is being made a sacrificial lamb by Nepali Congress.  She would have been a great contender had she chosen any other new party including RSP and not a highly toxic Congress.  I hope she will save her dignity with a fair share of votes but cannot see that happening 🙏🔔🙏,mina kharel,yt:Mina Kharel,comment,latin
शुभकामना दिदि,mina kharel,yt:Mina Kharel,comment,deva
"राजेन्द्र दाइ खरो बहस का लागि धन्यवाद ,",mina kharel,yt:Mina Kharel,comment,deva
what a hidden character.,mina kharel,yt:Mina Kharel,comment,latin
❤❤🎉🎉🎉🌳🌳🌳🙏🙏❤️❤️,mina kharel,yt:Mina Kharel,comment,latin
Asal manxe ❤,mina kharel,yt:Mina Kharel,comment,latin
राम्रो मान्छेको कुरा सुन्न पाईयो राजेन्द्र् जी,mina kharel,yt:Mina Kharel,comment,deva
Congratulations dd,mina kharel,yt:Mina Kharel,comment,latin
आदर्श नारी,mina kharel,yt:Mina Kharel,comment,deva
Timle bkaam gareu  hola didi tara timro party congresh  dusit  xa kina vot dine  yar,mina kharel,yt:Mina Kharel,comment,latin
You can win now,mina kharel,yt:Mina Kharel,comment,latin
Naya party ma vay harahari pgthin hola congress ko party huna le dherai  aay 15 . 20,mina kharel,yt:Mina Kharel,comment,latin
असल मान्छे🙏🏻,mina kharel,yt:Mina Kharel,comment,deva
Why not RSP ?,mina kharel,yt:Mina Kharel,comment,latin
मिना दिदीको काम प्रति सम्मान छ तर अहिले लाइ काङ्रेस लाइ भोट दिना सकेन  अहिले लाइ मात्र RSP 🔔🔔🔔🔔🔔🔔👍👍💪💪💪,mina kharel,yt:Mina Kharel,comment,mixed
"सहकारी ठग हारेको दिन यत्ति खुशि लाग्थ्यो नि
हाम्रो पसिना खाएर मोज गरिराछ
 पुरानो भ्रष्ट भए यिनिहरु दलाल र ठग",mina kharel,yt:Mina Kharel,comment,deva
राम्रो हुनू हुँदो रैछ दिदी tara sorry ल यो पाली next ठाउँ बाट भएको भए 100%  hjr कोे जीत निसित हुने थियाे,mina kharel,yt:Mina Kharel,comment,mixed
Jantaharule kasailai pahad Ra kasailai sanudekhane galtile garda des sudridain  minale k garen rabile k gryo,mina kharel,yt:Mina Kharel,comment,latin
🌳🌳🙏🇳🇵💕jay Nepal 🇳🇵 Suvkamana di,mina kharel,yt:Mina Kharel,comment,latin
Khas jitnu parnee minaa dd lee ho aba voters ko haat xaa sabaai,mina kharel,yt:Mina Kharel,comment,latin
दिदि लाइ जय नेपाल🎉🎉,mina kharel,yt:Mina Kharel,comment,deva
Didi subhakamna,mina kharel,yt:Mina Kharel,comment,latin
Gathabandan Garera Yauna Pipasuko Drabya Pichasha Bhrashtaharule Dhwastapareko Sangathan Puna Nirmana Garnuchha,mina kharel,yt:Mina Kharel,comment,latin
दिदिलाइ चितवनको जनताले न्याय गर्ने छ यो पाली।,mina kharel,yt:Mina Kharel,comment,deva
राजेन्द्र जि गए गुर्जेको भन्ने शब्द गलत छ है  सच्याउनु पर्छ,mina kharel,yt:Mina Kharel,comment,deva
"Ekdum ramro yogdaan raixa DD ko but hjr ko top level tier kaa manxi alli naramro ho ki jsto lagxa. People might vote for you but not for congress or so congres seniors.
Toughest fight i guess but best of luck!",mina kharel,yt:Mina Kharel,comment,latin
Khoi k khoi k bhane jasto puraskar ta party ka vijilante banepachhi milihalchha ta.,mina kharel,yt:Mina Kharel,comment,latin
शुभकामना,mina kharel,yt:Mina Kharel,comment,deva
Nikai ramro layo bahas❤❤,mina kharel,yt:Mina Kharel,comment,latin
love you didi,mina kharel,yt:Mina Kharel,comment,latin
😂😂😂😂😂👎👎🙏👍👍👍🔔🔔🔔🔔🔔❣️❣️,mina kharel,yt:Mina Kharel,comment,latin
"Dhanayabad Rabindra Jee, thula media, thula naam ko paxadi lagda, sunnai parne manxe lai lyaunu bhayo. Dhanyabad.",mina kharel,yt:Mina Kharel,comment,latin
जय 🔔🔔🔔🔔🔔,mina kharel,yt:Mina Kharel,comment,deva
चितवनका दाजुभाई दिदीबहिनीहरूले यतिको उमेदवारलाई हरायो भने चाहिँ तपाईँ लाग्छ यदि चितवनका जनताले साँच्चिकै परिवर्तन चाहेका हुन् भने यिनी दिदीलाई जिताउनै पर्छ,mina kharel,yt:Mina Kharel,comment,deva
चितवन बासीले सही रूपमा निर्वाचित गराउन पर्छ ्,mina kharel,yt:Mina Kharel,comment,deva
दीदी जित को हकदार हुनुहुन्छ ! रबी सग त तुलनै हुदैन ! Best wishes,mina kharel,yt:Mina Kharel,comment,mixed
देउबाको घरभरि पैसा डडेको बारेमा के भन्छिन यी भलादमि दिदी।,mina kharel,yt:Mina Kharel,comment,deva
Shuvakaamana xa mins ji tara espaali chaai ghanti le nai jitnu parxa,mina kharel,yt:Mina Kharel,comment,latin
जितनारायण श्रेष्ठ  2.0 हुनेवाला छ । जय घण्टी 🔔,mina kharel,yt:Mina Kharel,comment,deva
12 families,mina kharel,yt:Mina Kharel,comment,latin
Aafu lai ramrai patrakar thanne haru le vasa ko minimum standard pni maintain nagareko dekhda daya lagyo. What do you mean by 'Khate'?,mina kharel,yt:Mina Kharel,comment,latin
Yauta nari lai k khisi turi garako Dai ki ramro question garara natra caption sudara…,mina kharel,yt:Mina Kharel,comment,latin
चितवन  का  जनताले  पक्कै  जिताऊछन  दिदीलाई,mina kharel,yt:Mina Kharel,comment,deva
Yo karyakram here dherai roy deshma ramra manxe Pani xan,mina kharel,yt:Mina Kharel,comment,latin
Ho ho sabai la dhuka gara KO Vaya rava ra ho Nepal asto Vaya ko😮 personaly she very good 👍,mina kharel,yt:Mina Kharel,comment,latin
"If she doesn’t win, it’s not just her loss, it’s a loss for all of Nepal and a loss of hope for every Nepali. All the Best🎉",mina kharel,yt:Mina Kharel,comment,latin
Good luck rsp🙏🙏♥️♥️🔔🔔🌹🌹,mina kharel,yt:Mina Kharel,comment,latin
नालापानि होइन काङ्ग्रेसको ब्याज खान पाइन्छकि भनेर हो,mina kharel,yt:Mina Kharel,comment,deva
खाते भन्ने शब्द हटाईहाल्नुस।,mina kharel,yt:Mina Kharel,comment,deva
दिदी लाई सुने एकदमै राम्रो लाग्यो पुरानोले पार्टी लाई ध्वस्त बनायो कस्तो अफ्टेरो मा परे म त भोट उहाँलाई हालुम भने पार्टी ध्वस्त बनैसक्यो पुरानो ले त्यो बेला हाथ 2 ओटा मा एउटामा जान्छ तपाईं की घण्टी।,mina kharel,yt:Mina Kharel,comment,deva
प्र्स्न लाई थेग्न सक्ने माहान सोचाइ हो वाहाको सछम हो वाहा❤❤❤❤❤❤,mina kharel,yt:Mina Kharel,comment,deva
vote for mina gi jay nepal 🌲🌲🌲🌲🌲🌲🌲🌲,mina kharel,yt:Mina Kharel,comment,latin
यिनि दिदि 1000भोट आउला,mina kharel,yt:Mina Kharel,comment,deva
Harnuhuncha jitna sakne bela ma diyenan ticket  harnenishchit cha Jun thau ma hunu hunthyo tehi best  thiyo,mina kharel,yt:Mina Kharel,comment,latin
देश बिग्रेको नैतपाई जस्ता बौद्धिकहरुले  गर्दाहो तपाईं साच्चै नै नेपाली जनताको हितको लागि राजनितिमा आउनु हुन्थ्यो भनी माहवीर पुन जसरी ब्यक्ती स्वतन्त्र बाट आउन सक्नुहुन्थ्यो यो उमेदवार नै तपाईको लागि भोलि साढेगोरुको घाटिमा जातो झुन्डयदियको जस्तै हुनिछ र आफैमा पछुतो हुनिछ !,mina kharel,yt:Mina Kharel,comment,deva
जितको शुभकामना दि,mina kharel,yt:Mina Kharel,comment,deva
sachai khate ki didi nai hora😂😂,mina kharel,yt:Mina Kharel,comment,latin
KhatA kina lakhako,mina kharel,yt:Mina Kharel,comment,latin
मिना दिदिले जित्नुपर्छ भन्ने एक हौ !🎉,mina kharel,yt:Mina Kharel,comment,deva
सही सक्षम नेत्री,mina kharel,yt:Mina Kharel,comment,deva
Great lady❤,mina kharel,yt:Mina Kharel,comment,latin
शीर्षक अलि राम्रो राख्न सकिन्थ्यो कि ?,mina kharel,yt:Mina Kharel,comment,deva
Aja ko new party nai Gagan ko team ho Jay Nepal 🌳🌳🌳🌳🌳🌳🌳🌳🌳🌳🌳🌳,mina kharel,yt:Mina Kharel,comment,latin
"चितवन को मतदाताको विवेक हेरौं न,काम गर्नेलाई रोज्ने कि गफाडी ठगलाई🤗",mina kharel,yt:Mina Kharel,comment,deva
Ashika tamang binita kathyat sundai holan ne best of luck didi,mina kharel,yt:Mina Kharel,comment,latin
"यस्तो ससक्त , जुझारु र बिबेकसिल महिला लाई छोडेर रबि लामिछाने लाई vote नहाल्नुहोला,चितवन बासी हरु लाई मेरो अनुरोध छ।",mina kharel,yt:Mina Kharel,comment,mixed
good luck ❤didi,mina kharel,yt:Mina Kharel,comment,latin
Great lady,mina kharel,yt:Mina Kharel,comment,latin
केपी लाइ नि ल्याउनु पर्याे सर,mina kharel,yt:Mina Kharel,comment,deva
विचारा कस्तो खालडोमा हाल्दिएछ गगनले,mina kharel,yt:Mina Kharel,comment,deva
Great thought,mina kharel,yt:Mina Kharel,comment,latin
Rajendra dai 🙏🙏🙏🙏🙏,mina kharel,yt:Mina Kharel,comment,latin
चितवनका न्याय प्रेमि जन समुदाय चितवनकि चेलि लाई न्याय गर्छनकि अपमान गराउँछन हेर्न बाँकी  छ चितवनमा कस्ताे निर्णय हुँदाे रहेछ झन महिला दिदी बहिनीले  त झन महिला लाई सम्मान गर्नु अात्म सम्मान पाउनु हाे,mina kharel,yt:Mina Kharel,comment,deva
Yo British senako ladai hoina ...,mina kharel,yt:Mina Kharel,comment,latin
जितकाे शुभकामना दिदी,mina kharel,yt:Mina Kharel,comment,deva
पाको र काचोमा यहि फरकहो कति राम्रो बोलि,mina kharel,yt:Mina Kharel,comment,deva
"Back off Populist, these are opportunists and selfish. You people step back and think once. I don't  think the populists are good for people and the country. Your vote????",mina kharel,yt:Mina Kharel,comment,latin
I wish I could be the voter of her,mina kharel,yt:Mina Kharel,comment,latin
Hoina hjr hjr ramro Manche ho Tara hjr ko palti nai brastrachari ko palti ko name di sakeko xa,mina kharel,yt:Mina Kharel,comment,latin
चितवन basi न्याय प्रेमी जनता ले yasto भगवान जस्ती दिदी lai विजय गराउनु पर्छ ❤❤❤,mina kharel,yt:Mina Kharel,comment,mixed
Best of luck Didi ...kasaialia harauni hoina Didi Lai jitauni ho,mina kharel,yt:Mina Kharel,comment,latin
Dami Didi...best of luck. You will win,mina kharel,yt:Mina Kharel,comment,latin
मिना नानि शुभकामना ❤❤❤❤,mina kharel,yt:Mina Kharel,comment,deva
Patrakar kunai partyka jhole hun ki? Unko  prasan sodhai k ho?,mina kharel,yt:Mina Kharel,comment,latin
yaspali chi jay 🔔🔔🔔🔔🔔🔔🔔. jay Ravi,mina kharel,yt:Mina Kharel,comment,latin
जीत को शुभकामना  दिदी 🎉,mina kharel,yt:Mina Kharel,comment,deva
हुँदै हुन्नँ रवि जस्तो मान्छे हराएर नयाँ बोतल कोे पुरानो बीस पिउँन सकिन्नँ जय रवि,mina kharel,yt:Mina Kharel,comment,deva
मिना खरेल चितवनको माटोमा जन्मेको हुर्केको र तेहिका जनताका लागी समर्पित नाम हो । उनलाई माया गर्नु चितवनका जनताको कर्तव्य हो।,mina kharel,yt:Mina Kharel,comment,deva
"मिना दिदी असल व्यक्ति हुनुहुन्छ, त्यसमा कुनै दुईमत छैन। तर यहाँ देश परिवर्तनको मुद्दा प्रमुख छ र जेन्जीको सपना पूरा गर्नुपर्ने आवश्यकता छ। कांग्रेसको बिल्ला भिरेरभन्दा स्वतन्त्र उम्मेदवारका रूपमा उठ्नुभएको भए रविलाई केही प्रभाव पर्थ्यो होला, तर पुरानो पार्टीको ट्याग लागेपछि जित हासिल गर्न गाह्रो देखिन्छ।",mina kharel,yt:Mina Kharel,comment,deva
Sabaile mina dd lae vote deu hwe chitwan 2basika Janta haru aaba sochne parne din aako xa,mina kharel,yt:Mina Kharel,comment,latin
Good wishes,mina kharel,yt:Mina Kharel,comment,latin
यसपालि चाहिँ घन्टी नै घन्टी🔔🔔🔔🔔🔔🔔🔔🇳🇵👍️ सरी दिदी,mina kharel,yt:Mina Kharel,comment,deva
मिना दिदी हाइहाइ❤,mina kharel,yt:Mina Kharel,comment,deva
"रबिले चुनावमा100% जित्छ्न किनकी खहरे खोलो उर्लिएको छ ! मिना दिदिले दुखी असहाय लाई साथ सहयोग गर्नुभछ त्यो मिनाको र असहायको सन्तुष्टि हो सबै जन्ताले बुज्दैन ,हारेपनी हिम्मत र कामले  मन सन्तुष्ट मिल्छ !!",mina kharel,yt:Mina Kharel,comment,deva
जितको  शुभकामना  दिदी 🌳🌳🌳🌳🌳,mina kharel,yt:Mina Kharel,comment,deva
काम गर्ने मान्छेको बिचारै बेग्लै।,mina kharel,yt:Mina Kharel,comment,deva
Valmiki Rhishhile Sita Ra Lava Kushako Uddear Gareko Pauranik Itihasa Bartaman Aafno Jivan Purai Abala Asahaya Nari Anath Tuhura Balabalikako Samrakshak Mina,mina kharel,yt:Mina Kharel,comment,latin
Drama Bania को,mina kharel,yt:Mina Kharel,comment,mixed
"कांग्रेसको गलत नीतिको कारण अघिल्लो चुनावमा नै सकिसक्यो कांग्रेस अब कुनै हालतमा चितवनमा फेरि हरियो हुन सक्दैन, यो सुक्यो र को जो आएपनि लाज पनि लजाउने हार हुन्छ। जित्ने आधार हुँदा दलाल ल्याउने र जित्न नसक्ने भएपछि यस्तै बलिको बोको बनाउने हो खरेल दिदी किन आत्महत्या गर्न तयार हुनु भएको?",mina kharel,yt:Mina Kharel,comment,deva
राजेन्द्र बानियाँ जस्तो शब्द शब्दमा खेल्ने मान्छेले खाते शब्द प्रयोग गरेको राम्रो भएन यो तुरुन्तै परिवर्तन गरेर सडक बालबालिका लेख्न अनुरोध गर्दछु 🙏🙏,mina kharel,yt:Mina Kharel,comment,deva
किन रवि लामिछाने को अन्तरबार्ता गर्न सक्नु हुन्न सर,mina kharel,yt:Mina Kharel,comment,deva
Didi ko bichar ekdam sahi saalin raixa but party ko main gagan vayeko ali bichar garau.,mina kharel,yt:Mina Kharel,comment,latin
मिना दिदिलाइ शुभकामना  छ ।,mina kharel,yt:Mina Kharel,comment,deva
जय घन्टी 🔔🔔🔔🔔,mina kharel,yt:Mina Kharel,comment,deva
Best of luck  mina sister,mina kharel,yt:Mina Kharel,comment,latin
सचेत नागरिकको भोट मिना खरेललाई,mina kharel,yt:Mina Kharel,comment,deva
खाते भन्ने  शब्द कहिले  फेरिने हो??मैले यसको परिवार्चिक शब्दमा सडक बालबालिका भनेको सुनेको थिए  पत्रकार  साथीहरूले सुधार गर्नुपर्ने  थियो ??,mina kharel,yt:Mina Kharel,comment,deva
Rajendra sir.yo interview vanda agadi samma tapai fan thiye.bt ahile mero man teti manena.teso vay kaslai vot lagaune.yo Didi ko kaam tw thullo jasto lagyo tw.ramro lai ramro vane ho hola ni?,mina kharel,yt:Mina Kharel,comment,latin
रबी लामिछानेको तुलना किसुन जी  संग हुन्छ ?????? किसुन जीले सरकारी निबास छोडदा एउटा ट्याकां र माटोको घैटो साथमा लिएर गएका थिए ..तर रबी लामीछानेले …?????,mina kharel,yt:Mina Kharel,comment,deva
Didi Tara Rabi vaneko mahan  manxe ho jay ghanti,mina kharel,yt:Mina Kharel,comment,latin
राजनितिमा छलकपट कति गर्नु पर्छ भन्ने गतिलो उदाहरण्।मिना  खरेल ले रबि लाइ लडाउछुभनेर भन्नु पर्ने बिडम्बना।,mina kharel,yt:Mina Kharel,comment,deva
Didi is undoubtedly a very good candidate and I wish her well but I am afraid she is helpless stoping Ravi’s advances to a historic landslide victory for 3rd time.  It’s not a projection but a foregone conclusion.  Jai GHANTI 🙏🔔🙏,mina kharel,yt:Mina Kharel,comment,latin
सलाम दिदी जितको शुभकामना,mina kharel,yt:Mina Kharel,comment,deva
रबीलाई सक्काउँछु भन्ने सोच्छ भने आफै सकेर जानुहुन्छ। सायद चितवनमा जमानत जफत हुन सक्छ तपाईँको दिदि,mina kharel,yt:Mina Kharel,comment,deva
"Mina kharel is very much capable, honest and educated as well for chitwan 2",mina kharel,yt:Mina Kharel,comment,latin
यस्तो सक्षम महिला हुदाहुदै सहकारी ठगलाई जिताय भने जनताले गु खाय हुन्छ,mina kharel,yt:Mina Kharel,comment,deva
"I wonder 😮, are you there to advocate lamichaney…?",mina kharel,yt:Mina Kharel,comment,latin
new parties should get chance to prove them. For now no more old parties,mina kharel,yt:Mina Kharel,comment,latin
Only Rabi Lamichane 🔔🔔🫡🫡🇳🇵🇳🇵🌹🌹🙏🙏,mina kharel,yt:Mina Kharel,comment,latin
😅रबि ले गगनको चाख आगो नफुकेको भए अझै निदाएरै बस्थे,mina kharel,yt:Mina Kharel,comment,deva
मिना दिदी जिताउन अभियान चलोस शुभकामना दिदिलाई🙏🕉️🇳🇵,mina kharel,yt:Mina Kharel,comment,deva
"Giving a candidate a high-profile media interview just before an election is unfair to other candidates. It gives one person a clear advantage and undermines the principle of equal competition.

Even if she has done commendable work, the timing of the interview matters. Conducting and promoting such an interview right before election is effectively political campaigning disguised as journalism.

Media organizations have a responsibility to remain impartial and to ensure equal exposure for all candidates, especially during an election period. 
I hope all other candidates will get same opportunity!",mina kharel,yt:Mina Kharel,comment,latin
Very good lady,mina kharel,yt:Mina Kharel,comment,latin
Jai Ravi.,mina kharel,yt:Mina Kharel,comment,latin
"Minajiko karma prati samman xa.
Rajenjile congresslai saath dinu vaeko pae gajap lagyo sathai antata kehi purana budhijibi ra bislesakharule pani naya paribartan hoina puranai thula partylai saath dieko bujhe...",mina kharel,yt:Mina Kharel,comment,latin
यिनले रेणुको ठाउँ लिनुपर्छ।,mina kharel,yt:Mina Kharel,comment,deva
रबि भौमान मा राजनीति चेत संस्कार छ भने यो पटक मिना दिदी लाई जिताउन सयोग गरि आफू लाई लागेको आरोप सबै किलिन चिट बनाई अर्को पटक प्रधानमन्त्री बन्दा हुन्छ राधे राधे ❤,mina kharel,yt:Mina Kharel,comment,deva
Jit ko shuvakamna,mina kharel,yt:Mina Kharel,comment,latin
Hajur Aama chitwanma Mr rabi sang jhuddhai hunu hunxa dherai paisha khera na falnu hola kina tapaile invest garnu vayo vane bekar hunexa😂😂😂,mina kharel,yt:Mina Kharel,comment,latin
मिना दिदिलाइ सबैले भोट दिएर बिजय गराउनु होला,mina kharel,yt:Mina Kharel,comment,deva
Mero vote Mina didi,mina kharel,yt:Mina Kharel,comment,latin
"रबि भगवान होइनन्, र चुनाव केवल लोकप्रियताका लागि मात्र प्रतिस्पर्धा होइनन्। मीना खरेलसँग हार्नुको अर्थ उनी बेकार छन् भन्ने होइन; यसको अर्थ वास्तविकताले प्रचारलाई हराएको हो।
रबिले किन हार्नुपर्‍यो भन्ने कुरा यहाँ छ, सरल शब्दमा 👇
१. मिडिया प्रसिद्धि ≠ भोट बैंक
रबिसँग ठूलो टिभी पहुँच र भावनात्मक सम्बन्ध थियो, तर चुनावहरू जितिन्छन्:
बुथ-स्तरीय कार्यकर्ताहरू
स्थानीय सञ्जालहरू
वर्षौंको उपस्थिति
मीना खरेलको ग्रासरुट पहुँच थियो जहाँ मतदानको दिन यसको महत्त्व थियो।
२. संगठनले करिश्मालाई हराउँछ
रबिको पार्टी नयाँ र भावनात्मक रूपमा संचालित थियो। मीना खरेलसँग थियो:
पार्टी संयन्त्र
मतदाता परिचालन
प्रशिक्षित कार्यकर्ताहरू
चुनावको दिन, अनुशासन > नाटक।
३. सहानुभूतिको लहर अस्थायी छ
रबि उठ्यो:
प्रणाली विरोधी क्रोध
भावनात्मक कथाहरू
तर मतदाताहरूले अन्ततः सोध्छन्:
👉 ""विकास, कानून, बजेट कसले व्यवस्थापन गर्नेछ?""
भावना शीतल हुन्छ; संरचना बाँकी छ।
४. अत्यधिक व्यक्तिगतकरण उल्टो भयो
जब समर्थकहरूले कसैलाई मुक्तिदाताको रूपमा प्रस्तुत गर्छन्, मतदाताहरूले प्रायः नकारात्मक प्रतिक्रिया दिन्छन्:
""उहाँ सोच्नुहुन्छ कि उहाँ सबै भन्दा माथि हुनुहुन्छ""
""धेरै हल्ला, कम गहिराई""
लोकतन्त्रले मसीहाहरूलाई मन पराउँदैन।
५. मीना खरेललाई कम आँकलन गरिएको थियो
त्यो ठूलो गल्ती थियो।
उनी चम्किलो थिइनन्, तर:
सतर्क
स्थानीय रूपमा विश्वसनीय
राजनीतिक रूपमा अनुभवी
मौन मतदाताहरूले प्रायः चुनावको निर्णय गर्छन्।
तथ्य रेखा
रबीले दुष्ट भएको कारणले हारेनन्
मीना सिद्ध भएको कारणले होइन
तर लोकतन्त्रले तयारीलाई पुरस्कृत गर्छ, प्रक्षेपण होइन।
उहाँ अझै पनि सिक्न, परिपक्व हुन र योगदान गर्न सक्नुहुन्छ —
तर नेपाललाई देवताहरू चाहिँदैन।
यसलाई संस्था, क्षमता र जवाफदेहिता चाहिन्छ।
त्यो वास्तविक पाठ हो।",mina kharel,yt:Mina Kharel,comment,deva
"ल है चितवनका एमाले, नेकपा,राप्रपा तपाइहरु सबैले समानुपातिक मा आफ्नो पार्टीमा हालेपनी प्रत्यक्ष मा मिना दीदी लाइ भोट दिनुहोला🙏🙏",mina kharel,yt:Mina Kharel,comment,deva
Good thinking ❤,mina kharel,yt:Mina Kharel,comment,latin
नेपाल मा जति भरसट छ तेसमा काङ्ग्रेस  अगाडि छ,mina kharel,yt:Mina Kharel,comment,deva
"भोलि को सामाजिक विकास मंत्री हुनुपर्ने sammanit samajsebi hunuhudo रहेछ, good luck!",mina kharel,yt:Mina Kharel,comment,mixed
बानिया सर हजुर लाई गगन थापा शीत प्रसनल दुश्मनी चाई के रहेछ भन्दिनु परो हजुर को धेरै अन्तरबार्ता हेरे सुने त रबि का समर्थ को गालिको डरले रबि लाई बचाउ गर्दै गर्नु भयको हो,mina kharel,yt:Mina Kharel,comment,deva
अब के देउवा लाइ कार्बाहि होला?,mina kharel,yt:Mina Kharel,comment,deva
She is best for Mayor of Bharatpur...,mina kharel,yt:Mina Kharel,comment,latin
"मिनाजी तपाईं राम्रो मान्छे सामाजिक मान्छेहो तर तपाइलाइ पार्टीले  गलत समय र गलत ठाउ बाट  टिकट  दियो यो चाहिँ अन्यायहो,।",mina kharel,yt:Mina Kharel,comment,deva
Pakka jitnuhunxa dd,mina kharel,yt:Mina Kharel,comment,latin
सुन्दा मान्छे ठिकै लागेयो तर रबि लाई बाख्रे ले दुख दिएको बदला ल्याउन पनि तपाईं लाई हराउछन चितवन को जनता ले अहिले बाटै मन सम्हालेरा बस्नुस,mina kharel,yt:Mina Kharel,comment,deva
Didi Rocks 🎉🎉🎉 हजुरलाइ अग्रिम शुभकामना दिज्यु !!!! हजुर प्रती नमन !!! हजुरको जित हुन्छ भगवान श्री पशुपतिनाथ र माता नबदुर्गा भबानी सङ्ग प्रार्थना गर्द्छु !!!🙏🙏🙏,mina kharel,yt:Mina Kharel,comment,mixed
Aba janta le bujnu vaxa aba ko aasa nai rabi ra rsp🙏🙏🔔🔔🌹🌹,mina kharel,yt:Mina Kharel,comment,latin
"मेरो विचारमा २०७९ सालको निर्वाचनमा रवि लामिछानेले जिते तापनि उनले अपेक्षित काम गर्न नपाउनुको कारण व्यक्तिगत असक्षमता होइन, राज्य संयन्त्रकै व्यवहार हो। निर्वाचित भएलगत्तै उनलाई निरन्तर प्रतिशोधको राजनीति गरियो—६४ करोडको हिनामिनाको आरोप लगाइयो, दर्जनौँ मुद्दा थपिँदै गए, अन्ततः जेलसम्म पुर्‍याइयो। यस्तो अवस्थामा कुनै पनि जनप्रतिनिधिले आफ्नो क्षेत्रका लागि प्रभावकारी रूपमा काम गर्न पाउनु सम्भव हुँदैन।
जेलमा रहेको प्रतिनिधिको क्षेत्रमा बजेट नपुगेको, विकासका काम अघि नबढेको छ भने त्यसको दोष प्रतिनिधिलाई होइन, त्यतिखेरको सरकार र राज्य व्यवस्थालाई दिनुपर्छ। बजेट विनियोजन सरकारको हातमा हुन्छ, जेलभित्र राखिएको व्यक्तिको होइन।
अझ गम्भीर प्रश्न के हो भने, सहकारी काण्डमा झन्डै ८८ अर्ब रुपैयाँ हिनामिना भएको भनिँदा रवि लामिछाने एउटा व्यक्ति थुनिँदैमा पीडितहरूले पैसा पाए त ? पक्कै पाएनन्। त्यसमाथि नेपाली कांग्रेसभित्रकै, केन्द्रीय तहसम्मका व्यक्तिहरू संलग्न भएर झन्डै ५० अर्ब बराबरको हिनामिना भएको सार्वजनिक रूपमा देखिँदा पनि ती व्यक्तिहरूमाथि उस्तै कानुनी कारबाही किन भएन ?
यदि यो प्रतिशोध होइन भने, किन रवि लामिछाने मात्र निशानामा परे ? किन अरू ठूला दोषीहरूमाथि मुद्दा चलाउन, समात्न र कारबाही गर्न राज्य असफल भयो ? यही असमान व्यवहारले जनतामा स्पष्ट सन्देश दिएको छ—रवि लामिछानेमाथि गरिएको व्यवहार न्यायभन्दा बढी राजनीतिक प्रतिशोधको परिणाम हो।
अर्को कुरा, “१२–१४ वर्षको उमेरदेखि राजनीति सुरु गरेको” भन्ने दाबी पनि यथार्थपरक देखिँदैन। म स्वयं राजधानी आसपास हुर्किएको, अहिले ३५–३६ वर्षको पुस्ताको व्यक्ति हुँ। हाम्रो पुस्तामा पनि त्यो उमेरमा राजनीतिक चेत विकसित हुँदैनथ्यो। आजभन्दा ५०–६० वर्षअघि त राजधानीमै पनि त्यति राजनीतिक चेत थिएन भने राजधानीभन्दा धेरै बाहिर हुर्किएको व्यक्तिमा त्यतिबेलै परिपक्व राजनीतिक चेत थियो भन्ने दाबी स्वाभाविक रूपमा प्रश्नयोग्य हुन्छ। हुदैन,
वास्तविक बहस कसले कहिले राजनीति सुरु गर्‍यो भन्ने होइन, आज कसको भिजन स्पष्ट छ भन्ने हो। अतीतको कथा सुनाएर होइन, भविष्यमा के गर्ने भन्ने स्पष्ट योजना राखेर मात्र जनताको विश्वास जितिन्छ।",mina kharel,yt:Mina Kharel,comment,deva
Best wishes mina kharel 😍,mina kharel,yt:Mina Kharel,comment,latin
Khusi lagyo didi ko kura suner,mina kharel,yt:Mina Kharel,comment,latin
वाहा ! ! !  क्या गज्जवको समाजसेवी मिना खरेल।❤❤❤ जितको लागि हार्दिक शुभकामना ।,mina kharel,yt:Mina Kharel,comment,deva
Mina dd lai jitauna parchha chitwan Janata le yasto ramro  Kam garnu vako dd safa man  ko Dhani manxe party tyagnu vyakti ko kaam thulo ho man thulo ho,mina kharel,yt:Mina Kharel,comment,latin
अब चितवन को जनताको हातमा छ ठग लाई जिम्मा दिने हो कि जन सेबक लाई दिने अब केही दिनमा थाहा  होला।,mina kharel,yt:Mina Kharel,comment,deva
अघिल्लो निर्वाचनमा काँङ्गेस माओवादी र अन्यले दिएको भोटवाट रवी जी ले जित्नुभयो। यो पटक मिना जि ले जित्नुहुन्छ।,mina kharel,yt:Mina Kharel,comment,deva
दिदी राम्रो मान्छे हुनुहुन्छ जस्तो लागो,mina kharel,yt:Mina Kharel,comment,deva
मान्छे राम्रो भए पनी शेरे गनगने को पार्टी मा गए पछी यसपालि चाई हार नै हाे! अर्को चोटि लाई शुभकामना,mina kharel,yt:Mina Kharel,comment,deva
Jitnu parcha hi,mina kharel,yt:Mina Kharel,comment,latin
Sapana bainiko,mina kharel,yt:Mina Kharel,comment,latin
हुरि को अगाडि पंखा,mina kharel,yt:Mina Kharel,comment,deva
जय घन्टि।,mina kharel,yt:Mina Kharel,comment,deva
मिना खरेल लाई भोट दिनु हुदैन कालो काँग्रेस लाई पत्तासाप गर्नुपर्छ,mina kharel,yt:Mina Kharel,comment,deva
"बजै तिमी जुन पार्टी बाट परिचालित छौ त्यो इतिहास सबै भन्दा खराब पार्टीे हो
76 जना निर्दोष विद्यार्थी हरू को हत्या गर्ने 1000 घाइते बनाउने पार्टीे हो इतिहास गवाह छ त्यसैले तिमी गलत पार्टीकाे आधार मानी उठेका छौं",mina kharel,yt:Mina Kharel,comment,deva
व्यक्ति हैन पार्टी हार्नु पर्छ कांग्रेस एमाले माओबादी हार्नु पर्छ यिनी जिते यिन ले कांग्रेस नै प्रधानमन्त्री बनाउने हो रेणु जिते रेणु ले माओबादी नै प्रधानमन्त्री बनाउछ त्यसैले माओबादी कांग्रेस एमाले पटक पटक हेर्यौ अब एकचोटी कांग्रेस एमाले माओबादी बहिस्कार गरौ 🙏🙏,mina kharel,yt:Mina Kharel,comment,deva
रवि भन्दा उहाँ धेरै अब्बल हुनुहुन्छ  तर के गर्ने जनताले घण्टी भय हुन्छ ढुंगा उठेनि भोट हाल्छ्न।,mina kharel,yt:Mina Kharel,comment,deva
यो दिदी लाई सबैले भोट दिएर बिजय गराउ,mina kharel,yt:Mina Kharel,comment,deva
Jay nepal dd,mina kharel,yt:Mina Kharel,comment,latin
Raj sir ghanti lai vote hai,mina kharel,yt:Mina Kharel,comment,latin
"🌳🌳🌳🌳🌳🌳🌳 Because the recent year, communists had a chance and they got big majorities, but they didn’t utilise their opportunity. But this time, we should put party politics aside and give our vote to Congress because we are a cultured country, and only one party is showing that is Congress, and they have a clear vision and agenda. They deserve a majority government. 🌳🌳🌳🌳 I am not a political person, but this is my true opinion. 🌳🌳🌳🕉️🇳🇵🇳🇵🙏🏽",mina kharel,yt:Mina Kharel,comment,latin
Binyamin Pani bolima chilling.,mina kharel,yt:Mina Kharel,comment,latin
"मान्छेलाइ पहरो देख्ने बनिया , गगन खतम भए यत्रो पार्टिको सभापति कसी हुन्छ ? पार्टि सभापति सेर बहादुर हुदा गठबन्धन सेर बहादुरले गरेको थाहाछैन पत्रुकार ! उसले हसिया हतौडामा भोट हाल्नु भनेको सुनेको छ । यस्तै फटाहले हो देशमा गलत हावा फैलाउने र बिगार्ने ।",mina kharel,yt:Mina Kharel,comment,deva
रवाते कि दि दि किन भनियो,mina kharel,yt:Mina Kharel,comment,deva
टाइट्ल मै खातेको  दिदी रहेछ ?,mina kharel,yt:Mina Kharel,comment,deva
Vote for 🔔🔔,mina kharel,yt:Mina Kharel,comment,latin
Arko episode ma rabi lamichhane lai dekhna paiyos,mina kharel,yt:Mina Kharel,comment,latin
She deserves our vote more than anyone else.,mina kharel,yt:Mina Kharel,comment,latin
"मेरो भोट हाल्ने उमेर पुगेको छैन। यदि पुगेको भए मैले रविलाई नै हाँल्थेँ। तर तपाईँ पत्रकारमा sense भन्ने कुरा चाहिँ रहेनछ। भिडियोको टाइटलमा जुन किसिमको शब्द प्रयोग गरिएको छ, त्यो अत्यन्तै आपत्तिजनक छ। Anyway, best wishes to sis.",mina kharel,yt:Mina Kharel,comment,mixed
"😂😂😂😂
 सियोर हार्छ",mina kharel,yt:Mina Kharel,comment,deva
Yo Pali Rabi ji ko bikalpa chaina!,mina kharel,yt:Mina Kharel,comment,latin
अत्यन्तै सादगी ब्याक्ति,mina kharel,yt:Mina Kharel,comment,deva
यी बानियाँ राम्रै पत्रकार जस्ताे लाग्छ।आजकाे याे ईन्टरभ्यु हेर्दा यी जस्ता घटिया पत्रकार काेहि लागेन यिनकाे शव्द चयन थुक्क।,mina kharel,yt:Mina Kharel,comment,deva
jati ramri vaye pani yesspali 3in 1rabi,mina kharel,yt:Mina Kharel,comment,latin
गगनको पाटी भनेसी काम छैन,mina kharel,yt:Mina Kharel,comment,deva
Boli Nai Kati Mitho,mina kharel,yt:Mina Kharel,comment,latin
Yas Pali rasapala jitnuparxa jay 🔔🔔🔔,mina kharel,yt:Mina Kharel,comment,latin
Jai ganti this times,mina kharel,yt:Mina Kharel,comment,latin
Vote her,mina kharel,yt:Mina Kharel,comment,latin
दिदिको अन्तरवार्ता सुनेर सारै सम्मान लाग्यो दिदिलाई अग्रिम शुभकामना जितकोलागि प्राथना गर्दछु ।,mina kharel,yt:Mina Kharel,comment,deva
मिना खरेल राम्रो महिला समाजसेवी हुनुहुन्छ तर पार्टी खराब भएको कारण मेरो भोट माटोमा किनभने हर्क साम्पाङको विकल्प अरु कुनै छैन जय माटो जय श्रम संस्कृति,mina kharel,yt:Mina Kharel,comment,deva
RSP KO JAY HOS 🔔🔔💯,mina kharel,yt:Mina Kharel,comment,latin
जगनाथ पौडेल ले भोट काटने संभावना कति होला,mina kharel,yt:Mina Kharel,comment,deva
Nk la kal karkhana bachera khako kura khoe,mina kharel,yt:Mina Kharel,comment,latin
My request please vote Mina Kharel,mina kharel,yt:Mina Kharel,comment,latin
ब्यक्ती राम्रो भयपनि के गर्ने पार्टि र पार्टी नेतृत्व राम्रो छैन राम्रोलाई अबसर मिल्दैन  काङ्ग्रेसमा भ्रष्टाचार बिचौलिया पोष्छ समाजसेबी ब्यक्तीले एमसिसि को मतियार गगनथापाको नेतृत्वमा के गर्छ के पाउछ जो रबि जस्ता निर्दोष फसाउन उद्धत छ आर्जु बालकृष्ण खाँड मन्जुखाड खुमबहादुर मोहन बस्नेत भर्ष्ट  बचाउन उद्धत हुन्छ नेपालिलाइ भुटानि शरणार्थी बनाएर बेच्नेलाइ काध थापेर बचाउने नयाँ सभापतिको नेतृत्वमा जितेर जनताले के अपेक्षा गर्ने समाज सेवा ठिक छ काङ्ग्रेसमा जोडिएर राजनिति तिम्रोलागि योग्य छैन,mina kharel,yt:Mina Kharel,comment,deva
गगन थापाको आसिर बाद मा  पास हुईन्छ भन्ने आसामा  आउनु भाको रैछ तर गगनले  साम्सदमा रबिलाई पर्माण काँ  पेस गरम  देस बिदेस  सबै तिर छताछुल्ल  भएर सुनेका छन खोईत ऐले सम्म किन  पेस नगरेको त्यो  पेस गर्नु भाको भए  हाई हाई  भै हल्थियोनि,mina kharel,yt:Mina Kharel,comment,deva
रबि भने रबि हो हजुर बरु हजुर ले आफ्नो कर्याकर्ता हरु लाई भनुस घण्टी मा भोट गर्नुस मलाई पर्दैन भनुस बरु हजुर को बिचार मिल्ने छ रबि ले गरेको कार्य राम्रो नै हुनुछ होइन र??,mina kharel,yt:Mina Kharel,comment,deva
विजयी भव,mina kharel,yt:Mina Kharel,comment,deva
सोधाईको उत्तर कति राम्रोसँग उत्तर दिनुभयो।,mina kharel,yt:Mina Kharel,comment,deva
जय घण्टी जय रबि,mina kharel,yt:Mina Kharel,comment,deva
"Please Rajendra Dai, I don’t think the way you use the word ‘aatmahatya’ casually is a good idea. We expect a better choice of words from you. The day you launch this channel, I joined as a paid member because I am tired of classless journalism in Nepal. Please lead Nepal with class ❤🕉️🙏🏽",mina kharel,yt:Mina Kharel,comment,latin
कति सालिन सैलि जितको लागि शुभकामना,mina kharel,yt:Mina Kharel,comment,deva
जितको सुभकामना दिदी हजुरलाई,mina kharel,yt:Mina Kharel,comment,deva
"दिदी तपाइले भन्नू भएको कुनै पनि काम गर्न सकिँदैन जब सम्म यो देशमा थिती बस्दैन, भ्रस्टाचार रहित सुसान को सुरुवात हुदैन । भ्रष्ट हरुलाइ एक एक जेल भित्र कोच्न सकिँदैन तब सम्म हुने वाला केही छैन । तेसैले यो पाली रास्वपालाइ जिताउनै पर्छ । हजुरले जति राम्रो गर्न चाहे पनि तपाई को पार्टी नै खराब छ। जय घण्टी ।।",mina kharel,yt:Mina Kharel,comment,deva
Yo aafu DHERAi k khaana bolyaa ta ?,mina kharel,yt:Mina Kharel,comment,latin
व्यक्ति हेरेर स्थानिय चुनावमा जिताउनु पर्छ हाल रा स्व पा को काम हेर्न जरुरी देख्छु है चितवन २ बासी जनता ज्यू हरु,mina kharel,yt:Mina Kharel,comment,deva
सहकारी बनाउने र सहकारी ठग्ने बिच कसले जित्ला त ?,mina kharel,yt:Mina Kharel,comment,deva
Jay Nepal 🇳🇵🌳,mina kharel,yt:Mina Kharel,comment,latin
मिना बैनी तपाईं को १४ बर्स मै  चेत खुलेको भनु भयो तेस्तो लग्दैन किन कि गगन ले टि यु मा गरेको भ्रष्टाचार  माननिय भैसकेसी बाख्रा मा गरेको भ्रष्टाचार को बिसएमा कतै बोलेको देखिए न सुनिएन अब देख्न सुन्न पाईन्छ।,mina kharel,yt:Mina Kharel,comment,deva
Mahilalai jitanu parxa,mina kharel,yt:Mina Kharel,comment,latin
एक सबल र अब्बल नारि,mina kharel,yt:Mina Kharel,comment,deva
मान्छे राम्रो भएपनि पार्टी गलत छान्नु भयो तपाई ले,mina kharel,yt:Mina Kharel,comment,deva
😂😂😂😂😂सुद्रेको काँग्रेस,mina kharel,yt:Mina Kharel,comment,deva
Ghnati ko bikalpa chaina,mina kharel,yt:Mina Kharel,comment,latin
जय घन्टी,mina kharel,yt:Mina Kharel,comment,deva
"2. ma mina didi
3. ma renu didi",mina kharel,yt:Mina Kharel,comment,latin
Vote for tree,mina kharel,yt:Mina Kharel,comment,latin
Sahasi  n  anubhabi  member,mina kharel,yt:Mina Kharel,comment,latin
Jya ghnti,mina kharel,yt:Mina Kharel,comment,latin
"With respect to Mina Didi, Rabi is far better",mina kharel,yt:Mina Kharel,comment,latin
ज्यादै सहज र सरल दीदी,mina kharel,yt:Mina Kharel,comment,deva
Tapailai jeet ko agrim suvkamana,mina kharel,yt:Mina Kharel,comment,latin
मिना खरेल जिन्दाबाद,mina kharel,yt:Mina Kharel,comment,deva
हुन त म काँग्रेस हाेइन तथापि बिदेशी दलाल भन्दा मिना खरेल धेरै ठिक,mina kharel,yt:Mina Kharel,comment,deva
Only 🌲 in chitwan 2,mina kharel,yt:Mina Kharel,comment,latin
Ghanti 100^,mina kharel,yt:Mina Kharel,comment,latin
त को होस मिना खरेललाइ खातेकी दिदी भन्ने?,mina kharel,yt:Mina Kharel,comment,deva
Mina Dalai shuvakamana,mina kharel,yt:Mina Kharel,comment,latin
कांग्रेस लाइ भोट नदिनुहोला कसैले,mina kharel,yt:Mina Kharel,comment,deva
अब काग्रेस यमाले मावोबादी ले चितवन मा जित्छु भनेर नसोचे हुन्छ उहीँ अघि भने जस्तो आत्मा हत्या गर्ने मात्रै हो?,mina kharel,yt:Mina Kharel,comment,deva
Tehi bhaera  2 2 patak ra so pa la jituo,mina kharel,yt:Mina Kharel,comment,latin
vote for meena kharel,mina kharel,yt:Mina Kharel,comment,latin
TapaiSayedAsalNagarikHolaTaraAjaPartyChahiKholaKholaGayekoKaranPakkaHarnuHunchha,mina kharel,yt:Mina Kharel,comment,latin
बानिया जि एउटा ठगलाइ लिपपोत गरेर महान बनाउनु सहि पत्रकारिता होत ?,mina kharel,yt:Mina Kharel,comment,deva
मिना दिदिले जित्नु पर्छ,mina kharel,yt:Mina Kharel,comment,deva
मैले बल्ल सुनेको नाम र उमेदवार म चाहिँ रबि को समर्थक नवलपुर देखि ❤,mina kharel,yt:Mina Kharel,comment,deva
तपाई राम्रो मान्छे हो तर जित सम्भब छैन कमसेकम सम्मानजनक मत ल्याउनुहोस ।,mina kharel,yt:Mina Kharel,comment,deva
पुरानो पार्टिले नया र सवल उमेद्रवार उठाए पनि यसपालिको भोट चै नया पार्टिलाई नै हो।,mina kharel,yt:Mina Kharel,comment,deva
"नेपाली कांग्रेस भने पछि कस्तो पार्टी 15 दिन सम्म पनि पैसा जलेर नसकिने जलिरहनेको पार्टी हो ,र खाली खोस्टा सांसद भवनमा  हल्लाएर सहकारी ठगको प्रमाण दिने पार्टी होइन र ,",mina kharel,yt:Mina Kharel,comment,deva
"ठग को घेरा मा हुनुहुन्छ  सतर्क हुनुपर्ने देखिन्छ
हावा जो चलेको छ न कुनै नीति न बिधान ।",mina kharel,yt:Mina Kharel,comment,deva
हामित घन्टि नैहाे,mina kharel,yt:Mina Kharel,comment,deva
Kangrasko 0000 xa chitwan ko lagi vote ta,mina kharel,yt:Mina Kharel,comment,latin
रबि  यस  पाली  हराउन   पर्छ,mina kharel,yt:Mina Kharel,comment,deva
Sahakari thag harchha,mina kharel,yt:Mina Kharel,comment,latin
क्या राम्रो उमेदवार रहेनछन् यो दिदिलाई जित्ने शक्ति दिनु हे भगवान 😘😘,mina kharel,yt:Mina Kharel,comment,deva
Mina didi le jitnu hunxa,mina kharel,yt:Mina Kharel,comment,latin
यो दिदीको कुरा सुनेपछि रबिले चुनाब जित्न गार्‍हो हुने देखियो।,mina kharel,yt:Mina Kharel,comment,deva
Gala una ki banuna,mina kharel,yt:Mina Kharel,comment,latin
Jay ghanti ❤❤❤❤,mina kharel,yt:Mina Kharel,comment,latin
चितवन बासि ले मिना दिदी लाई जिताउन जरुरि छ  👍️👍️👍️🙏🙏,mina kharel,yt:Mina Kharel,comment,deva
जीत नारायण श्रेष्ठ को हालत हुन्छ? मीना जी को,mina kharel,yt:Mina Kharel,comment,deva
"मैले अघिल्लो पल्ट रविलाई भोट गरे तर एमालेलाई गालि गरेर जित्ने अनि सरकार बनाउन ओलीको बफादार कुकुर जस्तो गर्ने बानी मन परेन ..
कांग्रेसको आफ्नै उम्मेदवार मिना जी हुनुहुन्छ , म फेरी कांग्रेस तिरै फर्के अब , नो रबी",mina kharel,yt:Mina Kharel,comment,deva
"रविले हाेइन, मिनाजीले जित्नुपर्छ। उहाँकाे निस्वार्थ सेवा कार्यमा राखेकाे कीर्तिमानले मेराे मन जितेकाे छ। चेली भनेर हाेइन। म कांग्रेस पनि हाेइन। तर उहाँ महान् भएर हाे।",mina kharel,yt:Mina Kharel,comment,deva
ठगलाई हराउनु पर्छ  दि,mina kharel,yt:Mina Kharel,comment,deva
Dd lai oda odakxya samma thikai hunxa❤,mina kharel,yt:Mina Kharel,comment,latin
Mina madam in advance congratulations 🌳🌳🌳🌳🌳🌳🌳🌳🌳🌳🌳🌳🌳🌲🌲🌲🌲🌲🌲🌲🌲🌲🌲🌲,mina kharel,yt:Mina Kharel,comment,latin
जलाउने उक्साउने भन्दा यस्ता मानिस हरु ल्याउनु समाज बल्ल बन्छ  वा मिना दिदि सलाम,mina kharel,yt:Mina Kharel,comment,deva
vote for 🌳🌳🌳🌳🌳,mina kharel,yt:Mina Kharel,comment,latin
"आदर्श नारी, अत्त्यायन्त आदरणीय दिदि विजयको शुभकामना 🌳🙏🌳",mina kharel,yt:Mina Kharel,comment,deva
यस्तो सालिन अनि भब्य ब्यकित्व भएको ब्यक्ती नेपाली राजनीति मा खै के राख्लान नेपाल मा बाकी चितवन को जनता को हात मा छ दिदी सलाम छ 🙏😍,mina kharel,yt:Mina Kharel,comment,deva
"तपाई पत्रकार  भएर बोलिरहदा मिना खरेललाई मुसाको संज्ञा दिएर प्रश्न सोध्ने तपाँई कुन स्तरको पत्रकारहो ?पत्रकार भन्दैमा जे बोले पनि हुन्छ, पत्रकारमा भाषासैलिको महत्व राख्दैन हुदैन? रबि र मिना बिच कस्तो प्रतिस्प्रदा देखेर यो घटिया प्रश्न गरेको तपाँईले, मिठो भाषाले तपाँलाई  घटिया बनाउछ र  ?  स्तरिय पत्रकारको भूमिकाले तपाँलाई महान बनाउछ  ।",mina kharel,yt:Mina Kharel,comment,deva
Chiwan basi tyo thug lamichanne lai prarasta garnuparcha ...janta ko repesentative bhaneko yesto hunuparcha...,mina kharel,yt:Mina Kharel,comment,latin
shuvkamna dd❤❤❤❤❤,mina kharel,yt:Mina Kharel,comment,latin
Vote for cargresh,mina kharel,yt:Mina Kharel,comment,latin
नेपाली कांग्रेस भरष्टचारि र नितिगत भरस्टचार मा तिन दल नै लिप्त पार्टी हुन् यिनी लाइ भोट दिनु भनेको मिलिजुली देश लुट्न दिनु हो।,mina kharel,yt:Mina Kharel,comment,deva
समाज सेवा गरेर मात्र पुग्दैन। तपाईं जुन पार्टीमा आवद्ध हुनुहुन्छ। त्यो पार्टीका नेताहरुले देशलाई बर्बाद गर्दा टुलुटुलु हेरेर तिनै भ्रष्टाचारीलाई समर्थन गर्नुभयो।,mina kharel,yt:Mina Kharel,comment,deva
😂😂😂✅ Tapai jasta manche chayena,mina kharel,yt:Mina Kharel,comment,latin
चितवन दुईका जनताहरू धेरैजसो रासपाका अन्धभक्त भइसकेका छन् अब यस्तो आदर्शकको कुरा सुन्छन् र,mina kharel,yt:Mina Kharel,comment,deva
यति कै महिला नेतृत्व आउन पर्छ!,mina kharel,yt:Mina Kharel,comment,deva
"""खातेकी दिदी"" जुन शब्द चयन गर्नु भएको छ । यो एकदमै आपत्तिजनक छ,महोदय । 😭",mina kharel,yt:Mina Kharel,comment,deva
जित्न गारै छ।,mina kharel,yt:Mina Kharel,comment,deva
Best wishes Mina Didi,mina kharel,yt:Mina Kharel,comment,latin
व्यक्तिगत रूपमा उहाँ समाजसेवी राम्राे हुनुहुन्छ उहाँ प्रति मेराे उच्च सम्मान तर यतिखेर देशले परिवर्तन खोजेकाे पुराना दाल पत्रा हरु टेष्टेड र भ्रष्टचार लुप्त भएकाेले पनि यसपाली सकिन्छ दुई तिहाई मत सकिँदैन अत्यधिक बहुमत दिएर भए पनि घन्टी लाई जितौं,mina kharel,yt:Mina Kharel,comment,deva
"Tapai le j kura garnu bayo didi,  congress ra yemale lai sodnus ek chote .. 30-35 barsa samman k gardai baseko vanera sodnus ..  party ko sabai neta crore pati bayo tara janta chahe gareb .. bhutan sano desh ho .. yaha education ra medical sabai free cha ..",mina kharel,yt:Mina Kharel,comment,latin
Didi ko party selection wrong vayo but she is deserving. Lamichane case clear vaya pachi uthnu parthyo. Vote 🗳️ pheri waste huna sakcha,mina kharel,yt:Mina Kharel,comment,latin
Jay Nepal 🌳🌳🌳🌳🌳🌳🌳🌳🌳🌳🌳🌳🌳🌳🌳🌳🌳🌳🌳🌳🌳🌳🌳🌳🌳🌳🌳🌳🌳🌳🌳🌳🌳🌳,mina kharel,yt:Mina Kharel,comment,latin
हेडलाइन्सुधार्नु पर्‍यो भएन यो,mina kharel,yt:Mina Kharel,comment,deva
तपाईंले मेयर मा उप्युत्त होलान् है दिदी साम्सद बन्न अरि 5 साल अध्यन गर्नुपर्ने हुन्छ,mina kharel,yt:Mina Kharel,comment,deva
कति राम्रो सैद्धान्तिक बौद्धिक र रचनात्मक तर्क पूर्ण कुरा गर्नुभएको छ दिदीलाई जितको आग्रिम शुभकामना 🌳🌳❤️❤️🥰🥰🙏🙏,mina kharel,yt:Mina Kharel,comment,deva
मिना ज्यू लाई शुभकामना तर जित तँ रबि लामिछाने ले नै जित्छन्।🔔🔔🔔🔔🔔🔔🔔🔔🔔🔔🔔🔔🔔🔔,mina kharel,yt:Mina Kharel,comment,deva
Yedi tapaiko niyat swachha cha bhane tyo ke chijle rokyo ni RSP ma auna😊,mina kharel,yt:Mina Kharel,comment,latin
काम छैन तपाइको पनि बुजियो 46 साल देखि को  जनप्रतिनिधि हो भने काम लाग्दैन पुरानु  कांग्रेस कै  रहिछिन 😅😅😅,mina kharel,yt:Mina Kharel,comment,deva
यस्तो के हेडलाइन राखेको पत्रकार ज्यु,mina kharel,yt:Mina Kharel,comment,deva
Jay Nepal didi,mina kharel,yt:Mina Kharel,comment,latin
धरौटी जफत हुन्छ काङ्ग्रेस को,mina kharel,yt:Mina Kharel,comment,deva
पबित्र मन🌳🌳,mina kharel,yt:Mina Kharel,comment,deva
दिदी लाई जीत को शुभ कामना जितेर ठग लाई तह लगाउनु पर्छ,mina kharel,yt:Mina Kharel,comment,deva
खातेनी didi रे 😂😂😂😂,mina kharel,yt:Mina Kharel,comment,mixed
प्रश्न साेध्ने सैलिचांहि पाखण्ड,mina kharel,yt:Mina Kharel,comment,deva
भ्रष्टाचारी कालो काङ्ग्रेसको मत आउने भनेर १० देखि १२००० सम्म हो।,mina kharel,yt:Mina Kharel,comment,deva
जितने ठाउमा भ्रष्ट लाई टिकट दिने हार्ने ठाउमा यस्तालाइ टिकट दिने कागको फुलचोरने पाटि काङ्ग्रेस ।,mina kharel,yt:Mina Kharel,comment,deva
Rabilamixane ko yo patak 61000 aauxa vote jaya Ghanti,mina kharel,yt:Mina Kharel,comment,latin
Jay ganti,mina kharel,yt:Mina Kharel,comment,latin
समाज सेवामा एक सक्षम र ईमान्दार महीलामा त मिना बैनी पर्नुहुन्छ। तर कॅाग्रेसमा सबै नराम्रा त छैन। जे होस शुभकामना छ मिना बैनी लाई।,mina kharel,yt:Mina Kharel,comment,deva
यो दिदि आफैमा राम्रो होला तर म यहिको मतदाता भएतापनि आजसम्म अपरिचित छौ त्यसैले मतदान गर्दा 1000 पटक सोचिन्छ माफ गर्नुहोला,mina kharel,yt:Mina Kharel,comment,deva
तपाइँको  त्याग को सलाम  छ तर पार्टी  भयेन तपाईं रा स्व पा बाट आउनु  पर्थ्यो कि स्वतन्त्र  उठ्नु  पर्थ्यो तर बर्बत भयो काङ्ग्रेस  बाट  आउनु भयो गगननै झुठो बोल्ने  मान्छे  हो,mina kharel,yt:Mina Kharel,comment,deva
only rabi🎉,mina kharel,yt:Mina Kharel,comment,latin
बिदेश्मा बस्ने सङ्ग भिख मागेर नाम चलाउने परेछ,mina kharel,yt:Mina Kharel,comment,deva
I think the bonding between Chitwan people and Ravi Lamichhaney is unshakable.  There is no doubt as to the out come of the election results.,mina kharel,yt:Mina Kharel,comment,latin
Jamanat jaft pakka.,mina kharel,yt:Mina Kharel,comment,latin
🇳🇵🔔🔔🔔🔔🔔🔔🇳🇵,mina kharel,yt:Mina Kharel,comment,latin
"Aunty यो चोटि हजुर आराम गर्नुहोस् ।
अर्को चोटि उठ्नुहोला र जित्नुहोला । यो चोटि बालेन सरकार बनाउनु छ, त्यसकारण  सबै ठाउँमा घण्टी बजाउने हो ।। 🔔🔔✔️✔️",mina kharel,yt:Mina Kharel,comment,mixed
Rabi only ❤,mina kharel,yt:Mina Kharel,comment,latin
जय नेपाल।गगन थापा नेतृत्व को काङ्ग्रेस को असली महिला नेत्री हुनुहुन्छ।उज्ज्वल राजनीतिक जीवन को सुभ कामना।उहाँ लाई काङ्ग्रेस ले गुमनाम हुन दिनु हुदैन।,mina kharel,yt:Mina Kharel,comment,deva
Jatinai ramro vayeni kangres party ma 90% neta kharab xan.,mina kharel,yt:Mina Kharel,comment,latin
"Vote for change 🔔
No old parties",mina kharel,yt:Mina Kharel,comment,latin
दिदी राम्रो काम गर्नुभएको मान्छे हुनुहुदोरहेछ तर तपाईको पार्टी सभापति शेरबहादुर देउवाको घरमा ३ दिनसम्म जलेको पैसा सम्झेर भएपनी रबिलाई भोट दिएर जिताउनुपर्छ।,mina kharel,yt:Mina Kharel,comment,deva
तिमी राम्रो मान्छे हौ दिदी तर तिम्रो प्रतिद्वन्द्वी अझै राम्रो भएर तिमी हार्नी निश्चित छ!,mina kharel,yt:Mina Kharel,comment,deva
“सडक मानवकी दिदी “ यति राम्रो शब्द हुंदाहुंदै के राखेको त्यस्तो ? मिना दिदी धेरै अब्बल व्यक्तित्व ।,mina kharel,yt:Mina Kharel,comment,deva
चितवन दुइमा अरु पाटीकाे उमेरदारले 50 बर्ष सम्म जित्छु भनेर नसाेचे हुन्छ,mina kharel,yt:Mina Kharel,comment,deva
Mina Didi thik ho party hamlai chaiyako xainani hami saport ghantilainai hunaxa,mina kharel,yt:Mina Kharel,comment,latin
"Sister ,thank you for your respectful work But this time Vote for Ghanti RSP only.",mina kharel,yt:Mina Kharel,comment,latin
only rabi dai🔔🔔,mina kharel,yt:Mina Kharel,comment,latin
मिना खरेललाई नानीमाया दाहाल संग तुलना गर्न सकिन्छ ।,mina kharel,yt:Mina Kharel,comment,deva
"भोट हाल्नु भन्दा केही समय अगाडि भदौ२३/२४ तिर ध्यानाकर्षण गरिदिनुहोला,त्यतिबेलाको दुई तिहाइको सरकारमा को को थिए, एकाएक देश को परिस्थिति किन बिग्रियो, जेन जि पुस्ता किन सडक आन्दोलन मा निस्क्यो?
त्यतिबेलाको सरकारले जेन जि आन्दोलन लाई कुन रुपमा लियो, र कति जन्धनको क्षेति भयो  यत्ती बुझ्न सक्ने नागरिकले अब पनि मासू भात कै लागि अझै पनि युवाको भोग खाने पिपासु नितिगत भ्रष्टाचारि #एमाले #काङ्ग्रेस #माऔबादिलाई भोट दिनू भनेको हाम्रा छोराछोरिक भविष्य पनि अन्धकारमा हाल्नू हो चेतना भया🇳🇵🇳🇵🇳🇵🇳🇵🇳🇵🇳🇵🇳🇵 🇳🇵",mina kharel,yt:Mina Kharel,comment,deva
काम छैन ५ बर्ष स्थायी बालेन सरकार हो यसपटक । ❤❤❤घण्टी मा भोट् हो।,mina kharel,yt:Mina Kharel,comment,deva
जितको अग्रिम शुभकामना !,mina kharel,yt:Mina Kharel,comment,deva
Vote for star⭐⭐⭐⭐,mina kharel,yt:Mina Kharel,comment,latin
जये रबि येस्पाली 👍️👍️🔔🔔🔔,mina kharel,yt:Mina Kharel,comment,deva
जमानत जफत हुन्छ दुख नगरी हुन्छ,mina kharel,yt:Mina Kharel,comment,deva
Vote for only ghanti🔔🔔🔔,mina kharel,yt:Mina Kharel,comment,latin
Rabi lea 45 thusend lea jitxa,mina kharel,yt:Mina Kharel,comment,latin
तिम्ले जित्तिनौ कुनैहालत मा यस् पाली,mina kharel,yt:Mina Kharel,comment,deva
बधाई तथा सुभकामना,goma tamang,yt:Goma Tamang,comment,deva
Dherae ramro lagyo ab rabi daeko pani banaunu paryo ni,goma tamang,yt:Goma Tamang,comment,latin
Background ma music pani rakhnus na kati ramro music thiyo,goma tamang,yt:Goma Tamang,comment,latin
Badai xa   goma sis   usha rai  dharan gathtan  saput garnu hos,goma tamang,yt:Goma Tamang,comment,latin
Congratulations didi,goma tamang,yt:Goma Tamang,comment,latin
Social worker goma sister 🙏 👋 🙏,goma tamang,yt:Goma Tamang,comment,latin
Tapae jostoh mahan purush Lai Mero namaan,goma tamang,yt:Goma Tamang,comment,latin
सरिन जि लाई लामाे समय देखि चिन्छु रबि सर जस्ताे देश र जनताको लागि धेरै ठुलाे याेगदान गर्नु भा छ देश र जनताको लागि यी दुई ब्यतिकाे धेरै अाबस्य छ जय घण्टी,goma tamang,yt:Goma Tamang,comment,deva
Good man 👍👍,goma tamang,yt:Goma Tamang,comment,latin
Goma tamang didi  (Sarin tamang) wahako jati ramri hununx tyo vanda jhan wahako mahan kam haru ramro x dukhi pidit jati pani desh bidesh ma dukham pareko deroi manxe harulai uhddar garera nepal ma leunu vako x 🙏🙏🙏🙏🙏💐💐💐💐,goma tamang,yt:Goma Tamang,comment,latin
गोमा होकी सरीन छक्का हो?,goma tamang,yt:Goma Tamang,comment,deva
not elected,goma tamang,yt:Goma Tamang,comment,latin
अबकाे सरकार रास्वपाा मात्र हाे अरूकाे अासछैन पुरानालाई हैन नयाँलाई मात्र भाेटहाल्लाै है साथिहरू,goma tamang,yt:Goma Tamang,comment,deva
Jay ghanti 🔔🔔🔔🔔🔔,goma tamang,yt:Goma Tamang,comment,latin
"होई हाट,,,,",goma tamang,yt:Goma Tamang,comment,deva
Only mato,goma tamang,yt:Goma Tamang,comment,latin
नमुना 😂😂,goma tamang,yt:Goma Tamang,comment,deva
धेरै जसो बाउनु क्षेत्री मात्रै छन् हो,goma tamang,yt:Goma Tamang,comment,deva
"Abaki bar Harka Sarkar
Chupchap Bharat Tap",goma tamang,yt:Goma Tamang,comment,latin
YHA haru ko Jodi aajiwn.  lai hos Shubha kamana ❤️❤️💐💐❤️❤️👌💁🏾‍♀️💝,goma tamang,yt:Goma Tamang,comment,latin
Congratulations both of you..,goma tamang,yt:Goma Tamang,comment,latin
Ramro chhh hjr haru ko jodi congratulations sadhai yestai happy basnu la,goma tamang,yt:Goma Tamang,comment,latin
Super video mind Bolling super 👏👏,goma tamang,yt:Goma Tamang,comment,latin
God bless you,goma tamang,yt:Goma Tamang,comment,latin
Suvakamna hajur haru lai sadhai khusi rahanu,goma tamang,yt:Goma Tamang,comment,latin
Great salute to both young mothers.,goma tamang,yt:Goma Tamang,comment,latin
So sweet both of you 🌷🙏😘,goma tamang,yt:Goma Tamang,comment,latin
Happy marriad life both of you,goma tamang,yt:Goma Tamang,comment,latin
खुसी रहनु होला good luck sarin ji both of u,goma tamang,yt:Goma Tamang,comment,mixed
Lots of Love from India❤❤❤,goma tamang,yt:Goma Tamang,comment,latin
Hello  sarin  jiu  namaste,goma tamang,yt:Goma Tamang,comment,latin
God bless them,goma tamang,yt:Goma Tamang,comment,latin
Ramroo xa 😍😍😍😍,goma tamang,yt:Goma Tamang,comment,latin
Congratulations 👏 🎊 💐 🥳 👏 🎉🤲,goma tamang,yt:Goma Tamang,comment,latin
Congratulations 🎉🍾🎈 ❤️🙏🌷,goma tamang,yt:Goma Tamang,comment,latin
परिवार नियोजनको एउटा प्रक्रीया  महिला महिला बिबाह गर्नू पनि ठिकै हो !,goma tamang,yt:Goma Tamang,comment,deva
Wow congratulations 🎊,goma tamang,yt:Goma Tamang,comment,latin
Sarin dd KO boli chai sarai ramro lagxa . Ra video haru ripit gari gari herxu .😀 Sarai ramro  sochai  xa . Ra hajur haru KO harek paila haruama safaltaa melos .,goma tamang,yt:Goma Tamang,comment,latin
O my god sis hajur nepal gayar bibaha garnu vayachha hai la badhai chha sis hami yautai deshama kam garne caregiverko matale,goma tamang,yt:Goma Tamang,comment,latin
Sarin you doing great 👍 job,goma tamang,yt:Goma Tamang,comment,latin
"हैन मलाई चाहि अचम्म लाग्याे याे बिबाह सुन्दा सायद पहिलो पटक देखेकाे ले हाेला ,,तर बधाई छ हजुरहरुलाई",goma tamang,yt:Goma Tamang,comment,deva
प्रकृति को बिरुद्ध हो यो बिबाह।,goma tamang,yt:Goma Tamang,comment,deva
Very good sis,goma tamang,yt:Goma Tamang,comment,latin
NIC couple,goma tamang,yt:Goma Tamang,comment,latin
La badhai xa,goma tamang,yt:Goma Tamang,comment,latin
Big fan ma hjur ko didi,goma tamang,yt:Goma Tamang,comment,latin
Aaha good jodi hjr,goma tamang,yt:Goma Tamang,comment,latin
badhaye xa,goma tamang,yt:Goma Tamang,comment,latin
Nice jodi,goma tamang,yt:Goma Tamang,comment,latin
Dhairai ramro khusi ko kura badaichha hajur rarulai,goma tamang,yt:Goma Tamang,comment,latin
सुन्दर जोडी हजुरहरुको👨‍❤️‍💋‍👨👨‍❤️‍💋‍👨👌👨‍❤️‍💋‍👨👨‍❤️‍💋‍👨,goma tamang,yt:Goma Tamang,comment,deva
एकदमै रमाइलो जोडि कसैको आखा नलागोस😘😘😘😘😘😘,goma tamang,yt:Goma Tamang,comment,deva
ak aarka ko sahara sacha sathi banu ko nimti baneko jodi .. lai mero salam cha .. tara.. yaslai vivaha siriman  sirimati .. bhanu bhaneko alik thik jasto lagena....,goma tamang,yt:Goma Tamang,comment,latin
Prakritiko  denho  .maile  ta  ysto  jodi  dheree  dekhe  .ma ni  achamma  parekothiye. Sachiikee  yasto  hunx.,goma tamang,yt:Goma Tamang,comment,latin
Super Jodi,goma tamang,yt:Goma Tamang,comment,latin
Sadhi ramro hosh hjr haruko jiban,goma tamang,yt:Goma Tamang,comment,latin
Wow beautiful,goma tamang,yt:Goma Tamang,comment,latin
अति शुन्दर जोडी दिदि हजुर हरुको कहिले नछुटनु है वैवाहित जिबन धेरै धेरै शुभकामना 💐💐💐,goma tamang,yt:Goma Tamang,comment,deva
So beautiful ❤❤❤,goma tamang,yt:Goma Tamang,comment,latin
kura ta thikai ho but afno ichchha ta jadarini garnu sakinchha upaya dherai chhan before bhitra anek hunchha ma pani experience chhu but originally jastai chai hunna hai sis.haru?hehehe,goma tamang,yt:Goma Tamang,comment,latin
दाम्पत्य जिवन को सुबह कामना दुबई लाईं,goma tamang,yt:Goma Tamang,comment,deva
Kasto ramailo lagyo pura video herera,goma tamang,yt:Goma Tamang,comment,latin
hajurbau le vannu hunthyo  !!  bachnu parxa  harek dekhnu painxa  !!  ajhai k k dekhnu parne ho  jindagi ma  haiiit  k vako yasto. !! achamma  !,goma tamang,yt:Goma Tamang,comment,latin
Badai cha sis,goma tamang,yt:Goma Tamang,comment,latin
Oho jodi👌👌👌,goma tamang,yt:Goma Tamang,comment,latin
धेरै धेरै राम्रो दिदि हरु लाई हार्दिक बडा छ ❤❤❤❤❤❤,goma tamang,yt:Goma Tamang,comment,deva
Afno ziban ko afno khusi ho.malai ta sarai ramro lagyo . congrats 😊,goma tamang,yt:Goma Tamang,comment,latin
Sukhad jiwanaki shubhakamana,goma tamang,yt:Goma Tamang,comment,latin
Best cupple,goma tamang,yt:Goma Tamang,comment,latin
"जीबन आफ्नो स्वईच्छाले जीउने अधिकार सबैलाईछ तर छोरी छोरी मान्छे भएर बैवाहिक जीबनमा बाधिएर,जोईपोई बन्नु चै अलि सृष्टिको  बिपरित हैन र...",goma tamang,yt:Goma Tamang,comment,deva
Khaasaiii yastoo dekhdaa ramroo ta laagdainaa Tara panii afnu Afnuu jindagiii Hoo Dd haruu yasarinaiii khusiii Chan bhane inaar koo jindagiii Hoo hamii ta badhaiii sibaya k chaiii Bhanna sakinacha ra ?,goma tamang,yt:Goma Tamang,comment,latin
God bless both of you,goma tamang,yt:Goma Tamang,comment,latin
"लोग्ने र स्वास्नी बिच भएको अस्वस्थ सम्बन्धहरुमा जब्बर जस्ती एकोहोरो लतारेर जिवनलाइ अगाडि लैजानु भन्दा ,अब त बाकी जीवन खुसी सङ बिताउने हो ,यो कार्य स्वस्थ समाज निर्माण को लागि दिने बिकल्प पनि हो ,सहि सोच हो मेरो प्यारी बहिनी सरिनको ,दाम्पत्री जीवन खुसिले बितोस !!",goma tamang,yt:Goma Tamang,comment,deva
यो नातकै होला जस्तो लागिरहेछ,goma tamang,yt:Goma Tamang,comment,deva
Lu baibahik jibanko subhakamana 😍😍,goma tamang,yt:Goma Tamang,comment,latin
Vayo yo ram kahani k sunnu.dubailai arsirbat xa..,goma tamang,yt:Goma Tamang,comment,latin
ho sachi Kam chai kasari garnu hunxa yo malai achcham,goma tamang,yt:Goma Tamang,comment,latin
🙏🏼🙏🏼🙏🏼🙏🏼🙏🏼🙏🏼💐💐💐💐💐💐💐,goma tamang,yt:Goma Tamang,comment,latin
So cute. Kati derai maya Hajur haru ko best of luck,goma tamang,yt:Goma Tamang,comment,latin
छ्या छ्या छ्या.......😷,goma tamang,yt:Goma Tamang,comment,deva
"Jindagi afno tarikale bachna painchha, purus ra istri nai bibaha garnu parx bhanne xaina, istri istri nai baru surachhit hunxan",goma tamang,yt:Goma Tamang,comment,latin
best judi love yu,goma tamang,yt:Goma Tamang,comment,latin
♥️♥️🌹🌹👌👌,goma tamang,yt:Goma Tamang,comment,latin
God blessing you both of you. Kasaiko najar nalagos.,goma tamang,yt:Goma Tamang,comment,latin
Aaja po tha vo sarin vaneko ta keti nai hunuhudo raixa ma chai keta socheko,goma tamang,yt:Goma Tamang,comment,latin
Malai pani man ta parxa asal sathi banaune,goma tamang,yt:Goma Tamang,comment,latin
"बाच्न मात्र पर्छ हाम्रै देशमा के के देख्न पाईन्छ भनेको यहि हो हैट, जिबन साथी त रोजेको राम्रै हो। तर सबै थोक मात्र भएर नि हुन्न नि कुरा बुझौं 😐😐😐😐😐",goma tamang,yt:Goma Tamang,comment,deva
❤️❤️❤️🥰 good luck 🍀👍🏻 guys.  Congratulations 🎉🎊🎈🍾🎆🙏🙏,goma tamang,yt:Goma Tamang,comment,latin
जेगर्नुभो ठिक गर्नुभो खुसिको जीवन भनेको येहिहो,goma tamang,yt:Goma Tamang,comment,deva
राम्रो छ जोडी अफ्नो जिबन बिताउने हो आफू जे मा खुशी हुन्छ तेइ गर्नु पर्छ । उदाहरण बन्नुहोला दिदिहरु👍️👌,goma tamang,yt:Goma Tamang,comment,deva
Udum chha,goma tamang,yt:Goma Tamang,comment,latin
Kahe navako jatra hade gau Ma vanayko yahi ho .. heyram katijen lai ho...,goma tamang,yt:Goma Tamang,comment,latin
Sarin dd aafno aafno ixa vogai vhahana ho tarama ta kassto achammit vhae hou,goma tamang,yt:Goma Tamang,comment,latin
यो दुनियाँमा बाच्नु मात्र पर्दा रहेछ हरेकै देखिने रहेछ हौ,goma tamang,yt:Goma Tamang,comment,deva
ढिलो भएपनि बैबाही जिबनको शुभकामना,goma tamang,yt:Goma Tamang,comment,deva
La ramro gari khanush hai didee all the besst  we love you,goma tamang,yt:Goma Tamang,comment,latin
BaChne  adhikar  X  aafno  hisable. Tara xutnucee  vayena.,goma tamang,yt:Goma Tamang,comment,latin
Sabai ko vagya ma yasto khusi kaha milxa ra happy married life both of you,goma tamang,yt:Goma Tamang,comment,latin
Bhadai ❤️❤️❤️,goma tamang,yt:Goma Tamang,comment,latin
Sarin dd vanne ki vinaju  vanne ho ??,goma tamang,yt:Goma Tamang,comment,latin
ava baki jiwan shukhamaua hoss..!,goma tamang,yt:Goma Tamang,comment,latin
दाम्पत्य जीवन को धेरै धेरै शुभ कामना दिदी हरू लाई फधै सुखि र खुसि रहनुस💐💐,goma tamang,yt:Goma Tamang,comment,deva
You guys 😜,goma tamang,yt:Goma Tamang,comment,latin
केटासँग विहे गरेर पाे के मिल्याे र ?,goma tamang,yt:Goma Tamang,comment,deva
केटी केटी होस या केटा केटा होस मिलेर संगै बस्नु राम्रो हो एक अर्कोको साथ सहारा बनेको असाध्यै राम्रो हो तर केटीले केटी लाई नै श्रीमान अनि श्रीमती  भन्छन केटाले केटा लाई नै बुढी भन्छन यो कुरा चाहिँ मेरो मनले मानेन माफ गर्नुहोला।हजुरहरु दुबै जना राम्रो मलाई मन पनि पर्छ गलत भन्न खोजेको चाहिँ होइननी फेरि।,goma tamang,yt:Goma Tamang,comment,deva
Hoit Ani yesari keti keti bihe garnu thaleshi hami keta chain kata Jane mero bihe kina hundaina bhaneko ta balla tha vayoni keti le keti manpardo raichha yo junima hamro chain bihe nahola jasto xa garoo xa hau,goma tamang,yt:Goma Tamang,comment,latin
God bless you both 🙏,goma tamang,yt:Goma Tamang,comment,latin
Kina  testo bibaha..............tapaiko. Kamanusarko.  Bibaha.  Chahi. Ramro. Voyena lajmardo. Voyo,goma tamang,yt:Goma Tamang,comment,latin
🤣🤣🤣🤣  k ho yo ko kta ko kti confused,goma tamang,yt:Goma Tamang,comment,latin
Toho jasto lai dukha lagiyo hola malai galita ta dinxa tara to jasto kukkurni harule diyeko gaali le malai farkak pardaina hai,goma tamang,yt:Goma Tamang,comment,latin
Kta  hona ra sarina tanang ki kti nai hau bujina molly  ta,goma tamang,yt:Goma Tamang,comment,latin
Badae cha,goma tamang,yt:Goma Tamang,comment,latin
Wow amazing love story hjrharuko❤️❤️,goma tamang,yt:Goma Tamang,comment,latin
Nice couple love you both,goma tamang,yt:Goma Tamang,comment,latin
vhairala hunanasaki bibaha gari vhairala vhako ho,goma tamang,yt:Goma Tamang,comment,latin
मैले नबुझ्या कुरा नर्मल केटा या केटि हरु किन छक्का बनेका हाेलान नेपालमा छाेरा छाेरि चाहियाे भने मलाइ सम्पर्क गर है नानि हरु,goma tamang,yt:Goma Tamang,comment,deva
Malai chi chitta bujen😏😏😏😏,goma tamang,yt:Goma Tamang,comment,latin
दाम्पत्ये जिबन काे धेरै धेरै  शुभकामना,goma tamang,yt:Goma Tamang,comment,deva
"Haina k ho awaj ta 2 woman jasto lagxha ,",goma tamang,yt:Goma Tamang,comment,latin
aafno aafno feelings ho no worries......god bless u both😍😍,goma tamang,yt:Goma Tamang,comment,latin
पागलनिहरु फर्दाफास पछाडि देखिन्छ अबस्य पनि धैर्य गरौ,goma tamang,yt:Goma Tamang,comment,deva
माया त मायै हो❤🎉,goma tamang,yt:Goma Tamang,comment,deva
Congratulations cha 😍😍😍,goma tamang,yt:Goma Tamang,comment,latin
"Hehe yo 2 janai milera samaj ma euta naya chalan dekhaunu khojeko ra yo samaj lai aankhama xharo haliraxha jasto lago hou malai ta , yo sabai bakwase ho ,",goma tamang,yt:Goma Tamang,comment,latin
सरिन त 90% पुरुष रहेछ,goma tamang,yt:Goma Tamang,comment,deva
Plz malai uha ko number dinuna 🙏🙏🙏🙏🙏😭😭😭😭😭😭😭,goma tamang,yt:Goma Tamang,comment,latin
"ओहो इन्टरकास्ट म्यारिजपो रहेछ। अब बच्चाले यी बाउको बहिनीलाई वा दिदीलाई बडा बा, काका भन्ने कि सानिमा, वा फूपू भन्ने हो भन्नेमा साइनो कम्लिकेटेड हुने भएछ।",goma tamang,yt:Goma Tamang,comment,deva
yo jori sadhai yasarinai khushi sanga baseko hernu paaum love you,goma tamang,yt:Goma Tamang,comment,latin
"सधै,खुसि,रनु,कहिले,नछुटनु,सधै,मिलेकाे,सुन,देखन,पाउ,,",goma tamang,yt:Goma Tamang,comment,deva
Kavre dhulikhel ho sister,goma tamang,yt:Goma Tamang,comment,latin
"Hoina yo didi bainiharulai bahula kukurle tokera pagalvako ta hoina , malai ta saram po lagxa ho .ysto pani k garnu laj mardo .desma xoramanxe paiyna ki k ho.",goma tamang,yt:Goma Tamang,comment,latin
Aafno jindagi jasari ni jiuda huncha but 2 wata nani ani arkiko 1 wata nani vakohuda chora chori ko ijjat ko ni care garnuparnay ho,goma tamang,yt:Goma Tamang,comment,latin
2jana sagai basni dau 2janaibacha ko mau,goma tamang,yt:Goma Tamang,comment,latin
यो केहो यो नारी हरु को कस्तो बिक्रिती सबै महिला हरुको मन्मा ठेस पुगेको छ तिमी हरु को छोरा छोरी लाई टकलित ठेस कत्ती पुगे को होला किन नसोचेको,goma tamang,yt:Goma Tamang,comment,deva
सुखद दाम्पत्य जीवनको शुभ कामना दुवैआमाहरुलाई l,goma tamang,yt:Goma Tamang,comment,mixed
हैन एउटा चित्त नबुझेको कुरा! यो समलिङ्गीहरुको यौन चाहाना चाहिँ हुन्छ कि हुँदैन होला? यदि हुन्छ भने कसरी प्यास मेटाउछन् होला?????,goma tamang,yt:Goma Tamang,comment,deva
काम कुरो चै कसरी गर्नु हुन्छ हो,goma tamang,yt:Goma Tamang,comment,deva
दुईको  बिचमा बस्न मन छ,goma tamang,yt:Goma Tamang,comment,deva
केका हाेकि केकि हाेनि,goma tamang,yt:Goma Tamang,comment,deva
Budheskalma naati bachha haru khelayera basnu xadera k ko natak  dekhako hola  haittt aanek huna thalyo  hamro des ma  nautanki haru,goma tamang,yt:Goma Tamang,comment,latin
sareen bainile siudoma sindur pani rangai dinu vayako vayata jhanai ramro hune thiyo ? naya shckar naya jodee lai badhai xa ? vabisyeko suva kamana ?,goma tamang,yt:Goma Tamang,comment,latin
कति दिन लाई हो यो नाटक,goma tamang,yt:Goma Tamang,comment,deva
"Two girls getting married to each other, what a weird it sounds 🤪😶",goma tamang,yt:Goma Tamang,comment,latin
Malae sodna man lageko kura k vane  tapai haruko shree maan le dhoka diyako vayar ho yo gareko,goma tamang,yt:Goma Tamang,comment,latin
Congratulations 🎊🎈🍾,goma tamang,yt:Goma Tamang,comment,latin
Bachnu parxa j pani dekhna paenxa,goma tamang,yt:Goma Tamang,comment,latin
Ssrm xaina alle,goma tamang,yt:Goma Tamang,comment,latin
के भनौं र खोइ?,goma tamang,yt:Goma Tamang,comment,deva
Congratulations both of u ✅💕❤️😘❤️😘💕,goma tamang,yt:Goma Tamang,comment,latin
Nakkali  haru ko chartikala....,goma tamang,yt:Goma Tamang,comment,latin
Che hau k vako,goma tamang,yt:Goma Tamang,comment,latin
Xixixi k dekhanu parxa yo.,goma tamang,yt:Goma Tamang,comment,latin
यस्ताे पनि हुदाे रैछ जिन्दगिमा कहिले काहीँ के देख्न पराे,goma tamang,yt:Goma Tamang,comment,deva
बधाई छ हजुरहरुलाई ।,goma tamang,yt:Goma Tamang,comment,deva
बिहे गरेको नाटक गरि कति साउदी दुबई तिर केटी बेच्ने कामत भको छैन खासै गतिलो चाई हैन है येओ दुबै जना हरु,goma tamang,yt:Goma Tamang,comment,deva
Thukka sudeharu,goma tamang,yt:Goma Tamang,comment,latin
Yini haru ko YouTube video haray chora chori haru ko man kastovayohola thukka juni kita single vako varkarko taruni vako vayata,goma tamang,yt:Goma Tamang,comment,latin
be happy both of you !!,goma tamang,yt:Goma Tamang,comment,latin
❤️❤️❤️🙏🙏🌹🌹कति राम्रो जाेडी हजुर  लाई दुई जान सङग भेट्छु नि दिदी,goma tamang,yt:Goma Tamang,comment,deva
धेरै धेरै शुभकामना कनपरो दाम्पत्य जिबन सुखमयहोस 👏👏👏🙏,goma tamang,yt:Goma Tamang,comment,deva
2 jana budi vayo tehi vayar bihegareko ab aru ...,goma tamang,yt:Goma Tamang,comment,latin
Aaa didi haru k  garnu vyako tar kti kti la biwoha garrni vnyar kha la khayko xa  didi haru xiiii xiiii yo natak kti ryyy fayrii budo rya budi rya aa hahahhaha,goma tamang,yt:Goma Tamang,comment,latin
केनाटकहाेयाे,goma tamang,yt:Goma Tamang,comment,deva
Raati sangai sutdha k majaa!,goma tamang,yt:Goma Tamang,comment,latin
माया त❤❤❤❤❤❤माया हाे,goma tamang,yt:Goma Tamang,comment,deva
"बेहुलि  त राम्रो लागयो
बेहुला ले माया गरेर  राख्नु सक्नु पर्यो।सुखमये होस जीवन।",goma tamang,yt:Goma Tamang,comment,deva
Yesto achaamma k hola ma chai sidhai kura garxu malai je sukai  garnu rw vannu  chahe karbahi garnu moh sidha vanxu k achaamma nepalma keta napayera keti keti bivaha garna thale aba kinaki keti matra jyada vaye.. yo chai moh ke vanxu vane keta payena vane kathko ling banayera rakhe hunxa xixixixi thu ke vaka yo nepalma,goma tamang,yt:Goma Tamang,comment,latin
होइन सरिन भैसि हो कि गोरु हौ अणा😂😂😂😅😅😅😅,goma tamang,yt:Goma Tamang,comment,deva
Lala k vanu,goma tamang,yt:Goma Tamang,comment,latin
"Xora manxey man naparney re?? Ani kina xora manxey ko get up garnu paryo ta,kt kai get up garnu launu ni,waiyat kura garxa, buda vanxa re🤪🤪kt lai ni kai buda vanxa ra??",goma tamang,yt:Goma Tamang,comment,latin
Sansar ma  sabai bhanda thulo khura khusi  ho dadai khusi ko sath jindaki  bitos,goma tamang,yt:Goma Tamang,comment,latin
perfect jodi,goma tamang,yt:Goma Tamang,comment,latin
👩‍❤️‍💋‍👩👩‍❤️‍💋‍👩👩‍❤️‍💋‍👩👩‍❤️‍💋‍👩,goma tamang,yt:Goma Tamang,comment,latin
"दुर्गा तामांग ज्यूलाई मेरो प्रश्न यो छ कि,एउटा स्त्रिले अर्को स्त्रिको शारिरिक सम्बन्धको आवश्यकत्ता कसरी पुरा गर्नु हुन्छ ? यो कुरा नेपाली जनतालाई प्रष्ट पारी दिनु होला ???",goma tamang,yt:Goma Tamang,comment,deva
Your parents have great thoughts 💭,goma tamang,yt:Goma Tamang,comment,latin
Haa haa haa haa haa,goma tamang,yt:Goma Tamang,comment,latin
अब यो दुइ जाना को बुढो बुढो ले पनि बिबाहा गर्नु परो अनि राम्रो र खुशि हुन्छ होला,goma tamang,yt:Goma Tamang,comment,deva
Xi xi xi ghen lagyo,goma tamang,yt:Goma Tamang,comment,latin
Khai k bhannu ra? Chahana pani kasto-kasto? Akhir maya ta bihe nai nagari pani ta huna sakxa ni. Yo umerma ayera k k garnu hunchha khai didihar?😊 keti-keti bihe garna man parauneharu tara looks chai ketako jasto bhayeko dekhda kina hola yesto jasto lagxa.,goma tamang,yt:Goma Tamang,comment,latin
गत्तिलै गरेछ!!!,goma tamang,yt:Goma Tamang,comment,deva
आफ्नो ईच्छा हो दुईदिन बाचुन जेल आफु खुसि भयर बाच्नु परो,goma tamang,yt:Goma Tamang,comment,deva
हजुर हरु को जिन्दगी राम्रो होस,goma tamang,yt:Goma Tamang,comment,deva
अनावश्यक बिबाद मा तानिरहनु हुने शरिन र उहाको उसल जिवन सडगीनी लाई वैवाहीक जिवनको शुभकामना,goma tamang,yt:Goma Tamang,comment,deva
हैन कस्तो अचम्म दुईटै महिला छन् के बेहे होकि साथी बनाएको हो,goma tamang,yt:Goma Tamang,comment,deva
Rama  Thapa🌹🌹🌹👏🏻💓💓💓💓👏🏻💗💗👍🌹👏🏻🌹🌹👍💍🌹,goma tamang,yt:Goma Tamang,comment,latin
Sarin jee hujur t mero favrite   hunuhuntheyio tra tapai ko afnu life ho interfere t garnu ramro hoina tra kati  kati beh garnu  vayere ramro lagana  may be my suggestion is worng,goma tamang,yt:Goma Tamang,comment,latin
बच्चा को आमा कोहि सग अगालो हालेको बै थियन रे😂😂,goma tamang,yt:Goma Tamang,comment,deva
Thuya nakachari ho kati samko natak gareka,goma tamang,yt:Goma Tamang,comment,latin
यी 2 जनाको  बुढा  पनि  देखाउनु,goma tamang,yt:Goma Tamang,comment,deva
Xakka xakka panja garikhau,goma tamang,yt:Goma Tamang,comment,latin
Ramro jodi,goma tamang,yt:Goma Tamang,comment,latin
सधै यसरीनै खुसी भैरहनुहोला  सधै यसरिनै एकअर्कालाई माया गर्नुहोला यो जोडीलाई कसैको आखा नलागोस ❤❤❤❤❤❤❤❤❤❤❤❤❤❤❤❤❤❤❤❤❤,goma tamang,yt:Goma Tamang,comment,deva
Nataki.haru,goma tamang,yt:Goma Tamang,comment,latin
Laj Saram na vako lodare haru,goma tamang,yt:Goma Tamang,comment,latin
होइन दाइ त केटीले जस्तो के हो फेरि बिहे गरेको 🤔🤔🤔🤔खास केटा कि केटि,goma tamang,yt:Goma Tamang,comment,deva
Good jodi,goma tamang,yt:Goma Tamang,comment,latin
God bless you both,goma tamang,yt:Goma Tamang,comment,latin
God bless you both of you,goma tamang,yt:Goma Tamang,comment,latin
4 vai xora janminu Lu badai xa,goma tamang,yt:Goma Tamang,comment,latin
आश्चर्यको कुरा यौन प्यास कसरी मेट्नु हौ?,goma tamang,yt:Goma Tamang,comment,deva
Kukurni huna bacha huda ni biha mahila mahila  biha garko,goma tamang,yt:Goma Tamang,comment,latin
"Nachaahi laado jasto,,,",goma tamang,yt:Goma Tamang,comment,latin
मलाई चै ठिक लागेन केटी केटी त्योइ पनी दुई जना नै  नानी को आमा हरु,goma tamang,yt:Goma Tamang,comment,deva
यिनिहरुले यौन चाहाना कसरी पूरा गर्छ्न होला #जिग्यासा 🤔,goma tamang,yt:Goma Tamang,comment,deva
👍️❤️👍️❤️👍️,amresh kumar singh,yt:Amresh Kumar Singh,comment,latin
Tarai Tira police marxa ani  goli handaina ta,amresh kumar singh,yt:Amresh Kumar Singh,comment,latin
"ए माननीय अमरेस ज्यु
भारत को पुलिस ले लिने हतियार देखेको छ।  Ak - 47 लिन्छ।
थाहा नभए नबोल्नु।",amresh kumar singh,yt:Amresh Kumar Singh,comment,mixed
Amresh is a Nepali patriot and Hero!,amresh kumar singh,yt:Amresh Kumar Singh,comment,latin
माननीय अमरेस ज्युको एकदम राम्रो  कुरा🎉,amresh kumar singh,yt:Amresh Kumar Singh,comment,deva
क्या दामी आनन्द आयो अम्रेश को भाषण सुन्दा दामी छ ।,amresh kumar singh,yt:Amresh Kumar Singh,comment,deva
Absolutely right ❤❤👏👏👏👍👍🔔🔔🔔🔔🔔,amresh kumar singh,yt:Amresh Kumar Singh,comment,latin
Absolutely right Great speech 🎤 Dr Amresh Sir Jai Ghanti❤️❤️❤️❤️❤️🔔🔔🔔🔔🔔🔔🔔🔔,amresh kumar singh,yt:Amresh Kumar Singh,comment,latin
हाम्रोवाद भनेको नेपाल बाद हो। सही कुरा भन्नुभयो। लेलिनवाद माओवाद यो सबै विदेशी बाद हो हामी सबै मिलेर नेपाल बाद खडा गरौं,amresh kumar singh,yt:Amresh Kumar Singh,comment,deva
Jaya ghanti 🇳🇵🙏💖,amresh kumar singh,yt:Amresh Kumar Singh,comment,latin
"जय हाे, डा. अमरेश",amresh kumar singh,yt:Amresh Kumar Singh,comment,deva
बडो राम्रो बक्तब्य दीनु भो माननिय सांसद अमरेस कुमार सिह ज्यु ले धेरै धेरै धन्यवाद ज्ञापन गर्दछु सु प धनगडी बाट,amresh kumar singh,yt:Amresh Kumar Singh,comment,deva
तपाईँ जस्तो महान् व्यक्ति हामीले पाउनु हाम्रो भाग्य हो,amresh kumar singh,yt:Amresh Kumar Singh,comment,deva
सही कुरा अंम्रेशकुमार,amresh kumar singh,yt:Amresh Kumar Singh,comment,deva
Good sir 💯🔔🔔🔔💐🇳🇵,amresh kumar singh,yt:Amresh Kumar Singh,comment,latin
Ek.dam raamroo sochh vako bektito vako manxe ho amres sir..🎉🎉🎉🎉🎉🎉🎉,amresh kumar singh,yt:Amresh Kumar Singh,comment,latin
ऐकदमै सही कूरा बोल्नू भयेको छ माननीये अमरेश कूमार ज्यू ले 🙏♥️👍👍🔔🔔🔔👏👏,amresh kumar singh,yt:Amresh Kumar Singh,comment,deva
Wow So Brilliant mind Salute cha Mr Amresh Kumar jii..,amresh kumar singh,yt:Amresh Kumar Singh,comment,latin
Hat's off❤❤❤,amresh kumar singh,yt:Amresh Kumar Singh,comment,latin
100%Agree❤❤❤❤,amresh kumar singh,yt:Amresh Kumar Singh,comment,latin
Salute chha tapailai,amresh kumar singh,yt:Amresh Kumar Singh,comment,latin
support for truth .,amresh kumar singh,yt:Amresh Kumar Singh,comment,latin
Phd knowledge is excellent,amresh kumar singh,yt:Amresh Kumar Singh,comment,latin
अमरेश जी  को कुरा सुन्दा अानन्द अायो ।।,amresh kumar singh,yt:Amresh Kumar Singh,comment,deva
Great leader Dr AK,amresh kumar singh,yt:Amresh Kumar Singh,comment,latin
सारै रामो कुरा राख्नु भो डा अमरेशकुमार ले राख्नु भो सलाम छ,amresh kumar singh,yt:Amresh Kumar Singh,comment,deva
Ho ho hundu rasta huda ka huncha bhala lai,amresh kumar singh,yt:Amresh Kumar Singh,comment,latin
एकदमै राम्रो कुरा अम्रेश माननीय ज्यु🇳🇵👏,amresh kumar singh,yt:Amresh Kumar Singh,comment,deva
Congratulations 🎉❤❤❤,amresh kumar singh,yt:Amresh Kumar Singh,comment,latin
बधाई एवं शुभकामना रुबि कुमारी ठाकुर ज्यू लाई 🙏👍🎉,amresh kumar singh,yt:Amresh Kumar Singh,comment,deva
Apsarbadi manchhe ho gynendra shahi auta padko lagi ke ko katakxe garnu hau desko lagi ❤bolam,amresh kumar singh,yt:Amresh Kumar Singh,comment,latin
सहि कुरा गर्नु भो ।पाटिभदा देस  र जन्ता लाई सिरमाराखी कुरा गरौ ।,amresh kumar singh,yt:Amresh Kumar Singh,comment,deva
Manney Amresh Sir Jyu Shahi Kuro bolu bho ho Sri Salute xa Sri 👏👏👏👏👏,amresh kumar singh,yt:Amresh Kumar Singh,comment,latin
Amraa Kumar Sir your right,amresh kumar singh,yt:Amresh Kumar Singh,comment,latin
Amresh ji le aaja feri man jitnu vayo.,amresh kumar singh,yt:Amresh Kumar Singh,comment,latin
बदाई छ रूबी ठाकुर।जी,amresh kumar singh,yt:Amresh Kumar Singh,comment,deva
एकदम सहिबिष्लेशण,amresh kumar singh,yt:Amresh Kumar Singh,comment,deva
😅😅😅😅हिजो किन बौलाउथ्यो त  नेता ज्यु आफुलाइ हुदा एक अरुलाइ हुदा एक हैट  लाज नीति,amresh kumar singh,yt:Amresh Kumar Singh,comment,deva
यदि कहि कतै तिमी हरु ले पनि काम सुसन सु ब्यबस्था  भ्रष्टाचाको अन्त्री गरिनौ र पुरानै दल जस्तो बन्न पुगेउ भने पाच बर्ष पछि सिंह दर्बारमा राजा ल्यउने छन जनता ले,amresh kumar singh,yt:Amresh Kumar Singh,comment,deva
अमरेश कुमार माननीय ज्युले जेनजी अनी मधेशी र कपाल काट्ने जातिको प्रतिनिधित्व भयो भन्नु भयाे त्यो कुरा ठिकै छ तर संसद भनेको बाैद्विक र अनुभवी ब्याक्तीहारुको गरिमामय संस्था थलाे हो जस्ले राष्ट्रको भबिश्य काेर्छ ।  जाहा बाैद्विक र अनुभवि मानिसहरु रहन्छन् । अब पनि हामिले पुरानै परिपाटि अगालिउ भने यो भन्दा दुर्भाग्य अरु केहि हुन सक्दैन।  प्रतिनिधित्व मात्रका  लागी संसद मा जाने ल्याउने  हो भने हामिले खोजेको परिवर्तन तयो होइन।  यसो भण्दै गर्दा रुवि कुमारी मनानिया जिउ लाई आसक्षम भनेको चाहिँ होइना । हामिले परिवर्तन चाहेकाे हाे भने हाम्रो मानसिकता पनि परिवर्तन हुन जरुरि छ।,amresh kumar singh,yt:Amresh Kumar Singh,comment,deva
"Amresh ji Ali Nepali bhasa siknus.....kina bhane nepali bhasa mai bhasan garna parcha sansad ma .
Tapai KO Soch positive cha sab lai thaha cha Tara Dr. Bbayepachi language ma Pani command garnus...try to learn.
Aru Sab thik cha ...
Nepal lai bikas KO bato ma lagnus , tei nai suvakamana cha",amresh kumar singh,yt:Amresh Kumar Singh,comment,latin
Jhagada nagare hu n ra des banaune kura Hudgins sansad ma,amresh kumar singh,yt:Amresh Kumar Singh,comment,latin
DHANYBAD,amresh kumar singh,yt:Amresh Kumar Singh,comment,latin
पाटि र आफ्नो प्रसंसा गरि समय सिदायो,amresh kumar singh,yt:Amresh Kumar Singh,comment,deva
चल हट टकलु,amresh kumar singh,yt:Amresh Kumar Singh,comment,deva
Dont touch me 😂😂,leelamani gautam,yt:Leelamani Gautam,comment,latin
Bhai update do ….. next video please uss bande ka,leelamani gautam,yt:Leelamani Gautam,comment,latin
"The farther you go, the wilder it gets.",leelamani gautam,yt:Leelamani Gautam,comment,latin
Kinar nahi daku he😂,leelamani gautam,yt:Leelamani Gautam,comment,latin
Ac me kaise ghus jate hai,leelamani gautam,yt:Leelamani Gautam,comment,latin
O bhai pakar k isko chalti train se neeche phenk do inka yhi hal hai koi kuch bol hi nahi raha ye to galat hai belkul,leelamani gautam,yt:Leelamani Gautam,comment,latin
Samne wale unc has kyun rahe hai,leelamani gautam,yt:Leelamani Gautam,comment,latin
Where fight,leelamani gautam,yt:Leelamani Gautam,comment,latin
Why that lord ram is laughing with kinner 😂😂😂,leelamani gautam,yt:Leelamani Gautam,comment,latin
Kinnar gang se panga nahin lene ka😂😂,leelamani gautam,yt:Leelamani Gautam,comment,latin
Anjali from lumding,leelamani gautam,yt:Leelamani Gautam,comment,latin
Why’s there paint on her forehead?,leelamani gautam,yt:Leelamani Gautam,comment,latin
They snatch money,leelamani gautam,yt:Leelamani Gautam,comment,latin
North india 😆😆,leelamani gautam,yt:Leelamani Gautam,comment,latin
😆🤣😁😁😆😆🤣🤣🤣🤣😆😆🤣😆,leelamani gautam,yt:Leelamani Gautam,comment,latin
I don’t like your curry after shave 😂,leelamani gautam,yt:Leelamani Gautam,comment,latin
आखहीफोणेगा,leelamani gautam,yt:Leelamani Gautam,comment,deva
Imdiate arrest him,leelamani gautam,yt:Leelamani Gautam,comment,latin
In salo k train m kuch jyada hi rha h 😂,leelamani gautam,yt:Leelamani Gautam,comment,latin
Worst north log,leelamani gautam,yt:Leelamani Gautam,comment,latin
Jay Bhim ka mahaan samvidhaan kuchh nahi hoga,leelamani gautam,yt:Leelamani Gautam,comment,latin
Don't mess with Kinner *!!*,leelamani gautam,yt:Leelamani Gautam,comment,latin
Fair and lovely ki brand ambassador,leelamani gautam,yt:Leelamani Gautam,comment,latin
बहुत अच्छी टैलेंट बहुत अच्छा है,leelamani gautam,yt:Leelamani Gautam,comment,deva
Bahut achi,leelamani gautam,yt:Leelamani Gautam,comment,latin
Bahot achhi lgti hain,leelamani gautam,yt:Leelamani Gautam,comment,latin
Beautiful,leelamani gautam,yt:Leelamani Gautam,comment,latin
Bhaut pyari,leelamani gautam,yt:Leelamani Gautam,comment,latin
Poster kesa de rakha hee,leelamani gautam,yt:Leelamani Gautam,comment,latin
"Very beautiful and gorgeous, I Like You",leelamani gautam,yt:Leelamani Gautam,comment,latin
I love this Yami gutam❤❤❤,leelamani gautam,yt:Leelamani Gautam,comment,latin
Yami super acted in all her movie worth to watch her movie❤,leelamani gautam,yt:Leelamani Gautam,comment,latin
My favourite ❤,leelamani gautam,yt:Leelamani Gautam,comment,latin
Very👍👍👍👍👍👍👍👍,leelamani gautam,yt:Leelamani Gautam,comment,latin
Meri bibi bhi 12 sal choti hai,leelamani gautam,yt:Leelamani Gautam,comment,latin
Bictiful,leelamani gautam,yt:Leelamani Gautam,comment,latin
I love this yami gautam.actor,leelamani gautam,yt:Leelamani Gautam,comment,latin
Iliveyou❤,leelamani gautam,yt:Leelamani Gautam,comment,latin
Bahut hi achhi sabhi heroine fail hai इनके सामने,leelamani gautam,yt:Leelamani Gautam,comment,mixed
Nice actress,leelamani gautam,yt:Leelamani Gautam,comment,latin
My all time favourite heroine yami gautam,leelamani gautam,yt:Leelamani Gautam,comment,latin
i really like her..yami Gautam ❤,leelamani gautam,yt:Leelamani Gautam,comment,latin
Ktni uchai pe le gai sb jante tm na batao 😂😂😂,leelamani gautam,yt:Leelamani Gautam,comment,latin
One number,leelamani gautam,yt:Leelamani Gautam,comment,latin
Kaabil bholgaye aap,leelamani gautam,yt:Leelamani Gautam,comment,latin
"Yami Gautam is the most humble, talented, gorgeous actress.  ❤❤❤❤",leelamani gautam,yt:Leelamani Gautam,comment,latin
I love yammi ❤,leelamani gautam,yt:Leelamani Gautam,comment,latin
My crush,leelamani gautam,yt:Leelamani Gautam,comment,latin
Most beautiful women in the world,leelamani gautam,yt:Leelamani Gautam,comment,latin
My dream girl,leelamani gautam,yt:Leelamani Gautam,comment,latin
My fvrt ❤yami,leelamani gautam,yt:Leelamani Gautam,comment,latin
Chikna male,leelamani gautam,yt:Leelamani Gautam,comment,latin
Fake mat dalo.,leelamani gautam,yt:Leelamani Gautam,comment,latin
Down to Earth actress with no any controversies,leelamani gautam,yt:Leelamani Gautam,comment,latin
Superb bkvs,leelamani gautam,yt:Leelamani Gautam,comment,latin
Fake news,leelamani gautam,yt:Leelamani Gautam,comment,latin
Yami  Gautam  ❤❤❤ nice🎉🎉🎉🎉,leelamani gautam,yt:Leelamani Gautam,comment,latin
😊 mujhe to achcha lagta hai,leelamani gautam,yt:Leelamani Gautam,comment,latin
Best acting in Thursday and chor nikal ke bhaaga❤,leelamani gautam,yt:Leelamani Gautam,comment,latin
Yami ka tho class hay bhai,leelamani gautam,yt:Leelamani Gautam,comment,latin
Ekadam bakwas,leelamani gautam,yt:Leelamani Gautam,comment,latin
Bahut achhi,leelamani gautam,yt:Leelamani Gautam,comment,latin
अबसरबादी खाओबादी देशघाती आत थु,leelamani gautam,yt:Leelamani Gautam,comment,deva
गगनले नजित्ने ग्यारेन्टिका साथ ग्यारेन्टि गरेकाे हाे आत्मादाह यसकै बिस्वासका साथ भनेकाे हाेला😊😊😊😊,amresh kumar singh,yt:Amresh Kumar Singh Sarlahi,comment,deva
"जय घण्टी,
अमरेश जि लाई जित्ताउनु होला।",amresh kumar singh,yt:Amresh Kumar Singh Sarlahi,comment,deva
"अर्जुनको रक्षा त स्वयम् श्रीकृष्णले गरिदिनु भाथ्यो
तर अमरेशलाई जनताले जिताउन।शुभकामना।",amresh kumar singh,yt:Amresh Kumar Singh Sarlahi,comment,deva
यो मान्छे मलाई पहिले देखि राम्रो लाग्थ्यो educated मत्री ❤ जित को शुभकामना,amresh kumar singh,yt:Amresh Kumar Singh Sarlahi,comment,mixed
Good luck dr. Sab,amresh kumar singh,yt:Amresh Kumar Singh Sarlahi,comment,latin
"अमरेस सिं ले जित्नु पर्छ , भ्रष्ट बाख्रेले हार्नु पर्छ , याे पटक सचेत नेपाली ले रास्वपाले बहुमत ल्याउनु पर्छ❤❤❤",amresh kumar singh,yt:Amresh Kumar Singh Sarlahi,comment,deva
✍️मेरो ✍️देश✍️चुपचाप यसपालि घन्टी छाप🔔🔔🔔,amresh kumar singh,yt:Amresh Kumar Singh Sarlahi,comment,deva
सर्लाही बासी अम्रेश जि लाई जिताउनु होला अम्रेशजि ले संसदमा खेलेको भुमिका एकदम सकारात्मक छ गगन ले संसदमा  जनताको आवाज कहिलै  उठाएन विपक्षिमाथी खनिने काम मात्र गर्यो आफ्ना भ्रष्ट नेताको कहिलै बिरोध गरेन गगन ले हारे जनताको जित हुन्छ,amresh kumar singh,yt:Amresh Kumar Singh Sarlahi,comment,deva
कंग्रेस एमाले र माओवादि ले जित्नुहुदैन जनतामा चेतना भया 😍🙏,amresh kumar singh,yt:Amresh Kumar Singh Sarlahi,comment,deva
Sarlahi Ka jantale paribartan KO lagi vote ghanti lai  dinu parxa hai jai ghanti 🔔🔔🔔🔔🔔🔔🔔🔔,amresh kumar singh,yt:Amresh Kumar Singh Sarlahi,comment,latin
Jay ❤️ Nepal 🌳🌳🌳🌳✅❤❤❤,amresh kumar singh,yt:Amresh Kumar Singh Sarlahi,comment,latin
Win Rasopa win 🥇 ❤❤❤❤,amresh kumar singh,yt:Amresh Kumar Singh Sarlahi,comment,latin
"सर्लाही का जनता अबस्य पनि समझदार छन, सत्य यथार्थ बोल्ने अम्रेसलाई साथ दिने, र झुटटो बोल्नेलाई  र ठग गगने लाई हराउनै पर्ने छ",amresh kumar singh,yt:Amresh Kumar Singh Sarlahi,comment,deva
Yaspali sabai jana la ghanti lai vote garau plz,amresh kumar singh,yt:Amresh Kumar Singh Sarlahi,comment,latin
"पत्रकार जु को के खाल को कोईसन हो यदि घणटिले जितेमा आरू पाटिको 10, 12 जानले आगो लगाए के हुन्छ? घण्टिले देशलाई उज्यालो तिर बढाउछ तेसैले त्यो आगो लगाउने सोच पनि आउने छैन ल। धन्यवाद",amresh kumar singh,yt:Amresh Kumar Singh Sarlahi,comment,deva
Rabi ra Sarlai ma bolaunu paryo sir🙏🙏❤,amresh kumar singh,yt:Amresh Kumar Singh Sarlahi,comment,latin
"सर्लाही - ४ को सम्पुर्ण मतदाताहरुलाई हार्दिक अपिल गर्दछु कि डा. अमरेश जिलाई जसरी भएनी जिताउनु होला ।। किनभने वहाँ जस्ता देशभक्त , निडर र साहसी नेता सदनमा चाहिन्छ ।। 🙏🙏🙏 from Hetauda",amresh kumar singh,yt:Amresh Kumar Singh Sarlahi,comment,mixed
अमरेश जितनु . नै पर्छ,amresh kumar singh,yt:Amresh Kumar Singh Sarlahi,comment,deva
Jay ghanti 🔔 🙏🙏🙏,amresh kumar singh,yt:Amresh Kumar Singh Sarlahi,comment,latin
Jay ghanti ❤❤❤❤❤❤❤❤❤❤❤❤❤❤❤❤,amresh kumar singh,yt:Amresh Kumar Singh Sarlahi,comment,latin
ए होर यस्तो पो त्यसो भए जितेर देखाउनुस न हो यो कुरा सत्य हो की यी दुई पाटी भित्र नराम्रो कामको विरोध गर्ने नेताहरु को खैरियत छैन त्यस्ता लाई पाटी भित्र चान्स हैन चप्रासी को चान्स दिइन्छ,amresh kumar singh,yt:Amresh Kumar Singh Sarlahi,comment,deva
Jaya ghanti Jaya rabi,amresh kumar singh,yt:Amresh Kumar Singh Sarlahi,comment,latin
Jai ghanti my dear sir namaskar 🌹🙏🌹,amresh kumar singh,yt:Amresh Kumar Singh Sarlahi,comment,latin
सर्लाही 4 ले हिरा पाउनु भको छ अमरेस जि तेसैले यो मौका नगुमाउन अनुरोध🙏🙏🙏🙏🔔🔔🔔🔔👈️👈️💞💞💞💞💞💞💞🔔🔔👈️👈️ जय घन्टि,amresh kumar singh,yt:Amresh Kumar Singh Sarlahi,comment,deva
"आत्मा दाहा यो सब्द आफैमा 
गारो सब्द  कसैले कति सजिलो 
सग बोलेको अचम्म लाग्छ ।",amresh kumar singh,yt:Amresh Kumar Singh Sarlahi,comment,deva
जय घण्टी  त्याहाँका जनताले घण्टी मा भाेट हालेर अमरेसलाई जिताउनु पर्छ पुराना काम छैन,amresh kumar singh,yt:Amresh Kumar Singh Sarlahi,comment,deva
झापा . मा ओली  चार नः गगन हरानु पर्छ जनता को तब जित हुन्छ,amresh kumar singh,yt:Amresh Kumar Singh Sarlahi,comment,deva
"अम्रेश सिंह नेता त सत्य तथ्यबादी नेता हुन, जनता र नागरिकले बुझ्नु आवश्यक छ, सत्य तथ्यको बिजय होस।",amresh kumar singh,yt:Amresh Kumar Singh Sarlahi,comment,deva
अम्रेस कुमारलाई जिताए त्याहको जनताले राहत लिनेछन जय घन्टि 👍🌷🙏,amresh kumar singh,yt:Amresh Kumar Singh Sarlahi,comment,deva
Nice to see you again as Interviewer,amresh kumar singh,yt:Amresh Kumar Singh Sarlahi,comment,latin
Best of luck Amresh sir.Manxe ta khatra talent rexa,amresh kumar singh,yt:Amresh Kumar Singh Sarlahi,comment,latin
"जय देश, जय मधेश, जय अमरेश ।",amresh kumar singh,yt:Amresh Kumar Singh Sarlahi,comment,deva
जय घनटि❤अमरेश कुमार लाई जिताउ❤,amresh kumar singh,yt:Amresh Kumar Singh Sarlahi,comment,deva
जसोरी भएपनी यो पटक बहुमद्को लागि अम्रेश सिङ्को मुख हेर होईन बालेनको मुझ हेरेर भोट दिनु पर्छ।किनकी गगन लाई दिएर उस्को पार्टिले बहुमद ल्याउने पनि छैन।उस्ले मात्रै जितेर उपर्धन मन्त्री हुने पनि होईन। आखेरी यो पटक हेर्दा बहुमद ल्यौने बालेन जस्तो देखिन्छ।,amresh kumar singh,yt:Amresh Kumar Singh Sarlahi,comment,deva
देश र मधेसको लागि डा. अमरेस सिहले जित्नैपर्छ,amresh kumar singh,yt:Amresh Kumar Singh Sarlahi,comment,deva
Jaya ghanti jaya desh ❤❤❤❤❤,amresh kumar singh,yt:Amresh Kumar Singh Sarlahi,comment,latin
Yesto manxe lai jitayer pathaunu parx,amresh kumar singh,yt:Amresh Kumar Singh Sarlahi,comment,latin
म   बुतवल  बत  हो  अमेर्स  लै   भोत  दिने  छन   जनताले   र   जिताउनु  पर्छ है   जय   घन्ती।।।।,amresh kumar singh,yt:Amresh Kumar Singh Sarlahi,comment,deva
उत्र दिन नपाई प्रस्न सेाध्ने कस्ताे पत्रकार हाे?,amresh kumar singh,yt:Amresh Kumar Singh Sarlahi,comment,deva
पत्राकार ज्यु भदौ 23/24भन्दा पहिला देसमा केही भएको थियो कि थिएन।तपाइहरु को मिडिया ले त बजाएको थियो त के सुसासन थियो त?जन्ता को कर खाएर जन्ताको लागि अन्याय गर्ने सरकार किन चाहियो?साम्सद्को आवज नसुन्ने अनि आगो लाग्छ कि लाग्दैन।,amresh kumar singh,yt:Amresh Kumar Singh Sarlahi,comment,deva
Jay ghanti🔔🔔🔔🔔👈️,amresh kumar singh,yt:Amresh Kumar Singh Sarlahi,comment,latin
Amress paty kasle kholyo? Prajatrantra kasle lyayo? Ganatrantra kasle lyayo?,amresh kumar singh,yt:Amresh Kumar Singh Sarlahi,comment,latin
Jay ghanti 👍❤️,amresh kumar singh,yt:Amresh Kumar Singh Sarlahi,comment,latin
शेर  सिंह  अमरेश  सिंह  जिन्दावाद  ।,amresh kumar singh,yt:Amresh Kumar Singh Sarlahi,comment,deva
I wish you very good 👍 luck 🍀,amresh kumar singh,yt:Amresh Kumar Singh Sarlahi,comment,latin
"Patrakar sathi quetion garne tarika
Ali paribartan garauna please",amresh kumar singh,yt:Amresh Kumar Singh Sarlahi,comment,latin
Very good 👍 👏,amresh kumar singh,yt:Amresh Kumar Singh Sarlahi,comment,latin
Jay ghanti jay nepali ghantima xap yaspali,amresh kumar singh,yt:Amresh Kumar Singh Sarlahi,comment,latin
No any candidates from those useless three old corrupted parties who abused this country for 35 years should win . We can’t trust them anymore.,amresh kumar singh,yt:Amresh Kumar Singh Sarlahi,comment,latin
Aamres ji suvakamana,amresh kumar singh,yt:Amresh Kumar Singh Sarlahi,comment,latin
Love rabi sir 🇳🇵🇳🇵🇳🇵🎉🎉❤❤❤,amresh kumar singh,yt:Amresh Kumar Singh Sarlahi,comment,latin
नेपाल को नीति नियम कानुन राम्रो भयो भनी फेरि आन्दोलन  हुन सक्दैन नत्र फेरि नि उस्तै हुन्छ नया जनादेश एकल बहुमत  आयो भनी रास्पा ले देश मा राम्रो हुन्छ बन्ने आशा छ,amresh kumar singh,yt:Amresh Kumar Singh Sarlahi,comment,deva
Sahi ho sirji Jay rabi Jay ghanti,amresh kumar singh,yt:Amresh Kumar Singh Sarlahi,comment,latin
Jay amresh ji and Jay balen,amresh kumar singh,yt:Amresh Kumar Singh Sarlahi,comment,latin
"Local leaders should get opportunity . but not outside r 
.",amresh kumar singh,yt:Amresh Kumar Singh Sarlahi,comment,latin
Amresha singh is the best.jay ghanti.,amresh kumar singh,yt:Amresh Kumar Singh Sarlahi,comment,latin
Vote for Ghanti 🔔🔔🔔🔔🔔,amresh kumar singh,yt:Amresh Kumar Singh Sarlahi,comment,latin
Right 👍👍👍👍👍👍,amresh kumar singh,yt:Amresh Kumar Singh Sarlahi,comment,latin
"Tell the truth don’t blame other be strong do your best try hard for give stay the course.
In important thing unity in crucial thing dignity in all things generosity.

With deep respect 
Kishor 
UK",amresh kumar singh,yt:Amresh Kumar Singh Sarlahi,comment,latin
yo chetrmachai awasya gaganlejitxa.,amresh kumar singh,yt:Amresh Kumar Singh Sarlahi,comment,latin
जय घण्टी 👍️🔔🔔🔔,amresh kumar singh,yt:Amresh Kumar Singh Sarlahi,comment,deva
"म सम्मानका साथ रिपोर्टरलाई एउटा प्रश्न राख्न चाहन्छु।
भूराजनीतिक प्रभाव अहिले मात्र होइन, धेरै वर्षदेखि हुँदै आएको हो। तर किन नेपालमा भारतीय उत्पादनहरू यति धेरै प्रयोग हुन्छन् ? हामीले चलाइरहेका बाइक र कार नै भारतमा बनेका छन्। नेपालका उत्पादन कारखानाहरू किन बन्द भए ? उदाहरणका लागि, सरकारले किन Mustang Jeep उत्पादन रोक्यो ? विदेशी हस्तक्षेप त धेरै अगाडि नै देखिएको विषय हो। त्यो बेला Congress, एमाले कै सरकार थियो! घरभरि पैसा त देख्नुभयो होला !

मैले यही विषयमा Gagan Thapa सँगको अन्तर्वार्ता पनि हेरेको थिएँ, त्यहाँ प्रश्न सोध्ने शैली निकै सभ्य थियो। 
यहाँ पनि कृपया जनता र देशको आवाज बन्नुहोस्, कुनै एक पार्टीको मात्र आवाज होइन।
धन्यबाद !",amresh kumar singh,yt:Amresh Kumar Singh Sarlahi,comment,mixed
"अमेरेस सिह
रास्वपा आवश्यक छन",amresh kumar singh,yt:Amresh Kumar Singh Sarlahi,comment,deva
"Hamro desh Nepal 🇳🇵li aaja yesto  dukhalakdho rajnetei garaira desh  sakaunei haru kun,kun political party leaders le gardha ho ,so aaja sara Nepali janta haru le yesko answers desh ko RSP ko chonub  ghanti chap ma dheri bhanda dheri votes 🗳 garnu hola hi, everyone Nepali all peoples 🇳🇵  .🔔🔔🔔🔔🗳🗳🗳🗳🙏🙏🙏🙏",amresh kumar singh,yt:Amresh Kumar Singh Sarlahi,comment,latin
Desh jalune li no vote,amresh kumar singh,yt:Amresh Kumar Singh Sarlahi,comment,latin
Right sir,amresh kumar singh,yt:Amresh Kumar Singh Sarlahi,comment,latin
Good luck Dr sap,amresh kumar singh,yt:Amresh Kumar Singh Sarlahi,comment,latin
good luck 🙏🌷,amresh kumar singh,yt:Amresh Kumar Singh Sarlahi,comment,latin
If he win..yeah feri chunab hola ta? Jhapa 5,amresh kumar singh,yt:Amresh Kumar Singh Sarlahi,comment,latin
Gaganle jitanparni aadhar kx vannus na dr. Sab,amresh kumar singh,yt:Amresh Kumar Singh Sarlahi,comment,latin
jai  घण्टी :;;;;;;,amresh kumar singh,yt:Amresh Kumar Singh Sarlahi,comment,mixed
कुनैपनिहालतमाअमरेसजिलाइ जिताउनुपर्छ गगनेलाइ जसरिपनिहराउनुपर्छ रचारपातामोदेर अम्ऋकापथाउनुपर्छ,amresh kumar singh,yt:Amresh Kumar Singh Sarlahi,comment,deva
देश बनाउछु भनेर हुटहुटी लिएर वैकल्पिक पार्टी रास्वपा आएको छ जनताले बहुमत दिएर रास्वपालाई सरकारमा पठाउनुपर्छ। मात्र एकपटक देशलाई जिताउनु छ। गगनलाई मत दिएर जनताले भुल गर्नु हुदैन ।🙏🙏🔔✅✅,amresh kumar singh,yt:Amresh Kumar Singh Sarlahi,comment,deva
विजयजीलाई अमुकदलको प्रतिनिधित्व गराउँदै रास्वपाको परोक्षरुपमा विरोध गर्ने गरि निर्वाचनमा खटाईएको भन्ने जता-ततै  कमेन्ट देखिन थाल्यो जुन अनुभवि पत्रकारका सन्दर्भमा दुखद कुरा हो कि जस्तो लाग्यो !,amresh kumar singh,yt:Amresh Kumar Singh Sarlahi,comment,deva
"Jai Rabi 
Jai ghanti 🎉 🙏 ✨️ 💖",amresh kumar singh,yt:Amresh Kumar Singh Sarlahi,comment,latin
Only ghanti,amresh kumar singh,yt:Amresh Kumar Singh Sarlahi,comment,latin
त्यो बेला परिवर्तन होइन हामी पनि गाउमा थियौ डर ले शान्ति छाओस भनेर दिएको हो भोट अहिले डरले होइन सो स्फूर्द हो ।,amresh kumar singh,yt:Amresh Kumar Singh Sarlahi,comment,deva
Ghotala hunu sakxa aamlesh kumar g  vote halne beka vote ganne bela . Be careful last care ful huna parxa aba,amresh kumar singh,yt:Amresh Kumar Singh Sarlahi,comment,latin
Abako chunab ma sabai jantale Vot Ghanti ma,amresh kumar singh,yt:Amresh Kumar Singh Sarlahi,comment,latin
येस पटक  एकल बहुमत  को सरकार  भयेन भनी फेरि नेपाली  जनता ले दुख पाउने छन है राम्रो लाई छान्नु होला है,amresh kumar singh,yt:Amresh Kumar Singh Sarlahi,comment,deva
daju bakhre lai haraunu parcha la jasari vaye pani......,amresh kumar singh,yt:Amresh Kumar Singh Sarlahi,comment,latin
"Jaya ghanti ❤🎉❤🎉❤🎉
Jaya rabi ❤🎉❤🎉❤🎉❤
Jaya balan ❤🎉❤🎉❤🎉",amresh kumar singh,yt:Amresh Kumar Singh Sarlahi,comment,latin
येस्तो मान्छेको इन्टर्भिउ हेर्दै हासो लाग्छ।,amresh kumar singh,yt:Amresh Kumar Singh Sarlahi,comment,deva
गगन थापा पानी माथिको ओभानो बन्न भ्रष्टाचारीहरुको दलभित्रबाट कालो दाग बोकेर दुधको साक्षी बिरालो बनेर आएको मान्छे हो । त्यसैले सचेत बनौं ।,amresh kumar singh,yt:Amresh Kumar Singh Sarlahi,comment,deva
Coming government's foreign minister,amresh kumar singh,yt:Amresh Kumar Singh Sarlahi,comment,latin
Jaya ghanti 🔔🔔🔔🔔,amresh kumar singh,yt:Amresh Kumar Singh Sarlahi,comment,latin
जय घन्टि,amresh kumar singh,yt:Amresh Kumar Singh Sarlahi,comment,deva
Sure success of Amresh.,amresh kumar singh,yt:Amresh Kumar Singh Sarlahi,comment,latin
🇳🇵🇳🇵🇳🇵🔔🔔🔔🔔,amresh kumar singh,yt:Amresh Kumar Singh Sarlahi,comment,latin
रबि रबालेन लाइ जसरि पनि सरलाइ ४ तिम्रो क्षेत्र मा बोलाउ चुनाब अगाडी गाँउ गाँउ जाउ गाँउका जनता रिसा कन द्दन् जनता गाँउ जाउ है,amresh kumar singh,yt:Amresh Kumar Singh Sarlahi,comment,deva
Ab Ki Bar Balen Sarkar. Jay Rasopa Jay Ghanti Jay Janta Jay Youwa Jay Rabi Jay Amresh  Jiu,amresh kumar singh,yt:Amresh Kumar Singh Sarlahi,comment,latin
रा स्व पा का कारणले हार्ने एक मात्र एजेन्डा  दहिचुरै  नीति चेतनाभया।,amresh kumar singh,yt:Amresh Kumar Singh Sarlahi,comment,deva
हिजोको चुनाबमा ८ दलको गठबन्धनले सर्लाहि ४ मा काङ्ग्रेसलाइ एक छत्र भोट हालेको थियो जम्मा जम्मी १८ हजार चानचुन भोट प्राप्त भएको थियो अम्रेश सिङले २० हजार भन्दा बडि मत पाएका थिय करिब १८ सय भोटले जितेका थिए अहिलेको चुनाब बिना गठबन्धन एक्ला एक्लाइ लडेको हुनाले त्यति भोट आउदैन र थप नया भोटर जेन्जी युवाको मत काङ्ग्रेस एमाले नेकपा लाई जादैन त्यसैले याहा काङ्ग्रेसको स्थिति कमजोर देखिन्छ।,amresh kumar singh,yt:Amresh Kumar Singh Sarlahi,comment,deva
Yo yamrais ghaye bherodheho bhaye  nepal ma hendu rast hunuparyo bhanai  kaghraisnaiho❤,amresh kumar singh,yt:Amresh Kumar Singh Sarlahi,comment,latin
Amresh Kumar Singh ko Samay chaina party changer ho yo Singh.Mr GAGAN Kumar Thapa  is the best  leader of Nepali congress who is the become prime minister of  Nepal.,amresh kumar singh,yt:Amresh Kumar Singh Sarlahi,comment,latin
Vote ghanti ma ❤❤,amresh kumar singh,yt:Amresh Kumar Singh Sarlahi,comment,latin
Pratikshya cha GT nai hunu parcha hola jasto lag cha hai ani sanapatik ma chai ghanti hunu parcha,amresh kumar singh,yt:Amresh Kumar Singh Sarlahi,comment,latin
"स्वास्थ्य मन्त्री हुँदा ल्याएको बीमा मा ठूलो नीतिगत चलखेल छ, त्यही भएर अहिले 2/३ वर्ष नहुँदै स्वास्थ्य बीमा fail भइसक्यो",amresh kumar singh,yt:Amresh Kumar Singh Sarlahi,comment,mixed
Madeshka sathiharu  dr. Amres kumar shing balen rq rabi vandz ramro mqnche ho jay nepal mades janta sathiharu om shanti,amresh kumar singh,yt:Amresh Kumar Singh Sarlahi,comment,latin
Gagan is Good Leader.. He will win,amresh kumar singh,yt:Amresh Kumar Singh Sarlahi,comment,latin
Thakur vaiharu paisako pachi nalagnula madesko choralai dhukha nadeu radhe radhe,amresh kumar singh,yt:Amresh Kumar Singh Sarlahi,comment,latin
Umres k sing❤,amresh kumar singh,yt:Amresh Kumar Singh Sarlahi,comment,latin
अमरेश कुमार जिन्दाबाद,amresh kumar singh,yt:Amresh Kumar Singh Sarlahi,comment,deva
Amresh kumar,amresh kumar singh,yt:Amresh Kumar Singh Sarlahi,comment,latin
Amres kumar jile jitchha sathiharu najik tirtha hela gare pachutaunu pr hha hay nepal,amresh kumar singh,yt:Amresh Kumar Singh Sarlahi,comment,latin
"Ghanti
🔔🔔",amresh kumar singh,yt:Amresh Kumar Singh Sarlahi,comment,latin
गगन सभापति भए राजनीति बाट सन्यास लिन्छु भन्ने उहीँ अमरेस होइन अनि केको आत्मा दाहा,amresh kumar singh,yt:Amresh Kumar Singh Sarlahi,comment,deva
Amres kumarjile jitnohonxa,amresh kumar singh,yt:Amresh Kumar Singh Sarlahi,comment,latin
Bhotfortree,amresh kumar singh,yt:Amresh Kumar Singh Sarlahi,comment,latin
गगन काङ्ग्रेसको भबिष्य हुन् प्रष्ट बक्ता देशलाइ बुझेका नेता हुन् तर यस पटक गगनले काठमाण्डौ ४  छोड्न हुन्थेन यो नै ठूलो गल्ती भयो।,amresh kumar singh,yt:Amresh Kumar Singh Sarlahi,comment,deva
"३०% अमरेश कुमार सिंह विजयी ७०% 
काँग्रेस सहीत सबै दल (१००%) यहि नै हुने हो! 😂",amresh kumar singh,yt:Amresh Kumar Singh Sarlahi,comment,deva
"संसद भवन मा दहाड्ने एक् मात्र अमरेश कुमार सिंह हुन्, गगन थापाले केबल रवि लाई फसाउँन, नक्कली Documents देखाउँदै 
टाढै बाट झुठो बोलेका थियो, अब पाप धुरी बाट कराउने बेला आएको छ! 🤣",amresh kumar singh,yt:Amresh Kumar Singh Sarlahi,comment,mixed
Gagan will be the looser coz he chooses wrong place . Tourist lai vote paunu garo huncha. Kunai ama lai afno santnan jasto vayapani paro huncha,amresh kumar singh,yt:Amresh Kumar Singh Sarlahi,comment,latin
भगौड़ा को भोटनही😊😊😊😊😊😊😊😊😊😊😊😊😊😊😊😊😊😊😊😊😊😊😊😊😊😊😊😊जयघनटी😊,amresh kumar singh,yt:Amresh Kumar Singh Sarlahi,comment,deva
बिना पर्माण बोल्ने हावा गगन,amresh kumar singh,yt:Amresh Kumar Singh Sarlahi,comment,deva
गगन थापा राम्रो मान्छे हुन्,amresh kumar singh,yt:Amresh Kumar Singh Sarlahi,comment,deva
🔔🔔🔔🔔🔔🇳🇵🇳🇵,amresh kumar singh,yt:Amresh Kumar Singh Sarlahi,comment,latin
"गगन बाख्रो लाई  जमानत जफत हुने गरि हराउनु पर्छ ,डाक्टर अमरेश कुमार लाई  विजयको शुभकामना ,म पनि अनुरोध गर्छु तपाईं सम्पूर्ण मतदाता ज्यु हरुले भोट् हाल्ने बेलमा धेरै बिचार गर्नु होला ।",amresh kumar singh,yt:Amresh Kumar Singh Sarlahi,comment,deva
"फटाह ठगने थापा फेरि जनता ठग्दै छ, झुक्याउने पनि एउटा लिमिट हुन्छ, आसे पासे हरु मात्रै हुन् वाहा वाहा गर्ने चम्चेहरु, काङ्ग्रेस ले देश बनाउने रे ७० बर्ष पछि 😂😂
नो ठगन थापा ❌❌❌❌",amresh kumar singh,yt:Amresh Kumar Singh Sarlahi,comment,deva
अमरेश सर धेरै खराे अावज उटाउने एक रिडर नेता हाे ससदमा सहिलाई सहि गलतलाई गलत भन्ने खराे ब्यक्ति हुन यस्ता नेता चाहिन्छ याे देशमा समाज मा राम्रो नेता हुन,amresh kumar singh,yt:Amresh Kumar Singh Sarlahi,comment,deva
Jayi ghanti,amresh kumar singh,yt:Amresh Kumar Singh Sarlahi,comment,latin
"How many times you want to win ? 
Janataa wakka bhaisake hola!",amresh kumar singh,yt:Amresh Kumar Singh Sarlahi,comment,latin
जितको अग्रिम शुभकामना डा. अमरेश सर💐💐💐जय घण्टी✊🔔🔔🔔🙏,amresh kumar singh,yt:Amresh Kumar Singh Sarlahi,comment,deva
Yesle 3/3 choti jitera k gareu ho takkle DR ?????,amresh kumar singh,yt:Amresh Kumar Singh Sarlahi,comment,latin
"म पोखराबाट 
गगन भन्दा अमरेश राम्रो हुनुहुन्छ ।अब बालेन सरकार हुने भयर अमरेशले राम्रो बिकास गर्ने अबसर छ।",amresh kumar singh,yt:Amresh Kumar Singh Sarlahi,comment,deva
अमरेस जि एउटा कुरा अन्त जन्ताले ढुङा प्रयोग गर्छ तर मधेसमा भाला र तरबार  को प्रयोग हुन्छ तेसैले होला अनिअर्को कुरा तपाइलाइ पनि थाहा छ बिहारिलाइ नागरिकता दिनुको प्रतिफल हो यो?,amresh kumar singh,yt:अमरेश कुमार सिंह,comment,deva
यो घटना घटाउने मधेसीका नेताकै हात छ जसमा तपाई नि पर्नु हुन्छ,amresh kumar singh,yt:अमरेश कुमार सिंह,comment,deva
०६३ सालदेखी आजसम्म त्यही बोलेर राजनिती गर्नेले बोलेको सुहाएन है ।,amresh kumar singh,yt:अमरेश कुमार सिंह,comment,deva
"अनुहार नमिलेर गाेली हानेकाे हाेइन, मधेशकाे अान्दाेलनमा अान्दाेलनकारीले प्रहरीलाइ भालाले  घाेच्न थाल्छ अनि के गर्नु । विगतमा मधेश अान्दाेलनमा भारतीय नागरिक प्रयाेग भएकाे हामीलाइ पनि थाहा छ ।",amresh kumar singh,yt:अमरेश कुमार सिंह,comment,deva
मदेशीलाई मदेशी प्रधानमन्त्रीले किन गोली ठोक्यो होला? डा अम्रेश कुमार सिङ्हलाई प्रधानमन्त्री बनायो भने मदेशी माथी गोली चल्न बन्द हुन्छ कि?,amresh kumar singh,yt:अमरेश कुमार सिंह,comment,deva
मधेस को आन्दोलन हुनु मा महेश नेता हरू कै हात छ एस मा कुनै सक छैन,amresh kumar singh,yt:अमरेश कुमार सिंह,comment,deva
हिन्दू अधिराज्य पुनःस्थापना गरौं,amresh kumar singh,yt:अमरेश कुमार सिंह,comment,deva
good luck may the loyal one win,amresh kumar singh,yt:Sarlahi 4 chunav,comment,latin
Gagan Thapa ❤❤,amresh kumar singh,yt:Sarlahi 4 chunav,comment,latin
अमरेश एक स्वच्छ छविका राम्रो नेता हुन्। भ्रष्टाचारको विरुद्धमा उनले धेरै राम्रो आवाज उठाएका छन्। अमरेशको जीत देशभक्त नेपालीको जीत हो।,amresh kumar singh,yt:Sarlahi 4 chunav,comment,deva
gagan dai le desh lai thik bato hidaunu huncha,amresh kumar singh,yt:Sarlahi 4 chunav,comment,latin
very good 😊,amresh kumar singh,yt:Sarlahi 4 chunav,comment,latin
"Gagan is only contemporary leader who understands Nepal , has vision and courage to lead for prosperous Nepal",amresh kumar singh,yt:Sarlahi 4 chunav,comment,latin
हार्नु हुदैन थियो गगन थापाले तर आफ्नो चुनावी क्षेत्र छोडेर सर्लाहि जानु भनेको जित को सुनिश्च्ता छैन।,amresh kumar singh,yt:Sarlahi 4 chunav,comment,deva
GAGAN lai subhakamana,amresh kumar singh,yt:Sarlahi 4 chunav,comment,latin
Desh lutne naya kangress lai sath dinu huna anurodh chha.Thanks alot.,amresh kumar singh,yt:Sarlahi 4 chunav,comment,latin
Jay Nepal🙏🏿🙏🏿🙏🏿🌹🌹🌹,amresh kumar singh,yt:Sarlahi 4 chunav,comment,latin
good luck gagan dai,amresh kumar singh,yt:Sarlahi 4 chunav,comment,latin
गगन थापा ले शानदार जित गर्दैछन् ।❤❤❤❤,amresh kumar singh,yt:Sarlahi 4 chunav,comment,deva
Gagan thapa is great ❤❤,amresh kumar singh,yt:Sarlahi 4 chunav,comment,latin
"गगन is गगन, फुटबल को पेले जस्तै हो 🙈🙈",amresh kumar singh,yt:Sarlahi 4 chunav,comment,mixed
"गगन जी पर्तिस्पर्धा  5:03 ठूला छन  कडा  मिहिनेत  गर्नुपर्ल्ला म पनि भगवान  सङग जितको लागि अनुरोध  गर्छु।

जय  श्री राधे",amresh kumar singh,yt:Sarlahi 4 chunav,comment,deva
Best of luck gagan thapa,amresh kumar singh,yt:Sarlahi 4 chunav,comment,latin
Gagan is corrupted political leaders 👎,amresh kumar singh,yt:Sarlahi 4 chunav,comment,latin
"NO HAGAN, ONLY AMRESH..",amresh kumar singh,yt:Sarlahi 4 chunav,comment,latin
Good lucok gagan,amresh kumar singh,yt:Sarlahi 4 chunav,comment,latin
हार्ने डर ले भागेको हो कांग्रेस को सभापति 😂😂,amresh kumar singh,yt:Sarlahi 4 chunav,comment,deva
Ghanti❤❤,amresh kumar singh,yt:Sarlahi 4 chunav,comment,latin
Gagan Thapa 👍👍,amresh kumar singh,yt:Sarlahi 4 chunav,comment,latin
"कुनै पाटिले बहुमत लेउनु सक्दैना,अन्त मा गठबंधन गगन,रबि,बालेन को सरकार बन्ने छ,तेसैले गगन लाइ सबैको साथ चाहिन्छ,❤❤",amresh kumar singh,yt:Sarlahi 4 chunav,comment,deva
गगन को नेतृत्व मा काग्रेस पहिलो पार्टि हुन्छ,amresh kumar singh,yt:Sarlahi 4 chunav,comment,deva
घन्टीमा मतदान गरौं। फागुन २१ बालेन सरकार निर्माण गरौं।,amresh kumar singh,yt:Sarlahi 4 chunav,comment,deva
Harney dar le vageyako hola,amresh kumar singh,yt:Sarlahi 4 chunav,comment,latin
Gagan lahi jitaunu parxcha,amresh kumar singh,yt:Sarlahi 4 chunav,comment,latin
Gagan ❤❤❤❤❤❤,amresh kumar singh,yt:Sarlahi 4 chunav,comment,latin
😂bhutro ni jitdeina,amresh kumar singh,yt:Sarlahi 4 chunav,comment,latin
"Amrendra bahibali
Amresh singh",amresh kumar singh,yt:Sarlahi 4 chunav,comment,latin
Gagan le jit huda ramro 🎉,amresh kumar singh,yt:Sarlahi 4 chunav,comment,latin
"Gagan Jee  ra Congress ka aru Bhrastachari Neta ma k hi pharak chhaina,  ahileko abastha  bhaneko ""Naya Bottle ma Purano Raksi matra ho"".Tesaile, Gagan jee ahile harnu parchha ra harchhan pani, Jasale waha lai ""Bahira Basera"" aaphulai asal sabita garne absar dinchha. Yadi waha practiclly sachinu bhayo ra 5 barsma saphal bhumika khelnu bhayo bhane, tespachhi sambhawana dherai chhan, aaphulai sachyauna khojne manish lai Janata le abshya mauka dinchha, tara"" AHILE WAHA KO SAMAYA HOINA"".",amresh kumar singh,yt:Sarlahi 4 chunav,comment,latin
gagan harxa sarlahi ma,amresh kumar singh,yt:Sarlahi 4 chunav,comment,latin
Fatha aaja samma j bhayo sabhapati daju bhauju bhanda bharsthacha ani janta almalaune swanth bakhre ho yo . Naya lai praman xa bhandai pratisodh ko rajniti le kahi puraudaina janta batha xan . Jhole lash ra dash haru ko malik holau sacha nepali janta ko hoinau..,amresh kumar singh,yt:Sarlahi 4 chunav,comment,latin
"पुराना ३  भ्रस्टचारी नेताहरु र यसका  दलहरु फेरि सत्तामा आउने कोशिश, फेरि देश लाई कंगाल देखि नर कंगाल बनाउने यीनीहरुको  सपना  साकार हुन्दैन ।   यसको झोलेहरु  र समर्थकहरुको पैसा कमाउने सपना साकार हुन्दैन । अब यी दलहरु को कार्यकर्ता हरु लाई आहवान , स्वतन्त्र उम्मेदवार भएर चुनवामा भाग लिनु; ३  भ्रस्टचारी नेताहरु को पछि नलाग्नु।",amresh kumar singh,yt:Sarlahi 4 chunav,comment,deva
Amares Lai vot hami halne ho,amresh kumar singh,yt:Sarlahi 4 chunav,comment,latin
", हार्न् लाई सर्लाही आएको हो",amresh kumar singh,yt:Sarlahi 4 chunav,comment,deva
"7:21 , 7:37 , 8:11   , Left side KO Photo Shiv Pujan , Sudama KO Purwa Mukhiya Jastai Dekhi raxann tw
 



6:50 Dhankauli × , Dhankaul ✓ 😅",amresh kumar singh,yt:Sarlahi 4 chunav,comment,latin
गगन यो पटक पत्तासाप ।,amresh kumar singh,yt:Sarlahi 4 chunav,comment,deva
Rabi lai fasaune fata yehi ho. Yo kalo congress harnai parcha. Amresh jasto swocha chabi ko neta lai jitaunu parcha. Jay ghanti,amresh kumar singh,yt:Sarlahi 4 chunav,comment,latin
GAGAN dai,amresh kumar singh,yt:Sarlahi 4 chunav,comment,latin
🔔🔔 🔔🔔 🔔🔔 🔔🔔🔔 🔔🔔,amresh kumar singh,yt:Sarlahi 4 chunav,comment,latin
सम्भव भए पहिलो पार्टी बनाउन र सरकार आफ्नो बनाएर डेलिभरी दिन नभए पनि प्रतिनिधिसभालाई प्रतिपक्षको हो र Wating Government का रुपमा हो भन्ने बनाउन पनि गगन अपरिहार्य छन ।,amresh kumar singh,yt:Sarlahi 4 chunav,comment,mixed
Ma chhetri n m.r.4 ko basi chhu amres kumar singh jitin chh❤❤❤,amresh kumar singh,yt:Sarlahi 4 chunav,comment,latin
आफनै स्थानिय हीरा लाई दिन्छन् मधेश का साथीहरुले सर्लाहीमा भोट। सदनमा सशक्त ढंगले  एक्लै आवाज उठाएर भष्ट्रचारी को पानी पानी गर्ने नेता हुन अमरेस। वहाँको जीत निश्चित छ  किनकी वहाँ लाई भष्ट्रचारको  दाग लागेको छैन् तर उता  चर्चित बाख्रा अनुदान काण्ड,amresh kumar singh,yt:Sarlahi 4 chunav,comment,deva
Gagan Thapa the great 👍,amresh kumar singh,yt:Sarlahi 4 chunav,comment,latin
उदीयमान राष्टिय नेता बन्न खतरा  र  चुनाैती माेल्नै पर्छ । उहाँलाई  सम्मानजनक  जीतकाे शुभकामना  ।,amresh kumar singh,yt:Sarlahi 4 chunav,comment,deva
"गगन दाइ प्रधानमन्त्री, रबि दाइ गृहममन्त्री, बालेन युवा तथा खेलकुदमन्त्री र कुलमान उर्जामन्त्री हुनुपर्छ । सबैले जित्नुपर्छ ।",amresh kumar singh,yt:Sarlahi 4 chunav,comment,deva
Best of luck amresh k singh,amresh kumar singh,yt:Sarlahi 4 chunav,comment,latin
हार्ने डरले कम्जोर प्रतिस्पर्धा भएको ठाउमा गएको होला नि।,amresh kumar singh,yt:Sarlahi 4 chunav,comment,deva
"मधेसमा काँग्रेस बलियाे छ, मधेसकाे केन्द्र पनि सर्लाही नै हाे।",amresh kumar singh,yt:Sarlahi 4 chunav,comment,deva
Bakhra😅😅,amresh kumar singh,yt:Sarlahi 4 chunav,comment,latin
bhalu jasto manxele boleko manparena,amresh kumar singh,yt:Sarlahi 4 chunav,comment,latin
"Gagan मान्छेलाई विश्वास नगर्नुहोस्। उसले दशकौँदेखि पार्टीमा रहेका उही पुराना अनुहारहरू सहित नयाँ समूह गठन गरेको छ। यो त केवल पद परिवर्तन मात्रै हो। उसले नयाँपनको नाममा प्रचार गरेर राजनीति खेल्दैछ।

३६ वर्षदेखि पुराना पार्टीहरूले हामीलाई धोका दिए—आर्थिक, राजनीतिक र सामाजिक रूपमा अत्यन्तै कमजोर बनाए।

हर हर बालेन, घर घर बालेन, अबकी बार बालेन सरकार!”",amresh kumar singh,yt:Sarlahi 4 chunav,comment,mixed
Fix harxa,amresh kumar singh,yt:Sarlahi 4 chunav,comment,latin
Aru tyastai ho timi ramri,amresh kumar singh,yt:Sarlahi 4 chunav,comment,latin
"गगनेले हार्नपर्छ  त्याेमान्छे फटा हाे
धेरैफटा र हावादारि कुरा गर्छ जनता लाई झुटाकुरा धेरैगर्छ  र
किर्तिपुरका जनता युवाहरुलाई
घर घर मा ल्यापटप काे झुटाकुरा 
रबिलाई ऋणलेकाे कागज देखाउ
भनि चिरकट्टाे खालिकागज देखाए काछन धेरैफटा छन गनगने",amresh kumar singh,yt:Sarlahi 4 chunav,comment,deva
"Gagan should loose!! Only a new fruit from the same tree, from the same schooling. This time let’s support 🔔🔔 🔔🔔 🔔🔔 🔔🔔🔔 🔔🔔",amresh kumar singh,yt:Sarlahi 4 chunav,comment,latin
Gagan ko haisiyat madhesi le dekhaidiyo. Tri chandra ko saraswati puja ko gunda gardi hoina ni chunaw.,amresh kumar singh,yt:Sarlahi 4 chunav,comment,latin
गगनले जित्नु हुन्छ निस्चित छ,amresh kumar singh,yt:Sarlahi 4 chunav,comment,deva
बाख्रा चोरको जमानत जफत हुनुपर्छ।,amresh kumar singh,yt:Sarlahi 4 chunav,comment,deva
propaganda failaune media,amresh kumar singh,yt:Sarlahi 4 chunav,comment,latin
Gagan.le.galati.gare,amresh kumar singh,yt:Sarlahi 4 chunav,comment,latin
wrong decision,amresh kumar singh,yt:Sarlahi 4 chunav,comment,latin
भरस्टार मुक्त नेपाल घण्टी मा भाेट बालेन सरकार,amresh kumar singh,yt:Sarlahi 4 chunav,comment,deva
"हार्छ लेखेर राख।
5 दलिय गठबन्धन लाई हराएको ब्यक्ति हुन अम्रेश।",amresh kumar singh,yt:Sarlahi 4 chunav,comment,deva
Boycott ggn,amresh kumar singh,yt:Sarlahi 4 chunav,comment,latin
Sahakari thag vandaa taaa GAGAN Thapa 100 Guna paripaak  ra perfect xan,amresh kumar singh,yt:Sarlahi 4 chunav,comment,latin
Dhukkai Gagan le Jitxan,amresh kumar singh,yt:Sarlahi 4 chunav,comment,latin
"रबि लाई फसाउने फटाहा गगन नै हो। घण्टी बजाएर अमरेश सिंह जस्तो स्वच्छ छविको नेतालाई जिताऔँ। देशैभरी घण्टी बजाऔँ, भ्रष्टाचारी र गुण्डा पाल्ने कालो कांग्रेस र गुमाले भगाऔँ।",amresh kumar singh,yt:Sarlahi 4 chunav,comment,deva
Gagan Thapa❤,amresh kumar singh,yt:Sarlahi 4 chunav,comment,latin
यो चोटी घन्टी मा भोट (vote) नहाल्ने लाई पशुपतिले रक्षा नगरुन् 🙏🙏🙏🙏🔔🔔,amresh kumar singh,yt:Sarlahi 4 chunav,comment,mixed
Amresh singh is a good candidate ❤,amresh kumar singh,yt:Sarlahi 4 chunav,comment,latin
बालेन र रवि एकपटक सर्लाहि पुग्नु पर्ने जरूरी छ ।,amresh kumar singh,yt:Sarlahi 4 chunav,comment,deva
जय घण्टी 🔔🔔🔔🔔🔔जय रास्वपा।,amresh kumar singh,yt:Sarlahi 4 chunav,comment,deva
Ek choti balen ra rabi dubai jana aaunu paryo❤❤❤,amresh kumar singh,yt:Sarlahi 4 chunav,comment,latin
Good luck Ghanti. Jai Raspa 🔔🔔🔔🔔🔔🔔🔔🔔🔔🔔🔔🔔,amresh kumar singh,yt:Sarlahi 4 chunav,comment,latin
गगन काे पत्तासाप हुने छ भने अमेर सिङ भयानक जितकाे शुभकामना🎉अनि देश भरि रास्वापा देशकाे ठुलाे दल प्रधानमन्त्री बालेन शिक्षा मन्त्री महाविर तर हामिले जनता भदौ 23/24 गते सम्झिन पर्छ🙏🇳🇵,amresh kumar singh,yt:Sarlahi 4 chunav,comment,deva
घण्टि 🔔🔔🔔🔔,amresh kumar singh,yt:Sarlahi 4 chunav,comment,deva
सर्लाहीबाट हाल सम्म टुरिष्ट उम्मेदबारले  जितेको ईतिहास छैन। स्थानीय उम्मेदबार ले नै जित्छ ढुक्क हुनुस।😀😀😀😀😀,amresh kumar singh,yt:Sarlahi 4 chunav,comment,deva
Jaya ghanti ❤❤❤,amresh kumar singh,yt:Sarlahi 4 chunav,comment,latin
Jay ghanti 🔔🔔🔔🔔,amresh kumar singh,yt:Sarlahi 4 chunav,comment,latin
Jai ghanti 🎉,amresh kumar singh,yt:Sarlahi 4 chunav,comment,latin
राम्रो कडा  हुनुपर्छ,amresh kumar singh,yt:Sarlahi 4 chunav,comment,deva
गगन लाई जसरी हराउनु प्रछ,amresh kumar singh,yt:Sarlahi 4 chunav,comment,deva
अब सबै मिडियाले सबैले जताकतैले त्यही कांग्रेसकै सरलैको मात्र कुरा गर्ने हो कि अरुको पनि कुरा गर्ने हो अरुको अरु उता छैनन्,amresh kumar singh,yt:Sarlahi 4 chunav,comment,deva
Jay ghanti 🙏🔔🙏,amresh kumar singh,yt:Sarlahi 4 chunav,comment,latin
Good luck 🔔 ❤❤❤,amresh kumar singh,yt:Sarlahi 4 chunav,comment,latin
रोसन सर म काठमाडौं मा छु हजुर संग भेट्नु पर्ने,amresh kumar singh,yt:Sarlahi 4 chunav,comment,deva
के बोल्या पुत्र कार भाइ,amresh kumar singh,yt:Sarlahi 4 chunav,comment,deva
पहिले नै रविले भनेका थिए आफुले खनेको खाल्टोमा आफै पुरिन्छौ आफै पुरिन्छ बाख्रा चोर !एस्ले चुनाव जित्यो भने नेपाल झन झन गन्जागोल हुनेछ !,amresh kumar singh,yt:Sarlahi 4 chunav,comment,deva
"No gagan❌
Only amresh✅🇳🇵🔔🔔🔔",amresh kumar singh,yt:Sarlahi 4 chunav,comment,latin
"आत्माकाे दाह हुदैन दाहा त शरिरकाे हुन्छ आत्मा आफैमा अमर,अभिनाशी छ",amresh kumar singh,yt:Sarlahi 4 chunav,comment,deva
"Ma pani Sarlahi 4  bata ho 
Mero Whole family ko support Gagan thapa lai🎉",amresh kumar singh,yt:Sarlahi 4 chunav,comment,latin
जुन नेतालाई  भए पनि अग्रिम हार्दिक श्रद्धाञ्जली,amresh kumar singh,yt:Sarlahi 4 chunav,comment,deva
Jaighnti,amresh kumar singh,yt:Sarlahi 4 chunav,comment,latin
भोट घण्टी tinini बजाउने हो🎉🎉,amresh kumar singh,yt:Sarlahi 4 chunav,comment,mixed
"Ek patak socha, rabi ko case firta lina manena adalat le aba rabi jitepani samsad huna paudaina, balen harne sambhawana dherai chha, Rabi swoyam balen sanga asantustha chha, RSP le balen ko birudhha antarghat garna pani sakchha,
Aba Gagan ra Swornim milera sarkar banaune ho, swornim manish jha sabaile gagan lai neta manchhan bahira j dekhayepani shere ko karan congress bata gako hun pad napayera.",amresh kumar singh,yt:Sarlahi 4 chunav,comment,latin
अब एउटा भिदियो चित्र बहादुर केसि अनि मोहन बिक्रम सिहको बारेमा बनाउनु न पिलिज,amresh kumar singh,yt:Sarlahi 4 chunav,comment,deva
Voth for tree ❤❤,amresh kumar singh,yt:Sarlahi 4 chunav,comment,latin
Vote kewal ghantima hunxa,amresh kumar singh,yt:Sarlahi 4 chunav,comment,latin
गगनलाई सर्लाही सहज छैन। गगनका भावी  योजनाहरु घोषणा हेर्दा हास्यास्पद र मिथ्या छन। अमरेस कुमारको दाँजोमा धेरै फितलो छ।,amresh kumar singh,yt:Sarlahi 4 chunav,comment,deva
"रोशन  जी , अनुरोध ! अहिले बजार मा खाना पकाउने ग्यास को हाहाकार  छ , पाउन सकिएको  छैन , यो बिषय मा  video बनाउनुस  है, के  हि समाधान हुन्छ कि !!",amresh kumar singh,yt:Sarlahi 4 chunav,comment,mixed
"Gagan thapa saag ho, ravi lamichane baagha ho  ❤ 🔔",amresh kumar singh,yt:Sarlahi 4 chunav,comment,latin
Good luck Amresh Sir Jay Ghanti,amresh kumar singh,yt:Sarlahi 4 chunav,comment,latin
Jay.ghanti.ravi.balen,amresh kumar singh,yt:Sarlahi 4 chunav,comment,latin
🔔🔔🔔🔔🙏🙏🙏✅✅✅,amresh kumar singh,yt:Sarlahi 4 chunav,comment,latin
🔔🔔🔔🔔🔔🔔🔔🔔🇳🇵🇳🇵🇳🇵🇳🇵🇳🇵,amresh kumar singh,yt:Sarlahi 4 chunav,comment,latin
Good luck RSP,amresh kumar singh,yt:Sarlahi 4 chunav,comment,latin
"सहकारी ठगीकाे प्रमाण देखाउन सके गगनकाे जित निश्चित छ, नत्र धेरै कठिन छ ।",amresh kumar singh,yt:Sarlahi 4 chunav,comment,deva
Hami feri jitauxam  ghanti tanahun bata,amresh kumar singh,yt:Sarlahi 4 chunav,comment,latin
"बाख्रा चोर गनगने पत्ताशाफ पारौ है सर्लाही जन्ता हरू ❌
Only रास्वपा घन्टि को जीत शूनस्चीत छ ✅ 
Only अमरेश कूमार शीहं ✅🔔🔔🔔✊",amresh kumar singh,yt:Sarlahi 4 chunav,comment,mixed
Sarlahi -4 plz vote for ghanti,amresh kumar singh,yt:Sarlahi 4 chunav,comment,latin
100% jit  pakka rsp ko hunchha jaya ho ghanti 🔔🔔🔔🔔🔔🔔,amresh kumar singh,yt:Sarlahi 4 chunav,comment,latin
"जनता अनुसारको नेताले जित्छन् । नैतिक विहिन समाजमा भ्रष्ट नेतालाई जिताउछन् । अब देशमा परिवर्तन आवश्यक छ । रबिले कानुनी रुपमा गलत काम गरेका छन् वा छैनन् भन्ने मद्दाको टङ्गो अबको बन्ने सरकारले लाओस्। र सहकारीको यस्ता सबै मुद्दाहरु पनि टुङ्गो लागाउनु पर्छ । तर रविको मुद्दालाई मात्र लिएर पुरै राष्ट्रिय स्वतन्त्र पार्टीलाई नराम्रो र पुरानै पार्टीहरु सरह हुन् भन्न कदापि मिल्दैन । रास्वपाका धेरै जसो उम्मेदवारहरु शिक्षित, युवा, अभियान्ता र बिज्ञता प्राप्त गरेकाहरु छन् । यिनीहरुलाई मौका दिनुपर्छ र यिनीहरुको तरिका र काम देख्न  बाँकी नै छ । त्यसको लागि त जिताउनु पर्यो । मौका नै नदिई असफल घोषणा गर्नु चरम मुर्खता हो । तर पुराना पार्टीहरु देश बिकास गर्न र भष्टचार रोक्न असफल भइसके भन्ने कुरामा कुनै दई मत छैन ।

""एक युगमा एक दिन एकचोटि आउछ""

फाल्गुन २१ त्यहि दिन हुनसक्छ।",amresh kumar singh,yt:Sarlahi 4 chunav,comment,deva
बालेन र रबी चुनाब भन्द पहिल एटक चोटि सर्लाही गएर आमसभा गर्नुपर्छ जनात भेट घाट पनि गर्नु एकदम जरूरी छ गगन फटह गफडी लाई चुनाब हराउनु पर्छ। जय घन्टी ❤❤❤❤❤हामी लाई अमरसिंह जस्तो नेता चहिन्छ ❤❤😂,amresh kumar singh,yt:Sarlahi 4 chunav,comment,deva
"अहिले हेरनू परने 'GenZ हत्यारा लाई फांसी चुनाव अघी की चुनाव पछी' थीयो.
तर अफसोस - हत्यारा संग मिलेर GenZ सरकार भन्ने की यिनकै version 2 सरकार ले यिनलाई चुनाव लढं भनयो.",amresh kumar singh,yt:Sarlahi 4 chunav,comment,mixed
इ सबै अवसर बादी हुन इनि हरुको मन सफा छैन इनि हरु पनि लुटुवा नै हुन बानी केही परिवर्तन छैन,amresh kumar singh,yt:Sarlahi 4 chunav,comment,deva
Amaresh kumar singh ghanti jindawad jay nepal…,amresh kumar singh,yt:Sarlahi 4 chunav,comment,latin
"To promote democracy please never committed to sucide. In election one candidate wins and the rest should be ready to accept the result and respect the verdict of the people. As I have heard about Mr Amaresh singh is very good candidate but some time result does not come as we expect. So be dedicated to the democracy, be dedicated to the people.",amresh kumar singh,yt:Sarlahi 4 chunav,comment,latin
गगनेलसइ।   सबैतिरबाट।   हराउनु।,amresh kumar singh,yt:Sarlahi 4 chunav,comment,deva
अमेससिक      जय    घन्टी,amresh kumar singh,yt:Amresh Singh Gagan Thapa,comment,deva
अम्रेश जय घण्टी 🌹🙏🔔,amresh kumar singh,yt:Amresh Singh Gagan Thapa,comment,deva
जय घण्टी अमरेश कुमार सिंह जिन्दावाद,amresh kumar singh,yt:Amresh Singh Gagan Thapa,comment,deva
तपाईंको बिस्लेसणमा खासै दम देखिएन।,amresh kumar singh,yt:Amresh Singh Gagan Thapa,comment,deva
गगनथापा  सभाना बाेकेका नेता हुन,amresh kumar singh,yt:Amresh Singh Gagan Thapa,comment,deva
गगन दाई ले जित्नु पर्दछ जय नेपाल ❤🎉❤🎉🎉🎉🎉🎉🎉🎉,amresh kumar singh,yt:Amresh Singh Gagan Thapa,comment,deva
Gagan is best leader of nepali congress he elected to this election,amresh kumar singh,yt:Amresh Singh Gagan Thapa,comment,latin
Jaya अमरेश gi,amresh kumar singh,yt:Amresh Singh Gagan Thapa,comment,mixed
Jaya ghanti Jaya rabi ❤️,amresh kumar singh,yt:Amresh Singh Gagan Thapa,comment,latin
जय घन्टि❤❤❤ जय अमरेश कुमार❤❤❤❤❤❤❤❤❤,amresh kumar singh,yt:Amresh Singh Gagan Thapa,comment,deva
Gagan Thapako jeet sunishchi chha❤,amresh kumar singh,yt:Amresh Singh Gagan Thapa,comment,latin
गगन को आवश्यकता  छ देश लाइ अहिले को परिस्थितिमा  ।,amresh kumar singh,yt:Amresh Singh Gagan Thapa,comment,deva
"गगन जी ले हार्ने भए ,,तैट...",amresh kumar singh,yt:Amresh Singh Gagan Thapa,comment,deva
gagan is best ledar👏👏👏,amresh kumar singh,yt:Amresh Singh Gagan Thapa,comment,latin
गगनलाई आफ्नै पार्टीका आधा मान्छे ले भोट हाल्दैनन् ।,amresh kumar singh,yt:Amresh Singh Gagan Thapa,comment,deva
अमरेश को पकद भयेको ठाउ हो गगने क हार निस्चित छ ।,amresh kumar singh,yt:Amresh Singh Gagan Thapa,comment,deva
"गनगने सकियाे अब यसकाे गफ बिक्नेवाला छैन अब,",amresh kumar singh,yt:Amresh Singh Gagan Thapa,comment,deva
अमरेश ले सिधै जित्छ,amresh kumar singh,yt:Amresh Singh Gagan Thapa,comment,deva
गयो बाख्रो 😂😂,amresh kumar singh,yt:Amresh Singh Gagan Thapa,comment,deva
काठमाडौं ४ बाट उठेको भएपनि जित्थ्यो होला नि गगनजीले😢😢,amresh kumar singh,yt:Amresh Singh Gagan Thapa,comment,deva
देश लाई बिकास को बाटो तिर लाने र भ्रष्टाचार मुक्त देश बनाउने हो भने  पुराना राजनिती पाटिलाई भोट् दिनु हुदैन । पुराना लाई हामी धेरै पटक हेरौ केही भए मात्र भ्रष्टाचार मौलायो देश भ्रष्टाचार चुर्लुम्म डुबाए यिनै पुराना राजनीति पाटिले अब हामिले सोच बदलौ भोट् बदलौ नया  लाई एक फेर मतदान हेरौ अमरेश कुमार सिंह लाई आफ्नो महत दिएर अत्यधिक बहुमत ले बियए गरौ,amresh kumar singh,yt:Amresh Singh Gagan Thapa,comment,deva
future pm of nepal gagan thapa,amresh kumar singh,yt:Amresh Singh Gagan Thapa,comment,latin
Only gagan,amresh kumar singh,yt:Amresh Singh Gagan Thapa,comment,latin
"बिचरा गगन बिजोग हुने भो, त्यति बेला कति वटा पार्टी मिलेर लडेको हो अमरेश कुमार सिंह सित त्यो पनि भन्नु",amresh kumar singh,yt:Amresh Singh Gagan Thapa,comment,deva
गगन कुमार थापाको जित निश्चित छ❤❤❤,amresh kumar singh,yt:Amresh Singh Gagan Thapa,comment,deva
गगन थापाको जित हुन पर्छ 🎉,amresh kumar singh,yt:Amresh Singh Gagan Thapa,comment,deva
गगन ले डबल मतान्तरले जिट्छन। नो डाउड भोट 🌳,amresh kumar singh,yt:Amresh Singh Gagan Thapa,comment,deva
Gagan thapale jitnuparxa gagan thapa harnu vaneko desh harnu ho,amresh kumar singh,yt:Amresh Singh Gagan Thapa,comment,latin
अमरेस कुमार सिंह पछाडि बसेर ताली पिट्ने तर गगन थापा सरकार चलाउँछन् । याे बलियाे आधार हाे ।,amresh kumar singh,yt:Amresh Singh Gagan Thapa,comment,deva
अमरेश चुनाव नहुदा नै आत्महत्या गर्छु रे  बौलाहा भएर हिड्ने भएछ त्यसको मतलब गगनको जित 100% हो💪,amresh kumar singh,yt:Amresh Singh Gagan Thapa,comment,deva
Gagan 100% jitxan ❤,amresh kumar singh,yt:Amresh Singh Gagan Thapa,comment,latin
गगन थापा,amresh kumar singh,yt:Amresh Singh Gagan Thapa,comment,deva
मधेसीलाई  ठग्न  आएको हो,amresh kumar singh,yt:Amresh Singh Gagan Thapa,comment,deva
no doubt GAGAN,amresh kumar singh,yt:Amresh Singh Gagan Thapa,comment,latin
गगन 100% हार्छन लेखेर राख्नुस,amresh kumar singh,yt:Amresh Singh Gagan Thapa,comment,deva
गगन थापालाई  जिताऔ,amresh kumar singh,yt:Amresh Singh Gagan Thapa,comment,deva
जित्ने गगन ले नै हो घन्टी कोमामा जान्छ अनि यो अमरेश ले आत्मदाह गर्छ,amresh kumar singh,yt:Amresh Singh Gagan Thapa,comment,deva
Gagan dai❤,amresh kumar singh,yt:Amresh Singh Gagan Thapa,comment,latin
Gagan thapa le jitnu parx aabsek pani ho,amresh kumar singh,yt:Amresh Singh Gagan Thapa,comment,latin
कांग्रेस एमालेकै सभापति दुबैकाे लज्जास्पद हार ईतिहासले देख्ने भाे😢😢,amresh kumar singh,yt:Amresh Singh Gagan Thapa,comment,deva
१०० प्रतिशत घन्टीले जित्छ।,amresh kumar singh,yt:Amresh Singh Gagan Thapa,comment,deva
हार्नुपर्छ अब,amresh kumar singh,yt:Amresh Singh Gagan Thapa,comment,deva
Dhukk le gagn le jitxan 100%,amresh kumar singh,yt:Amresh Singh Gagan Thapa,comment,latin
अब गगन पनि ठेगान लागेछ । पार्टीको सभापति भएर के गर्नु ।😂😂,amresh kumar singh,yt:Amresh Singh Gagan Thapa,comment,deva
GAGAN is best,amresh kumar singh,yt:Amresh Singh Gagan Thapa,comment,latin
गगनले जित्नुपर्ने हो !,amresh kumar singh,yt:Amresh Singh Gagan Thapa,comment,deva
Gagan ki jai ho,amresh kumar singh,yt:Amresh Singh Gagan Thapa,comment,latin
गगन 100% हार्छन लेखेर राख्नुस। काठमाडौंमा हार्नी डरले मधेस झरेकोलाई के मधेसका शिक्षित जनताले vote देलान त। जय अम्रेश जय घण्टी 🔔🔔🔔,amresh kumar singh,yt:Amresh Singh Gagan Thapa,comment,mixed
नेपाली काँग्रेस जिन्दावाद,amresh kumar singh,yt:Amresh Singh Gagan Thapa,comment,deva
"गगनथापाले सन्सदमा बिनाप्रमाण 
सहकारीठगी काेप्रमाण मसितछ कहाँपेष गरूँ,भनेकाे बिषय गगनकाे 
कमजाेरीकाे पाटाे देखिदैनर,  ?",amresh kumar singh,yt:Amresh Singh Gagan Thapa,comment,deva
Gagan ji le jitnu hunx,amresh kumar singh,yt:Amresh Singh Gagan Thapa,comment,latin
गगनले जित्न हुन्छ,amresh kumar singh,yt:Amresh Singh Gagan Thapa,comment,deva
Gagan le jitne 99% probability xa,amresh kumar singh,yt:Amresh Singh Gagan Thapa,comment,latin
अमरेश सर्लाही ४ बाट उठ्ने थाहा पएको भए गगन त्याहा जाने थिएन सुरक्षित ठाउँ खोज्दै त्याहा पुगेको हो,amresh kumar singh,yt:Amresh Singh Gagan Thapa,comment,deva
अमरेश कुमारको जितपक्काछ,amresh kumar singh,yt:Amresh Singh Gagan Thapa,comment,deva
विश्लेषण दमदार भएन अलि🙏,amresh kumar singh,yt:Amresh Singh Gagan Thapa,comment,deva
"झापा ५, सर्लाही ४ र रुकुम पश्चिम ले प्रधानमन्त्री चुन्दैछ बिचार गरेर भोट गर्नु हुन अनुरोध छ।",amresh kumar singh,yt:Amresh Singh Gagan Thapa,comment,deva
Gagna hi,amresh kumar singh,yt:Amresh Singh Gagan Thapa,comment,latin
Gagan le jitnai parxa nepali jantako lagi ani Balen le pani,amresh kumar singh,yt:Amresh Singh Gagan Thapa,comment,latin
"जनताको आवाज ससक्त रुपमा ससदमा बोल्न सक्ने डा अम्रेश सरलाइ बहुमतले बिजय गराउ सर्लाही बासी आमाबुबा दाजुभाइ,दिदिबहिनी ।जय घण्टी जय रास्ट्र।",amresh kumar singh,yt:Amresh Singh Gagan Thapa,comment,deva
"हर्क साम्पाङ परम्परागत दलगत राजनीतिलाई चुनौती दिने “परफर्मेन्स–आधारित नेतृत्व” को प्रतीक हुन्। धरानमा देखिएको उनका काम—खानेपानी व्यवस्थापन, श्रम–संस्कृति पुनर्स्थापना र प्रत्यक्ष जवाफदेहिता—ले देखाउँछ कि नेतृत्व भाषणले होइन, नतिजाले मापन हुन्छ। उनी सत्ता होइन, सेवा केन्द्रित राजनीति अभ्यास गर्ने दुर्लभ स्थानीय नेतृत्वका उदाहरण हुन्।",amresh kumar singh,yt:Amresh Singh Gagan Thapa,comment,deva
गगन हार्नुपर्दछ,amresh kumar singh,yt:Amresh Singh Gagan Thapa,comment,deva
Amresh singh sanga ladnu vaneko gagan garnu ho sadan ma boleko words haru best xa  am4esh singh ko,amresh kumar singh,yt:Amresh Singh Gagan Thapa,comment,latin
"Yo amresh fatah ho, esle harcha RSP lai pani dubaucha",amresh kumar singh,yt:Amresh Singh Gagan Thapa,comment,latin
अहिले को पत्रकार हरु सबै घन्टि को गुणगाण गाउने र जसरि हुन्छ घन्टि लाइ जिताउने अरु पार्टी लाइ हराउने अभियान मा छ्न ।,amresh kumar singh,yt:Amresh Singh Gagan Thapa,comment,deva
"संबिधान देश भन्दा माथि होइन,परिस्थितीको माग अनुसार संबिधान अदल-बदल हुनछननै । संबिधानले देशनै अदलबदल गर्ने हैसियत र अख्तियारी कुनै हालतमा राख्दैन । हाम्रोमा अहिले एकथरीले देश होइन संबिधान ठुलो हुन्छ झै गरी स्वार्थबश निरर्थक भाडभैलो मच्चाउदै छन जो सर्वथा खतरनाक साजिस हो ।  यो संबिधानलाई जीऊका-तीऊ राखि हुने निर्वाचनले अस्थीरता निम्त्याउन मात्र सघाऊ पुर्याउने छ । देशको सुनिश्चित भबिस्यको लागि राजसंस्था सहितको प्रजातन्त्र अनिवार्य छ, यहिनै समय र पवित्र माटोको माग हो ।",amresh kumar singh,yt:Amresh Singh Gagan Thapa,comment,deva
"Yo party change gari hidne Omllte Kumar ko ke kura garnu,,,,,",amresh kumar singh,yt:Amresh Singh Gagan Thapa,comment,latin
नर्क बाहेक जहाँ गयपनी बाख्राचोर को खैरियत छैन नर्क बाहेक।,amresh kumar singh,yt:Amresh Singh Gagan Thapa,comment,deva
Khel ekdum farak chha yaha. Gagan tesai tyaha gayeka hoinan. Dherai bichaar garera tya gayeka hun. Gagan le jitchhan,amresh kumar singh,yt:Amresh Singh Gagan Thapa,comment,latin
"गगन थापा लाई जिताउनु अतिआबस्यक छ उनि प्राधानमन्त्री भय भने भैहाले नभय प्रतिपक्ष यक्दमै खाचो छ प्रतीक्ष दर्हो भयो भने जन्ता को कुरा प्रति निधिसभा मा राख्ने हो र उनलाई जिताउन अति खाचो छ अमलेस चाहि पल्टुराम र अब्सर्बादि हुन उनि पहिला काङ्रेस,पछि स्योतन्त्र अहिले रास्वोपा पछि कुन मा पल्टुराम हुने हुन थाहा छैन उनले सधै जितेर के गरे त्यो पनि त हेर्नु पर्छनि मेरो बिचार मा म चाहि हर्क को समर्थन गर्ने ब्यक्ति हु त्यो गर्दा देस र जन्ता को हित होला ।",amresh kumar singh,yt:Amresh Singh Gagan Thapa,comment,deva
ए पत्रुसकार यो भन्दा अगाडीको चुनावको आकलन गर मत शर्वेक्षण हेर गठबन्धन अपरेश एक्लै अनि रास्वपा को मत अनि  अनुमान लगाऊ ।,amresh kumar singh,yt:Amresh Singh Gagan Thapa,comment,deva
गगनले जित्नुपर्छ।,amresh kumar singh,yt:Amresh Singh Gagan Thapa,comment,deva
अब हामी नेपाली हरु सचे भयकाछाै सबैले घन्टि राेजेका छाै नेपाल भरिकाे जनताकाे मनमा पुराना नेता बाट अगाई सकेका छाै,amresh kumar singh,yt:Amresh Singh Gagan Thapa,comment,deva
"प्राे. काँग्रेस प्रस्तुती, अमरेश कुमार सींहलाइ अलि कम्जाेर देखाउने प्रयास ।",amresh kumar singh,yt:Amresh Singh Gagan Thapa,comment,deva
टक्ले काङ्ग्रेस  को मत पायर काङ्ग्रेस लाई नै गाली गर्छ अब हेर्दै जानू सबै चुनाव ले बताउ छ,amresh kumar singh,yt:Amresh Singh Gagan Thapa,comment,deva
जयेघँनटि 🔔🔔🔔🔔🔔🔔 जये रबि जये देस जय होस धन्यवाद छ 🇳🇵🇳🇵🔔🇳🇵🔔🇳🇵 नेपालि जनताको सपोटछ रबि जये देस जय होस 👍🥰🥰👍👍👍👍,amresh kumar singh,yt:Amresh Singh Gagan Thapa,comment,deva
"जनताले मूल्याङ्कन त पक्कै गरेका हाेलान ! रविलाई बिना प्रमाण फसाउने प्रमुख खलपात्र हाे मटनकाजी थापा, ल्याप्टपे भाषण पनि त जनताले बिर्सेका नहाेलान् नि !? २०अाैँ बर्षदेखि राजनीति गरेर के चैँ उल्लेख्य काम गराे मटनेले ??",amresh kumar singh,yt:Amresh Singh Gagan Thapa,comment,deva
गगनले जित्छन,amresh kumar singh,yt:Amresh Singh Gagan Thapa,comment,deva
गगनले राम्रो मान्छेको लागि यस्पाली मात्र होइन पहिले पनि स्वर्णिम वाग्लेको लागि छोड्छु भन्ने मान्छे हो आफू जोखिम मोलेर युवाहरूलाई ठाउ दिने माहान ब्याक्ती हो,amresh kumar singh,yt:Amresh Singh Gagan Thapa,comment,deva
Gagan le jitne chance dekhinchha..,amresh kumar singh,yt:Amresh Singh Gagan Thapa,comment,latin
Gagan ji suvakamana 🙏🙏❤️❤️,amresh kumar singh,yt:Amresh Singh Gagan Thapa,comment,latin
तुलना हुदैन,amresh kumar singh,yt:Amresh Singh Gagan Thapa,comment,deva
कस्ले जित्छ चुनाव?,amresh kumar singh,yt:Amresh Singh Gagan Thapa,comment,deva
Jata Gagan uta lagan,amresh kumar singh,yt:Amresh Singh Gagan Thapa,comment,latin
ठूलो नेता आय भनेर भोट दिदैनन बरु आफ्नै नेताको बेइज्जत गरेर उसको भाग खायर निस्केको पापी भनेर भोट हाल्दैनन।,amresh kumar singh,yt:Amresh Singh Gagan Thapa,comment,deva
Birganj ko janatalai Krishna pr. Bhattarai le ke garyo ?,amresh kumar singh,yt:Amresh Singh Gagan Thapa,comment,latin
Vagi-vagi jitera Pradhan mantri vako tick hudai. Kathmandu 4 ma nai ladnu parcha Gagan le.,amresh kumar singh,yt:Amresh Singh Gagan Thapa,comment,latin
समाचार वाचन लामो भयो,amresh kumar singh,yt:Amresh Singh Gagan Thapa,comment,deva
"🕉️ संविधानभन्दा माथि संस्कृति
सत्ताभन्दा माथि राष्ट्र
भोट हलोमा 👉️
राप्रपा हाम्रो स्वाभिमान !
#VotForHalo #RPP",amresh kumar singh,yt:Amresh Singh Gagan Thapa,comment,mixed
पटकपटकजितायरअसफललाईफेरिकिनजिताउनेतपाईलाईदेसकोचिन्ताछैनर,amresh kumar singh,yt:Amresh Singh Gagan Thapa,comment,deva
Amresh ✊🔔,amresh kumar singh,yt:Amresh Singh Gagan Thapa,comment,latin
GAGAN sarkar,amresh kumar singh,yt:Amresh Singh Gagan Thapa,comment,latin
Amresh la jitnu praxa,amresh kumar singh,yt:Amresh Singh Gagan Thapa,comment,latin
5000 को अन्तर ले अम्रेस कुमार को जीत हुन्छ पक्का,amresh kumar singh,yt:Amresh Singh Gagan Thapa,comment,deva
बालेन र गगन आठ लाई मानु पर्छ,amresh kumar singh,yt:Amresh Singh Gagan Thapa,comment,deva
गगनको राजनीतिक हैसियत बाट जनता प्रष्ट छन् सर्लाही चारको जनताले राम्रोसँग बुझेर मात्र मत जाहेर गर्नु पर्दछ,amresh kumar singh,yt:Amresh Singh Gagan Thapa,comment,deva
"Party president le out of 165 seat, safe seat nai rojxa ni, comment herda aajit lagxa gagan jitne confirm navai sarlai jarxan? Gagan 101percent jitxan",amresh kumar singh,yt:Amresh Singh Gagan Thapa,comment,latin
Rabi Lamichhanele Shrimati Fere Jhai Amaresh Kumar Single Ja La Ne University KO Rawko Prastab Congress Rahul Khan KO Paramadeshama Swatantrata Chhodera Rabi Lamichhanele DSA Banne Kamara Taukoma Kapa Kase,amresh kumar singh,yt:Amresh Singh Gagan Thapa,comment,latin
Madhesh ma paisale voters kinna painxa taraKathmandu ma mildaina 100% sahi. Aafai bujhnus..,amresh kumar singh,yt:Amresh Singh Gagan Thapa,comment,latin
Jhalnath.khanal.jastai.sarlahi.chhodera.bhhaknu.naparos.gagan.thapa,amresh kumar singh,yt:Amresh Singh Gagan Thapa,comment,latin
Jay hoss jay ghanti 🔔🙏,amresh kumar singh,yt:Amresh Kumar Singh RSP,comment,latin
100% जित निस्चित छ जय घन्टी।,amresh kumar singh,yt:Amresh Kumar Singh RSP,comment,deva
"चुनाब नोमिनेसन ko दिन 50% जस्तो खुस्किएको लागेको थियो , दुख लाग्यो अहिले त १००% नै पुगेछ। सरि अमरेश जी।",amresh kumar singh,yt:Amresh Kumar Singh RSP,comment,mixed
🙏🙏🙏🇳🇵🇳🇵🇳🇵🔔🔔🔔🔔🔔🙏🙏🙏,amresh kumar singh,yt:Amresh Kumar Singh RSP,comment,latin
जित हुन्छ र हुनुपर्छ,amresh kumar singh,yt:Amresh Kumar Singh RSP,comment,deva
Jay Rabi Lmlchhane and ghanti,amresh kumar singh,yt:Amresh Kumar Singh RSP,comment,latin
Jiti saknu bayo,amresh kumar singh,yt:Amresh Kumar Singh RSP,comment,latin
Good 👍 amres,amresh kumar singh,yt:Amresh Kumar Singh RSP,comment,latin
Jaya ganti 🛎️🛎️🛎️🛎️,amresh kumar singh,yt:Amresh Kumar Singh RSP,comment,latin
25 seat tapaiko yeah...thik chha,amresh kumar singh,yt:Amresh Kumar Singh RSP,comment,latin
डा अम्रेशकुमार सिं  जय घण्टी,amresh kumar singh,yt:Amresh Kumar Singh RSP,comment,deva
त्यहाँ अम्रेसलाई जिताए राम्राे हुन्छ,amresh kumar singh,yt:Amresh Kumar Singh RSP,comment,deva
Vi tw pane fata parte ko jhole ho,amresh kumar singh,yt:Amresh Kumar Singh RSP,comment,latin
रूखमा भोट,amresh kumar singh,yt:Amresh Kumar Singh RSP,comment,deva
😂😂 his line  next level,amresh kumar singh,yt:Amresh Kumar Singh RSP,comment,latin
एक असल अनि निडर नेता जो सत्य बाहेक अरु जानेकै छैन 👍🙏,amresh kumar singh,yt:Amresh Kumar Singh RSP,comment,deva
We needed him in Parliament and we got him ❤,amresh kumar singh,yt:Amresh Kumar Singh RSP,comment,latin
he is literaly fearless and perfect true minister for country,amresh kumar singh,yt:Amresh Kumar Singh RSP,comment,latin
He is one of the finest gem 💎 of neplese politics salute 🔥,amresh kumar singh,yt:Amresh Kumar Singh RSP,comment,latin
Madhesh ko sachha neta so proud of you sir ❤🙏,amresh kumar singh,yt:Amresh Kumar Singh RSP,comment,latin
Bro is himself total opposition 😂😂😂😂😂,amresh kumar singh,yt:Amresh Kumar Singh RSP,comment,latin
imagine he being sabhamukh now,amresh kumar singh,yt:Amresh Kumar Singh RSP,comment,latin
He is extraordinarily player in politics!!! The bold and perfection one!!!,amresh kumar singh,yt:Amresh Kumar Singh RSP,comment,latin
"Dr Amresh Singh, holds a PhD in international relations from Jawaharlal Nehru University. Before entering full-time politics, he taught as a professor at Amrit Science Campus. He was a board member of Gorkhapatra in 1997. His experience spans academic research, political strategy, and policy advisory roles.",amresh kumar singh,yt:Amresh Kumar Singh RSP,comment,latin
This is not THUG life .. This is REAL life ..,amresh kumar singh,yt:Amresh Kumar Singh RSP,comment,latin
"Bro starts with ""सम्माननीय सभामुख महोदय "" and goes to roast him till the end😂",amresh kumar singh,yt:Amresh Kumar Singh RSP,comment,mixed
"Amresh sir खत्रा लाग्छ ❤❤
Jay RSP Jay Nepal 🇳🇵",amresh kumar singh,yt:Amresh Kumar Singh RSP,comment,mixed
Last line 🙂🫶♥️,amresh kumar singh,yt:Amresh Kumar Singh RSP,comment,latin
At least he is telling the truth,amresh kumar singh,yt:Amresh Kumar Singh RSP,comment,latin
Salute 🫡 Amresh Sir,amresh kumar singh,yt:Amresh Kumar Singh RSP,comment,latin
"He was the only guy , swotantra roop ma jitera sansad ma eklai ladne yoddhha ❤😊❤",amresh kumar singh,yt:Amresh Kumar Singh RSP,comment,latin
This election introduced me to this legend . I mean he is exceptional . And the prediction he made regarding this election was op 🔥,amresh kumar singh,yt:Amresh Kumar Singh RSP,comment,latin
यो मान्छे अहिले आएर ठिक लाग्यो😁😁😁😁😁,amresh kumar singh,yt:Amresh Kumar Singh RSP,comment,deva
Madhesh ko bagh... 😂😂😂,amresh kumar singh,yt:Amresh Kumar Singh RSP,comment,latin
Great salute our Amresh sir 🙏,amresh kumar singh,yt:Amresh Kumar Singh RSP,comment,latin
Perfect candidate for parliament..,amresh kumar singh,yt:Amresh Kumar Singh RSP,comment,latin
Respect for Amrish Kumar Singh  🫡,amresh kumar singh,yt:Amresh Kumar Singh RSP,comment,latin
जे होस् साचो बोल्छन् कोइ कोइ नेता हरु 😂,amresh kumar singh,yt:Amresh Kumar Singh RSP,comment,deva
100% right 👍 yati ko dam huna paryo ni😅😅😅😅 amresh sir salut,amresh kumar singh,yt:Amresh Kumar Singh RSP,comment,latin
He’s only spilling the truth,amresh kumar singh,yt:Amresh Kumar Singh RSP,comment,latin
0:47 Beast mode on (Lord Amresh ),amresh kumar singh,yt:Amresh Kumar Singh RSP,comment,latin
मु तोड जवाफ 😂😂😂,amresh kumar singh,yt:Amresh Kumar Singh RSP,comment,deva
Bitter truth 🔥🔥🔥,amresh kumar singh,yt:Amresh Kumar Singh RSP,comment,latin
सारै मन पर्यो मालाई अमरेश कुमार,amresh kumar singh,yt:Amresh Kumar Singh RSP,comment,deva
Last line made me jump. You are the one Dr.saab. loved it.,amresh kumar singh,yt:Amresh Kumar Singh RSP,comment,latin
Balen accepted his challenge❤️🔥🔥,amresh kumar singh,yt:Amresh Kumar Singh RSP,comment,latin
Why i love him amaresh होईन डा अमरेश सिङ्ग हो 🤣🤣,amresh kumar singh,yt:Amresh Kumar Singh RSP,comment,mixed
"He is Hero/ vetran politician/ more experienced in foreign affairs. He should be as Foreign Minister in Balen Cabinet. He may be Krishna for Balen. His quality,honesty, competency as par with Balen. 

उहाँ हिरो/भेटरान राजनीतिज्ञ/विदेश मामिलामा बढी अनुभवी हुनुहुन्छ। उहाँ बालेनको मन्त्रिपरिषद्मा विदेशमन्त्रीको रूपमा हुनुपर्छ। उहाँ बालेनको लागि कृष्ण हुन सक्नुहुन्छ। उहाँको गुणस्तर, इमानदारी, योग्यता बालेन बराबर छ।
 
ऊ हीरो/ वेट्रान पॉलिटिशियन/ विदेश मामिला में अधिका अनुभवी हउवें. उनुका के बलेन मंत्रिमंडल में विदेश मंत्री के रूप में होखे के चाही। हो सकेला कि ऊ बालेन खातिर कृष्ण होखसु. उनकर गुणवत्ता,ईमानदारी, योग्यता बालेन के बराबर बा।
 जीअहो अमरेश भैया ।❤🙏😅😅",amresh kumar singh,yt:Amresh Kumar Singh RSP,comment,mixed
This is the reason why I like him🇳🇵,amresh kumar singh,yt:Amresh Kumar Singh RSP,comment,latin
one man army and he speaks the bitter truth that no other politicians likes,amresh kumar singh,yt:Amresh Kumar Singh RSP,comment,latin
"सही कुरा गर्नु भा छ, जनताले भन्न खोजेको कुरा भनेको थियो ।",amresh kumar singh,yt:Amresh Kumar Singh RSP,comment,deva
Doctor on top 🔝😂,amresh kumar singh,yt:Amresh Kumar Singh RSP,comment,latin
Gajab Rahex Amresh Singh....❤😂 Jay  neta ji,amresh kumar singh,yt:Amresh Kumar Singh RSP,comment,latin
Diffrence between PhD holder and 8th & SLCs pass Gang.,amresh kumar singh,yt:Amresh Kumar Singh RSP,comment,latin
He is  firee❤👍️🇳🇵🇳🇵,amresh kumar singh,yt:Amresh Kumar Singh RSP,comment,latin
कडा आयो  कति हाँस्नु सित्तैमा 😅😅,amresh kumar singh,yt:Amresh Kumar Singh RSP,comment,deva
Amresh Kumar singh👍❤️💪👏😎☠️,amresh kumar singh,yt:Amresh Kumar Singh RSP,comment,latin
His Lines 😂❤,amresh kumar singh,yt:Amresh Kumar Singh RSP,comment,latin
He is fearless 🔥,amresh kumar singh,yt:Amresh Kumar Singh RSP,comment,latin
सत्य भन्दा अरू केही बोल्न नजानेको मान्छे❤️🤔,amresh kumar singh,yt:Amresh Kumar Singh RSP,comment,deva
Afresh ta kadai raixa ❤❤❤❤❤❤❤,amresh kumar singh,yt:Amresh Kumar Singh RSP,comment,latin
I am so happy for him.A big salute to you for winning the election 🎉🎉 Congratulations.,amresh kumar singh,yt:Amresh Kumar Singh RSP,comment,latin
Amresh le elklai halla xa wow kya baat hey😂😂,amresh kumar singh,yt:Amresh Kumar Singh RSP,comment,latin
He is always right ✅️ ❤❤❤salute sir😅,amresh kumar singh,yt:Amresh Kumar Singh RSP,comment,latin
"1 vs all.

Everyone now knows who is the real GOAT 🐐",amresh kumar singh,yt:Amresh Kumar Singh RSP,comment,latin
"😮🤣🤣🤗
🥺 Jay ho Amresh sir 🙏",amresh kumar singh,yt:Amresh Kumar Singh RSP,comment,latin
Terai ko sabai vandha ramro manxhey love from Bhaktapur Jai Nepal🇳🇵🇳🇵🇳🇵🇳🇵,amresh kumar singh,yt:Amresh Kumar Singh RSP,comment,latin
"He is real , I respect you sir always saveges",amresh kumar singh,yt:Amresh Kumar Singh RSP,comment,latin
Perfect Mrs. amresh sir.... 🪷❤️,amresh kumar singh,yt:Amresh Kumar Singh RSP,comment,latin
Ek sacha desh bhakta,amresh kumar singh,yt:Amresh Kumar Singh RSP,comment,latin
what a smile police officer,amresh kumar singh,yt:Amresh Kumar Singh RSP,comment,latin
Aamresh fire 🔥,amresh kumar singh,yt:Amresh Kumar Singh RSP,comment,latin
I am from madhesh😅😅😅,amresh kumar singh,yt:Amresh Kumar Singh RSP,comment,latin
Very Good Neta👍👍👍👍👍,amresh kumar singh,yt:Amresh Kumar Singh RSP,comment,latin
"Sab ek ek chan RSP ma 🔥🔥🔥🔥
Ab Maja aegaa na bidooo😂",amresh kumar singh,yt:Amresh Kumar Singh RSP,comment,latin
Singh on Fire,amresh kumar singh,yt:Amresh Kumar Singh RSP,comment,latin
Hajurr ko fan ho 🔥,amresh kumar singh,yt:Amresh Kumar Singh RSP,comment,latin
He is the best 😊,amresh kumar singh,yt:Amresh Kumar Singh RSP,comment,latin
1:24 Security personnel is even smiling 😂😂❤,amresh kumar singh,yt:Amresh Kumar Singh RSP,comment,latin
He deserves for the role of Homeminister❤,amresh kumar singh,yt:Amresh Kumar Singh RSP,comment,latin
Hello is the real fighter,amresh kumar singh,yt:Amresh Kumar Singh RSP,comment,latin
The  man🗿🗿,amresh kumar singh,yt:Amresh Kumar Singh RSP,comment,latin
"मलाई अहिलेसम्म उहाँको बारेमा केही जानकारी थिएन।, तर आज यो भिडियो देखेर उहाँको इच्छेत्रसम्मान सर्वोच्च शिखरमा पुगेको छ। 🔥🔥🔥🥰🥰🙏🙏🇳🇵🇳🇵🇳🇵🇳🇵",amresh kumar singh,yt:Amresh Kumar Singh RSP,comment,deva
सब के घोती खोल ने अछि वीडियो 😂😂😂😂😂,amresh kumar singh,yt:Amresh Kumar Singh RSP,comment,deva
Amresh kumar❤❤❤😎💪,amresh kumar singh,yt:Amresh Kumar Singh RSP,comment,latin
Last line kill for everyone ❤🎉,amresh kumar singh,yt:Amresh Kumar Singh RSP,comment,latin
Bbah babh,amresh kumar singh,yt:Amresh Kumar Singh RSP,comment,latin
Respect bottom 👉🏾👉🏾❤,amresh kumar singh,yt:Amresh Kumar Singh RSP,comment,latin
You always drop the best line/... In last😢I love it ❤️❤️❤️,amresh kumar singh,yt:Amresh Kumar Singh RSP,comment,latin
🎉 Urja Khani of Nepal 🎉,amresh kumar singh,yt:Amresh Kumar Singh RSP,comment,latin
Eti samma ko pagal manxe ni chhayinxa!!🔥🔥,amresh kumar singh,yt:Amresh Kumar Singh RSP,comment,latin
Bro is hilarious 🤣😆,amresh kumar singh,yt:Amresh Kumar Singh RSP,comment,latin
Salute 🫡,amresh kumar singh,yt:Amresh Kumar Singh RSP,comment,latin
Dil❤ Jeet😮 liya sar kya baat,amresh kumar singh,yt:Amresh Kumar Singh RSP,comment,latin
Madesh got gem 💎 hatsoff to madesh people they choose him instead of gagan ❤,amresh kumar singh,yt:Amresh Kumar Singh RSP,comment,latin
He is my fav 😅,amresh kumar singh,yt:Amresh Kumar Singh RSP,comment,latin
Sir you are a great .crystal as clear .Nepal is fortunate to have you. GOD BLESS YOU.,amresh kumar singh,yt:Amresh Kumar Singh RSP,comment,latin
1:46 is the best one lmfao,amresh kumar singh,yt:Amresh Kumar Singh RSP,comment,latin
He is the best for country ❤,amresh kumar singh,yt:Amresh Kumar Singh RSP,comment,latin
Lord Amresh🔥,amresh kumar singh,yt:Amresh Kumar Singh RSP,comment,latin
"I can’t wait to see how the country turn! I can’t wait to share my nation’s success to my international colleagues! I can’t wait to fly back to my motherland after this!
Save this Gem! 🔔",amresh kumar singh,yt:Amresh Kumar Singh RSP,comment,latin
Great salute and respect to our Amresh sir 🙏🥰🇳🇵,amresh kumar singh,yt:Amresh Kumar Singh RSP,comment,latin
Last was very emotional yrr,amresh kumar singh,yt:Amresh Kumar Singh RSP,comment,latin
रास्टको सपुत❤,amresh kumar singh,yt:Amresh Kumar Singh RSP,comment,deva
he is one of teh true leader of nepal,amresh kumar singh,yt:Amresh Kumar Singh RSP,comment,latin
Lord Amresh Singh❤,amresh kumar singh,yt:Amresh Kumar Singh RSP,comment,latin
"10:43 😂😂 He said, ""उपसभा मुजि लाई रिस उठिहाल्छ"" !😄😄 मैले गलत सुनेको पनि हुनसक्छ।",amresh kumar singh,yt:Amresh Kumar Singh RSP,comment,mixed
Great leader 💪👏👏👏 Amresh Kumar yadav,amresh kumar singh,yt:Amresh Kumar Singh RSP,comment,latin
9:25 rightly said.,amresh kumar singh,yt:Amresh Kumar Singh RSP,comment,latin
11:59 true words 👏,amresh kumar singh,yt:Amresh Kumar Singh RSP,comment,latin
जुन पार्टीमा भए पनि तपाईँको आवाज एकदम बोलियो छ र तपाईँको त्यो आवाजलाई तपाईँको आफ्नै पार्टीले खुम्चाइरहेको अवस्था हो।।  बालेनले यो गरोस् ऊ गरोस् भन्नुहुन्थ्यो आज गरेर देखाएको छ र तपाईँ पनि बालेन सँगै आउनुभएको छ। अग्रिम शुभकामना तीन चार वर्ष अगाडि मन मिलेको आज रिजल्ट आएको छ हामी सबै नेपाली। जितौ मनलाई गरौँ मनले भनेको,amresh kumar singh,yt:Amresh Kumar Singh RSP,comment,deva
Uo video election agadi ayeko vaye 😅 rukh ko jamanat jafat hune theyo ❤,amresh kumar singh,yt:Amresh Kumar Singh RSP,comment,latin
झन्न १ मिनेट थपिदिए छ । नत्र लुगा खोल्दिन थ्यो,amresh kumar singh,yt:Amresh Kumar Singh RSP,comment,deva
यिनले ठिक कुरा उठाउछन। हरेक राज्निती गर्ने पात्रहरु परिवएतानका बाहक हुन । तेसैले तिनिहरुले ब्यक्तिगत वा पार्टिगत स्वार्थ भन्दा माथी उठ्न पर्दछ।,amresh kumar singh,yt:Amresh Kumar Singh RSP,comment,deva
केपिले गर्ने काम भनेकै जता बाट कमिशन आउछ त्यहि काम गर्ने हो अपुत्रोलाइ धन प्यारो।,amresh kumar singh,yt:Amresh Kumar Singh RSP,comment,deva
I thenk Dr Ameresh right,amresh kumar singh,yt:Amresh Kumar Singh RSP,comment,latin
👍👍👍👍❤️❤️❤️,amresh kumar singh,yt:Amresh Kumar Singh RSP,comment,latin
👍️👍️👍️👍️,amresh kumar singh,yt:Amresh Kumar Singh RSP,comment,latin
Thankyou my hero.,amresh kumar singh,yt:Amresh Kumar Singh RSP,comment,latin
Good sir👍👍👌👌,amresh kumar singh,yt:Amresh Kumar Singh RSP,comment,latin
He saying real and fact matters I,amresh kumar singh,yt:Amresh Kumar Singh RSP,comment,latin
Thik kura,amresh kumar singh,yt:Amresh Kumar Singh RSP,comment,latin
नेपाली जनताले दुखै दुख भ्रस्ताचार हरु ले गरेर,amresh kumar singh,yt:Amresh Kumar Singh RSP,comment,deva
सही कुरा गर्नु डाक्टर अम्रीस कुमार सर तर  एउटा कोईसन नेता मन्त्री हुना साथ घर छैन भने घर कीनी हाल्छ त्यो पैसा कहाँ बाट आऊछ त्यो पनी भन्दीम न डाक्टर सर ?????,amresh kumar singh,yt:Amresh Kumar Singh RSP,comment,deva
"Yo bhalu lai katha sunayr ke kam amresh
Sir . Bharstachar ko naike  jatilai.",amresh kumar singh,yt:Amresh Kumar Singh RSP,comment,latin
"Jayanmara 14 barsha jell bata niskada 
Kasto halatma thiyo aaja hernuna sir
Kharabauma khelxa Jayanmara gukhane 
Youth lai khedo garxa . Nalayek bharstachar kirte fataha desha banaune 
Ma ukhane ho vanera Bhukdai xa Umale ko dagg mula thgne.",amresh kumar singh,yt:Amresh Kumar Singh RSP,comment,latin
Khai bolnu matra ho timro pni ncell kanda pni kata gayo,amresh kumar singh,yt:Amresh Kumar Singh RSP,comment,latin
Yo sahi nano vo,amresh kumar singh,yt:Amresh Kumar Singh RSP,comment,latin
"100/̤  ,̤%̤/̤R̤i̤g̤h̤t̤ s̤i̤r̤ .̤👍🙏👍",amresh kumar singh,yt:Amresh Kumar Singh RSP,comment,latin
जति भनेपनि याे चाेर सरकार लाई न लाज छ ईजेत छ अ😅बपनि जन्ता जन्ताले बुझेन भनेगदहानै हाे हामी अम्लेस सरलाई सलाम छ,amresh kumar singh,yt:Amresh Kumar Singh RSP,comment,deva
😂😂😅😅Amresh sir 😅,amresh kumar singh,yt:Amresh Kumar Singh RSP,comment,latin
Kip up the gud work bro… ajkal ta nepal ko harek situation pachi tapaiko video ko wait suru huncha☺️🙏,amresh kumar singh,yt:Amresh Kumar Singh RSP,comment,latin
Babal raichh yo manchhe😊,amresh kumar singh,yt:Amresh Kumar Singh RSP,comment,latin
Lord amresh tamed the bakhra 😂,amresh kumar singh,yt:Amresh Kumar Singh RSP,comment,latin
Balen - Challenge accepted.😀😁😆,amresh kumar singh,yt:Amresh Kumar Singh RSP,comment,latin
हर्क़ले दुख गरेर पानी खुवाएका हरु के मुख देखाएर भोट मागेको होला😂,goma tamang,yt:गोमा तामाङ,comment,deva
सबै मिलेरो भोट माटॉमा दिनु होला यदि देश र धरानको उन्नति प्रगति चाहानुहुन्छा भने।  अरु कुनै पार्टिले गर्दैनन् लेखेरै राखे हुन्छ।,goma tamang,yt:गोमा तामाङ,comment,deva
हर्क साम्पाङ जिन्दाबाद भोट के मा माटो मा भोट चिन्ह अञ्जुली भित्र को माटो  मा सबै ले भोट दिएर अत्यधिक मत ले  हर्क साम्पाङ लाई बिजय गरौ ✊🇳🇵🙏,goma tamang,yt:गोमा तामाङ,comment,deva
नेपाली जनता कहिले परिवर्तन नचाहिने रहेछ।हिजो सम्म भ्रष्टाचारी र तस्करी  नेता भन्ने धराने जनता फेरि छेपारा नै जस्तो रंग फेर्दा रहेछ।फेरि ट्यांकर बाट पानी किनेर पिउने  भो धराने जनता ले।,goma tamang,yt:गोमा तामाङ,comment,deva
Yo guitye haru. Jai Harka Sampang 🙏Jai Mato.,goma tamang,yt:गोमा तामाङ,comment,latin
Guithe 😂,goma tamang,yt:गोमा तामाङ,comment,latin
जै माटो जै देश ।,goma tamang,yt:गोमा तामाङ,comment,deva
Kati hasnu haw lasagna sathi ho,goma tamang,yt:गोमा तामाङ,comment,latin
Hahaha bichara haru saro dherai  dekhiyo..,goma tamang,yt:गोमा तामाङ,comment,latin
Jaya mato,goma tamang,yt:गोमा तामाङ,comment,latin
Manoj guite😂😂😂😂,goma tamang,yt:गोमा तामाङ,comment,latin
"जय माटो, जय देश🙏🙏🙏",goma tamang,yt:गोमा तामाङ,comment,deva
K bikas garis bhole,goma tamang,yt:गोमा तामाङ,comment,latin
वडा अध्यक्ष को लागि उम्मेदवारको लागि  जस्तो छ साथीहरू,goma tamang,yt:गोमा तामाङ,comment,deva
Haina dharaa pani Rabiko gula molne haru xa,goma tamang,yt:गोमा तामाङ,comment,latin
ढुकुरे खुसी भको हेरन त्यहा! हा हा हा 😅😅😅 कति हास्नु,goma tamang,yt:गोमा तामाङ,comment,deva
Paxadi ko manxe cahi mutna gaye xa,goma tamang,yt:गोमा तामाङ,comment,latin
🇳🇵🇳🇵🇳🇵🇳🇵🇳🇵🇳🇵 JAYA MATO,goma tamang,yt:गोमा तामाङ,comment,latin
अरु कुरा त्य्स्तै हो तर उपमेयर चाहिँ कता हिडेको होला ध्रानरको बिकाश गर्नेलाइ भोट दिनु होला,goma tamang,yt:गोमा तामाङ,comment,deva
जय माटो जय श्रम संस्कृति पार्टी जय हर्क बाद 🙏🇳🇵,goma tamang,yt:गोमा तामाङ,comment,deva
जमाना जफत गराऔ,goma tamang,yt:गोमा तामाङ,comment,deva
Hahaha 🤣🤣🤣🤣🤣,goma tamang,yt:गोमा तामाङ,comment,latin
Aru Vanda ni tyou dhukure lai dekhera sarai has utho😂😂😂😂😂😂😂😂😂😂😂😂😂😂😂😂  afnoi ghr KO le vote nadelaki vanne sangkha xa 😂😂😂,goma tamang,yt:गोमा तामाङ,comment,latin
😆😆😆😆 बिकासका बिरोधीहरू एक हौ एक हौ छी भोले बा बाहरू के सिक्ने होल्नी बरै भोला खानत सिक्ने होलानी बेघा अली अली थीक लागेको थियो आजत झन बेकार लाग्यो बिकासका बिरोधीहरू अब खाऊ तेन्र्मा पानी किनेर,goma tamang,yt:गोमा तामाङ,comment,deva
काम छैन तारा पार्टीको ब्यज्योत हुनको लागि के यस्तो देखाको हो,goma tamang,yt:गोमा तामाङ,comment,deva
Janta haru jaba samma yakhundaina tabsamma nepal ouko desh le kinsakxa. sabai janta yak hunupaxa jay mato jay nepal,goma tamang,yt:गोमा तामाङ,comment,latin
हेरा हेरा  बेघा हासेको,goma tamang,yt:गोमा तामाङ,comment,deva
गद्धार हरुको झुण्ड,goma tamang,yt:गोमा तामाङ,comment,deva
3:19 herum afai loparako guaita la,goma tamang,yt:गोमा तामाङ,comment,latin
"Xixi yo dharan ma yesto pani maanisharu rahexa hau. Fu garerera udaidinu parxa. Chinera rakhnu hai, paxi dharan bata lakhetnu parxa.",goma tamang,yt:गोमा तामाङ,comment,latin
Jay Maato !! Jay Harka Sampang ✊,goma tamang,yt:गोमा तामाङ,comment,latin
Dukh nagarnu hola ek seat pani jitnechhaina,goma tamang,yt:गोमा तामाङ,comment,latin
Manoj guaite lai Madhu dinu hola no vote guite,goma tamang,yt:गोमा तामाङ,comment,latin
Paili ko chunav ma 60/70 lakh gayo ava espali bhattrai ley ghar bechney vo jasto xa harka lae harauna 😂😂🙏🙏 bichara ko ghar jagga sov jaaney vo,goma tamang,yt:गोमा तामाङ,comment,latin
तपाईंहरुले  लेखैर राख यदी ताराले वा अरु पातिले जिदैन बाजि छ माटो सग  कसैले सकदैन सुनसरिमा,goma tamang,yt:गोमा तामाङ,comment,deva
Gentel  bhai ramro lagthiyo tara wahana awashar badi nai raixa. Hajur ko yo sabai vhanai Harka sampang jew sanga milera garda huney ta kay Harka sampang jew le vrastachar gareko xa ra? Kay Harka sampang imandar chaina ra ? Kay yatro 42 kilomiter khuola kholshi bata panee lyako khanu vhayna ? taraa post pawdaina hai mato ma 😂😂😂,goma tamang,yt:गोमा तामाङ,comment,latin
Aba sakkiyo manoje,goma tamang,yt:गोमा तामाङ,comment,latin
Ajhai pani yo vogate ko paxi paxi hinne manxe kasto ho xi xi,goma tamang,yt:गोमा तामाङ,comment,latin
Ak choti dronbat paniherou na patrakar jyu😂😂,goma tamang,yt:गोमा तामाङ,comment,latin
बीचारा हामी  केही भन्नु छैन।,goma tamang,yt:गोमा तामाङ,comment,deva
Cor rai ys,goma tamang,yt:गोमा तामाङ,comment,latin
Yo 5 barsa ekchoti ghanti 🔔 Lai deenu parxa 5 barsa vitra tyahi Purana vaste party aamaley congress mawaadi haru jastho gare vane tyaspaxi aaudho chunab ma maato party harka mayor shab Lai denu parxa,goma tamang,yt:गोमा तामाङ,comment,latin
Feri 2 thell,goma tamang,yt:गोमा तामाङ,comment,latin
Vote for only hark sampang,goma tamang,yt:गोमा तामाङ,comment,latin
yo guithe ko voter nai yetti hola ani veda janta haru le dhukure le k ramro kam gareko xara vote halxan re🤣🤣🤣🤣,goma tamang,yt:गोमा तामाङ,comment,latin
Tyo pani sodhne kura ho ra harnu ko lagee,goma tamang,yt:गोमा तामाङ,comment,latin
Sung ko kura naar jhatha Harka   vaneko harka nai ho Dhatan ko lagi Jai mato,goma tamang,yt:गोमा तामाङ,comment,latin
हिजो सम्म हर्कको ठुलो सम्र्थन थिय जब जातिय को कुरा गरो त्या देखि मन लागेन हर्कको समर्थन गर्न,goma tamang,yt:गोमा तामाङ,comment,deva
"साथीहरू हजुरहरूलाई आजको कथा कस्तो लाग्यो हामीलाई कमेन्ट गरेर भन्नुहोला  | Hey Supporters, Please Follow our Facebook Page: https://www.facebook.com/nepalihorrorstoriesofficial Your support means the world! 🙏 #StayConnected",goma tamang,yt:गोमा तामाङ,comment,mixed
It is truly admiring that how nepali animation has became this advanced.. really appreciating ❤,goma tamang,yt:गोमा तामाङ,comment,latin
Moile first time sunne ko dami  lago,goma tamang,yt:गोमा तामाङ,comment,latin
Aaja ko katha ekdamai ramro xw estai aaru kathaharu pani aawosh🖤😻,goma tamang,yt:गोमा तामाङ,comment,latin
Yo katha here pachhi tyo ganw ko manchhele matrai hoina sampurna tamangle sungurko masu nakhae sarai ramro hunethiyo karan hami  baudha margi hanw katha gyan bardak❤❤❤❤,goma tamang,yt:गोमा तामाङ,comment,latin
अजई यत्तो भिडि अजई चाय हजुर❤🙏🏽🙏🏽👌👌👌👍🇳🇵🇳🇵,goma tamang,yt:गोमा तामाङ,comment,deva
Katti ramra ghyakri ra passan❤characters are too good 😊full support to your channel🤗,goma tamang,yt:गोमा तामाङ,comment,latin
Love Tamang story 🙏🙏🕉️❤❤,goma tamang,yt:गोमा तामाङ,comment,latin
Aaba chhatri ko story plz plz,goma tamang,yt:गोमा तामाङ,comment,latin
itohasko jibit Katha huna sakx❤❤ dherae ramro lagyo molaii🙏🏽yesati yestaii Katha ferii xittai aawosh,goma tamang,yt:गोमा तामाङ,comment,latin
धेरै मन पछ मलाई यसतोइ कथा हरु,goma tamang,yt:गोमा तामाङ,comment,deva
🎉. dherrai ramro.. Tamang language vako vaayaaa. ❤❤❤,goma tamang,yt:गोमा तामाङ,comment,latin
Ekdam ramro xa katha tara Tamang le Bau lai Appa vonxa plzzzzz bujai ra matrai story bonai dinu hola 😟,goma tamang,yt:गोमा तामाङ,comment,latin
Yo ekdam ramro xaa❤ feri ni aarko chaiyo long video haii a,goma tamang,yt:गोमा तामाङ,comment,latin
Aaba magar gau ko pani banaunus haie,goma tamang,yt:गोमा तामाङ,comment,latin
"Malai sabai vanda ramro story boksiko lageko thiyo😄
Aru boksi jastai story leaunuhos",goma tamang,yt:गोमा तामाङ,comment,latin
Rati sutne belaherda yekdam  tyo duniyama jsto lagxayr😅 ma sanoma kadin haru yad aauxa,goma tamang,yt:गोमा तामाङ,comment,latin
Maile pani lekhrako xu story haru😊,goma tamang,yt:गोमा तामाङ,comment,latin
Thank you 300 subscriber Family😘keep support guys🙏🙏,goma tamang,yt:गोमा तामाङ,comment,latin
Ramro xa Aba magar ko story Pani hai,goma tamang,yt:गोमा तामाङ,comment,latin
Good dherai ramro.... Xori darai.....,goma tamang,yt:गोमा तामाङ,comment,latin
Story eakdam ramro xa❤❤❤,goma tamang,yt:गोमा तामाङ,comment,latin
Kati ramor katha😊❤❤,goma tamang,yt:गोमा तामाङ,comment,latin
Ramro lagyo katha ❤❤❤,goma tamang,yt:गोमा तामाङ,comment,latin
❤😊wow amazing Tamang gauu❤,goma tamang,yt:गोमा तामाङ,comment,latin
Animation pani bawal story pani bawal 🔥🔥🔥🔥,goma tamang,yt:गोमा तामाङ,comment,latin
धामीले झीमझीम सुहम भन्छर😂,goma tamang,yt:गोमा तामाङ,comment,deva
Heart Touching 😢🙏🙏,goma tamang,yt:गोमा तामाङ,comment,latin
Dherai ramro katha  😊❤,goma tamang,yt:गोमा तामाङ,comment,latin
Chhetri ko pani cartoon cahiyo plz 😊😊,goma tamang,yt:गोमा तामाङ,comment,latin
Proud to be tamang✊,goma tamang,yt:गोमा तामाङ,comment,latin
tamang vanna ne bisema. ramro cast. ho,goma tamang,yt:गोमा तामाङ,comment,latin
Katha ramro xa animation pani Ani sound pani,goma tamang,yt:गोमा तामाङ,comment,latin
Yo katha ta lalitpur ma raheko Tikabhairab mandir ko katha sanga milna jada raixa vaya pani ramro xa katha ❤,goma tamang,yt:गोमा तामाङ,comment,latin
I like this story❤,goma tamang,yt:गोमा तामाङ,comment,latin
19:51 sungur la tarsai do 😂😂,goma tamang,yt:गोमा तामाङ,comment,latin
I love this story ❤❤❤❤.,goma tamang,yt:गोमा तामाङ,comment,latin
Wow ❤🎉 Dami 🎉🎉🎉🎉❤❤,goma tamang,yt:गोमा तामाङ,comment,latin
Bolne saile ani sor haru  ramro chha yestai banaunu hai❤,goma tamang,yt:गोमा तामाङ,comment,latin
Ramro ma Pani tamang ho❤,goma tamang,yt:गोमा तामाङ,comment,latin
"खत्रा लाग्यो,",goma tamang,yt:गोमा तामाङ,comment,deva
Nice episode❤,goma tamang,yt:गोमा तामाङ,comment,latin
Treaser ma ta dami music tyo.. tmg ko..story ma ni halnu partyo,goma tamang,yt:गोमा तामाङ,comment,latin
Ekdam ramro lagyau malai ta❤❤,goma tamang,yt:गोमा तामाङ,comment,latin
Ek dam dami lageu ♥️,goma tamang,yt:गोमा तामाङ,comment,latin
धेरै नै राम्रो कथा अनि अरु पनि येस्तै आइरहोस भन्ने चाहान्छु🙏🙏🙏😍😍😍😍,goma tamang,yt:गोमा तामाङ,comment,deva
दन्त्य कथा त्याे पनि तामाङ छुनै नमिल्ने जात हामि,goma tamang,yt:गोमा तामाङ,comment,deva
Hamro pani leuni la rai tamang jadtei,goma tamang,yt:गोमा तामाङ,comment,latin
Katha ramro xa,goma tamang,yt:गोमा तामाङ,comment,latin
Ahiley sama sunaka thiyeyna you lok katha dhanaya bad sikkim k.s.subba.by.,goma tamang,yt:गोमा तामाङ,comment,latin
Nice story,goma tamang,yt:गोमा तामाङ,comment,latin
Magar gau please❤,goma tamang,yt:गोमा तामाङ,comment,latin
Ramro khatha,goma tamang,yt:गोमा तामाङ,comment,latin
I'm tmg😊❤,goma tamang,yt:गोमा तामाङ,comment,latin
😢😢😢😢😢😢😢😢😢😢,goma tamang,yt:गोमा तामाङ,comment,latin
Katti ramra story ❤❤❤❤😮😮😮😮😊😊😊😊😅😅😅😅😂😂😂😂🎉🎉🎉🎉,goma tamang,yt:गोमा तामाङ,comment,latin
Plz newar gau❤❤❤,goma tamang,yt:गोमा तामाङ,comment,latin
Babal xa hajur ❤  🎉❤😊,goma tamang,yt:गोमा तामाङ,comment,latin
THAN CHU,goma tamang,yt:गोमा तामाङ,comment,latin
Ramailo❤,goma tamang,yt:गोमा तामाङ,comment,latin
Happy Holly 🎉🎉,goma tamang,yt:गोमा तामाङ,comment,latin
Ajay ko Khatami ramra lagyo❤,goma tamang,yt:गोमा तामाङ,comment,latin
Babal lagyo story 😮😮,goma tamang,yt:गोमा तामाङ,comment,latin
Napali story asto ramro Cho👍,goma tamang,yt:गोमा तामाङ,comment,latin
nice story i loved it😮😮😮,goma tamang,yt:गोमा तामाङ,comment,latin
Wow damiiiiii lagyoooo❤❤❤❤❤❤❤❤,goma tamang,yt:गोमा तामाङ,comment,latin
Regular huna pareo k,goma tamang,yt:गोमा तामाङ,comment,latin
Nice story❤❤❤❤,goma tamang,yt:गोमा तामाङ,comment,latin
Dammi story ❤😍😍💞💞😍😍,goma tamang,yt:गोमा तामाङ,comment,latin
dami लागे हजुर,goma tamang,yt:गोमा तामाङ,comment,mixed
कथा बबाल्🙏,goma tamang,yt:गोमा तामाङ,comment,deva
Thina suneko ramrox katha ani khai auta tamangle sugurko masu khadainare arule khanxre tetaiko jatle hola,goma tamang,yt:गोमा तामाङ,comment,latin
Interesting,goma tamang,yt:गोमा तामाङ,comment,latin
First time yeti long video. Dammi 😍,goma tamang,yt:गोमा तामाङ,comment,latin
The story was dami,goma tamang,yt:गोमा तामाङ,comment,latin
Voice 👌♥️,goma tamang,yt:गोमा तामाङ,comment,latin
Nice story 👍👍,goma tamang,yt:गोमा तामाङ,comment,latin
Akdam ramro❤❤,goma tamang,yt:गोमा तामाङ,comment,latin
Magar ko bhi khatha bhanowes na,goma tamang,yt:गोमा तामाङ,comment,latin
Ramro 😂😂😂😂,goma tamang,yt:गोमा तामाङ,comment,latin
बराहक्षेत्रमा त सरिन जि लाई हाम्ले देख्न पाईएन तर पनि घण्टिमै छाप हानेको छौ । जितको आशा राखौ ।,goma tamang,yt:Sunsari 1 chunav,comment,deva
"सरिन तामाङ्ग ज्युले जित्नुपर्छ। उ एउटा विस्वासिलो भरपर्दो व्याक्ती हो, वहाँको हरेक कामहरुलाई म सम्मान गर्छु। जय धरान🙏🇳🇵",goma tamang,yt:Sunsari 1 chunav,comment,deva
खुसी लाग्यो सरिन जि जय घण्टी,goma tamang,yt:Sunsari 1 chunav,comment,deva
धरान ले बिकास नखोजेकै हो जस्तो छ,goma tamang,yt:Sunsari 1 chunav,comment,deva
धेरै खुशी  नहुनु होला अन्तिम  रुनु पर्ला नि गाउँ को सिधा  सोझो ले दिएको हो अब बजार  एरिया  छिरे पछि  हर्क  सम्पाङ टिमले नै अगाडि  बढ्छ ।यो 100% हुन्छ।,goma tamang,yt:Sunsari 1 chunav,comment,deva
सरिन नानालाई बधाई छ,goma tamang,yt:Sunsari 1 chunav,comment,deva
Jita ko suvakamna didi hajur la jay ghanti,goma tamang,yt:Sunsari 1 chunav,comment,latin
Good good lock Nana,goma tamang,yt:Sunsari 1 chunav,comment,latin
✊✊✊Sarin Didi Badhai suvakaman Good luck.🔔🔔🔔🔔💪💪💪💪💪❤️,goma tamang,yt:Sunsari 1 chunav,comment,latin
dherai khusi xu ma yo result maa🔔🔔🔔🔔,goma tamang,yt:Sunsari 1 chunav,comment,latin
Jai hosss jai hosssss🔔,goma tamang,yt:Sunsari 1 chunav,comment,latin
Agarima jitako suvakaman nana❤️❤️❤️❤️🔔🔔🔔🔔🔔🔔🔔,goma tamang,yt:Sunsari 1 chunav,comment,latin
good luck 👍 💓,goma tamang,yt:Sunsari 1 chunav,comment,latin
😁😁😁😁 best wishes,goma tamang,yt:Sunsari 1 chunav,comment,latin
hale rakhnu paryo news,goma tamang,yt:Sunsari 1 chunav,comment,latin
Thikai cha sunsari 1 bata ganti le jitla tara aru thau bata ta harka sampang samuha le jitna parna. Aba dharane janata prati biswas lagna chodyo,goma tamang,yt:Sunsari 1 chunav,comment,latin
Biggest congratulation ghanti jindabad 🥰😘❤️,goma tamang,yt:Sunsari 1 chunav,comment,latin
पार्टी होइन ब्याक्ती रोज्न नजान्नु धराने जनताको मुर्खता हो।असोक राइलाइ चिन्ननसक्नु भुल हो।,goma tamang,yt:Sunsari 1 chunav,comment,deva
Good job 👍👍👍,goma tamang,yt:Sunsari 1 chunav,comment,latin
Aru sabai thauma ta sakena… tara hamro bata chai 🔔 🔔 🔔🔔🔔🔔🔔🔔🔔🔔🔔🔔🔔,goma tamang,yt:Sunsari 1 chunav,comment,latin
Congratulations 🎉didi,goma tamang,yt:Sunsari 1 chunav,comment,latin
veri.Good.sarin.,goma tamang,yt:Sunsari 1 chunav,comment,latin
Jit ko suvkamana,goma tamang,yt:Sunsari 1 chunav,comment,latin
Best of luck 🙏🙏,goma tamang,yt:Sunsari 1 chunav,comment,latin
Thuchuchhe nana laso fyafulla and for understanding coming poltice keep your duties continue for life and work good try again tomorrow for life I'm with you,goma tamang,yt:Sunsari 1 chunav,comment,latin
Good luck Sarin ji 👍👍🔔🔔,goma tamang,yt:Sunsari 1 chunav,comment,latin
Joy ghanti,goma tamang,yt:Sunsari 1 chunav,comment,latin
All the best hai sarin didi tapiko jethos jee sarin didi,goma tamang,yt:Sunsari 1 chunav,comment,latin
Best luck 🍀 Harka sampang teams 👍🤞🤞,goma tamang,yt:Sunsari 1 chunav,comment,latin
Thagbandan ko harhunu ramro ho thank u,goma tamang,yt:Sunsari 1 chunav,comment,latin
We r 12basiharu big happy nd jay Ghanti,goma tamang,yt:Sunsari 1 chunav,comment,latin
Hi sarin ji ♥️🙏 jit pakka hunxa,goma tamang,yt:Sunsari 1 chunav,comment,latin
La Jaye Ghantiiiiiii 👍,goma tamang,yt:Sunsari 1 chunav,comment,latin
congraz hjur lai,goma tamang,yt:Sunsari 1 chunav,comment,latin
जय घण्टी 🔔🔔🔔🔔🔔🔔🔔🔔🔔🔔🔔🔔🔔🔔🔔,goma tamang,yt:Sunsari 1 chunav,comment,deva
Good sarina diju,goma tamang,yt:Sunsari 1 chunav,comment,latin
Now let's talk about Meyor Harka Sampang Rai team.,goma tamang,yt:Sunsari 1 chunav,comment,latin
Tapile chai k k bikash garnu vaeko x dd,goma tamang,yt:Sunsari 1 chunav,comment,latin
Dukhi xu ma,goma tamang,yt:Sunsari 1 chunav,comment,latin
Are sarin didi tapini utnu vhayako ho mata achama lagyo kina hami lai suchana dinu vha yana tapuko chunab chins kethiyo ni gakri vhayo hami satha kina thaha vhayanani,goma tamang,yt:Sunsari 1 chunav,comment,latin
ghanti ma vote Rabi ko...popularity le aaune ho ...,goma tamang,yt:Sunsari 1 chunav,comment,latin
Aba sarin tamang kovdharan mayor harka dampang sir laai sahayog garne boli katiko pakka rahechha hernu baaki xa.,goma tamang,yt:Sunsari 1 chunav,comment,latin
हामि बिदेश मा छौ  तर पनि पाटि भन्दा उच्च बिचारको नया दल अाउनु पर्छ॥ जनता लइ अब स्वतनत्र पाटि चाहेको छ ॥ यो साला गठबन्दग पाटि भनेको साच्चै आतन्कारी  हो ॥ यसले जेपनिगरनुसकछ ॥ हातमा चाबि हुनेबितिकै,goma tamang,yt:Sunsari 1 chunav,comment,deva
फेरि पछि परी हाल्नु भएछ नी,goma tamang,yt:Sunsari 1 chunav,comment,deva
जस्ले राम्रो काम देखाउछ  उसैलाइ  भोट्  दिनु  मेरो  अनुरोध छ। राम्रो छ  सरिन तामाङ बिजयि हुनुपर्छ ।,goma tamang,yt:Sunsari 1 chunav,comment,deva
"Samir Tamang, tarka mangar ra rai ko chai k hundaixa? Tyo batawna",goma tamang,yt:Sunsari 1 chunav,comment,latin
Harka sampang samuha le jiteni sarin tamang le jiteni jit desko ho jay ghanti,goma tamang,yt:Sunsari 1 chunav,comment,latin
Baraha ma sarin bunu aaunu vayena Tara. baraha basi batai jhit pni nischit xa jay gahnti jay baraha,goma tamang,yt:Sunsari 1 chunav,comment,latin
Baraha Bata 2 gahnti ma harek manxi Le haliko xa kharayo khojda vitenan are harik manxi 2 gahnti haliko xan plz sarin bunu dhuka hunu hos tpi ko lagi baraha basi Le yo Pali thulo sahfalta milako xan jay baraha basi jay gahnti jay sarin,goma tamang,yt:Sunsari 1 chunav,comment,latin
Sarinnn is,goma tamang,yt:Sunsari 1 chunav,comment,latin
Rabi ko name vaya kafi hunxa,goma tamang,yt:Sunsari 1 chunav,comment,latin
Barahaxitra n.g.p ko Palo matrai aahos na kasto tarika Le gahnti ma puja gariko xum hamile yo comment Bata yad garnu hos yo Pali hamro ma gahnti ho,goma tamang,yt:Sunsari 1 chunav,comment,latin
Yo manche chineko xaina sab rabi bata aako vote hoo,goma tamang,yt:Sunsari 1 chunav,comment,latin
यो नक्कली ढोगी भाईले  पनि भोट पाएछ त।,goma tamang,yt:Sunsari 1 chunav,comment,deva
Jitnai parxa did hajur tetro gham ma lain lagi lagi vot lako khernajaos sarin sis jai ghanti 🙏🙏🙏🙏,goma tamang,yt:Sunsari 1 chunav,comment,latin
Sale dharane haru guhu khau euta rai harka mayor le matra ke garx. Kati experience x yo didi sanga kina ho janta kina yo didi lai chuneko,goma tamang,yt:Sunsari 1 chunav,comment,latin
Yesto hijada le jityo vane ma basai sarchu,goma tamang,yt:Sunsari 1 chunav,comment,latin
good luck Sarin bahini thanks,goma tamang,yt:Sunsari 1 chunav,comment,latin
Badhaixa shareena jiulai hajurkai jithunexa👌👌👌👌👌👌🙏🙏,goma tamang,yt:Sunsari 1 chunav,comment,latin
सरीन  दिदी बधाई छ,goma tamang,yt:Sunsari 1 chunav,comment,deva
Good luck  shrin diju 👍🥰🥰,goma tamang,yt:Sunsari 1 chunav,comment,latin
Thanku bhai,goma tamang,yt:Sunsari 1 chunav,comment,latin
मलाई पनि एकदमै दुःख लाग्यो। खासमा पूर्वमा एकदम सही भन्नुभयो।,goma tamang,yt:Goma Tamang RSP,comment,deva
होस् होस् हुनै पर्छ होस् होस् हुनैपर्छ,goma tamang,yt:Goma Tamang RSP,comment,deva
Sahi Bhanu bhayo,goma tamang,yt:Goma Tamang RSP,comment,latin
घण्टी बिस्तारै बिस्तारै गायब हुदै जान्छ ❤ जय माटो जय देश 🇳🇵✊,goma tamang,yt:Goma Tamang RSP,comment,deva
ravi verry good,goma tamang,yt:Goma Tamang RSP,comment,latin
"खुच्चिङ! खुच्चिङ !खुच्चिङ! यो मुडुली लाइ।  कति खेदो खन्थी यो मुडुली ले  हर्क साम्पाङ को  बिना प्रमाड। सत्य को एक दिन जित भयेरै छोड्यो।   जय हर्कबाद,जय हर्कपथ,जय श्रमक्रान्ती,जय श्रमदाता,जय सहयोगदाता,जय शिक्षित सचेत र स्वोतन्त्र जनता,जय सदबुद्धी,जय माटो,जय देश🙏🙏🙏",goma tamang,yt:Goma Tamang RSP,comment,deva
त्यो रास्वपा पार्टी आदिवासी जनजातीको होइन है?त्यो पार्टी आर्य देखि पनि हाइज्याक भएर मधेसि पार्टी भैसक्यो अन्तिममा बिहार तिर पुग्ला।,goma tamang,yt:Goma Tamang RSP,comment,deva
सहि विश्लेषण,goma tamang,yt:Goma Tamang RSP,comment,deva
"In tthis way , really Rsp will be next Uml",goma tamang,yt:Goma Tamang RSP,comment,latin
राम्रो मान्छे लाई चीन्न सकेन दूख लाग्यो 🥲,goma tamang,yt:Goma Tamang RSP,comment,deva
Hami lai party sanga MATLAB chhaina sathi Kam garne sarkar chaiyeko ho jasari banos,goma tamang,yt:Goma Tamang RSP,comment,latin
खास मा कुरा के भने राम्रो मान्छेको काम छैन राजनीति मा,goma tamang,yt:Goma Tamang RSP,comment,deva
"Still… the Ghante gang silently watching from the corner… waiting for the bell to Tunglung, Tunglung.” 👀🔔😂",goma tamang,yt:Goma Tamang RSP,comment,latin
Jay🇳🇵🇳🇵🇳🇵🇳🇵🇳🇵,goma tamang,yt:Goma Tamang RSP,comment,latin
बिस्तारै सकिन्छ घन्टी,goma tamang,yt:Goma Tamang RSP,comment,deva
ठिक्क पर्यो मुडुली लाई कति न हाम्रो देशभक्त जननेता हर्क साम्पाङ को खेदो खन्थी गजडी बिहारी र सहकारी ठग काण्डै काण्ड को माहाराजा को गु खायेर।  बल्ल फेला परिछे। जस जस ले हर्क को कु भलो चिताउछ तेस्को भलो कहिल्यै हुदैन किनकी सत्य को जित भयेरै छोड्छ। कम्ता यस्ले हर्क को खेदो खन्थी।,goma tamang,yt:Goma Tamang RSP,comment,deva
राम्रो मान्छे लाई चिन्न सकेन,goma tamang,yt:Goma Tamang RSP,comment,deva
दु;ख लाग्दाे कुरा याे😥🙏,goma tamang,yt:Goma Tamang RSP,comment,deva
टुङ्ग्लुङ भित्र जो सङ्ग पैसा छ त्यस्को मात्र ठाउँ छ भन्ने थाहा छैन?😂,goma tamang,yt:Goma Tamang RSP,comment,deva
सरिन दिदि ❤,goma tamang,yt:Goma Tamang RSP,comment,deva
एकदमै सहि हो तर राम्रो मान्छे चिन सकेन,goma tamang,yt:Goma Tamang RSP,comment,deva
"देशमा परिवर्तन, सुशासन र राम्रो भविष्यको आशामा हजारौं युवाहरू सडकमा उत्रिए। कतिपयले आफ्नो ज्यानसमेत गुमाए, तर आज पनि धेरै नेताहरू जनताको समस्याभन्दा राजनीतिक झगडा र आरोप-प्रत्यारोपमै व्यस्त देखिन्छन्। युवाहरूले रोजगारी, गुणस्तरीय शिक्षा, भ्रष्टाचारको अन्त्य र देशको विकास चाहेका थिए। तर संसदमा बारम्बार हुने विवाद र अवरोधले जनताको विश्वास कमजोर बनाइरहेको छ। देशलाई अब झगडा गर्ने नेता होइन, जिम्मेवारी लिएर काम गर्ने नेतृत्व चाहिएको छ। युवाहरूको बलिदान र आवाजलाई सम्मान गर्दै नेपाललाई सही दिशामा अघि बढाउनु सबै नेताहरूको कर्तव्य हो।",goma tamang,yt:Goma Tamang RSP,comment,deva
सरिन तामाङले पार्टीको नामको भरमा चुनाव जित्न खोज्दा दुई पटक चुनाव हार्नु भयो अर्थात उहाँ प्रत्यक्ष रुपमा हर्क साम्पाङ जस्तो मतदाताको घर घरमा पुग्नु भएन अब अहिले पार्टीको आन्तरिक चुनाव चाहिँ कसरी हार्न भो थाहा भएन।,goma tamang,yt:Goma Tamang RSP,comment,deva
Kharani Giyang Lea janjati lae kahilea thau paudaena eyo chae 100 % Ho,goma tamang,yt:Goma Tamang RSP,comment,latin
Confusion clear garnu pary😂😂😂,goma tamang,yt:Goma Tamang RSP,comment,latin
sir please don't leave party please sir we know your contribution. I also vote you on today convection and felt sorry that you have lost. please sir don't leave please please please😓😭😭😭😭❤,goma tamang,yt:Goma Tamang RSP,comment,latin
"Sarin sister chai na keta na keti vaayra pani hola saed 
Dharan maa ta jit xa vanay ra aas na garay pani hunxa😅😅",goma tamang,yt:Goma Tamang RSP,comment,latin
Hijo harka sirle hudaina hudaina bhanda harka sirko dherai bejat gardai hidnu hunthiyo ghante ko ghanti hallaudai hidne Ani aba dukha payayo afnai dangale,goma tamang,yt:Goma Tamang RSP,comment,latin
Dher napurka vai rsp varat ambasi le jitaideko party ho jel rabi nikalnu ra bina party ko manxe pm hunu sabai varatko daijo ho nepal ma chunab hunxa varatle kharcha garxa 20 arba,goma tamang,yt:Goma Tamang RSP,comment,latin
Ma kasam khayera bhanxu RSP ma jati badhi hunxa.,goma tamang,yt:Goma Tamang RSP,comment,latin
यो  चही  अलि  ठिक  भएना,goma tamang,yt:Goma Tamang RSP,comment,deva
Timi pani ali nachahido boleuki ??,goma tamang,yt:Goma Tamang RSP,comment,latin
Ayo feri bigya,goma tamang,yt:Goma Tamang RSP,comment,latin
"नया बाेटल,पुरानै रक्सि भयाे रासपा पनि।",goma tamang,yt:Goma Tamang RSP,comment,deva
*अब श्रम संस्कृति पाटीमा आउनुपर्छ*,goma tamang,yt:Goma Tamang RSP,comment,deva
You are right Bhai,goma tamang,yt:Goma Tamang RSP,comment,latin
Tyo kei hoina lobi paapi haru laai bhaag na pugera ho,goma tamang,yt:Goma Tamang RSP,comment,latin
जस जस्ले  एक इमान्दार देशभक्त जननेता हर्क  साम्पाङ को खेदो खन्छ तेस्को पतन निस्चित छ।  किनकी सत्य  को जित भयेरै छोड्छ। त्यो बेस्या बुडा कलेक्सन भन्ने आईमाई ले पनि टिक टक मा के के भनेकी थि हर्क लाई  अहिले तेस्को कालो कर्तुत उदाङ्गो भयेर खोर मा जाक्किन पुगेकि छे कति न एकल महिला बिज्नेस वुमन भनी टोपल्थी बुडा कलेक्सन ले अहिले हेर गति तेस्को छोरी आमा बाउ  ले कुन मुख लेर हिनछन अब समाज मा?,goma tamang,yt:Goma Tamang RSP,comment,deva
Yo भुपदेव लाई महामन्त्रीमा लिएर गल्ति गरेकै हो अब पक्का सक्छ रबि र पार्टी।। मान्छे चिन्न सकेन हो सकेन।।।।,goma tamang,yt:Goma Tamang RSP,comment,mixed
सरिन लाई सपोर्ट जनताले गर्छ।,goma tamang,yt:Goma Tamang RSP,comment,deva
Yo bhupu dev Saha Lai RSP 🔔 Bata Nikal nu parcha,goma tamang,yt:Goma Tamang RSP,comment,latin
सत्य समाचार भैन। सबै जान्ने झै गरेउ,goma tamang,yt:Goma Tamang RSP,comment,deva
"हार मान्नु हुदैन सरिन सिस् रास्वपामा
नभए उज्यालो नेपालमा जानुस् 🙏",goma tamang,yt:Goma Tamang RSP,comment,deva
लु अब श्रम संस्कृति पाटीमा आउनुपर्छ ।,goma tamang,yt:Goma Tamang RSP,comment,deva
"यो युटुबे को पनि सिमाग चै छैन।
काङ्ग्रेस एमाले बाट एस्ले एस्को परीवार ले फाईदा पाको छ । आफ्नो जिउको  भैसि न देख्ने अनि अरूको मा चै नभाको जुम्रा पनि छ छ भन्ने ।

सफल मान्छे भको भए चुनाब किन हर्नुभयो त । ईस्थनिय तहको चुनाब आउँदैछ । 
बिकाउ कार्मचारि हरू छ 
किन छोड्नु परेकोत ।

एस्ले रवि लामिछानेले गलत काम गरेर बिबाद मा परिराको भनुराको छ भिडियो मा ।

यो पाखे को दिमाग छैन ।",goma tamang,yt:Goma Tamang RSP,comment,deva
"हरूवा भुपदेप लाई महामन्त्रीमा ल्याउनु नै रा,स्व पा बिभाजन हुने डर छ",goma tamang,yt:Goma Tamang RSP,comment,deva
यो जाति बादी पार्टी लाई छोडेर सरिन तामाङ ले ठिकै गर्नु भो नत्र जिन्दगी भरी घण्टे को गुलामी भएर बस्नु पर्थो,goma tamang,yt:Goma Tamang RSP,comment,deva
यो भुपदेब शाह को हात खुट्टासमेत भाग्नुपर्छ,goma tamang,yt:Goma Tamang RSP,comment,deva
"सहकारी ठगको गुट पत्तासाफ, अब जेलको यात्रा",goma tamang,yt:Goma Tamang RSP,comment,deva
Yo manche pani RSP ko matrai birod garcha xya,goma tamang,yt:Goma Tamang RSP,comment,latin
Bichara sarin ani rabi dai,goma tamang,yt:Goma Tamang RSP,comment,latin
Sir yo kura ma samat chu hame 250 jana ekpatak dhading jyamrung bata ghante ma prabes garayako ho but blan paxa ko gathak parar hame sana sakdinau yate bhanchu blan paxa lai vot haledina,goma tamang,yt:Goma Tamang RSP,comment,latin
Sunsary xetra number 1 ma chai thulo yogdan xa.,goma tamang,yt:Goma Tamang RSP,comment,latin
Rabi rabi ho balen he got opportunity,goma tamang,yt:Goma Tamang RSP,comment,latin
ब्रो तिमिलाई थाहा नभो हो के समाचार बनाको दि त २पटक हारेको होनि,goma tamang,yt:Goma Tamang RSP,comment,deva
यो पत्रकार भाई 100% एमालेको झोलेहो।रास्वपाको बदनाम गर्दैछ।,goma tamang,yt:Goma Tamang RSP,comment,deva
"भुपु भेनाको चाकमा तेल लगाउन छोड्दैनन चाहे नागरिक्ता या राहधानि मुद्दा होस या त ठगेको पैसा सरकारि ऋणकाडेर तिर्ने यत्तिको सालो चाहिँ चाहिन्छ है त, गु खाए, गनायो चाहिँ नभन नि फेरि!!!!",goma tamang,yt:Goma Tamang RSP,comment,deva
"खोज समाचार को भाइ।भिडियो को सुरु सुरु तिर बालेन रबि को गुट के के जाती फलानो ढिस्कानो भन्नू भयो।त्यसपछी जेन्जी आन्दोलन पछि पार्टी प्रवेश गरेका ले चौतर्फी अधिवेशन मा जित निकालिरहेका छन् पनि भन्नू भयो अनि अचानक चन्द्र दाइ को इन्ट्रो दिदै नदिइ वहाँ ले पार्टिलाइ गर्नु भएको योगदान को चै कुरै नगरी एकै चोटि चन्द्र राई ले जिते भन्दिएर भिडियो सक्दा कस्तो बुझ्छन दर्शक ले?
चन्द्र दाइ पनि संस्थापक मद्धे कै हो वहाँ लाई राम्रो चिन्दछु म अनि नेतृत्व गर्ने क्षमता पनि भएको मान्छे हो।शान्त सालिन अनि परेका ठाउँ मा बोल्न सक्ने पनि हुनुहुन्छ किन के दुश्मनी थियो भाइ जुन चन्द्र दाइ माथी निकाल्यौ?म हुन त रास्वपाको मान्छे हैन अनि अरु कुनै पार्टिमा पनि छैन तर भाइ ले बनाएको यो भिडियो बाट थाहा भयो कि भाइ को खोज कस्तो रैछ।",goma tamang,yt:Goma Tamang RSP,comment,deva
Well said Mr.Lila Mani sir,leelamani gautam,yt:Leelamani Gautam,comment,latin
"yo desh ko ek matra visionary party Maowadi Kendra, ahile ko gaupalika ma singadarbar (sthaniy tah-sarkar euta example.)",leelamani gautam,yt:Leelamani Gautam,comment,latin
🙏❤️❤️❤️❤️❤️❤️🙏,leelamani gautam,yt:लीलामणि गौतम,comment,latin
Ekdum Sahi kura!!,leelamani gautam,yt:लीलामणि गौतम,comment,latin
बैतडि पाटन एयरपोर्ट  को आएन,leelamani gautam,yt:लीलामणि गौतम,comment,deva
Timiharu jasta media ho ni yesta neta ra timiharu ka soch lai sahi banayera bhadvailo desh banaune,leelamani gautam,yt:लीलामणि गौतम,comment,latin
This is AMAZING!,leelamani gautam,yt:लीलामणि गौतम,comment,latin
nice program,leelamani gautam,yt:लीलामणि गौतम,comment,latin
KULMAN GHISHING NEPAL RA NEPALI KO  NAGARAKO AASA KO KARMA LA MATHI LANALAI ABSAR DINU CHHA GAGAN THAPA  JOU!!!,leelamani gautam,yt:लीलामणि गौतम,comment,latin
रुकुम रोल्पा बाट माओबादी उदाएको थियो २०८२ मा आइपुग्दा माओबादी पनि बिसर्जन भैसकेको छ र प्रचण्ड पनि फागुन २१ को चुनाब बाट अस्ताउने निश्चित छ।,leelamani gautam,yt:Rukum Purba chunav,comment,deva
Parchanda Ko jeet pakka sathai PM UML KO support ma,leelamani gautam,yt:Rukum Purba chunav,comment,latin
Prachandalae dhulo chataunu parchhha magar Bhai ho,leelamani gautam,yt:Rukum Purba chunav,comment,latin
Ncp✊✊✊✊✊⭐⭐⭐⭐⭐⭐⭐,leelamani gautam,yt:Rukum Purba chunav,comment,latin
Goyer jityo thik xa👍️,leelamani gautam,yt:Rukum Purba chunav,comment,latin
प्रचण्डलाइ हराउनु पर्छ,leelamani gautam,yt:Rukum Purba chunav,comment,deva
रूकुम रेाल्पा केा बंकर बाट निस्केका नेता घुम्दै फिर्दै पुनः बंकर भित्र पस्छन् तेही पुगे चुनाऊ बाट नै अन्त हुन।,leelamani gautam,yt:Rukum Purba chunav,comment,deva
"ओलि,गगने र प्रचण्डे यसपटक सक्किनु पर्छ,इटहरी सुनसरी बाट ❤❤❤",leelamani gautam,yt:Rukum Purba chunav,comment,deva
हत्यारा लाई हराईदिए हुने थियो।,leelamani gautam,yt:Rukum Purba chunav,comment,deva
"प्रचण्डको दिन अब आगोमा स्वाहा । यो प्रचण्डले आफै स्विकार्दै ""म जब सम्म जिउँदो छु तब सम्म मुलुकमा तहल्का मच्चाउने छु ""। भनेकै छ , तर अब नेपाली जनताले मुलुकमा अशान्ति , असुरक्षा चाहदैन त्यसको लागी प्रचण्डले
2082 फाल्गुन 21 को निर्वाचनमा पराजित हुनु आवश्यक छ । पराजितभै एक मात्र छोरी रेनु दाहालको भारत स्थित घरमा लुकेर बसि depression को उपचार गराउने । उपचार खर्चको लागी जनयुद्धमा लुटपाट गरेको golden king Midas को तिजोरी छदै छ ।",leelamani gautam,yt:Rukum Purba chunav,comment,mixed
जन्ता जनार्दन हो सचेत यदि भयभने जित हार वार पार त्यहि जन्ता को हात मा छ। सुझ न बुझ को जन्ता भय दुःख आफै पाउने त हो।,leelamani gautam,yt:Rukum Purba chunav,comment,deva
आटंकारी प्रचण्डलाई  कुनै  पनि हराउनु पर्छ सन्दिप पुनलाई  जितको हार्दिक  शुभकामना,leelamani gautam,yt:Rukum Purba chunav,comment,deva
"के.पि, गगने, प्रचण्डे सहित पुराना भष्ट्र नेताहरू हार्न आवश्यक छ ।",leelamani gautam,yt:Rukum Purba chunav,comment,deva
अब पनि यो आतककारी लाई हरादिनु हुन रुकुम जनता अनरोध गर्छु ।,leelamani gautam,yt:Rukum Purba chunav,comment,deva
१७००० हजारको रगत पियको छ। केपि प्रचण्ड गगन पत्तासाप हुनै पर्छ।,leelamani gautam,yt:Rukum Purba chunav,comment,deva
प्रचण्ड जसरी आफ्नो रंग फेर्न माहिर छन् यसै गरी निर्वाचन क्षेत्र पनि सो यो मान्छे चुनाव मा हार्नु पर्छ ।,leelamani gautam,yt:Rukum Purba chunav,comment,deva
सन्दीप पुनका आमा बुवाको हाम्रो सुदूरपश्चिममा रगत बगेको छ । उनका आमा बुवा क्रान्तिका सिपाही हुन । अहिले नेताहरू बिचौलियाका दोस्त मात्र भएका छैन उनीहरुको बिचौलिया सित साँझेदारी चलिरहेको छ ।  सहीदको बलिदान  अविस्मरणीय मात्र हैन ऐतिहासिक पनि छ । महान रुकुमेली जनतालाई मेरो अनुरोध छ : प्लीज तिनै सहिद पुत्र सन्दीप पुनलाई जिताइदिनु है ।,leelamani gautam,yt:Rukum Purba chunav,comment,deva
अब तिमिनै देशको समस्याको समाधान होरा देश अप्ठेरो पार्ने तिमिहरु नै हो,leelamani gautam,yt:Rukum Purba chunav,comment,deva
जाहा बाटा सुरु भयो तै बाटा खतम हुने छ कलियुग को बास्ताबिक हो,leelamani gautam,yt:Rukum Purba chunav,comment,deva
प्रचण्डलाई हराउन सन्दीप पुन मगरलाइ जिताउन आँखा चुनाव चिन्हमा मतदान गरौ।,leelamani gautam,yt:Rukum Purba chunav,comment,deva
Prachandalai haraunai parxa,leelamani gautam,yt:Rukum Purba chunav,comment,latin
अपराधीलाई कतै ठाउँ मिल्नुहुन्न।,leelamani gautam,yt:Rukum Purba chunav,comment,deva
माउबादीभनेपछी जनतामाघृणापैदाहुन्छ करबलपैसाकोपाउर जालझेल डरधमास हुनीसम्मछलबलले जीत्तैआकोहो अबत जनताथाकेहोलान।।,leelamani gautam,yt:Rukum Purba chunav,comment,deva
Good analysis...❤❤,leelamani gautam,yt:Rukum Purba chunav,comment,latin
जेयान्मारा हार्नै पर्छ १७००० हजारको रगत पियको छ। केपि प्रचण्ड गगन लाई पत्तासाप हुनै पर्छ। जय घण्टी जय रबि जय बलेन,leelamani gautam,yt:Rukum Purba chunav,comment,deva
Rukumko janata sachet hunuhola,leelamani gautam,yt:Rukum Purba chunav,comment,latin
प्रचण्डे लाई हराऊँने लाई मूरी मूरी शुभ कामना,leelamani gautam,yt:Rukum Purba chunav,comment,deva
गाह्रो छ,leelamani gautam,yt:Rukum Purba chunav,comment,deva
1700 नेपाली जनता हत्यारा लाई जिताउनु हुन्न।,leelamani gautam,yt:Rukum Purba chunav,comment,deva
प्रचण्ड को कम्जोर नशो पत्तालगाउँने खड्के नै होलान् ।,leelamani gautam,yt:Rukum Purba chunav,comment,deva
कुनै  पनि मुल्यमा जनहत्यारा प्रचण्डलाई  हराउनु पर्छ,leelamani gautam,yt:Rukum Purba chunav,comment,deva
तीन पार्ती का काले काले काले नै हो दृश र जनता कङाल --- जृनणजी युवाहरसको भविष्य माथी खेल वाड गर्द‌ आयका डाणवहरुको अत्य गर्नै पर्छ---,leelamani gautam,yt:Rukum Purba chunav,comment,deva
Jaya ghanti 🔔🔔🔔🔔🇳🇵,leelamani gautam,yt:Rukum Purba chunav,comment,latin
Yas harauny parxa Yas ko xori harisakyo aba yo Baki xa,leelamani gautam,yt:Rukum Purba chunav,comment,latin
100%  Rukum purba ma jit hasil garerai xadxan ok,leelamani gautam,yt:Rukum Purba chunav,comment,latin
prachanda lai haraunu rukumeli janta ko hit hune chha,leelamani gautam,yt:Rukum Purba chunav,comment,latin
"Prachanda le jitlan, najitlan, thaa xaina, tera hajur le chai hamro maan jiti rakhnu vako xa hai madam",leelamani gautam,yt:Rukum Purba chunav,comment,latin
"पुर्ब-पश्चिम् जतै बाट लडे पनि प्रचण्ड ले यो चुनाब हार्नैपर्छ ! 
जय सुपा देउराली , 🙏",leelamani gautam,yt:Rukum Purba chunav,comment,deva
परचणड ले हारनै परदछ याे अपराधि हाे,leelamani gautam,yt:Rukum Purba chunav,comment,deva
जित्न अब मुस्किल छ कमरेट,leelamani gautam,yt:Rukum Purba chunav,comment,deva
आतन्ककारीका जमाना गए ! जय जय नेपाल,leelamani gautam,yt:Rukum Purba chunav,comment,deva
केपि गगन हार्नै पर्ने छ ! शेरे आर्जु पाखा लाए पछि अब यी दुईलाई पनि पाखा लगाए नयाँ ले भ्रष्टाचारी लाई तहा लगाउलान कि ?,leelamani gautam,yt:Rukum Purba chunav,comment,deva
"Desh  chalauna yogya neta prachanda,janta tapaiko sath xn❤",leelamani gautam,yt:Rukum Purba chunav,comment,latin
Chunab jitna ka lagi j pani garni emale sanga mileara hunxa ki congress hunxa ki aru jitna matrai uddesiya ho ek choti bheda banayera jitiyo bhane 5 barsa lai bhrama lut tara yo palta garo xa sarkar raswapa ko hunxa salary bahek kehi aru aas nagera hunxa aru party ka jiteka samsad haru,leelamani gautam,yt:Rukum Purba chunav,comment,latin
Kasaile jitnai parne kasto chunav hunchha ? Harjit hunchha chunavma.,leelamani gautam,yt:Rukum Purba chunav,comment,latin
रुकुम बासी सावधान प्रचण्डलाई नजिताउनु होला नत्र पछुताउनु पर्ला।,leelamani gautam,yt:Rukum Purba chunav,comment,deva
रुकुम को जनता को हात मा छ,leelamani gautam,yt:Rukum Purba chunav,comment,deva
हार्नै पर्ने  मान्छे  न हारेर को हार्छ त जनता को जनबाद ल्याउने  कमान्डर भन्ने सुनिन्थ्यो  त कहिले  हो,leelamani gautam,yt:Rukum Purba chunav,comment,deva
छेपालेको बोलीमा षध्यन्त्र छ........,leelamani gautam,yt:Rukum Purba chunav,comment,deva
Impossible ❌,leelamani gautam,yt:Rukum Purba chunav,comment,latin
तारा हो भाई बैनी तारा,leelamani gautam,yt:Rukum Purba chunav,comment,deva
अब पनि रुकुमको जनताले प्रचण्डलाई भोट हाल्छन् भने त्यहाँका जनताको काम छैन।,leelamani gautam,yt:Rukum Purba chunav,comment,deva
ह रानु प छ् 😊,leelamani gautam,yt:Rukum Purba chunav,comment,deva
Mo mero kuldev Karpakeli sanga pray gorxu ki yo 17k hatayara abo sir thank gorna koile koile sakne xoina,leelamani gautam,yt:Rukum Purba chunav,comment,latin
"यो चुनावमा प्रचण्ड हार्नुपर्छ। देशलाई सिङ्गापुर बनाउछु भनेको २० वर्ष हुनै लाग्यो, देशमा उल्लेखनीय केही काम गर्न नसक्ने मान्छेले ठाउँ ‌ओगटेर बसिराख्नु हुँदैन।",leelamani gautam,yt:Rukum Purba chunav,comment,deva
सेर बहादुर आफै बहिरे अब पालो केपि र प्रचण्डको। संम्सदमा प्रतिपक्छे नि नया आउनु पर्छ।,leelamani gautam,yt:Rukum Purba chunav,comment,deva
हार्नु पर्छ,leelamani gautam,yt:Rukum Purba chunav,comment,deva
यसपटक भ्रष्टहरुलाई सराप लाग्नेछ।सबै हार्नेछन।जय घण्टी 🔔🙏🇳🇵,leelamani gautam,yt:Rukum Purba chunav,comment,deva
"Comrade Prachanda jiu, kina daraunu vako hajur?",leelamani gautam,yt:Rukum Purba chunav,comment,latin
विस्लेशन गर्न पायाे त।,leelamani gautam,yt:Rukum Purba chunav,comment,deva
आधा समस्या समाधान हुन्थियो यो हारे,leelamani gautam,yt:Rukum Purba chunav,comment,deva
"Parchand lai haraunu hudeyna 
Desh ko lagi ati aawasyakta ho parchand",leelamani gautam,yt:Rukum Purba chunav,comment,latin
यसलाई नेपाली भाषामा असन्तुष्ट ब्यक्त गरेको भनिन्छ गुनासो होइन। त नलायकहरु नेपाली भाषा पनि आउदैन भने पहिला सुधार अनि पत्रकारता गर।,leelamani gautam,yt:Rukum Purba chunav,comment,deva
"Yesta dahi chiure parchanda lai tehaka janata le harauna parxa ,jay pun",leelamani gautam,yt:Rukum Purba chunav,comment,latin
Fataha.....,leelamani gautam,yt:Rukum Purba chunav,comment,latin
Kp prachanda GAGAN harke bahiskar garau desh banau 🙏🙏🙏,leelamani gautam,yt:Rukum Purba chunav,comment,latin
"प्रचन्डले हरेक चुनावमा किन ठाउ फेर्छन अब ठाउँ फेर्नेदिनगयो जनयुद्ध को नाममा १७००० जनाको हत्या गरेर राजनेता को पद हासिल गरे पश्चात प्रचन्ड ले देश र जनताको लागि केगरे देश र जनतालाइ दोहन गरेर भरस्टाचार गरेर अकुत सम्पत्ति जम्मा गरे माओवादी पार्टी समाप्त गरेर आजका दिन फेरी जनताको आँखामा छारो हाल्नको लागि जनतासँग छलकपट षणयन्त्रमा लागि परेकाछन् यस्ता भरस्टाचारी र हत्यारा लाइ फेरी जिताउनु देशसित हद
दारीगर्नुहो",leelamani gautam,yt:Rukum Purba chunav,comment,deva
के पी आफु हारे प्रचन्ड पनी हारे साथी हुन्छ भनेर,leelamani gautam,yt:Rukum Purba chunav,comment,deva
जय घण्टी जय रुकुम,leelamani gautam,yt:Rukum Purba chunav,comment,deva
रुकुमबाट देखि उदाएको परचण्डमुण्ड रुकुमबाट अस्ताउछ ।,leelamani gautam,yt:Rukum Purba chunav,comment,deva
"Samsad 
Bhawan Jane bato Banda garnu parchha hai 
Rakumaka babu Ama Daju Bhai
Didi Bahiniharu",leelamani gautam,yt:Rukum Purba chunav,comment,latin
Yo bhai Lai jitaunu parxa,leelamani gautam,yt:Rukum Purba chunav,comment,latin
त्यहाका जनताले हराउनै परछ त्यौ लुटेरालाई,leelamani gautam,yt:Rukum Purba chunav,comment,deva
केपी ओलि र प्रचण्डले हर्नु पर्छ  सधैंका लागि,leelamani gautam,yt:Rukum Purba chunav,comment,deva
Congratulations 👏🇻🇳🇻🇳🇻🇳🇻🇳🇻🇳🇻🇳🇻🇳,leelamani gautam,yt:Rukum Purba chunav,comment,latin
"पृथ्वीनारायण शाह स्मृति प्रतिष्ठान ।
गोंगबु काठमाडौ ।",leelamani gautam,yt:Rukum Purba chunav,comment,deva
"रुकुममा हार्दैन किनकी त्यो माओवादीको गढ हो त्यसमाथि जनता सिधा र अशिक्षयति छन किनेर ,धम्काएर,फकाएर भएपनी जित्छ",leelamani gautam,yt:Rukum Purba chunav,comment,deva
"प्रचण्ड जि, तपाईं हरुले एमाले लाई खेदो  खनेको झलझलि अँखा मा छ, र तपाईं हरुकै कारण ले गर्दा देश मा अहिले यो समस्या आएको हो ।",leelamani gautam,yt:Rukum Purba chunav,comment,deva
रुकुम पुर्बका जन्ताले यसपाली प्रचण्ड लाई हराउन सकेनन भने देश ले अझै दुख पाउछ त्यसैले प्रचण्ड लाई हराउनु पर्छ अरु जसले जित्दा पनि हुन्छ,leelamani gautam,yt:Rukum Purba chunav,comment,deva
Harna parxa sabai,leelamani gautam,yt:Rukum Purba chunav,comment,latin
जुन पार्टीको उमेदवारले जित्छ उसैको फोटो राखेको छैन तिमीले😅😅 राशोपाले जित्छ अहिले🎉,leelamani gautam,yt:Rukum Purba chunav,comment,deva
Jay parchanda,leelamani gautam,yt:Rukum Purba chunav,comment,latin
हराउनु पर्ने देखिएकाे भएर हाेला किनकी २३-२४ काे घटनामा तपाईंको पार्टीको पनि सँलग्नता देखिन्छ ।,leelamani gautam,yt:Rukum Purba chunav,comment,deva
Jay des Jay kamred prachanda,leelamani gautam,yt:Rukum Purba chunav,comment,latin
प्रचनडे केपी ओली सेरे देउवा बाबुराम राम्चन्द्र पौेल पतन गरेन भने देस कैलेपनी बनीन दैन मेरो लॉडो को घेरो जस्तो जै जेनजी पुस्ता 🇳🇵🇳🇵🔔🔔🔔🔔🔔🔔🔔🔔🔔🔔🔔🔔🔔🇳🇵,leelamani gautam,yt:Rukum Purba chunav,comment,deva
Sure harxan Prachanda le.,leelamani gautam,yt:Rukum Purba chunav,comment,latin
Vrasta haru harne  dar le  mukh nee chopne mala lagaera mukh chopeko rahicha😅😮,leelamani gautam,yt:Rukum Purba chunav,comment,latin
Rukumka jantale ghantima Bhot haler parcanda lai haraunuparchha,leelamani gautam,yt:Rukum Purba chunav,comment,latin
हराउनु पर्ने हो यो पाली भोट हाल्दा जनताले जानी बुझी भोट हाल्छन होला,leelamani gautam,yt:Rukum Purba chunav,comment,deva
Garlands लगाऐर ठूलो नेता बनदैन l,leelamani gautam,yt:Rukum Purba chunav,comment,mixed
"प्रचण्ड बुढो काम छैन है....! कामै छैन....! हिजो, तेहि भस्त्राचारी कांग्रेस र एमाले लाई साथ दियेको हो....! प्रचण्ड लाई हराउनै पर्छ ...., हार्नु पर्छ....!!!!!",leelamani gautam,yt:Rukum Purba chunav,comment,deva
Purana  neta ko boli ma na fsnu hola...,leelamani gautam,yt:Rukum Purba chunav,comment,latin
अरु केपीले शेरबहादुरले त जनतालाई झुक्याएका हुन् ढाँटेका हुन् सोझा जनतालाई जालमा पारेका हुन् यो ढाकाले त मान्छे मारेर आएको हो नि। सबैभन्दा बढी यो देश बिगार्नुमा यसैको हात छ हराउनैपर्छ। रुकुमका जनताले मनमा हात राखेर हराउनुपर्छ होला।,leelamani gautam,yt:Rukum Purba chunav,comment,deva
"पाउना लाई होईन त्यहाँ रहिथानिलाई भोट दिउ ।
यि आज यता भोलि कता",leelamani gautam,yt:Rukum Purba chunav,comment,deva
8:21 parbat ke huna कुसुम thapa mero gau ke,leelamani gautam,yt:Rukum Purba chunav,comment,mixed
जसरी पनि चुनाव जित्नै पर्ने?ठीक गरे ओलीले एउटै क्षेत्र बाट चुनाव लड्ने दम नभएको जनतिरष्कृत मान्छे रुहावट हो।,leelamani gautam,yt:Rukum Purba chunav,comment,deva
"नेपाली जनतालाई सधैं झूट बोल्ने, भ्रष्ट, संसद मा हल्ला मात्र गर्ने तर काम नगर्ने पुराना खराब नेता जस्तो कि ओली, गगन, प्रचण्ड हरु जस्ता  लाइ  यो चुनावमा भोट नदिनु होला।",leelamani gautam,yt:Rukum Purba chunav,comment,deva
Yo batase prachanda lai utano parnai parcha.,leelamani gautam,yt:Rukum Purba chunav,comment,latin
"घण्टी का झोले हरु social media मा भुकेर केहि हुन्न result त फाल्गुन 21मा आउँछ। अरु केही गर्ने हुति छैन, यहि social media मा भुक्ने त होनि।",leelamani gautam,yt:Rukum Purba chunav,comment,mixed
अब पनि यस्लाइ भोट हाल्ने रुकुम पुर्बी जनता भेडा हुन भन्ने बुझिन्छ त्याँहा बाट जितेर यस्ले के गर्छ आफ्नो स्वार्थ लुट्न काठमाडौ भाग्छ,leelamani gautam,yt:Rukum Purba chunav,comment,deva
"सहजै जित्छन् लाग्छ मलाई चै
किनकि प्रचण्डलाई जनयुद्ध कालदेखि नै पार्टी नेतृत्व मात्रै नभै देशकै नेतृत्व मान्दै आएका छन् ,अपवादमा २/४ जनाले विरोध गर्नु अस्वभाविक हैन।",leelamani gautam,yt:Rukum Purba chunav,comment,deva
प्रचण्ड भन्ने कहाँ को के होर चुनाब हार्नै नहुने ???,leelamani gautam,yt:Rukum Purba chunav,comment,deva
बिन्ती छ रुकुम को जनताहरु अब पनि  यो भ्रष्ट प्रचण्डे हत्यारालाई भोट दिनु हुन्छ भने तपाईं हरुले सुख पाउनु हुने छैन । अब काङ्ग्रेस एमाले माओवादी खाओबादी रा प्र पा कुनै पनि भ्रष्ट हरुलाई नजिताउनु होला ।नया लाई जिताएर मौका दिनु होला । जय माटो,leelamani gautam,yt:Rukum Purba chunav,comment,deva
"पुष्प कमल दाहाल (प्रचण्ड) ले अब सक्दो छिट्टो राजनीति बात सन्यास लिनु पर्यो।  किनकि तिमीले अहिलेसम्म केहि गर्नु सके छैन, आफ्नै कामरेड हरुलाई धोका दिनु बाहेक।  तिमीले ध्यान दिनु पर्छ कि आफ्नै छोरा र छोरी हरु लाई संसद बनाएपछि, नेपाली जनताले तिमीलाई बिश्वास गर्नु सक्छ ?",leelamani gautam,yt:Rukum Purba chunav,comment,deva
प्रचण्ड kp oli गगनथापा  ईतिन्जनाले हार्नुपर्छ  अनिमात्र।देशले शासफेर्छ,leelamani gautam,yt:Rukum Purba chunav,comment,mixed
Prachanda daraunu ko main karan…1. balen jati ko like comment kinna na sakne haisiyat bhako le 2. Pratigaman Kari le sunyojit rup ma sadyantra gareko le,leelamani gautam,yt:Rukum Purba chunav,comment,latin
Aba prachanda lai rukum purba ma rukumeli janatale badera ghas halxan....,leelamani gautam,yt:Rukum Purba chunav,comment,latin
Japali Janta r purbi rukum ko Janta katiko sichhit x herno Baki x hai,leelamani gautam,yt:Rukum Purba chunav,comment,latin
"बालेन र रवि विदेशी दलाल हुन जमानत जफत हुन पर्छ।  मुसाफर हरु को हात मा देश 
जानुदिनु हुदैन।",leelamani gautam,yt:Rukum Purba chunav,comment,deva
थुक्क ज्यान मारा😂😂😂,leelamani gautam,yt:Rukum Purba chunav,comment,deva
प्रचण्डले जसरि नि हार्नु पर्छ,leelamani gautam,yt:Rukum Purba chunav,comment,deva
Kasaile ak choti dhoka dinxa vane tapaiko galti hoina tar dosro choti tei bekti Lai Biswas garer feri dhoka khanu vaneko tapaiko afnai galti hunexa... Herau purbi rukum ka  Janata ma Kati Chet xa,leelamani gautam,yt:Rukum Purba chunav,comment,latin
प्रचण्डजी केपी ओलीलाई चिनेको थिएन र सुनाउनुपर्यो। कसलाई सुनाएको यस्ता कुराहरू तपाईँहरूको केपीसँग आन्तरिक होइन र तपाईँहरूको त आन्दोकाँसिएको हो केपीसँग,leelamani gautam,yt:Rukum Purba chunav,comment,deva
JAY balen jay ravi Jay ghanti jay rasopa jay Nepal vote for GHANTI 🔔🔔🔔🔔🔔🔔🔔🔔🔔🔔🔔🔔🔔🔔🔔🔔🔔🔔🔔❤️❤️❤️❤️❤️❤️❤️❤️❤️❤️❤️❤️❤️❤️❤️❤️,leelamani gautam,yt:Rukum Purba chunav,comment,latin
झिगा को सराप ले डिगो मर्दैन,leelamani gautam,yt:Rukum Purba chunav,comment,deva
Tyo jyanmara lai purbi Rukumelile dhapam haai only Sandip,leelamani gautam,yt:Rukum Purba chunav,comment,latin
प्रचण्ड ले हार्नै पर्छ ।,leelamani gautam,yt:Rukum Purba chunav,comment,deva
याे ज्यान्मारा प्रचन्डे लाई त्याहा काे जन्ता ले जिराे बनायर पठाउनु हाेला,leelamani gautam,yt:Rukum Purba chunav,comment,deva
प्रचण्ड को काम छैन पुर्बी रुकुम मा सिद्धै हार्छ।,leelamani gautam,yt:Rukum Purba chunav,comment,deva
तिमि चाहिँ काे हौ र जिताइदिन पर्ने ।,leelamani gautam,yt:Rukum Purba chunav,comment,deva
Bichaara runa maatra sakeko chhaina,leelamani gautam,yt:Rukum Purba chunav,comment,latin
केपिरपरचनडलाइेहराउनुपरछ,leelamani gautam,yt:Rukum Purba chunav,comment,deva
प्रचन्डले हारेर देशमा भुइचालो जादैन ।झन देशलाइ फाइदाछ।,leelamani gautam,yt:Rukum Purba chunav,comment,deva
रुकुम मा sandib पुनः r कुसुम ले Jitx ❤❤❤,leelamani gautam,yt:Rukum Purba chunav,comment,mixed
Rukum purbama ji hunxa prachandako,leelamani gautam,yt:Rukum Purba chunav,comment,latin
17 हजार को हतेरा,leelamani gautam,yt:Rukum Purba chunav,comment,deva
😂😂😂😂😂😂😂😂😂,leelamani gautam,yt:Rukum Purba chunav,comment,latin
Harani parcha,leelamani gautam,yt:Rukum Purba chunav,comment,latin
prachada harnu parcha dhesh ko sanai ko lagi,leelamani gautam,yt:Rukum Purba chunav,comment,latin
Baun lai vot denu hunna😂😂,leelamani gautam,yt:Rukum Purba chunav,comment,latin
Purana lai aba bye bye garam janta,leelamani gautam,yt:Rukum Purba chunav,comment,latin
यसपाली हार्ने निश्चित,leelamani gautam,yt:Rukum Purba chunav,comment,deva
Jay ghanti jay rukum chorlai no bhot lat thok,leelamani gautam,yt:Rukum Purba chunav,comment,latin
Ne ta ko vusiya report r ho muji❤❤❤❤❤❤❤❤,leelamani gautam,yt:Rukum Purba chunav,comment,latin
Harnu ra haraunu parxa,leelamani gautam,yt:Rukum Purba chunav,comment,latin
"Prachanda harxa ,yo hatyara ho.",leelamani gautam,yt:Rukum Purba chunav,comment,latin
त्या पनि प्रचन्ड मुर्गा,leelamani gautam,yt:Rukum Purba chunav,comment,deva
Z  जेलेस्की बाट देश बचाऊ ।😂😂😂😂😂😂😂😂😂😂😂😂😂😂😂,leelamani gautam,yt:Rukum Purba chunav,comment,mixed
We LOVE Prachanda-Madhav! Our vote for NeKaPa 5*,leelamani gautam,yt:Rukum Purba chunav,comment,latin
Prachanda hare 17000 paribbar neya pauchha harnai parchha,leelamani gautam,yt:Rukum Purba chunav,comment,latin
"prachanda haryo vani 2 kilo mutton lyaerw khanxuh 😁
kamta majja aauthyo yo aatankaari harey",leelamani gautam,yt:Rukum Purba chunav,comment,latin
Harnu parcha prachande,leelamani gautam,yt:Rukum Purba chunav,comment,latin
त्यो 17000 को हत्यारा आतंककारि लाइ हराउनै पर्छ,leelamani gautam,yt:Rukum Purba chunav,comment,deva
प्रचण्डको लाजमर्दो हर्कत ! जनताको छोराछोरी राष्ट्रपति बन्न पाउने ब्यवस्था भन्ने एउटा उमेदवार वनेको नेतालाई मलाई हराउन उठायो भन्दा कस्तो लाजमर्दो कुरा बोलेको  !,leelamani gautam,yt:Rukum Purba chunav,comment,deva
parchanda harnu bhaneko desle harnuho,leelamani gautam,yt:Rukum Purba chunav,comment,latin
सन्दिपले जित्नु पर्छ,leelamani gautam,yt:Rukum Purba chunav,comment,deva
Bot Ganti ma Jay Ganti,leelamani gautam,yt:Rukum Purba chunav,comment,latin
Prachanda lae dhulu chataunu parchha,leelamani gautam,yt:Rukum Purba chunav,comment,latin
"रूकमेली जनताहरूले प्रचण्ड लाई जमानत जफत हुने गरी हराएपछि,दोन्द आन्दोलनमा शहिदहरू र अपांग घाइतेहरूको मनले शान्ति पाउने छन् lजय घण्टी,  रूकमेली जनताहरूको जय,मातृभूमि नेेपालको जय 😮😮😮",leelamani gautam,yt:Rukum Purba chunav,comment,mixed
छ्पाराे काे बाेलि ।,leelamani gautam,yt:Rukum Purba chunav,comment,deva
Jungal batta ayeka hatyara jyanmara,leelamani gautam,yt:Rukum Purba chunav,comment,latin
प्रचन्ड ले हारे सिङ्गो नेपाल आमाले जित्ने छ❤,leelamani gautam,yt:Rukum Purba chunav,comment,deva
your media is guided  and not trustworthy.... Prchanda is the only leader who has been always relevent for our contemporary politicis.. He will win and must win ...,leelamani gautam,yt:Rukum Purba chunav,comment,latin
Thank you Bhushanji for bringing respected Lilamani Sir in Tough Talk. Wish you very happy retirement Lilamani Sir!,leelamani gautam,yt:Leelamani Gautam UML,comment,latin
Thanks bhusan ji  for great talk,leelamani gautam,yt:Leelamani Gautam UML,comment,latin
iconic public servant....u r really great Lilamani sir,leelamani gautam,yt:Leelamani Gautam UML,comment,latin
He is Great,leelamani gautam,yt:Leelamani Gautam UML,comment,latin
"BhusanJi Hajur Ko gestures man parena ajako yo episode ma, chair ma basda alik nahalliya hune ni!",leelamani gautam,yt:Leelamani Gautam UML,comment,latin
टिकाराम जि आजको तपाइको प्रस्तुति अनि प्रश्न गर्ने शैली प्रती सायद आज सबै दर्सकहरुको आपत्ति रह्यो मलाइत झ्वाक चल्यो तपाइको प्रस्तुतिले माफ गर्नु होला डाक्टर भिम रावल ज्यु को क्षमतामा तपाइँको प्रश्न सुहायन,leelamani gautam,yt:Leelamani Gautam UML,comment,deva
"इष्ट इण्डिया कम्पनीले भारत खाएको थियो,
द मिलेनियम च्यालेञ्ज कर्पोरेसनले नेपाल खान खोज्दै छ!
एमसीसी नेपाललाई धोका हो, देशको सार्वभौमिकता प्रति प्रहार हो!
सचेत हौं, आधुनिक दास नबनौं!!",leelamani gautam,yt:Leelamani Gautam UML,comment,deva
एमसिसी कुनै पनि हालतमा जस्ताकोतस्तै पास गरियो भने  एक एक गरेर काट्नुपर्छ,leelamani gautam,yt:Leelamani Gautam UML,comment,deva
"@Yatriji ले आफ्नो कुरा लाद्नु हुँदैन, यसपाली वक्तालाई बोल्न नदिएको आरोप तपाईं माथि लाग्नेछ। आगामी दिनमा सच्चिनु होला। -सुभेच्छुक",leelamani gautam,yt:Leelamani Gautam UML,comment,mixed
पत्रकार महोदय mcc को 77 पेज को सम्झौता लगेर पढ अनि बहस गर अर्का ले मोबाइल मा पठाएको पढेर बहस नगर,leelamani gautam,yt:Leelamani Gautam UML,comment,mixed
सबै साथी हरु भोलि MCC को  खुल्ल बहस ४ बजे देखि सुरु हुँदै छ सबै भोलि ४ बजे देखि नै जोडिनु होला !!! ज्ये देस ज्ये नेपाल टिकाराम दाइ 🙏🙏🙏,leelamani gautam,yt:Leelamani Gautam UML,comment,mixed
I am with honourable Dr Bhim Rawal in this interview. Mr tikaram yatree seems like mission oriented here.,leelamani gautam,yt:Leelamani Gautam UML,comment,latin
"टिकाराम जी को MCC अध्ययन कम हो कि जस्तो झल्कियो, MCC को गिजोलो समाप्त गर्न लिनुभएको अग्रसरता सकारात्मक छ, आजको कार्यक्रम हेर्न उत्सुक छु !",leelamani gautam,yt:Leelamani Gautam UML,comment,mixed
खरायोको सिकारमा अभ्यस्थ टिकाराम यात्री आज बाघको सामने परे।,leelamani gautam,yt:Leelamani Gautam UML,comment,deva
साच्चै नेपालीको मन बुज्ने गरी जबाफ दिनुभो भिमरावल ज्यु सलुट छ।🇳🇵🇳🇵🇳🇵,leelamani gautam,yt:Leelamani Gautam UML,comment,deva
आज टीकाराम जि mcc प्रती आकर्षक हुनु भो बुझ्न गाह्रो भो ??,leelamani gautam,yt:Leelamani Gautam UML,comment,mixed
रावोल ज्यु लाई हामी 3 करोड नेपाली हरुले सलाम गर्दछुँ NO MCC 🙏🙏,leelamani gautam,yt:Leelamani Gautam UML,comment,mixed
टिकाराम सर ले नेपाल को पत्रकार कि MCC को म एउटा मात्र  बहस सुन्न लायक लाग्थ्यो उहाँ को तर निराश बनाउनु भो।,leelamani gautam,yt:Leelamani Gautam UML,comment,mixed
Nation leader we all are support your nation issue  and nation  benefit,leelamani gautam,yt:Leelamani Gautam UML,comment,latin
टिका जी MCC को हरेक दफ़ा पढ़नु होला फलानोले यसो भन्यो ढ़िस्कनोले  उसो भन्यो भनेर प्रश्न नसोधनुहोला भोलिको कार्यक्रममा,leelamani gautam,yt:Leelamani Gautam UML,comment,mixed
राष्ट्रियताको मुद्दामा भिम रावल संग।,leelamani gautam,yt:Leelamani Gautam UML,comment,deva
टिकाराम जि पहिला अध्ययन गर्नुपरो mcc को पुरा कम्प्याक्ट्।,leelamani gautam,yt:Leelamani Gautam UML,comment,mixed
dr. Rawal very good ❤️❤️,leelamani gautam,yt:Leelamani Gautam UML,comment,latin
Rawal Sir You r Great for Nepal & Nepali Thank you so much.,leelamani gautam,yt:Leelamani Gautam UML,comment,latin
टीकारामजी पहिला मुसुक्क हाँस्ने मान्छे आज किन यति रातोपीरो? ऋषि धमलाको तरिका तपाइलाई सुहाएन है!,leelamani gautam,yt:Leelamani Gautam UML,comment,deva
डा. साब आजको बहसमा आउनु पर्छ।,leelamani gautam,yt:Leelamani Gautam UML,comment,deva
कता कता बिकास गर्ने हो सेयर आवान गर 2/4 हजार गरि हामी तयार छौत,leelamani gautam,yt:Leelamani Gautam UML,comment,deva
मान्य डा.भिम रावाल ज्यूको MCC बिषयमा स्पस्ट छ तेति भन्दा पनि अजै एक्लै बनाउन खोज्छ भने भोलिका दिनमा MCC ले गर्दा नेपालको नाम निशान नै हराउने अबस्था अायो भने तेति बेला पछुताप गरेर केही हुन सक्दैन! २ करोड ५० लाख जन्ता mcc बिपक्षामा छौं।,leelamani gautam,yt:Leelamani Gautam UML,comment,mixed
रास्ट्र जोगाउने येस्तै नेता ले हो क्या प्रष्ट बिचार प्रखर बक्ता र देश भक्ति भाब झल्काउने अभिव्यक्ति वा वावा,leelamani gautam,yt:Leelamani Gautam UML,comment,deva
भिमराहुलजिले बोलेको कुराले जनताको मनमा छुन्छ।🙏🙏🙏🙏🙏,leelamani gautam,yt:Leelamani Gautam UML,comment,deva
Bhim rawal अगाडि वढ्नुस,leelamani gautam,yt:Leelamani Gautam UML,comment,mixed
यसपटक भिम रावललाई आखा चिम्लेर साथ दिनुपर्छ सबै नेपालीले,leelamani gautam,yt:Leelamani Gautam UML,comment,deva
wait from india jay Nepal loved Nepal,leelamani gautam,yt:Leelamani Gautam UML,comment,latin
हैन यात्री जी ले mca को निर्देसकले जे जसरी ब्याख्या गर्यो त्यो authentic हो भनेर किन बार बार भन्न पर्यो ? सम्झौता mca को website मा नेपाली र english मा देको छ त  । त्यो किन नपढ्या ?,leelamani gautam,yt:Leelamani Gautam UML,comment,mixed
I am with bhim रावल,leelamani gautam,yt:Leelamani Gautam UML,comment,mixed
पत्रकारको मपाइत्वो धेरै भो। आफै हाबी हुन खोज्ने  शैली ठिक लागेन। भिम जि को बिस्लेशन सहि छ।,leelamani gautam,yt:Leelamani Gautam UML,comment,deva
टिका जि यो बहसले तपाइँको स्तर नांगियो॥ कि खड्गेको तलबि हो तपाइं?? प्रेसर हाइ भयो ठहरै पर्नुहोला है कुल हुनुहोस॥,leelamani gautam,yt:Leelamani Gautam UML,comment,deva
Dhanyabad chha rawalji ramro study garer aunu bhayekoma. Tikaram yatrijile uthayeka harek question ko gatilo answer dinu bhayeko chha.,leelamani gautam,yt:Leelamani Gautam UML,comment,latin
Aaj chahi yatri ji le mcc ko support gareko dekhyo khabardar,leelamani gautam,yt:Leelamani Gautam UML,comment,latin
भिम रावल जस्तो नेता लाइ सलाम छ | mcc नेपाल  को लगि कदापि हित मा छैन |,leelamani gautam,yt:Leelamani Gautam UML,comment,mixed
"100%सहि हो 1000%ठिक हो 

जय नेपाल भिम रावल जी",leelamani gautam,yt:Leelamani Gautam UML,comment,deva
विद्वान नेता भिम दाइको तर्क दमदार लाग्यो। 🙏🙏👍👍,leelamani gautam,yt:Leelamani Gautam UML,comment,deva
"Dr.Rawal is 100 pc.right.
MCC ( USA)is equal to East India Company ( UK ).
Be careful, read carefully, 
Pay attention carefully before  Gov. signs any agreement.
सार्बभौम राष्ट्र को स्वतन्त्र न्यायपालिका को क्षेत्राधिकारलाई 
वाह्यले अतिक्रमण गर्न  मिल्छ ? गर्न खोजे के हुन्छ? सबैले बुझिराख्नु पर्छ ।",leelamani gautam,yt:Leelamani Gautam UML,comment,mixed
भिम रावल जि पहिले के थिए कस्ता थिए मलाई थहा छैन तर मैले जनेकाे देखि देस र जनता काे हित्काे कुरा गर्नु हुन्छ सलाम छ🇳🇵🇳🇵,leelamani gautam,yt:Leelamani Gautam UML,comment,deva
"आजको बहसमा चाहिँ टीका जी अलि चुकेको देखियो, Mcc सम्झौता अध्ययन गर्नुको सट्टा अरुले भनेका कुराहरुमा मात्रै सिमित रही टिप्पणी गरेको देखे । भिम सरले अरुले भनेको भन्दा पनि सम्झौताका दफा अनुसारको टिप्पणी सही लाग्यो ।",leelamani gautam,yt:Leelamani Gautam UML,comment,mixed
Thank you Bhim sir for this wonderful comments.,leelamani gautam,yt:Leelamani Gautam UML,comment,latin
देश बनाउने पनि बाहुन देश बिगार्ने पनि बाहुन जे गर्छ बाहुनले गर्छ!तर आज यात्री जि धेरै तातेको देखिएको छ किन हो गाली खानु मन लागेको होर तपाईंलाई🤨🤨🤨🤨,leelamani gautam,yt:Leelamani Gautam UML,comment,deva
Very important  discussion  for Mcc due  to future  is our hand god bless you,leelamani gautam,yt:Leelamani Gautam UML,comment,latin
"संविधानमा indian हरुको असन्तुष्टि chinese बि आर आई र american MCC को कोपभाजनमा परेर नेपालले आफ्नो हैसियत झन झन गुम्दै  जाने स्थिति त छैन ? यी तमाम चेपुवाबाट जोगाउदै अघि बढन सक्ने दृस्टी, दुरदर्शिता र ल्याकत राख्न सक्लान अहिलेको राजनैतिक नेतृत्वले ?",leelamani gautam,yt:Leelamani Gautam UML,comment,mixed
"Tika Ram Yatri G le,jun yo MCC based discussion ko initiative linu bha cha ,tasko laagi dherai dherai dhanyabaad cha.,tara falanale \dhimkana le bhaneko kura na bolum,chahe tyo PM nai kina nahos..,yesle tapaikai ejjat ghatcha..,baru contract document padera bolnus na..,underline garera dhekaunus tapaiko kura ,ya yo lekhya cha bhanera...,Go ahead Yatri G..,200% sure nepal wants this from u...all the best.",leelamani gautam,yt:Leelamani Gautam UML,comment,latin
ऋषि धमला भएछ यो टिकाराम  यात्री पनि ।,leelamani gautam,yt:Leelamani Gautam UML,comment,deva
सलाम छ भिम रावल लाई टिकाराम जस्तो पत्रकार लाई ट्वा पारिदिए,leelamani gautam,yt:Leelamani Gautam UML,comment,deva
Great Dr rawal,leelamani gautam,yt:Leelamani Gautam UML,comment,latin
यो mcc प्रसङ्गले धेरै नै गिजोल्यो !! जसरी तिकाराम जि प्रस्तुत हुनु पर्ने त्यो देखिएन !! जेहोस भिम रावल नेताज्युको बिज्ञतालाई मानै पर्छ !!to the point focused bhim rawal 🙏🙏🙏🙏🙏🙏🙏🙏🙏🙏🙏🙏,leelamani gautam,yt:Leelamani Gautam UML,comment,mixed
माननीय भिम रावललाई पनि अगामी बहस राख्दा आझै राम्रो हुन्छ नि।,leelamani gautam,yt:Leelamani Gautam UML,comment,deva
I always with you.,leelamani gautam,yt:Leelamani Gautam UML,comment,latin
Tikaram ji aaj tapailai ke bhayo aaj ko karyakram raksi khayera chalaunu bhayeko jasto po lagyo,leelamani gautam,yt:Leelamani Gautam UML,comment,latin
सबैभन्दा राम्रो डा. भिम रावल लगायतका committee ले दिएको रिपोर्टको आधारमा सच्याउनु पर्ने बुँदामा छलफल गरेर अनुमोदन गरौ होइन भने यसलाई खारेज गरौ। हरेक दिन अनावश्यक बिबाद गरी समय खेर नफालौ। राष्ट्रिय स्वार्थ पहिलो प्राथमिकतामा हुनुपर्छ। Nepal First! 🇳🇵,leelamani gautam,yt:Leelamani Gautam UML,comment,mixed
Tikaram g Pani mcc ki bhag ma parejasto po lago,leelamani gautam,yt:Leelamani Gautam UML,comment,latin
"Namaskar hajur ,tq hajurlye",leelamani gautam,yt:Leelamani Gautam UML,comment,latin
खड्ग बहादुर बिष्टको बोली बोल्दैछ्न त आज टिकाराम यात्री 😐️,leelamani gautam,yt:Leelamani Gautam UML,comment,deva
भिम ज्यु भोलि को बहस मा हजुर आउनु पर्यो।  टिकाजी ले तथ्यमा रहेर प्रश्न गरेको पाइए।,leelamani gautam,yt:Leelamani Gautam UML,comment,deva
तेयाे कारेकरम मा भिमरावल र कांग्रेस का बरिषट नेता जाे भए पनि राखुनुस है फेरि बुदा बुदा नपढेर बिकासका कुरा मात्रै  हाेला हामिलाई बिकास हैन तेयाे संमजैता के हाे भनेकुरा चाहिएकाे छ जसले कालापानि जसताे नहाेस,leelamani gautam,yt:Leelamani Gautam UML,comment,deva
धन्यवाद उहाको कुरा प्रसारण गर्दिनु भएको मा,leelamani gautam,yt:Leelamani Gautam UML,comment,deva
निर्देसित प्रस्न सोध्दै छ यो मुला अध्ययन गर यात्री,leelamani gautam,yt:Leelamani Gautam UML,comment,deva
Dr Bhim Rawal is sincerely a true great leader of Nepal. Interviewer should respect his diplomacy and knowledge of our Motherland.,leelamani gautam,yt:Leelamani Gautam UML,comment,latin
अाज साच्चै.कडा बहसको पर्खाईमा छौ हामीसबै राष्ट्र प्रेमीहरु ।,leelamani gautam,yt:Leelamani Gautam UML,comment,deva
"Good sir salam right  bhannuvo pass
Garnu hudain",leelamani gautam,yt:Leelamani Gautam UML,comment,latin
Mcc बहसमा माननिय भिम रावल राख्नु पर्छ बिज्ञहरुसङ्गको बहसमा।,leelamani gautam,yt:Leelamani Gautam UML,comment,mixed
"Dr, Bhim rawal jyu tapainko pachhi hami sampurna bhaiharule chhaun yo mccko udesya thikdemhdina desh bachaunuhosh save.our Motherland, Jay Nepal JAY Greater Nepal,",leelamani gautam,yt:Leelamani Gautam UML,comment,latin
Yatri laai pyak  pyak paaryo .hahaha.bhim rawal is tough,leelamani gautam,yt:Leelamani Gautam UML,comment,latin
जनपक्षीय पत्रकारको छवि बनाएका टिकाराम जी को नियतमाथि शंका गर्ने प्रशस्तै ठाउँ छ । आजको प्रस्तुतिले ।,leelamani gautam,yt:Leelamani Gautam UML,comment,deva
आज टिकाराम जि किन यति तातेको यिनी नि उतैका मान्छे हुन कि जस्तो लाग्यो,leelamani gautam,yt:Leelamani Gautam UML,comment,deva
पदको कुन्ठाले अनेक समस्या निम्याउछ mcc वार कि पार सगै राजनीतिपनि वार कि पार हुनुपरो भिम रावल लाई मेरो आग्रह सम्पुर्ण वैदेशिक अनुदान एन्जियो आइएन्जियो पनि भगाउनु परो हामी हाम्रो देश आफै बनाउनु परो।,leelamani gautam,yt:Leelamani Gautam UML,comment,mixed
Kasle lekheko kura haru sodhnu vako tikaram ji tapaile...mcc ma lekheko kura bhim rawal ji sanga cha tyehi herera sodhe hunthiyo ni tapaile,leelamani gautam,yt:Leelamani Gautam UML,comment,latin
"ma tikaram yatri sir ko tamasoma jyotirgama ko harek episode herne garxu, sarai ramro vaneko socheko jasto prasna priti prsna garnu huntheu, tara hijo ko episode le nirassa banai diyi , kina ki yatri  sir le mcc ko samjhauta ma j lekheko xa tyo vanda vahira gayera anabasek kura lai prathamikta diyeko dekhera dukhit xu , aasa xa uhale aaune dinma sachyaunu hunexa",leelamani gautam,yt:Leelamani Gautam UML,comment,latin
अब dollar को आरोप टीकाराम सरलाई लाग्ने भो।,leelamani gautam,yt:Leelamani Gautam UML,comment,mixed
Dr. Bhim Rawal lai ni MCC bises bahas ma bolaunu paryo please,leelamani gautam,yt:Leelamani Gautam UML,comment,latin
Tikaram ji tapai lai dherai thaha chaina raicha mcc ko barema Bharat dahal ji lai pani bolaunu ani thaha huncha tapai lai mcc ko barema ajhai ramro sanga....bhim rawol jindabad,leelamani gautam,yt:Leelamani Gautam UML,comment,latin
भबिष्य को प्रधानमन्त्री भिम रावाल सर नमस्कार यो MCC देश र जन्ता को लागि घात हो यस लाई कार्यनोईन गर्नु दिनु हुन्न हजुर को साथमा जन्ता छ कहिलै पछि नहट्नुस,leelamani gautam,yt:Leelamani Gautam UML,comment,mixed
33:43 wow Bhim Rawal.    Kyaa answer,leelamani gautam,yt:Leelamani Gautam UML,comment,latin
"भिम रावल सर, तपाईंलाइ यो सम्झाैता अच्छ्यरस प्रष्टयाइ दिनुभएकोमा मुरी मुरी धन्यवाद ।। टिकाराम सरको आउने शृङखलाको धेरै प्रतिच्छ्यामा छु ।। भरत दाहाल सरलाइ पनि समावेश गर्नुपर्यो र त्यो दलाल प्रकाश शरण महतेलाइ पनि।।",leelamani gautam,yt:Leelamani Gautam UML,comment,deva
स्वणिम वाग्ले ले 50 अर्ब डलर भन्दै छ त????,leelamani gautam,yt:Leelamani Gautam UML,comment,deva
डा• भीम रावलजीलाई बधाई !🇳🇵,leelamani gautam,yt:Leelamani Gautam UML,comment,deva
टिका अर टिप्पणी हेरेर हार मान्नु भन है । आज दुध को दुध पानी को पानी छुट्याउनु पर्छ । बेलुका डा: रावल लाइ पनि ल्याउनु पर्छ ।,leelamani gautam,yt:Leelamani Gautam UML,comment,deva
Dhanyabad Sammaamananiya Bhim R.joo.Hami 3 corod tapai ko saath ma chhau.@,leelamani gautam,yt:Leelamani Gautam UML,comment,latin
म भिम सर को कुरा मा सहमत छु |,leelamani gautam,yt:Leelamani Gautam UML,comment,deva
Yes Bhim rowal sir your explanation was grate  clearly,leelamani gautam,yt:Leelamani Gautam UML,comment,latin
Bhim sie drashan 🇳🇵🇳🇵🇳🇵🇳🇵🇳🇵🇳🇵🇳🇵,leelamani gautam,yt:Leelamani Gautam UML,comment,latin
"I love it,DR Rawal very clean and clear speech!! But where is Gagan Thapa?",leelamani gautam,yt:Leelamani Gautam UML,comment,latin
भिम रावल को विचार सहि छ।,leelamani gautam,yt:Leelamani Gautam UML,comment,deva
Tika sir पत्रकारिता प्रती नतमस्तक छु।।,leelamani gautam,yt:Leelamani Gautam UML,comment,mixed
एम सी सी पास भ एमा पत्रकार लाई कती कमीसन आऊछ हौ,leelamani gautam,yt:Leelamani Gautam UML,comment,deva
Dhanebad samshad jiu Nepal & Nepali ko lagi ladnu vax tapai ho Nepal ko pahilo bidhwan samshad,leelamani gautam,yt:Leelamani Gautam UML,comment,latin
देश र जनताको हकहितको लागि निरन्तर आबाज उठाउने नेता भिम रावोल नै हुन ! यो रास्ट्र घाति एम सि सि संजौता नेपाको हितमा छैन यो तुरून्त खारेज गरियोस !!,leelamani gautam,yt:Leelamani Gautam UML,comment,deva
"Listen to what happens after someone's brokerage. The face of the listener Tikaram Yatri is worth seeing today.
  There is no desire to speak in favor of MCC, his face says he is compelled I was surprised by the presentation. Tikaram ji, really put your hand on your heart and tell me, did you study MCC thoroughly and get interviewed?",leelamani gautam,yt:Leelamani Gautam UML,comment,latin
भीम रावल पछीनहटनोस जनता तपाइको साथ छन,leelamani gautam,yt:Leelamani Gautam UML,comment,deva
पत्रकार को पनि मिलेमतो जस्तो देखियो त।,leelamani gautam,yt:Leelamani Gautam UML,comment,deva
Yatri jee arko episode ma dubai pannelist lyaunu paryo.,leelamani gautam,yt:Leelamani Gautam UML,comment,latin
टीका राम यात्री जि आज किन येति आक्रमक सुहायेन बिचार प्रष्ट किन राख्न दिनुभएन,leelamani gautam,yt:Leelamani Gautam UML,comment,deva
"माननिय भिमरावल सर याे mcc जसरि हुज्छ ब्याक गरुम ,,अाम जन्ताकाे धाराणा र सम्रथन तपाईंको साथ मा",leelamani gautam,yt:Leelamani Gautam UML,comment,mixed
"America le eas lai pelnu ko meaning
Dal me kuchh kala he
Nepali janastar bata eatro birodh huda pani pass garauna mari hattyaa garnu le yiii nepal ka vrasta neta vanauda lai deal gareko kamisan pachaunu parne badhetta hola
# back off mcc",leelamani gautam,yt:Leelamani Gautam UML,comment,latin
Pls arrange next talk ASAP,leelamani gautam,yt:Leelamani Gautam UML,comment,latin
"मैले पनि MCC Compacts agreement पटक पटक पढेको छु र MCA Nepal को CEO को भनाइहरू पनि सुनेको छु। उहाँले दिनुभएको तर्कहरुलाई दस्ताबेजले सपोर्ट गर्दैन। डा. भिम रावल, देव गुरुङ, डा. संगौलाहरूले भनिरहेका कुराहरू तथ्य र तर्कसंगत छन् तसर्थ यो MCC परियोजना नेपाल र नेपालीको हीतमा छैन।",leelamani gautam,yt:Leelamani Gautam UML,comment,mixed
"Interview लिने र दिने दुवै उत्तिकै राम्रा मान्छे❤️। आज चीनको बारेमा धेरै कुरा थाहा पाइयो , दुवै सँग ज्ञानको भण्डार छ , सलाम छ दुवैलाई👏.",leelamani gautam,yt:Leelamani Gautam UML,comment,mixed
लिलामणि सरले कति मजाले छर्लङ्ग हुनेगरि बुझाइदिनु भयो।😍😍😘,leelamani gautam,yt:Leelamani Gautam UML,comment,deva
"पर्गेल्न 
टिकाराम सरले खुबै प्रयोग गर्नु हुन्छ यो शब्द",leelamani gautam,yt:Leelamani Gautam UML,comment,deva
"नेपालमा लिलामणी पाैडेल जस्तै पच्चिस जना हुने हाे भने देसकाे कायपलट हुन्छ। उहाँ एउटा बुद्दि ,ज्ञान र अनुभबकाे पुलिन्द हाे।",leelamani gautam,yt:Leelamani Gautam UML,comment,deva
भारत जस्तो देश नेपाल को छिमेकि हुनुनै नेपाल र नेपालीको लागि दुर्भाग्य रैछ जस्तो लग्यो |,leelamani gautam,yt:Leelamani Gautam UML,comment,deva
"सुसुचित गराउनु नेपालकाे पक्षमा सर्बोच्च क्रान्तिकारी विषय हाे, धन्यवाद लिलामणि सर",leelamani gautam,yt:Leelamani Gautam UML,comment,deva
"म चीनमा छु।। लीलामणि सरले जे जे भन्नु भएको छ।। एकदम सही भन्नु भएको छ, किन कि मलाई इतिहाँस थाहा नभए पनी जुन तरिकाले यो देशले फडको मारी रहेको छ त्यो हेर्ने हाे भने रहर लाग्दो र नेपाल ले अती नै धेरै भन्दा धेरै सिक्नु पर्ने कुरा हरु छन्।। जुन अहिले का नेता हरुबाट हुन सक्दैन।। शिक्षित युवा शक्ति नै अगाडि आउनु अती आबस्यक छ।।।🙏🙏🙏🇳🇵🇳🇵🇳🇵🇨🇳🇨🇳🇨🇳🇨🇳",leelamani gautam,yt:Leelamani Gautam UML,comment,deva
अति उपयोगी जानकारीमुलक अन्तरबार्ता । धेरै कुरा जान्ने अवसर मिल्यो ।,leelamani gautam,yt:Leelamani Gautam UML,comment,deva
मीठो अन्तर्वार्ता।,leelamani gautam,yt:Leelamani Gautam UML,comment,deva
"Sahi bishlesan garnu bhaeko chha, wahaa dhanyabaadko paatra hunu hunchha….🔥
                                                                  🔥.  🔥",leelamani gautam,yt:Leelamani Gautam UML,comment,latin
"साह्रै मन पर्यो यो कुराकानी ,धन्यवाद !",leelamani gautam,yt:Leelamani Gautam UML,comment,deva
"कृते प्रसाद,प्रचण्डे र लठेब्रो ले सुन्नु होला चीन कसरी अघि बढ्यो",leelamani gautam,yt:Leelamani Gautam UML,comment,deva
dedicated diplomat and truly constructive  journalism .hats off .,leelamani gautam,yt:Leelamani Gautam UML,comment,latin
"आज चीनको बारेमा धेरै कुरा थाहा पाउँन पाइयो । अन्तर्वार्ता दिने र लिने दुवै संग धेरै ज्ञान छ , धेरै धन्यवाद यात्री जी",leelamani gautam,yt:Leelamani Gautam UML,comment,deva
गज्जब अन्तर्वार्ता ।,leelamani gautam,yt:Leelamani Gautam UML,comment,deva
टिकाराम यात्री एउटा राम्राे पत्रकार सबै किसिमको जानकारी अध्ययन भएको तर पाहुनालाइ साेधेकाे प्रश्नको उत्तर ९०% अाफैले दिने अजाबु,leelamani gautam,yt:Leelamani Gautam UML,comment,deva
Ati sundar dangale bislesan garnu bayo,leelamani gautam,yt:Leelamani Gautam UML,comment,latin
Good interaction about neighbors countries,leelamani gautam,yt:Leelamani Gautam UML,comment,latin
Well said. Dr. Surendra KC must watch .,leelamani gautam,yt:Leelamani Gautam UML,comment,latin
Most informative interview,leelamani gautam,yt:Leelamani Gautam UML,comment,latin
Thanku yatri sir चीन को बरेमा धेरै  कुरा थाहा  भयो,leelamani gautam,yt:Leelamani Gautam UML,comment,mixed
"धेरै राम्रो अन्तरबार्ता , अब बिजय कुमार पाण्डे को अन्तरबार्ता भए धेरै राम्रो हुन्थ्यो ।",leelamani gautam,yt:Leelamani Gautam UML,comment,deva
Great knowledge with great personality lilamani sir,leelamani gautam,yt:Leelamani Gautam UML,comment,latin
ज्ञानवर्धक ।,leelamani gautam,yt:Leelamani Gautam UML,comment,deva
अब विजय कुमार पाण्डे सरसंगको एकदमै बौद्धिक अन्तर्वार्ता हेर्ने मन छ ।,leelamani gautam,yt:Leelamani Gautam UML,comment,deva
Jyanbardak xa tikaji.,leelamani gautam,yt:Leelamani Gautam UML,comment,latin
चिनले अभुतपुर्व तरिकाले गरिबी कसरी घटायो ? नेपालले चिनवाट के सिक्न सक्छ? भन्ने प्रश्न सोध्नु हुन्छ कि जस्तो लागेको थियो तर सोध्नु भएन ।खल्लो लाग्यो । सारमा अन्तर्वार्ता राम्रो नै लाग्यो ।,leelamani gautam,yt:Leelamani Gautam UML,comment,deva
अतिनै महत्त्वापूर्ण अंतर्वार्ता।,leelamani gautam,yt:Leelamani Gautam UML,comment,deva
Excellent explanation,leelamani gautam,yt:Leelamani Gautam UML,comment,latin
Very interested 👌,leelamani gautam,yt:Leelamani Gautam UML,comment,latin
Must informative interview !,leelamani gautam,yt:Leelamani Gautam UML,comment,latin
Worth to Watch 🤞✌️🤞,leelamani gautam,yt:Leelamani Gautam UML,comment,latin
Worth it.🙏,leelamani gautam,yt:Leelamani Gautam UML,comment,latin
Good dialogue. Thank u,leelamani gautam,yt:Leelamani Gautam UML,comment,latin
"सारमा मैले बुझेको,
लगनशीलता, मेहनत, कडा परिश्रम र दुरदर्शिताको प्रतिफल = चीन",leelamani gautam,yt:Leelamani Gautam UML,comment,deva
Nice one...,leelamani gautam,yt:Leelamani Gautam UML,comment,latin
नेपालका भ्रष्ट कमिशनखोर कमाउनिष्टहरुलाई के भन्ने हामीले !!!,leelamani gautam,yt:Leelamani Gautam UML,comment,deva
"What we r going through in our politics, The race to power will make people rethink the value of democracy. Sooner or later.",leelamani gautam,yt:Leelamani Gautam UML,comment,latin
"Subtitle should be in english too,really lesson bearing",leelamani gautam,yt:Leelamani Gautam UML,comment,latin
You are right sr  China.,leelamani gautam,yt:Leelamani Gautam UML,comment,latin
चीन जस्तो देश नेपाल भएकोभए यस्ता अन्तर्वाता दिने मान्छे अहिले लालिता निवास प्रकारणले कम्तिमा पनि जेल मा हुन्थेहोला,leelamani gautam,yt:Leelamani Gautam UML,comment,deva
Mr Poudel is smart in general knowledge still.,leelamani gautam,yt:Leelamani Gautam UML,comment,latin
"छिमेकी दुईवटा देश सग अपरिहार्य सन्तुलिन सम्बन्ध ,तेस्रो देश सग आफु सहमत भएर मात्रै गर्न अत्यन्तै महत्वोपुर्ण पाठ नेताहरुको गिदिमा छिरोस।",leelamani gautam,yt:Leelamani Gautam UML,comment,deva
"कुराकानी मात्र गरौं।
भ्रष्टाचार संस्थागत गरौं,
जनताको हुर्मत काढौं।
कुरा गरौं,कुरा गरौं।",leelamani gautam,yt:Leelamani Gautam UML,comment,deva
हा हा हा ! सरि है लीलामणि सर !,leelamani gautam,yt:Leelamani Gautam UML,comment,deva
"Tepre jaiesi desh baata unmulan nagare samma nepalko haalat kahile pani ubho laagdaiena, tyasaiele tepre jaiesi unmulan abhiyaan chalaau.",leelamani gautam,yt:Leelamani Gautam UML,comment,latin
लिलामणी जी ले भनेअनुसारका चार वुंदाहरु नेपालका सन्दर्भमा पंचायत दर्शन र अभ्यास अनि शान्तिक्षेत्रको प्रस्ताव संग वुंदागतनै तुलना हुन सक्दारहेछन् । निश्पक्ष र निरपेक्षताका साथ विश्लेषण गर्नुपर्ने र मौलिक पहिचानका साथ परिवर्तनमा जानु पर्नेहोकी नेपालपनि ।,leelamani gautam,yt:Leelamani Gautam UML,comment,deva
"लीलामणि सर अलि आफैं मात्र बोल्न खोजे जस्तो लाग्यो । यात्री सरले कुनै कुरा दर्शक ले बुझ्नेगरि अलि Clearify गर्ने खोजदा निदिएजस्तो देखियो।
समग्रमा भन्नुपर्दा एकदमै अर्थपूर्ण अन्तर्वार्ता ।",leelamani gautam,yt:Leelamani Gautam UML,comment,mixed
"हाम्रै तराइमा पनि जमिन्दारका चेपोमा छन् किशानहरू। तिनै जमिन्दारका मान्छेहरू किशानका जमिन धरौटीमा राख्न वाध्य बनाई कमिशनसमेत खाई निरीह युवाहरूलाई अरब र मलेसिया पठाइरहेकै छन्।
(यो कुराकानीलाई अङ्ग्रेजीमा उल्था गर्दा बिेदेशीले पनि हेर्नेछन्)",leelamani gautam,yt:Leelamani Gautam UML,comment,deva
THINK TANK like Kishore Mahbubani has written on DEPTH about CHINA from ASIAN EYES..........China Vision by Daniel Wagner is  a great book to understand CHINA from WESTERN EYES.......,leelamani gautam,yt:Leelamani Gautam UML,comment,latin
चौथो छलाङ को त कुरै गर्नु भएन लिलामणी सर ले टिकाराम जि पनि अल्मलीनु भयो ।,leelamani gautam,yt:Leelamani Gautam UML,comment,deva
"हामी जैले पनि अरुले हाम्लाई कठै भन्दे हुन्थ्यो जस्तो ठान्याे तर,सार्वभौमसत्ता सम्पन्न राष्ट्र भन्दै त्यसको दुहाइ दिई रह्याै,जसले गर्दा पश्चिमा र दक्षिण तिरबाट सधैं हाेच्चाइ रहे कठै  भनिरहे/ठानी रहे।
साच्चै देश विकास गर्नु छ भने चीनबाट inspiration लिदै हातेमालो गर्दै अघि बढाै।उसका स्वार्थ त हाेलान तर,हाम्रो सार्वभौमसत्ता धर्मराउने गरि हस्तक्षेप चाहिँ गर्दैन।जस्तो दक्षिण तिरबाट त्यो बाहेक अर्को लक्ष्य छैन।",leelamani gautam,yt:Leelamani Gautam UML,comment,mixed
नेपालमा भारत सम्बन्धि जानकार मान्छे माइत आएकी  छोरी जस्तै निस्फृक्री छन् तर चीन सम्बन्धि जानकार शसुराली आएका छोरी ज्वाइँ जस्तै  औपचारिक र अधिकारिक किन होला 🤔,leelamani gautam,yt:Leelamani Gautam UML,comment,deva
Would you like to have rich and strict parents?,leelamani gautam,yt:Leelamani Gautam UML,comment,latin
"Great interview,  fully satisfied",leelamani gautam,yt:Leelamani Gautam UML,comment,latin
"राम्रो मान्छे लाई ल्याउनुभएको मा धन्यबाद टीकाराम जी , लीलामणि सर जस्तै मान्छे हरुको खाँचो छ देशमा , पहिलाको interview पनि हेरेको थिएँ । चीनको बारेमा धेरै कुरा थाहा पाउँन पाइयो , नेपाल ले सिक्नै पर्छ चीन बाट ।",leelamani gautam,yt:Leelamani Gautam UML,comment,mixed
Saurav g cheyo tika g,leelamani gautam,yt:Leelamani Gautam UML,comment,latin
मीना दिदी को जीत सुनिश्चित छ जय नेपाल ❤🎉🎉🎉🎉🎉,mina kharel,yt:Mina Kharel Chitwan,comment,deva
Jeebanma Dukha Paris Nirashama ParekaAsahaya Nari Ra Bala Balikama Nirashama Naya Aasha Bharosha Biswasko Jalayera Punarjivan Dine Mina Kharelle Jaya Nepaliko Nara Sakar Parnu Hunechha,mina kharel,yt:Mina Kharel Chitwan,comment,latin
रवि लामिछाने लाई हराउन ७ जुनि लिनु पर्छ ।,mina kharel,yt:Mina Kharel Chitwan,comment,deva
"मुद्दा नै मुद्दामा मुच्छीएको रबी संग होशियार, रबीले जित्नको लागी जे पनि गर्छ तेसैले मीनाजीलाई जिताउनु होला ।",mina kharel,yt:Mina Kharel Chitwan,comment,deva
Jay  ganti rabi dai,mina kharel,yt:Mina Kharel Chitwan,comment,latin
Tapaile jitnu bhayo bhane sher bahadur deuba ko ghar ma jaleko paisa ko hisab dinu hunchha,mina kharel,yt:Mina Kharel Chitwan,comment,latin
लाडो हराउछे हेर्दै छक्का ले,mina kharel,yt:Mina Kharel Chitwan,comment,deva
🇳🇵🇳🇵🇳🇵🔔🔔🔔🔔🔔🔔🔔🔔🔔🔔🔔🔔🔔,mina kharel,yt:मीना खरेल,comment,latin
"Only Balen🎉❤❤❤❤❤❤❤❤❤❤❤❤❤

Jay Ghanti jay ghantiiiii",mina kharel,yt:मीना खरेल,comment,latin
Jai mina kharel Jai nepali congress jay Nepal,mina kharel,yt:मीना खरेल,comment,latin
kada baji,mina kharel,yt:मीना खरेल,comment,latin
Jay hanti,mina kharel,yt:मीना खरेल,comment,latin
Only RSP,mina kharel,yt:मीना खरेल,comment,latin
मिना दिदि,mina kharel,yt:मीना खरेल,comment,deva
Didi le jitnu hunchha best of luck❤,mina kharel,yt:मीना खरेल,comment,latin
my fev didi jitnu parcha,mina kharel,yt:मीना खरेल,comment,latin
मिनाखरेल हा इ हाई,mina kharel,yt:मीना खरेल,comment,deva
Chitwan Baasile bujhera vote garau,mina kharel,yt:मीना खरेल,comment,latin
Mina didi also not bad candidate,mina kharel,yt:मीना खरेल,comment,latin
मिना खरेल,mina kharel,yt:मीना खरेल,comment,deva
अग्रिम सुभकामना छ रबि लाई   कुनै पनि हालतमा संसद भवना रबिले जति  भष्टचारिको बिरोधमा खरो रुपमा बोल्नै सक्दैन  जनतालाई जनचेतना होस,mina kharel,yt:Chitwan 2 chunav,comment,deva
आदरणिय मिना कुमारी खरेल ज्यु लाई सम्मान जनक मत ल्याउनका लागि अग्रिम शुभ-कामना।,mina kharel,yt:Chitwan 2 chunav,comment,deva
तिमिहरुले जेसुकै भन यो पाली मा पनि घन्टी हो,mina kharel,yt:Chitwan 2 chunav,comment,deva
त्यस्ता आदर्श व्याक्ती लाई पनि आशा गर्नु पर्छ।,mina kharel,yt:Chitwan 2 chunav,comment,deva
सहकारी  ठग जनता ठग पाच वटा स्वाशनि को पोइ रबि लाई चितवन मा जिताउ चित बुझाउ,mina kharel,yt:Chitwan 2 chunav,comment,deva
🌳🌳🌳🌳🌲🌲🌲🌲,mina kharel,yt:Chitwan 2 chunav,comment,latin
Jay ghanti jay nepali,mina kharel,yt:Chitwan 2 chunav,comment,latin
रबिले 1000% जित्छन!,mina kharel,yt:Chitwan 2 chunav,comment,deva
जनताकाे   आँखा  देखाउनेनै   रबि  हन  🙏🔔🔔🇳🇵👍️🎎🎎🎎💐💐💐🇳🇵,mina kharel,yt:Chitwan 2 chunav,comment,deva
100% Ravi,mina kharel,yt:Chitwan 2 chunav,comment,latin
Ravi Good,mina kharel,yt:Chitwan 2 chunav,comment,latin
काङ्ग्रेस एमाले मिलेपनी रास्वपाको आधा हुदैन,mina kharel,yt:Chitwan 2 chunav,comment,deva
Jaya ghanti Rabi dai ❤,mina kharel,yt:Chitwan 2 chunav,comment,latin
प्रत्रकार बैनी वाहा बिचार  को लागि यो शैली काग्रेस को  तानासा  प्रेरित  देखियो   आज टिकट लिने दिने ठाउमा महान बिदुवान स्वाठ  छन त्यसैले  ssssss,mina kharel,yt:Chitwan 2 chunav,comment,mixed
"Uha ko samaj sewalai dhaneybad xa tara yespali 
Paribertan ko khacho xa 
Jaye ghanti",mina kharel,yt:Chitwan 2 chunav,comment,latin
Mina is great leader of chitawan 03.  Vote for her 🌲🌲🌲,mina kharel,yt:Chitwan 2 chunav,comment,latin
"अब यकपटक फुल कार्यकाल घन्टिकाे मात्र हेर्न बाकिछ अरुपाटिकाे हैसियत हेरि,देखि सकियाे 🔔🔔🔔",mina kharel,yt:Chitwan 2 chunav,comment,deva
पुरानोको नतिजा त देखिउ त के गरे के गरेन भन्ने त छर्लङ्ग छ त खेदो खईरो गरे पछीशक्ती लागेपछी गारो परेको हो हामीसबैलाई प्रस्ट था छ हामी माया गर्न छोडने छैनौ जय देश जय रबी जय घन्टी🔔🔔😯🙏🙏🙋‍♂️🙋‍♀️🧚‍♂️🧚‍♀️📢🙏,mina kharel,yt:Chitwan 2 chunav,comment,deva
"Rabi lai vote halnu bhaneko sahakari pidit haru garnu ho 
Tyasaile Mina Di lai vote garau🌲🌲🌲🌲🌲🌲🌲👏👏👏",mina kharel,yt:Chitwan 2 chunav,comment,latin
भ्रष्टचारिलाइ टुडिखेलमा बादेर नाकमा हान्ने मन छ भनेर टिभि सोमा भन्नथे अन्तिममा त अाफै ठुलो भ्रष्टाचारि र ठग रहेछन  तै पनि जनताले दुई पटका चुनाब पनि जिताए अब चाहिँ चितवन २ का जनताले यस्ता फटाहा ठगलाई जिताउनु भनेको  चितवन २ का जनता भेडा ठहरिने छन  तेस कारण अब त्यो ठगको नाक भाचिने गरि हानेर जमानत जफत हुने गरि हराउनु पर्छ,mina kharel,yt:Chitwan 2 chunav,comment,deva
"मेरो घर चितवन जिल्ला, क्षेत्र नम्बर २ मा पर्छ।पहिले म नेपाली कांग्रेसको समर्थक थिएँ।तर आजको देशको अवस्था हेरेर, देश बचाउन र सही बाटो रोज्न हाम्रो घरका १७ वटै मत ‘घण्टी’ चिन्हलाई दिने अटल निर्णय गरेका छौँ।
जय घण्टी! 🔔 देशको लागि!",mina kharel,yt:Chitwan 2 chunav,comment,deva
"Mina Kharel, as I know, is a role model women for the people in need. She has served a lot, now it is time to pay back by the society to her.",mina kharel,yt:Chitwan 2 chunav,comment,latin
किन ज्यानमारा लागि भाेट देलान,mina kharel,yt:Chitwan 2 chunav,comment,deva
Jaye ghanti❤❤❤❤❤,mina kharel,yt:Chitwan 2 chunav,comment,latin
Rabi Janta Ka Aasa Ka Kiran Hun.Balen  Janta Ko Aasa Ra Varosa Ho .Jay Rasopa Jay Ghanti Jay Janta Jay Youwa Jay Rabi Jay Balen,mina kharel,yt:Chitwan 2 chunav,comment,latin
खरेल जी लाई शुभ कामना।,mina kharel,yt:Chitwan 2 chunav,comment,deva
"सहकारी ठग् रवि जेल ब्रेक गरेका फरार कैदी
सिहदरबार जलाउने लुसिफर बालेन भस्मासुर
अब अन्तिम आशा मेयर हर्क राई हुन्",mina kharel,yt:Chitwan 2 chunav,comment,deva
रबि जस्तो नेता ले हजारचोटि जितछ देस का भसटचारि दलाल हतैरा बलतकारि पाटी लाइ कुनमुखलेकेभनेर भोट हाल्छन जनता देस जनता बेचियको भनेर देस का जनता का बालबच्चा मारेको भनेर भोट हाले देस का कलकारखाना नदि नाला सरकारि जगा सहकारी पैसा खायो भनेर भोट हाले कुरा इनो पत्रकार कार उलटा उलटा गरदैछन पत्रकार ले स्वोतनत्र भयर पत्रकार गर्नुपर्छ,mina kharel,yt:Chitwan 2 chunav,comment,deva
मिना खरेल 🌳,mina kharel,yt:Chitwan 2 chunav,comment,deva
Rabi le jhan badi vote le jitchan ❤️,mina kharel,yt:Chitwan 2 chunav,comment,latin
❤❤❤❤❤❤🎉🎉🎉🎉🎉🎉,mina kharel,yt:Chitwan 2 chunav,comment,latin
jai desh. jai ghanti. jai Rabi 🔔🔔🔔🔔🔔🌹🌹🌹🌹🙏🙏🙏🙏🫱🫱,mina kharel,yt:Chitwan 2 chunav,comment,latin
Rabi is king❤❤❤,mina kharel,yt:Chitwan 2 chunav,comment,latin
Jay 🔔🔔🔔🔔🔔,mina kharel,yt:Chitwan 2 chunav,comment,latin
77 Jilla Ka Bujne paribartan chahanne jantale yo pali ghanti lai vote dinu parxa hai jai ghanti ✅🇳🇵 🔔🔔🔔🔔🔔🔔,mina kharel,yt:Chitwan 2 chunav,comment,latin
🔔🔔🔔🔔🔔ko jeet hunxha aruko chans xhain 😅😅😅😮,mina kharel,yt:Chitwan 2 chunav,comment,latin
जय❤घण्टी ❤,mina kharel,yt:Chitwan 2 chunav,comment,deva
Meena Kharel,mina kharel,yt:Chitwan 2 chunav,comment,latin
chitwan 2 ma congresss ko bay aye ni sakdainw rabi lai,mina kharel,yt:Chitwan 2 chunav,comment,latin
Jai ghanti ❤,mina kharel,yt:Chitwan 2 chunav,comment,latin
What what are you talking about sis if there is any other political party chance in chitwan tgat is cpn uml congress can't even come close to rsp note my words I will come back to this video after election. Btw I am also from Chitwan-2 Kholesimal,mina kharel,yt:Chitwan 2 chunav,comment,latin
🙏🙏🇳🇵🇳🇵🇳🇵🔔🔔🔔🔔🔔👍️😍,mina kharel,yt:Chitwan 2 chunav,comment,latin
Kasto sajilo xaina vaneko hola  dimag kharab rabi nai  ho ni,mina kharel,yt:Chitwan 2 chunav,comment,latin
Mina kharel le jitepani hunewala pahileko jastai ho. Kina ki kangresa ko nitinai  testai ho😀,mina kharel,yt:Chitwan 2 chunav,comment,latin
Yamale kangares maubadi lai bhot dineharu gukhanenaiho,mina kharel,yt:Chitwan 2 chunav,comment,latin
चितवन क्षेत्र नम्बर २ मा रवि लामिछाने प्रचारमा नगए पनि जित्छन् अरु पाटी त सम्झिने पानी छम्किने ।,mina kharel,yt:Chitwan 2 chunav,comment,deva
Jai Ghanti 🔔🔔🔔,mina kharel,yt:Chitwan 2 chunav,comment,latin
100%rabi,mina kharel,yt:Chitwan 2 chunav,comment,latin
Mina kharel le keai garna sakdai a,mina kharel,yt:Chitwan 2 chunav,comment,latin
कसरी सजिलाे छैन हरउ न,mina kharel,yt:Chitwan 2 chunav,comment,deva
Hami vote rabi li dine ho aru timi haru j garni vai pani gara,mina kharel,yt:Chitwan 2 chunav,comment,latin
पार्टी का2/4जना झोले ले जिताउदैनन।,mina kharel,yt:Chitwan 2 chunav,comment,deva
Hawa kura. Rabi le yesai jitxn,mina kharel,yt:Chitwan 2 chunav,comment,latin
🌲🌲🌲🌲🌲🌲🌲🌲,mina kharel,yt:Chitwan 2 chunav,comment,latin
"All public waiting for live ""Public Debate"" among Gagan, Balen, Oli,....",mina kharel,yt:Chitwan 2 chunav,comment,latin
chunab pachi thaha hnxa  k hunxa ta😊,mina kharel,yt:Chitwan 2 chunav,comment,latin
Dd sakinxa aava,mina kharel,yt:Chitwan 2 chunav,comment,latin
जय घनटि जिन्दावाद,mina kharel,yt:Chitwan 2 chunav,comment,deva
जोया भन्ने फिलिपिनी र जीवन थापा लाई छुट्टाउनु  भयको मिना खरेल जिउ होइनर,mina kharel,yt:Chitwan 2 chunav,comment,deva
रबिलेअझैमतबढाउनेछन फागुन२१ मा लगभगसाठिहजारकटाउछन्।,mina kharel,yt:Chitwan 2 chunav,comment,deva
देशघाती सन्धि गर्ने पार्टी कांग्रेस पनि हो है।एमाले र कांग्रेस लाई 0 level मा पुर्‍याउनुपर्छ।,mina kharel,yt:Chitwan 2 chunav,comment,mixed
"Vote for. Rab vote..for
Ghanti vote f9r..Balen
.Jai..Fesh",mina kharel,yt:Chitwan 2 chunav,comment,latin
2:43 gagan thapa ta haina hola hai lu,mina kharel,yt:Chitwan 2 chunav,comment,latin
जय घण्टी रवि बाहेक अरु लाई  सोच्न सकिन्न्,mina kharel,yt:Chitwan 2 chunav,comment,deva
mina didi le surprise dinu bho bhane surprised ho hunu hola,mina kharel,yt:Chitwan 2 chunav,comment,latin
केही ना के ही हुन्छ,mina kharel,yt:Chitwan 2 chunav,comment,deva
Bina dd ramro vayani party lutera paryo,mina kharel,yt:Chitwan 2 chunav,comment,latin
Jay ghanti jay rabi 🔔,mina kharel,yt:Chitwan 2 chunav,comment,latin
Proud of Mina kharel mam,mina kharel,yt:Chitwan 2 chunav,comment,latin
Espali in ground rabi might lose or win by thin margin,mina kharel,yt:Chitwan 2 chunav,comment,latin
हेरम्ला तिमीहरुको सरप्राइज,mina kharel,yt:Chitwan 2 chunav,comment,deva
9:29 Jay nepal mina didi lae,mina kharel,yt:Chitwan 2 chunav,comment,latin
जय घन्टि जय राष्टिय स्वतन्त्र पाटि जिन्दावाद जिन्दावाद जिन्दावाद जिन्दावाद,mina kharel,yt:Chitwan 2 chunav,comment,deva
Hahaha jaya Bell,mina kharel,yt:Chitwan 2 chunav,comment,latin
चितवन कि चेली मिना लाई अामा दिदी बहिनी   दाजु भाइ  ले अाफ्नाे अमुल्य  मत दिएर चितवनले न्याय गर्याे भन्ने गर्नु पर्छ,mina kharel,yt:Chitwan 2 chunav,comment,deva
जस्ले जति गफ लगाए पनि चितवन तिनओटै क्षेत्र रास्वपाले जित्छ ।,mina kharel,yt:Chitwan 2 chunav,comment,deva
हावा समचार।,mina kharel,yt:Chitwan 2 chunav,comment,deva
Pheri up chunav harna painxa chitawanle,mina kharel,yt:Chitwan 2 chunav,comment,latin
मिना खरेलले जित्नु चितवन बासीको मात्रै  होइन कि  देशबासिकै   उपलब्धी हो र  प्रतिष्ठा पनि हो ।,mina kharel,yt:Chitwan 2 chunav,comment,deva
no not agen,mina kharel,yt:Chitwan 2 chunav,comment,latin
सिदा घण्टी,mina kharel,yt:Chitwan 2 chunav,comment,deva
Jasle je bhane Pani khateko Didi bhanera chuneko Didi le jitnu parchha yo bokera thagne thag Lai jitaye chitwan ka Janata le yesko Biswas garnu pachitaunu matra ho Ani chitwan ko Janata feri chunab ma Jane ho bhane yeslai jitainu natra tai ki chori sabaiko man ma basne Didi Lai jitainu parchha,mina kharel,yt:Chitwan 2 chunav,comment,latin
Ka bata ayo yo boksi feri aaunu nai thyo tw ra sw pa bata kina na aako hola,mina kharel,yt:Chitwan 2 chunav,comment,latin
जय रवि जय घन्टी 🔔🔔❤️🙏🙏🙏👍️👍️,mina kharel,yt:Chitwan 2 chunav,comment,deva
जय घण्टी 🔔🔔🔔जय रबि 🙏🙏जय बलेन🙏🙏 आबकी बार रबि बलेन सरकार 👍👍✅✅🔔🔔🔔🔔,mina kharel,yt:Chitwan 2 chunav,comment,deva
चितवन बासि जनता याे चाेटि पनि रबि दाइ लाई भाेट दिनु हाेला,mina kharel,yt:Chitwan 2 chunav,comment,deva
Jaya Nepal 🇳🇵 Jaya Desh 🙏 Jaya Ghanti 🔔 Jaya Ravi Balen ❤️,mina kharel,yt:Chitwan 2 chunav,comment,latin
आदर्णीय चितवन बासी बा  आमा दि दी बैनी दाजु भाई सम्पुर्ण  स्वाभिमानी नेपाली जनता हरुबाट रा स्व पार्टी का सभापति रबि लामिछाने ज्यु  को घण्टी चिन्हमा भोट हाल्नु भई अत्यधीक मतले बिजय गरि दिनु होला। जय घण्टी जय जनता।,mina kharel,yt:Chitwan 2 chunav,comment,deva
Jay ghanti 🔔🔔🔔 jay Rabi 🙏🏻🙏🏻,mina kharel,yt:Chitwan 2 chunav,comment,latin
Vote for Rabi ✅🔔,mina kharel,yt:Chitwan 2 chunav,comment,latin
रबि नेपाल बनाउने हिरो हो,mina kharel,yt:Chitwan 2 chunav,comment,deva
Jaya ghanti Jaya Rabi Babu,mina kharel,yt:Chitwan 2 chunav,comment,latin
Yspali vote for 🔔🔔🔔🔔,mina kharel,yt:Chitwan 2 chunav,comment,latin
घन्टी छाप मात्रै किनभने स्थायी ५ बर्ष सरकार मात्रै घन्टी छाप,mina kharel,yt:Chitwan 2 chunav,comment,deva
जय ghanti Jay ravi dai,mina kharel,yt:Chitwan 2 chunav,comment,mixed
Way of thinking of people from chitwan is completely different.and i am proud of that,mina kharel,yt:Chitwan 2 chunav,comment,latin
jai desh. jai Ghanti. jai Rabi . ♥️♥️♥️🔔🔔🔔🔔🔔🔔🌹🌹🌹🌹🌹🌹🌹🫱🫱🫱🫱🙏🙏🙏💪💪💪💪,mina kharel,yt:Chitwan 2 chunav,comment,latin
Desh Ra janata ko lagie perfect party Rasopa Ho one only Rasopa Jay ghantie ✊✊✊,mina kharel,yt:Chitwan 2 chunav,comment,latin
Ma chai bharatpur 2 aaptari bata hya chai tol nai ghanti ho,mina kharel,yt:Chitwan 2 chunav,comment,latin
Good luck rabi sir,mina kharel,yt:Chitwan 2 chunav,comment,latin
चितवनको   जनता  भेडा  छन्   रबिले   हगे  भने   हलुवा   सम्झेर  खान्छन्  हो।।।,mina kharel,yt:Chitwan 2 chunav,comment,deva
Yo चाचा 5 लाख वाला लडाकु हुनुहुन्छ जस्तो लाग्यो😂😂😂पेओर पुरानो माओवाद,mina kharel,yt:Chitwan 2 chunav,comment,mixed
"रबि दाइ हाइ हाइ ❤❤❤❤
जय देश जय घन्टि",mina kharel,yt:Chitwan 2 chunav,comment,deva
interview garne saile sarai maan paryo. mahol yespali yuba ko xa.,mina kharel,yt:Chitwan 2 chunav,comment,latin
Smart ba ❤❤❤🎉🎉🎉,mina kharel,yt:Chitwan 2 chunav,comment,latin
मुद्दा  नेपाली जनता हरुको म।सु भ।त हुन सक्छ,mina kharel,yt:Chitwan 2 chunav,comment,deva
चितवन जिल्ला रास्वपा किल्ला भनिरहन पर्दैन । ❤,mina kharel,yt:Chitwan 2 chunav,comment,deva
Good Geez,mina kharel,yt:Chitwan 2 chunav,comment,latin
"चितवन् बासी ले यो पटक पुर्णरूपमा घण्टी मा भोट हाल्नु होला ,जय घण्टी",mina kharel,yt:Chitwan 2 chunav,comment,deva
सहकारी ठग रविलाई हैन राष्ट्रको लागि योगदान दिने मिना खरेल लाई रुख चिन्हमा अमूल्य मतदान गरौं।,mina kharel,yt:Chitwan 2 chunav,comment,deva
jaya ganti,mina kharel,yt:Chitwan 2 chunav,comment,latin
तीन भाईहरू राम्रो कुरा भन्यौ मलाई चित्त बुझ्यो जय घण्टी,mina kharel,yt:Chitwan 2 chunav,comment,deva
"हैन भने ,याे भरष्ट रहेछ",mina kharel,yt:Chitwan 2 chunav,comment,deva
अबको आशा रबि बालेन्🙏🔔🔔🔔,mina kharel,yt:Chitwan 2 chunav,comment,deva
❤❤❤❤❤jyoti shertha Acharya timro video-taped here khusi lagyo sm,mina kharel,yt:Chitwan 2 chunav,comment,latin
Kehi nagareni rabi ko jaya hos,mina kharel,yt:Chitwan 2 chunav,comment,latin
Ravi dai❤,mina kharel,yt:Chitwan 2 chunav,comment,latin
जय घन्टि🔔🔔🔔✅,mina kharel,yt:Chitwan 2 chunav,comment,deva
Jay rabi Jay ghanti,mina kharel,yt:Chitwan 2 chunav,comment,latin
Chiton basi jastai Nepal varikai janta sachet hunu pareyo,mina kharel,yt:Chitwan 2 chunav,comment,latin
साँचिकै चितवनका जनता शिक्षित रहेछन्,mina kharel,yt:Chitwan 2 chunav,comment,deva
❤❤❤ राम्राे पत्रकारिता,mina kharel,yt:Chitwan 2 chunav,comment,deva
समस्या बुजेरपनि  गरेनन्   तिनैवटा लाई हेरीयो   यो अन्तिम हो 🎉🎉🎉🎉🎉🎉,mina kharel,yt:Chitwan 2 chunav,comment,deva
आदरणीय चितवन वासी जनताहरु घण्टी लाई  भोट दिनुहोला। 🙏🙏🙏,mina kharel,yt:Chitwan 2 chunav,comment,deva
"माहोल कता बन्दैछ, हल्ला कता चल्दैछ,त्यो सहायक हो!मुख्य कुरा तपाइले बोकेको बिचार,सत्यताको कसीबाट हेर्नुहोस!आदर्श ,योगदान र तपाइले उठाइरहेका मुद्दा,बहुसंख्यक आधारभूत जनताकेन्द्रित छन् भने तपाइँ सहि ठाउमा हुनुहुन्छ !! तपाइको धर्यता ,अनबरत लगनशीलता र जवाफदेहिता नै सत्य र बिजयको दिर्घकालिन मानक हो !⭐⭐⭐",mina kharel,yt:Chitwan 2 chunav,comment,deva
Good morning 🌅,mina kharel,yt:Chitwan 2 chunav,comment,latin
देशका युवालाई  बिदेस लगारने आएको रेमिट्यान्स  नेताहुभन्ने ब्वासाहरुले मोजगर्ने नेपालमा आजसम्म भएको बिकाश इनैहुन  ।,mina kharel,yt:Chitwan 2 chunav,comment,deva
Sata ho vae jay ganti soch ramro asri jantama chatna aaako ma,mina kharel,yt:Chitwan 2 chunav,comment,latin
शीक्षीत चेतनशील चीतवन बासी मतदाता ज्यू हरू लाई उच्च सम्मान छ 🙏🙏❤️❤️ जये रबी जये घन्टी 🔔🔔✊🔔🙏❤️🇳🇵🇳🇵♥️,mina kharel,yt:Chitwan 2 chunav,comment,deva
", कहिले काँही हेर्ने गर्छु।",mina kharel,yt:Chitwan 2 chunav,comment,deva
चितवन २ बाट मिना खरेल जित्दैहुनुहुन्छ ईतिहास रच्दै,mina kharel,yt:Chitwan 2 chunav,comment,deva
भाइहरु ❤❤❤,mina kharel,yt:Chitwan 2 chunav,comment,deva
चितवनका   जनताले  जस्तो   अरु  जिल्ला ले   बुजन  परछ,mina kharel,yt:Chitwan 2 chunav,comment,deva
Jay Nepal jay ghanti 🔔🔔🔔 from bharatpur chitwan ramnagar 1,mina kharel,yt:Chitwan 2 chunav,comment,latin
जय रबि जय घण्टी जय देश,mina kharel,yt:Chitwan 2 chunav,comment,deva
Dharma bechne lai vote diya hunchha balla maja  aunchha chitwan basi,mina kharel,yt:Chitwan 2 chunav,comment,latin
राजा सहितकाे हिन्दुराज्य चाहियाे यदि गर्छ भने भाेट 🔔🔔दिनेहाे नत्र खुलित,mina kharel,yt:Chitwan 2 chunav,comment,deva
Jay rabi,mina kharel,yt:Mina Kharel Rabi Lamichhane,comment,latin
सुरेन्द्र केसी अलि फटाहा  लाग्छ मलाइ चै,mina kharel,yt:Mina Kharel Rabi Lamichhane,comment,deva
⭐️⭐️⭐️⭐️⭐️⭐️⭐️,mina kharel,yt:Chitwan 2 nirbachan,comment,latin
Tree this time,mina kharel,yt:Chitwan 2 nirbachan,comment,latin
Jay ghanti ❤❤❤❤❤❤,mina kharel,yt:Chitwan 2 nirbachan,comment,latin
Jai ghanti jai rabi jai RSP party ❤  🙏,mina kharel,yt:Chitwan 2 nirbachan,comment,latin
This time he must loose as the people know him by now.,mina kharel,yt:Chitwan 2 nirbachan,comment,latin
🇳🇵🇳🇵🇳🇵🔔🔔🔔🔔🔔जय रबि जय घन्टी जय राष्टिय स्वतन्त्र पार्टी।,mina kharel,yt:Chitwan 2 nirbachan,comment,deva
जय घन्टी❤,mina kharel,yt:Chitwan 2 nirbachan,comment,deva
जय घन्टी 🛎️,mina kharel,yt:Chitwan 2 nirbachan,comment,deva
Harxarabi,mina kharel,yt:Chitwan 2 nirbachan,comment,latin
Rabi Lai harauna parchha,mina kharel,yt:Chitwan 2 nirbachan,comment,latin
Rabi desh ko lagi hoin bidesh ko lagi ho,mina kharel,yt:Chitwan 2 nirbachan,comment,latin
"There is no case of revenge, just the state intended to book the criminal; the court has not denied his crime; for us, he is the criminal and also one of the conspirers of the crime of Bhadra 23 and 24. He should be thoroughly rejected.",mina kharel,yt:Chitwan 2 nirbachan,comment,latin
मिना खरेल दिलिले जित्नु पर्छ।,mina kharel,yt:Chitwan 2 nirbachan,comment,deva
"Mina ji is even better than her,infact million times ahead , no disrespect to rabi",mina kharel,yt:Chitwan 2 nirbachan,comment,latin
ठग हो रबि,mina kharel,yt:Chitwan 2 nirbachan,comment,deva
vote for meena didi . vote for tree. stop being manipulated.,mina kharel,yt:Chitwan 2 nirbachan,comment,latin
Hawa kura,mina kharel,yt:Chitwan 2 nirbachan,comment,latin
Jay ghanti 🙏🙏🇳🇵🇳🇵🇳🇵🔔🔔🔔🔔🔔🔔🔔🔔🔔👍🇳🇵,mina kharel,yt:Chitwan 2 nirbachan,comment,latin
Kashileni jit hasil gagun. Tara yo Rabi vanne dalal Lai vot nadinu,mina kharel,yt:Chitwan 2 nirbachan,comment,latin
मिना खरेल 200% ले जित्नु हुन्छ ।,mina kharel,yt:Chitwan 2 nirbachan,comment,deva
जय घण्टी ❤❤❤❤,mina kharel,yt:Chitwan 2 nirbachan,comment,deva
Good luck Rabi Sir Jay Ghanti,mina kharel,yt:Chitwan 2 nirbachan,comment,latin
मलाई लाग्छ चितवन बासी भेडा होइनन जय रबि,mina kharel,yt:Chitwan 2 nirbachan,comment,deva
काङ्ग्रेसले जति मरिमेटेपनि जित रबिकै हुन्छ 🔔🇳🇵,mina kharel,yt:Chitwan 2 nirbachan,comment,deva
70000 मत ल्याएर जिचिछन,mina kharel,yt:Chitwan 2 nirbachan,comment,deva
Rabi dai is brand❤❤❤,mina kharel,yt:Chitwan 2 nirbachan,comment,latin
जय रबीजी 🔔🔔🔔🌹🌹🌹,mina kharel,yt:Chitwan 2 nirbachan,comment,deva
काङ्ग्रेस को भोट् जम्मा दस हजार  मत्रै हो?,mina kharel,yt:Chitwan 2 nirbachan,comment,deva
मनको लड्डु घ्यु शीत खाउ।,mina kharel,yt:Chitwan 2 nirbachan,comment,deva
🌳🌳🌳🌳🌳🌳🌳🌳🌳🌴,mina kharel,yt:Chitwan 2 nirbachan,comment,latin
Pahila vamda kam aauxa,mina kharel,yt:Chitwan 2 nirbachan,comment,latin
🔔🔔🔔🔔🔔🔔🔔🔔🔔🔔🔔🇳🇵🇳🇵🇳🇵🇳🇵,mina kharel,yt:Chitwan 2 nirbachan,comment,latin
सहकारी रकम रबिले हिनामीना गरेको हैन झुट्टा आरोप लगाएर फसाएको हो। कॅाग्रेस र एमाले माओबादी हरूले आपसमा मिलीजुली बॅुट नै कब्जागरी धादली नच्चाएर जितेको हो। तर रबिले स्वच्छ तरिकाले जित्को हो।,mina kharel,yt:Chitwan 2 nirbachan,comment,deva
अजैपनि    काङगरेस  भाेट   दिने   मान्छेनैहाेईन,mina kharel,yt:Chitwan 2 nirbachan,comment,deva
Ravi sahakari thag ho,mina kharel,yt:Chitwan 2 nirbachan,comment,latin
Rabi pahila ko bhanda pani dherai mat le vijai hunxan,mina kharel,yt:Chitwan 2 nirbachan,comment,latin
"भ्रम को खेती कती ? गर्छौ 
झोले प्रत्रकारको नाममा कलक",mina kharel,yt:Chitwan 2 nirbachan,comment,deva
Gagan KO jhole ho yo didi Kam xaina sister,mina kharel,yt:Chitwan 2 nirbachan,comment,latin
Ma ta vanxu Jay ghanti,mina kharel,yt:Chitwan 2 nirbachan,comment,latin
पिलिज तिम्रो एमाले काङ्ग्रेस मावबादी को जुठो चाट्न बन्द गर्नु होस् तिम्रो प्रतेक भिडियो  मा रा.सो.पा रबि लाई घोचेको मात्र देखिन्छ 🇳🇵🔔🇳🇵,mina kharel,yt:Chitwan 2 nirbachan,comment,deva
Jay hhanti,mina kharel,yt:Chitwan 2 nirbachan,comment,latin
"राजा गएर गणतन्त्र आयो, तर देशको अवस्था झन् बिग्रँदै गयो। सुन्दर फुलबारीका राम्रा–राम्रा फुलहरू हावाले उडाएर लगेजस्तो भयो। देशको पहिचान, सुन्दरता र भरोसा बिस्तारै हराउँदै गएका छन्। तर यति हुँदाहुँदै पनि मनको कुनै कुनामा अझै आशा बाँकी छ—कुनै दिन उज्यालो आउनेछ, र देशरूपी फुल फेरि फक्रेर सधैँका लागि जगमगाउनेछ। Kulman only",mina kharel,yt:Chitwan 2 nirbachan,comment,mixed
Gagan thapa doing his best to divert rabi balen craze🤣🤣🤣😂😂,mina kharel,yt:Chitwan 2 nirbachan,comment,latin
Jaye ghanti,mina kharel,yt:Chitwan 2 nirbachan,comment,latin
Jai mato ✊️,mina kharel,yt:Chitwan 2 nirbachan,comment,latin
जय घन्टी 🔔🔔🔔🔔🔔🔔,mina kharel,yt:Chitwan 2 nirbachan,comment,deva
JPT .. Sajilai jitxa Rabi le ..,mina kharel,yt:Chitwan 2 nirbachan,comment,latin
Jay.bhangi.ravi.balen,mina kharel,yt:Chitwan 2 nirbachan,comment,latin
"रबि लामिछाने माथि सम्पत्ति शुद्धीकरणको मुद्दा लागेको हुनाले चुनाव जिते पनि उनले कुनै पनि पद ग्रहण गर्न नमिल्ने हुनाले मिना कुमारी दिदिलाई भारि मतसहित विजयी गराउनु पर्छ 
यदि रबिले जितेमा फेरि चुनाव गराउनुपर्ने हुन्छ जुन खर्चिलो र झन्झटिलो हुने स्पष्ट छ।",mina kharel,yt:Chitwan 2 nirbachan,comment,deva
चितवनकि चेली चितवनकि बुहारी महिला उमेदवार  लाई चितवनका अादरणिय दाजु भाइ दिदी बहिनी ले रुखमा अमुल्य  मत दिएर न्याय गर्नु हुनेछ ।,mina kharel,yt:Chitwan 2 nirbachan,comment,deva
Sahakari thug li ek vote pani na deu yesto criminal li.,mina kharel,yt:Chitwan 2 nirbachan,comment,latin
चुनाब जीतेर थुनीने लाई कि जनता सग जोडिने लाई?,mina kharel,yt:Chitwan 2 nirbachan,comment,deva
No vite to ghante,mina kharel,yt:Chitwan 2 nirbachan,comment,latin
चिताउन २ मा मिना खरेल ज्यु को जित हुन्छ,mina kharel,yt:Chitwan 2 nirbachan,comment,deva
Meena kharel is nest woman of Chitwen  district,mina kharel,yt:Chitwan 2 nirbachan,comment,latin
He will win with double margin,mina kharel,yt:Chitwan 2 nirbachan,comment,latin
Jai Nepal Jai ZEN Z Jai Ghanti ❤❤❤❤❤❤❤❤❤❤,mina kharel,yt:Chitwan 2 nirbachan,comment,latin
