{"type":"FeatureCollection","name":"Nep_district","crs":{"type":"name","properties":{"name":"urn:ogc:def:crs:OGC:1.3:CRS84"}},"features":[{"type":"Feature","properties":{"district":"Bhojpur","province":"Province No 1"},"geometry":{"type":"Polygon","coordinates":[[[87.11225,27.46193],[87.11301,27.4586],[87.14044,27.45246],[87.14282,27.44724],[87.13603,27.43606],[87.12993,27.43437],[87.12647,27.42682],[87.13264,27.40902],[87.12769,27.40167],[87.13409,27.39428],[87.14452,27.39364],[87.15719,27.38095],[87.17109,27.37555],[87.17859,27.36525],[87.19473,27.35212],[87.19449,27.34638],[87.187,27.33619],[87.19372,27.3267],[87.18458,27.31574],[87.20389,27.30157],[87.2022,27.29421],[87.20933,27.28109],[87.20709,27.27286],[87.21229,27.26757],[87.19975,27.26466],[87.20125,27.26111],[87.20674,27.25997],[87.20804,27.25193],[87.2052,27.24579],[87.21357,27.24337],[87.21804,27.2336],[87.22931,27.2292],[87.23244,27.22195],[87.23996,27.21704],[87.24909,27.19821],[87.24937,27.19148],[87.26069,27.18366],[87.26203,27.17769],[87.27423,27.17581],[87.27793,27.15656],[87.2728,27.15087],[87.27465,27.14471],[87.27174,27.14082],[87.25977,27.13031],[87.24709,27.12606],[87.24761,27.11786],[87.2406,27.11681],[87.23028,27.10817],[87.2204,27.10706],[87.20477,27.08755],[87.19426,27.0854],[87.19367,27.07753],[87.18565,27.07417],[87.18132,27.052],[87.20096,27.00775],[87.19888,26.99839],[87.18235,26.98876],[87.1807,26.98288],[87.1758,26.98299],[87.17185,26.9716],[87.16268,26.96649],[87.16647,26.95951],[87.15991,26.95492],[87.16379,26.94574],[87.15077,26.93739],[87.15286,26.93267],[87.16072,26.92954],[87.15618,26.92537],[87.15857,26.91529],[87.15155,26.92524],[87.13793,26.927],[87.11812,26.92273],[87.11119,26.91728],[87.09581,26.91618],[87.095,26.90954],[87.08524,26.91195],[87.06824,26.90704],[87.06417,26.91065],[87.05307,26.90211],[87.04409,26.90695],[87.04157,26.90106],[87.03482,26.90333],[87.01655,26.89182],[87.00786,26.89153],[87.00363,26.8861],[86.99412,26.89292],[86.98284,26.89556],[86.98001,26.90617],[86.96988,26.90043],[86.954,26.90425],[86.9522,26.90738],[86.95955,26.91741],[86.95854,26.92285],[86.96746,26.92731],[86.96712,26.94118],[86.97545,26.95697],[86.97482,26.97368],[86.96997,26.98091],[86.9609,26.98072],[86.95951,26.98507],[86.96846,26.99167],[86.96958,27.00713],[86.94714,27.02006],[86.95264,27.02946],[86.95642,27.04787],[86.96452,27.05012],[86.96709,27.05774],[86.94866,27.08557],[86.92582,27.09144],[86.90562,27.10436],[86.89724,27.11463],[86.90917,27.12603],[86.91961,27.12868],[86.92522,27.15623],[86.9153,27.16976],[86.91909,27.17658],[86.91891,27.18433],[86.93214,27.20284],[86.93079,27.22291],[86.91566,27.23152],[86.90312,27.24915],[86.89756,27.24946],[86.91478,27.26646],[86.9507,27.26584],[86.95377,27.27208],[86.96799,27.28427],[86.96816,27.29542],[86.9878,27.30799],[86.97086,27.31765],[86.95114,27.33596],[86.95367,27.34295],[86.9492,27.35154],[86.93626,27.35376],[86.93401,27.35703],[86.92629,27.37033],[86.93315,27.38434],[86.92248,27.3896],[86.91289,27.40727],[86.90847,27.43319],[86.91834,27.44001],[86.93557,27.44291],[86.94263,27.45026],[86.94275,27.45898],[86.95731,27.45795],[86.9657,27.44996],[86.97751,27.44665],[86.98288,27.44162],[87.01255,27.43576],[87.04461,27.44762],[87.05937,27.44066],[87.07451,27.45965],[87.09656,27.45521],[87.10604,27.4619],[87.11225,27.46193]]]}},{"type":"Feature","properties":{"district":"Dhankuta","province":"Province No 1"},"geometry":{"type":"Polygon","coordinates":[[[87.36012,27.18986],[87.36859,27.1877],[87.37829,27.17962],[87.3767,27.16693],[87.38861,27.15882],[87.39224,27.1476],[87.40926,27.13605],[87.39723,27.12307],[87.39454,27.1022],[87.40381,27.07382],[87.42916,27.04597],[87.43235,27.03712],[87.43304,27.01395],[87.44374,27.00581],[87.4438,26.99199],[87.43892,26.98328],[87.44103,26.97114],[87.45225,26.97363],[87.46616,26.96767],[87.47095,26.9761],[87.48638,26.97527],[87.48646,26.98258],[87.49411,26.98524],[87.50526,26.9713],[87.52716,26.96009],[87.52903,26.94537],[87.52694,26.93582],[87.52342,26.93425],[87.52652,26.92956],[87.52494,26.92537],[87.53356,26.91352],[87.53127,26.9086],[87.53432,26.90159],[87.52476,26.88448],[87.54685,26.88883],[87.55403,26.88438],[87.5622,26.88454],[87.57018,26.87139],[87.57755,26.87036],[87.58264,26.86103],[87.57823,26.85702],[87.56836,26.85727],[87.5607,26.86316],[87.53702,26.86238],[87.53157,26.85685],[87.52292,26.86184],[87.51167,26.85723],[87.51002,26.86928],[87.50495,26.87317],[87.50214,26.87005],[87.49148,26.87223],[87.48618,26.86731],[87.47648,26.86715],[87.47451,26.86148],[87.46303,26.86384],[87.45538,26.85783],[87.45173,26.86397],[87.43159,26.86324],[87.42392,26.87016],[87.40335,26.863],[87.39446,26.8655],[87.38603,26.85254],[87.36995,26.84529],[87.34634,26.84892],[87.33601,26.85501],[87.32626,26.85384],[87.31303,26.87009],[87.3039,26.86879],[87.2994,26.87455],[87.2589,26.86557],[87.23611,26.87843],[87.21851,26.863],[87.18786,26.87035],[87.18175,26.87684],[87.16728,26.87758],[87.17105,26.8887],[87.17045,26.90078],[87.1589,26.9131],[87.15618,26.92537],[87.16046,26.93011],[87.15286,26.93267],[87.15077,26.93739],[87.16379,26.94574],[87.15991,26.95492],[87.16639,26.959],[87.1628,26.96672],[87.17185,26.9716],[87.1758,26.98299],[87.18085,26.98298],[87.18235,26.98876],[87.19123,26.99199],[87.19963,27.0],[87.20095,27.00815],[87.19798,27.01901],[87.18132,27.052],[87.18565,27.07417],[87.19367,27.07753],[87.19426,27.0854],[87.20477,27.08755],[87.22004,27.1068],[87.23028,27.10817],[87.2406,27.11681],[87.24761,27.11786],[87.24709,27.12606],[87.25977,27.13031],[87.27362,27.14278],[87.2725,27.15006],[87.27793,27.16019],[87.27473,27.17496],[87.26565,27.17707],[87.26722,27.18193],[87.28778,27.18989],[87.29477,27.19008],[87.3149,27.18202],[87.33034,27.1879],[87.34542,27.18682],[87.36012,27.18986]]]}},{"type":"Feature","properties":{"district":"Ilam","province":"Province No 1"},"geometry":{"type":"Polygon","coordinates":[[[87.95058,27.10427],[87.96475,27.10076],[87.97673,27.1035],[87.98345,27.10163],[87.99126,27.10535],[88.006,27.10412],[88.01447,27.09708],[88.01856,27.0881],[88.0237,27.0874],[88.01885,27.07349],[88.0238,27.06896],[88.03016,27.05069],[88.04022,27.03629],[88.04837,27.03636],[88.06229,27.02878],[88.08022,27.03502],[88.08561,27.02866],[88.0912,27.01504],[88.0909,27.008],[88.09486,27.00418],[88.10176,27.00341],[88.11768,26.98847],[88.13815,26.98455],[88.12516,26.96802],[88.12306,26.9501],[88.14864,26.92068],[88.13898,26.89837],[88.14909,26.88847],[88.16001,26.8845],[88.16922,26.87012],[88.17444,26.86899],[88.17613,26.86516],[88.17442,26.85997],[88.17711,26.85924],[88.17732,26.85306],[88.17002,26.84947],[88.17327,26.84487],[88.17015,26.83739],[88.17685,26.83317],[88.17443,26.82751],[88.18151,26.81622],[88.18015,26.80329],[88.18746,26.78284],[88.17641,26.78299],[88.17631,26.78018],[88.16848,26.78317],[88.16273,26.78995],[88.16153,26.79896],[88.15305,26.80548],[88.15728,26.79518],[88.14769,26.76908],[88.13867,26.76533],[88.13387,26.77787],[88.13403,26.77092],[88.12815,26.76547],[88.128,26.75829],[88.12172,26.75348],[88.12075,26.74805],[88.11633,26.74867],[88.11415,26.74557],[88.1072,26.74815],[88.09928,26.76148],[88.09772,26.77452],[88.10091,26.77618],[88.09501,26.78988],[88.09935,26.79597],[88.09492,26.80118],[88.07969,26.78298],[88.07736,26.78816],[88.06977,26.79131],[88.06057,26.75891],[88.05835,26.75446],[88.05191,26.75179],[88.04878,26.74492],[88.0473,26.75242],[88.03832,26.76007],[88.03786,26.76391],[88.0293,26.76625],[88.0294,26.77796],[88.02218,26.76956],[88.01054,26.76679],[88.00674,26.77016],[88.00848,26.77648],[88.00704,26.77972],[88.0076,26.77608],[88.00106,26.76962],[87.99948,26.75329],[87.99388,26.75538],[87.99042,26.75208],[87.98391,26.75212],[87.98102,26.75805],[87.98291,26.76303],[87.97828,26.76929],[87.98174,26.77774],[87.97785,26.7782],[87.9741,26.77263],[87.96586,26.77689],[87.96932,26.78808],[87.96731,26.78956],[87.96136,26.78161],[87.95972,26.76779],[87.94981,26.76675],[87.95685,26.7611],[87.96029,26.74979],[87.95118,26.73935],[87.9528,26.7282],[87.93809,26.72614],[87.92992,26.71548],[87.92914,26.7119],[87.93579,26.70871],[87.93586,26.70211],[87.93899,26.70099],[87.93645,26.68843],[87.92685,26.69715],[87.91806,26.69277],[87.89849,26.69085],[87.89409,26.68693],[87.886,26.68807],[87.88187,26.68424],[87.86966,26.69181],[87.86453,26.68739],[87.86781,26.68381],[87.87063,26.67194],[87.86858,26.67133],[87.86787,26.67391],[87.85848,26.67579],[87.84773,26.67462],[87.83615,26.68736],[87.81706,26.69368],[87.79588,26.68007],[87.79333,26.66594],[87.76764,26.66492],[87.76053,26.67162],[87.74318,26.67818],[87.72098,26.69278],[87.70992,26.69533],[87.70718,26.70136],[87.71006,26.71049],[87.70416,26.73157],[87.68974,26.74966],[87.69342,26.75264],[87.69293,26.75629],[87.6879,26.75725],[87.68502,26.75271],[87.67807,26.75201],[87.66568,26.76043],[87.68175,26.78116],[87.67349,26.79044],[87.66402,26.79198],[87.65858,26.79792],[87.66368,26.80548],[87.66407,26.81454],[87.65502,26.81854],[87.65037,26.83065],[87.64466,26.82991],[87.6369,26.84019],[87.63373,26.83867],[87.62459,26.84253],[87.60214,26.86182],[87.6143,26.86335],[87.6392,26.86035],[87.64961,26.86759],[87.6908,26.88071],[87.69285,26.89947],[87.70081,26.91151],[87.69653,26.92225],[87.70886,26.92896],[87.68289,26.94643],[87.67975,26.95173],[87.68305,26.95342],[87.69276,26.97438],[87.70523,26.97909],[87.72115,27.0],[87.73521,27.00601],[87.74204,27.01933],[87.7573,27.02004],[87.76661,27.01286],[87.78055,27.0125],[87.79934,27.02681],[87.8202,27.03353],[87.82725,27.04108],[87.84354,27.04738],[87.8548,27.0622],[87.8642,27.06263],[87.88313,27.07757],[87.88384,27.08196],[87.89246,27.08424],[87.8981,27.09224],[87.91709,27.09407],[87.92026,27.09946],[87.92679,27.10158],[87.94631,27.09928],[87.95058,27.10427]]]}},{"type":"Feature","properties":{"district":"Jhapa","province":"Province No 1"},"geometry":{"type":"Polygon","coordinates":[[[88.15297,26.80494],[88.16153,26.79896],[88.16627,26.78502],[88.17631,26.78018],[88.17641,26.78299],[88.18746,26.78284],[88.19057,26.77135],[88.18898,26.73818],[88.18464,26.71917],[88.16975,26.69925],[88.16567,26.64568],[88.16059,26.63977],[88.16308,26.63626],[88.15724,26.63014],[88.14461,26.62548],[88.14173,26.60649],[88.13249,26.60099],[88.13451,26.59288],[88.12991,26.58156],[88.13266,26.57315],[88.12799,26.57731],[88.12555,26.57195],[88.12336,26.57542],[88.12021,26.57425],[88.12151,26.56781],[88.11577,26.57217],[88.11421,26.5647],[88.11772,26.56549],[88.11317,26.56171],[88.11599,26.55797],[88.112,26.55672],[88.108,26.56061],[88.108,26.5504],[88.11411,26.54487],[88.10093,26.53748],[88.10191,26.53439],[88.10627,26.53604],[88.10569,26.51857],[88.09772,26.51613],[88.09915,26.51094],[88.09292,26.5068],[88.09522,26.50432],[88.10129,26.50544],[88.10286,26.49415],[88.10833,26.48916],[88.10288,26.47949],[88.10983,26.47519],[88.10731,26.47181],[88.10046,26.47228],[88.10576,26.46554],[88.09448,26.46274],[88.09948,26.45194],[88.09822,26.43885],[88.07229,26.41314],[88.07395,26.40774],[88.06264,26.40936],[88.05815,26.40547],[88.058,26.40045],[88.0499,26.4008],[88.04763,26.39564],[88.04035,26.39357],[88.03907,26.39],[88.03685,26.39174],[88.03334,26.38203],[88.02973,26.38154],[88.03395,26.37815],[88.02974,26.37075],[88.03244,26.36455],[88.01022,26.36076],[88.00494,26.36625],[87.99798,26.36582],[87.9946,26.37112],[87.99419,26.39224],[87.96834,26.39685],[87.93505,26.41774],[87.92976,26.41757],[87.92858,26.42738],[87.91852,26.43152],[87.92791,26.43969],[87.92737,26.44522],[87.90125,26.44845],[87.91218,26.45747],[87.90259,26.47714],[87.89065,26.48639],[87.88812,26.47617],[87.86066,26.46326],[87.86073,26.45598],[87.8651,26.45268],[87.86393,26.44859],[87.85351,26.44496],[87.8512,26.43616],[87.83074,26.43981],[87.83222,26.44991],[87.81971,26.45875],[87.79548,26.46851],[87.79326,26.46605],[87.7924,26.46888],[87.78931,26.46792],[87.79246,26.46541],[87.78855,26.4648],[87.79113,26.46117],[87.78491,26.45369],[87.78034,26.45341],[87.78149,26.45038],[87.77638,26.45013],[87.78027,26.44236],[87.77547,26.43576],[87.78031,26.43553],[87.77846,26.42967],[87.77509,26.42977],[87.77792,26.42692],[87.77304,26.42718],[87.77856,26.42493],[87.77557,26.42013],[87.77851,26.42108],[87.77524,26.41918],[87.77354,26.42156],[87.77009,26.41854],[87.76963,26.41101],[87.75634,26.40784],[87.74998,26.41753],[87.74163,26.41726],[87.73618,26.40745],[87.72538,26.41224],[87.72486,26.41889],[87.71367,26.42703],[87.70099,26.42788],[87.69458,26.43531],[87.67798,26.4358],[87.6745,26.44158],[87.67535,26.44946],[87.66115,26.45837],[87.66226,26.47107],[87.65256,26.48076],[87.651,26.49678],[87.64515,26.50712],[87.64309,26.52913],[87.64842,26.54887],[87.6439,26.5579],[87.64341,26.57529],[87.63824,26.58029],[87.64466,26.58354],[87.64095,26.59725],[87.64921,26.59963],[87.64983,26.60793],[87.65797,26.61553],[87.6565,26.63314],[87.64444,26.64983],[87.64487,26.66611],[87.65541,26.68537],[87.65368,26.68978],[87.65758,26.71552],[87.68089,26.72988],[87.68974,26.74966],[87.70416,26.73157],[87.71006,26.71049],[87.70719,26.70105],[87.7103,26.6949],[87.71152,26.6969],[87.72098,26.69278],[87.74318,26.67818],[87.76053,26.67162],[87.76764,26.66492],[87.79333,26.66594],[87.79588,26.68007],[87.81706,26.69368],[87.83615,26.68736],[87.84773,26.67462],[87.85848,26.67579],[87.86915,26.67135],[87.86781,26.68381],[87.86453,26.68739],[87.86966,26.69181],[87.88187,26.68424],[87.886,26.68807],[87.89409,26.68693],[87.89849,26.69085],[87.91806,26.69277],[87.92685,26.69715],[87.93645,26.68843],[87.93899,26.70099],[87.93586,26.70211],[87.93579,26.70871],[87.92914,26.7119],[87.92992,26.71548],[87.93809,26.72614],[87.9528,26.7282],[87.95118,26.73935],[87.96029,26.74979],[87.95685,26.7611],[87.94981,26.76675],[87.95972,26.76779],[87.96136,26.78161],[87.96731,26.78956],[87.96932,26.78808],[87.96586,26.77689],[87.9741,26.77263],[87.97785,26.7782],[87.98174,26.77774],[87.97828,26.76929],[87.98291,26.76303],[87.98102,26.75805],[87.98391,26.75212],[87.99042,26.75208],[87.99388,26.75538],[87.99948,26.75329],[88.00106,26.76962],[88.0076,26.77608],[88.00704,26.77972],[88.00848,26.77648],[88.00674,26.77016],[88.01054,26.76679],[88.02218,26.76956],[88.0294,26.77796],[88.0293,26.76625],[88.03786,26.76391],[88.03832,26.76007],[88.0473,26.75242],[88.0491,26.74494],[88.05191,26.75179],[88.05835,26.75446],[88.06057,26.75891],[88.06977,26.79131],[88.07736,26.78816],[88.07969,26.78298],[88.09535,26.80111],[88.09942,26.79528],[88.09501,26.78988],[88.10091,26.77618],[88.09772,26.77452],[88.09928,26.76148],[88.1072,26.74815],[88.11415,26.74557],[88.11633,26.74867],[88.12075,26.74805],[88.12172,26.75348],[88.128,26.75829],[88.12815,26.76547],[88.13403,26.77092],[88.13387,26.77787],[88.13867,26.76533],[88.14769,26.76908],[88.15728,26.79518],[88.15297,26.80494]]]}},{"type":"Feature","properties":{"district":"Khotang","province":"Province No 1"},"geometry":{"type":"Polygon","coordinates":[[[86.83755,27.43055],[86.86163,27.43508],[86.87374,27.42793],[86.89363,27.43484],[86.90847,27.43319],[86.91289,27.40727],[86.92248,27.3896],[86.93315,27.38434],[86.92629,27.37033],[86.93401,27.35703],[86.93626,27.35376],[86.9492,27.35154],[86.95367,27.34295],[86.95114,27.33596],[86.97086,27.31765],[86.9878,27.30799],[86.96816,27.29542],[86.96799,27.28427],[86.95377,27.27208],[86.9507,27.26584],[86.91478,27.26646],[86.89756,27.24946],[86.90312,27.24915],[86.91566,27.23152],[86.93079,27.22291],[86.93214,27.20284],[86.91891,27.18433],[86.91909,27.17658],[86.9153,27.16976],[86.92522,27.15623],[86.91961,27.12868],[86.90917,27.12603],[86.89724,27.11463],[86.90562,27.10436],[86.92582,27.09144],[86.94866,27.08557],[86.96552,27.06104],[86.96589,27.05265],[86.95642,27.04787],[86.95264,27.02946],[86.94714,27.02006],[86.96958,27.00713],[86.96846,26.99167],[86.95951,26.98507],[86.9609,26.98072],[86.96997,26.98091],[86.97482,26.97368],[86.97545,26.95697],[86.96712,26.94118],[86.96751,26.92742],[86.95854,26.92285],[86.95955,26.91741],[86.95225,26.90772],[86.954,26.90425],[86.94259,26.90323],[86.93384,26.90738],[86.91694,26.89543],[86.88741,26.89818],[86.87023,26.89319],[86.86475,26.8948],[86.85566,26.88799],[86.84094,26.8842],[86.83648,26.87458],[86.80933,26.87228],[86.8015,26.87756],[86.78707,26.88052],[86.78218,26.88744],[86.77408,26.88495],[86.776,26.89659],[86.7709,26.90023],[86.76331,26.92383],[86.76654,26.93435],[86.76377,26.94175],[86.76692,26.95719],[86.76327,26.97003],[86.75735,26.97406],[86.75892,26.98545],[86.75476,26.98862],[86.75595,27.00524],[86.75064,27.01194],[86.74962,27.02403],[86.74133,27.0327],[86.72915,27.03914],[86.72242,27.06182],[86.71269,27.06731],[86.71244,27.07423],[86.70096,27.08608],[86.70042,27.0943],[86.69269,27.10199],[86.68084,27.10679],[86.67123,27.11972],[86.64275,27.13273],[86.6079,27.1394],[86.58367,27.15213],[86.54868,27.13715],[86.53559,27.13479],[86.52322,27.11788],[86.51691,27.11391],[86.5048,27.11424],[86.49475,27.10445],[86.48621,27.10931],[86.47741,27.10212],[86.46816,27.10204],[86.46183,27.1053],[86.46206,27.11734],[86.45131,27.1248],[86.44804,27.1323],[86.43245,27.13039],[86.42866,27.13375],[86.44016,27.14452],[86.43586,27.14877],[86.43666,27.15224],[86.44961,27.16387],[86.47025,27.16791],[86.47584,27.17627],[86.48658,27.18006],[86.4936,27.18643],[86.51366,27.18651],[86.52765,27.19242],[86.53362,27.20156],[86.54469,27.20843],[86.54994,27.21803],[86.55797,27.21862],[86.55844,27.22101],[86.55474,27.22145],[86.55937,27.22653],[86.56367,27.22327],[86.57451,27.22691],[86.589,27.22365],[86.59989,27.23427],[86.62115,27.23471],[86.62356,27.24578],[86.63342,27.24795],[86.63695,27.25614],[86.64629,27.25818],[86.65245,27.26364],[86.65916,27.262],[86.66287,27.26845],[86.67138,27.26917],[86.67271,27.27345],[86.66914,27.27673],[86.67529,27.28841],[86.66967,27.29723],[86.67859,27.29817],[86.67952,27.30236],[86.68856,27.30987],[86.68239,27.32431],[86.68531,27.32927],[86.68069,27.34286],[86.68313,27.34495],[86.68119,27.3657],[86.68592,27.38073],[86.68361,27.39037],[86.71218,27.3953],[86.73657,27.39428],[86.74359,27.39723],[86.75418,27.39418],[86.77299,27.4112],[86.79104,27.40716],[86.80622,27.41508],[86.81323,27.43044],[86.82335,27.43966],[86.83755,27.43055]]]}},{"type":"Feature","properties":{"district":"Morang","province":"Province No 1"},"geometry":{"type":"Polygon","coordinates":[[[87.50961,26.87011],[87.51183,26.8572],[87.52292,26.86184],[87.53373,26.85698],[87.53681,26.86232],[87.54224,26.86304],[87.56102,26.86313],[87.56836,26.85727],[87.57571,26.85663],[87.58301,26.86111],[87.60214,26.86182],[87.62459,26.84253],[87.63373,26.83867],[87.6369,26.84019],[87.64466,26.82991],[87.65037,26.83065],[87.65502,26.81854],[87.66407,26.81454],[87.66368,26.80548],[87.65858,26.79792],[87.66402,26.79198],[87.67349,26.79044],[87.68175,26.78116],[87.66577,26.7603],[87.67469,26.75669],[87.67807,26.75201],[87.68502,26.75271],[87.6879,26.75725],[87.69293,26.75629],[87.6812,26.73022],[87.65738,26.71498],[87.65368,26.68978],[87.65541,26.68537],[87.64502,26.66665],[87.64403,26.65374],[87.64678,26.64455],[87.6565,26.63314],[87.65797,26.61553],[87.64983,26.60793],[87.64921,26.59963],[87.64095,26.59725],[87.64466,26.58354],[87.63824,26.58029],[87.64341,26.57529],[87.6439,26.5579],[87.64842,26.54887],[87.64309,26.52913],[87.64515,26.50712],[87.651,26.49678],[87.65256,26.48076],[87.66226,26.47107],[87.66029,26.45991],[87.67535,26.44946],[87.67457,26.44129],[87.67772,26.43597],[87.68169,26.43611],[87.68085,26.41549],[87.65278,26.40555],[87.65436,26.39318],[87.62918,26.39339],[87.61464,26.38984],[87.60971,26.38083],[87.58964,26.3818],[87.59028,26.39227],[87.55534,26.4054],[87.55004,26.4182],[87.53674,26.42127],[87.51889,26.4306],[87.4691,26.44006],[87.44553,26.43274],[87.43026,26.42209],[87.39101,26.41874],[87.37858,26.4067],[87.37117,26.40774],[87.35887,26.38787],[87.35584,26.3717],[87.3608,26.36073],[87.34346,26.34742],[87.32437,26.35987],[87.31482,26.37115],[87.3038,26.36594],[87.29193,26.3734],[87.26836,26.37355],[87.26862,26.40531],[87.25873,26.41081],[87.25245,26.40913],[87.24503,26.4179],[87.25062,26.43191],[87.2467,26.44201],[87.24952,26.45335],[87.24746,26.46482],[87.24107,26.46963],[87.24606,26.47542],[87.24773,26.49083],[87.25502,26.50298],[87.2524,26.5111],[87.25665,26.51884],[87.25304,26.52162],[87.25,26.51534],[87.24847,26.52079],[87.25789,26.52896],[87.25651,26.53617],[87.26334,26.53406],[87.26239,26.53929],[87.26865,26.54836],[87.27492,26.55022],[87.28023,26.55873],[87.28639,26.55864],[87.28938,26.57222],[87.29377,26.5762],[87.28794,26.59268],[87.29192,26.59553],[87.29113,26.60103],[87.29623,26.60871],[87.30331,26.6151],[87.30375,26.62921],[87.29674,26.63472],[87.29779,26.63848],[87.29136,26.65017],[87.28742,26.65151],[87.28748,26.65711],[87.29156,26.66965],[87.29638,26.6676],[87.30647,26.67635],[87.31649,26.70533],[87.32414,26.71126],[87.32197,26.71571],[87.32759,26.7147],[87.33257,26.72859],[87.33748,26.73563],[87.34175,26.73625],[87.34086,26.7526],[87.32643,26.77427],[87.32599,26.78661],[87.35161,26.8201],[87.35226,26.8235],[87.34926,26.82518],[87.35644,26.83875],[87.34998,26.84931],[87.37148,26.84539],[87.3869,26.85328],[87.39446,26.8655],[87.40335,26.863],[87.42392,26.87016],[87.43159,26.86324],[87.45173,26.86397],[87.45538,26.85783],[87.46323,26.8639],[87.47451,26.86148],[87.47616,26.86698],[87.48618,26.86731],[87.4909,26.87216],[87.50085,26.86979],[87.50495,26.87317],[87.50961,26.87011]]]}},{"type":"Feature","properties":{"district":"Okhaldhunga","province":"Province No 1"},"geometry":{"type":"Polygon","coordinates":[[[86.35799,27.52598],[86.3632,27.52539],[86.37774,27.51569],[86.40388,27.51673],[86.42552,27.48716],[86.4312,27.4844],[86.44228,27.48536],[86.45616,27.46124],[86.45691,27.45421],[86.46981,27.44527],[86.46272,27.4341],[86.46701,27.42816],[86.47583,27.42102],[86.48732,27.42215],[86.49374,27.42726],[86.50499,27.42512],[86.51218,27.41047],[86.53441,27.3965],[86.53849,27.38716],[86.56684,27.36527],[86.5663,27.35309],[86.57318,27.34047],[86.59207,27.3434],[86.63738,27.33776],[86.65967,27.33948],[86.67305,27.35232],[86.68101,27.35324],[86.68313,27.34495],[86.68115,27.33657],[86.68531,27.32927],[86.68239,27.32431],[86.68856,27.30987],[86.67952,27.30236],[86.67859,27.29817],[86.66967,27.29723],[86.67529,27.28841],[86.66914,27.27673],[86.67271,27.27345],[86.67138,27.26917],[86.66287,27.26845],[86.65916,27.262],[86.65245,27.26364],[86.64629,27.25818],[86.63695,27.25614],[86.63342,27.24795],[86.62356,27.24578],[86.62115,27.23471],[86.59989,27.23427],[86.589,27.22365],[86.57451,27.22691],[86.56367,27.22327],[86.55937,27.22653],[86.55474,27.22145],[86.55844,27.22101],[86.55797,27.21862],[86.54994,27.21803],[86.54469,27.20843],[86.53362,27.20156],[86.52819,27.19275],[86.51366,27.18651],[86.4931,27.18621],[86.48658,27.18006],[86.47584,27.17627],[86.47025,27.16791],[86.44961,27.16387],[86.43045,27.14646],[86.42198,27.15061],[86.41921,27.16569],[86.40459,27.17012],[86.40222,27.17639],[86.38808,27.18067],[86.3814,27.19297],[86.37112,27.19223],[86.36045,27.20114],[86.34595,27.20255],[86.34228,27.21005],[86.34552,27.21936],[86.34336,27.22871],[86.31825,27.23112],[86.30848,27.2369],[86.2973,27.23812],[86.29025,27.24538],[86.28368,27.24556],[86.26903,27.25333],[86.26867,27.26077],[86.25982,27.25782],[86.25517,27.25002],[86.24556,27.24685],[86.24203,27.24102],[86.23248,27.23711],[86.20594,27.24996],[86.21617,27.26861],[86.21859,27.26775],[86.22609,27.27719],[86.24297,27.28847],[86.23782,27.29594],[86.23959,27.30582],[86.23618,27.30721],[86.23127,27.31963],[86.22168,27.32229],[86.22465,27.32704],[86.21959,27.32814],[86.21802,27.33327],[86.22041,27.33672],[86.21949,27.35277],[86.2242,27.35967],[86.22141,27.36192],[86.22708,27.37028],[86.22436,27.38179],[86.22816,27.38394],[86.23027,27.39794],[86.2384,27.40383],[86.23681,27.40789],[86.24428,27.41871],[86.25063,27.42032],[86.25363,27.43223],[86.25891,27.43691],[86.2566,27.44068],[86.26612,27.45586],[86.29444,27.47011],[86.29741,27.47867],[86.30777,27.48256],[86.32177,27.49848],[86.32702,27.49945],[86.34066,27.51979],[86.35799,27.52598]]]}},{"type":"Feature","properties":{"district":"Panchthar","province":"Province No 1"},"geometry":{"type":"Polygon","coordinates":[[[88.07026,27.43788],[88.08123,27.43175],[88.08268,27.42644],[88.06974,27.425],[88.05798,27.41787],[88.04952,27.40513],[88.05103,27.40055],[88.04441,27.3699],[88.05275,27.35838],[88.06022,27.35537],[88.06921,27.33564],[88.05512,27.32423],[88.05113,27.31239],[88.04412,27.30407],[88.0474,27.29343],[88.03431,27.28594],[88.03345,27.24973],[88.03029,27.24906],[88.02681,27.24174],[88.02741,27.23696],[88.02183,27.23559],[88.02148,27.22475],[88.01477,27.21573],[88.01823,27.21055],[88.01426,27.20347],[88.01859,27.19586],[88.01506,27.17725],[88.02195,27.17071],[88.01357,27.16548],[88.00999,27.14297],[88.00326,27.13992],[88.00124,27.13333],[87.9938,27.13048],[87.99002,27.11902],[87.99421,27.10512],[87.96475,27.10076],[87.95442,27.10583],[87.94631,27.09928],[87.9302,27.10226],[87.92026,27.09946],[87.91709,27.09407],[87.8981,27.09224],[87.89246,27.08424],[87.88384,27.08196],[87.88313,27.07757],[87.8642,27.06263],[87.8548,27.0622],[87.84354,27.04738],[87.82725,27.04108],[87.8202,27.03353],[87.79934,27.02681],[87.78055,27.0125],[87.76661,27.01286],[87.7573,27.02004],[87.74204,27.01933],[87.73521,27.00601],[87.72115,27.0],[87.70523,26.97909],[87.69276,26.97438],[87.68305,26.95342],[87.67975,26.95173],[87.68289,26.94643],[87.70886,26.92896],[87.69653,26.92225],[87.70081,26.91151],[87.69285,26.89947],[87.69073,26.88068],[87.64961,26.86759],[87.6392,26.86035],[87.6143,26.86335],[87.58619,26.85952],[87.58017,26.86333],[87.5771,26.87096],[87.56987,26.8717],[87.5622,26.88454],[87.55403,26.88438],[87.54685,26.88883],[87.52484,26.8844],[87.53432,26.90159],[87.53127,26.9086],[87.53356,26.91352],[87.52494,26.92537],[87.52652,26.92956],[87.52342,26.93425],[87.528,26.93879],[87.52892,26.95719],[87.50526,26.9713],[87.49509,26.98502],[87.50323,26.98369],[87.51402,26.99032],[87.52258,27.00225],[87.53851,27.01323],[87.54472,27.02351],[87.54197,27.03344],[87.53545,27.03471],[87.53947,27.04506],[87.57287,27.0694],[87.57373,27.07547],[87.59159,27.09925],[87.60596,27.10759],[87.61065,27.10727],[87.61491,27.11217],[87.62453,27.11278],[87.63678,27.11838],[87.64013,27.12373],[87.64732,27.12638],[87.64746,27.13238],[87.66572,27.13251],[87.67833,27.14213],[87.69466,27.14292],[87.69763,27.14676],[87.70859,27.15018],[87.71371,27.15663],[87.71359,27.17129],[87.72057,27.1873],[87.74716,27.19871],[87.75409,27.20806],[87.75393,27.21729],[87.74864,27.22404],[87.73594,27.23437],[87.7301,27.23538],[87.72575,27.24166],[87.71828,27.24331],[87.68358,27.26715],[87.68452,27.27951],[87.68987,27.28306],[87.69141,27.28827],[87.70049,27.29096],[87.71189,27.28617],[87.72673,27.28581],[87.73436,27.27832],[87.74775,27.27751],[87.75784,27.2807],[87.78354,27.2724],[87.79969,27.27661],[87.81072,27.27568],[87.84227,27.28588],[87.85517,27.28558],[87.86411,27.27932],[87.87221,27.27875],[87.883,27.28386],[87.88681,27.28052],[87.89057,27.28373],[87.89384,27.28178],[87.89698,27.28612],[87.91979,27.28577],[87.9277,27.28032],[87.93547,27.28316],[87.94141,27.28028],[87.95302,27.28236],[87.96197,27.28826],[87.97105,27.30036],[87.97662,27.30122],[87.99354,27.32382],[88.00644,27.32879],[88.00757,27.33665],[88.02013,27.35395],[88.02928,27.39412],[88.03997,27.41323],[88.05267,27.42671],[88.07026,27.43788]]]}},{"type":"Feature","properties":{"district":"Sankhuwasabha","province":"Province No 1"},"geometry":{"type":"Polygon","coordinates":[[[87.0182,27.95747],[87.02725,27.94962],[87.04161,27.95017],[87.05587,27.92636],[87.06826,27.92369],[87.08076,27.91544],[87.0803,27.90261],[87.09104,27.88934],[87.09076,27.88315],[87.10967,27.8747],[87.11064,27.85406],[87.11839,27.8401],[87.12443,27.83905],[87.12883,27.83396],[87.14299,27.83689],[87.15923,27.82424],[87.17078,27.82146],[87.19568,27.81974],[87.22032,27.82335],[87.22818,27.81947],[87.24116,27.83923],[87.25249,27.84283],[87.26295,27.8507],[87.28729,27.84428],[87.30612,27.84321],[87.30697,27.83524],[87.32038,27.8255],[87.34038,27.82968],[87.34804,27.82762],[87.35048,27.83017],[87.35776,27.8272],[87.36319,27.82865],[87.37637,27.84507],[87.40513,27.85167],[87.42111,27.86226],[87.42818,27.85855],[87.42848,27.85192],[87.43571,27.84597],[87.43429,27.84216],[87.41141,27.83857],[87.40615,27.83383],[87.42519,27.83136],[87.45233,27.82207],[87.49264,27.84623],[87.49556,27.84369],[87.51141,27.84685],[87.5385,27.84291],[87.55024,27.85297],[87.55468,27.86493],[87.56393,27.86681],[87.57388,27.86112],[87.58134,27.86176],[87.5889,27.8526],[87.59355,27.83325],[87.59205,27.82015],[87.60406,27.82086],[87.61402,27.81033],[87.61941,27.81867],[87.63457,27.82454],[87.63508,27.83236],[87.63837,27.83414],[87.67207,27.83464],[87.67231,27.82983],[87.6656,27.82237],[87.66718,27.80926],[87.67989,27.78959],[87.67344,27.78043],[87.67419,27.77317],[87.65971,27.76139],[87.66627,27.75],[87.6583,27.73936],[87.64377,27.73068],[87.64668,27.72691],[87.64048,27.71847],[87.64193,27.70981],[87.62446,27.71157],[87.61539,27.69994],[87.61895,27.68834],[87.60783,27.67394],[87.60372,27.67401],[87.60259,27.67909],[87.59316,27.68115],[87.58234,27.67587],[87.5774,27.68254],[87.57716,27.69285],[87.56367,27.6982],[87.55191,27.68047],[87.548,27.65924],[87.53483,27.65193],[87.54225,27.65072],[87.54683,27.64549],[87.54758,27.63794],[87.53728,27.63172],[87.53862,27.62378],[87.53027,27.60277],[87.53193,27.59465],[87.52753,27.59259],[87.51533,27.59867],[87.50135,27.58095],[87.49229,27.57655],[87.49023,27.56929],[87.48436,27.56687],[87.48459,27.55474],[87.48976,27.54623],[87.48324,27.54299],[87.47751,27.52686],[87.47889,27.51211],[87.47075,27.50718],[87.4723,27.49963],[87.46902,27.49562],[87.47379,27.48638],[87.46118,27.47345],[87.46362,27.44642],[87.45874,27.42562],[87.44697,27.40591],[87.45923,27.38641],[87.46103,27.37134],[87.46907,27.36654],[87.47691,27.35714],[87.48225,27.343],[87.49506,27.33219],[87.5,27.31364],[87.5169,27.30584],[87.51919,27.29703],[87.48219,27.24988],[87.48029,27.23668],[87.46993,27.21757],[87.46998,27.2013],[87.47263,27.19755],[87.45421,27.17933],[87.43387,27.17923],[87.42245,27.17575],[87.40853,27.1556],[87.41192,27.14567],[87.40926,27.13605],[87.39224,27.1476],[87.38861,27.15882],[87.3767,27.16693],[87.37861,27.17916],[87.36785,27.188],[87.36282,27.18738],[87.35953,27.19057],[87.34542,27.18682],[87.33104,27.18799],[87.3149,27.18202],[87.29477,27.19008],[87.28778,27.18989],[87.26768,27.18223],[87.26366,27.17675],[87.26069,27.18366],[87.24953,27.19123],[87.24909,27.19821],[87.23996,27.21704],[87.23244,27.22195],[87.22931,27.2292],[87.21804,27.2336],[87.21357,27.24337],[87.20486,27.24663],[87.20804,27.25193],[87.20674,27.25997],[87.20125,27.26111],[87.19975,27.26466],[87.21229,27.26757],[87.20709,27.27286],[87.20933,27.28109],[87.2022,27.29421],[87.20389,27.30157],[87.18458,27.31574],[87.19372,27.3267],[87.187,27.33619],[87.19449,27.34638],[87.19473,27.35212],[87.17859,27.36525],[87.17109,27.37555],[87.15719,27.38095],[87.14452,27.39364],[87.13409,27.39428],[87.12754,27.4019],[87.13264,27.40902],[87.12638,27.42651],[87.12993,27.43437],[87.13603,27.43606],[87.14269,27.44675],[87.14044,27.45246],[87.11301,27.4586],[87.11118,27.46334],[87.09673,27.45522],[87.07505,27.45974],[87.05937,27.44066],[87.04461,27.44762],[87.01255,27.43576],[86.98288,27.44162],[86.97751,27.44665],[86.9657,27.44996],[86.95731,27.45795],[86.94262,27.45891],[86.94657,27.46167],[86.95044,27.47484],[86.96539,27.48324],[86.94534,27.50891],[86.95045,27.52763],[86.96917,27.54127],[86.96835,27.56121],[86.9645,27.56808],[86.95591,27.57206],[86.95938,27.58891],[86.95619,27.60438],[86.97071,27.63257],[86.98616,27.64602],[86.99,27.65866],[86.98986,27.68678],[87.00759,27.71125],[87.01072,27.72572],[86.99783,27.73146],[86.99615,27.74186],[86.98143,27.75],[86.98546,27.75582],[86.98192,27.77507],[86.98866,27.78041],[86.9856,27.79113],[86.99605,27.79486],[87.01263,27.81451],[87.00043,27.8242],[86.97921,27.82565],[86.99215,27.83916],[86.99324,27.84533],[86.98671,27.86308],[86.97646,27.87712],[86.97577,27.89495],[86.97,27.90137],[86.97,27.9065],[86.97535,27.91504],[86.98357,27.91961],[86.98166,27.93592],[86.98576,27.94924],[86.99468,27.95457],[87.01129,27.95324],[87.0182,27.95747]]]}},{"type":"Feature","properties":{"district":"Solukhumbu","province":"Province No 1"},"geometry":{"type":"Polygon","coordinates":[[[86.57683,28.11282],[86.5908,28.10784],[86.59249,28.10393],[86.60679,28.0999],[86.61044,28.09192],[86.60503,28.08732],[86.61078,28.07577],[86.63724,28.07048],[86.65241,28.0746],[86.66038,28.08085],[86.66605,28.09774],[86.69154,28.10842],[86.74072,28.10354],[86.75076,28.09471],[86.74983,28.08584],[86.75329,28.0811],[86.76738,28.07438],[86.75766,28.06794],[86.7534,28.05342],[86.74931,28.05031],[86.75536,28.03768],[86.76111,28.03477],[86.77579,28.03782],[86.78256,28.03138],[86.78175,28.0271],[86.79255,28.01868],[86.80513,28.02336],[86.81428,28.0188],[86.82122,28.01992],[86.83055,28.01502],[86.83828,28.01509],[86.84977,28.01959],[86.8545,28.02745],[86.86989,28.02501],[86.87497,28.0219],[86.87551,28.01025],[86.89239,27.99671],[86.92782,27.98763],[86.93554,27.97783],[86.93594,27.96235],[86.95192,27.9566],[86.9756,27.95411],[86.98576,27.94924],[86.98166,27.93592],[86.98357,27.91961],[86.97535,27.91504],[86.96953,27.90245],[86.97577,27.89495],[86.97646,27.87712],[86.98262,27.87072],[86.99306,27.84674],[86.99215,27.83916],[86.97921,27.82565],[87.00043,27.8242],[87.01263,27.81451],[86.99605,27.79486],[86.9856,27.79113],[86.98866,27.78041],[86.98192,27.77507],[86.98546,27.75582],[86.98143,27.75],[86.99615,27.74186],[86.99783,27.73146],[87.01033,27.72655],[87.00994,27.71747],[87.00066,27.6992],[86.99325,27.6948],[86.98986,27.68678],[86.99,27.65866],[86.98616,27.64602],[86.97071,27.63257],[86.95619,27.60438],[86.95938,27.58891],[86.95591,27.57206],[86.9645,27.56808],[86.96835,27.56121],[86.96917,27.54127],[86.95045,27.52763],[86.94534,27.50891],[86.96539,27.48324],[86.95044,27.47484],[86.94657,27.46167],[86.94287,27.46032],[86.94263,27.45026],[86.93325,27.44125],[86.91834,27.44001],[86.90847,27.43319],[86.89363,27.43484],[86.87374,27.42793],[86.86163,27.43508],[86.83755,27.43055],[86.82424,27.43993],[86.81323,27.43044],[86.80622,27.41508],[86.79104,27.40716],[86.77299,27.4112],[86.75418,27.39418],[86.74359,27.39723],[86.73657,27.39428],[86.68672,27.39231],[86.68334,27.38992],[86.68592,27.38073],[86.68119,27.3657],[86.68101,27.35324],[86.67305,27.35232],[86.65967,27.33948],[86.64424,27.33799],[86.60939,27.34313],[86.57318,27.34047],[86.5663,27.35309],[86.56684,27.36527],[86.53849,27.38716],[86.53441,27.3965],[86.51218,27.41047],[86.50499,27.42512],[86.49374,27.42726],[86.48732,27.42215],[86.47583,27.42102],[86.46701,27.42816],[86.46272,27.4341],[86.46981,27.44527],[86.45691,27.45421],[86.45616,27.46124],[86.44228,27.48536],[86.4312,27.4844],[86.42552,27.48716],[86.40388,27.51673],[86.37774,27.51569],[86.35799,27.52598],[86.36092,27.53949],[86.37204,27.54937],[86.37162,27.55791],[86.37868,27.56779],[86.39065,27.57249],[86.40089,27.58318],[86.41585,27.58652],[86.42258,27.5984],[86.43719,27.61],[86.47209,27.61685],[86.4865,27.61696],[86.4949,27.61346],[86.50227,27.62008],[86.50958,27.64032],[86.51611,27.64792],[86.52863,27.65013],[86.53124,27.65533],[86.52952,27.6599],[86.53542,27.66254],[86.54044,27.67003],[86.53901,27.67833],[86.54267,27.70134],[86.55337,27.7106],[86.5653,27.74907],[86.57518,27.75432],[86.5664,27.76934],[86.57125,27.79085],[86.56805,27.79935],[86.5695,27.80374],[86.54484,27.8109],[86.54277,27.81461],[86.55652,27.85688],[86.55344,27.8759],[86.55704,27.88527],[86.55408,27.89781],[86.55685,27.90866],[86.55022,27.9302],[86.53614,27.94186],[86.52415,27.94018],[86.51458,27.967],[86.52256,27.97412],[86.51525,27.9845],[86.51819,27.98975],[86.51745,28.00124],[86.52221,28.00496],[86.52385,28.0196],[86.53387,28.02691],[86.53577,28.04638],[86.53893,28.05059],[86.55132,28.05051],[86.56776,28.06875],[86.56103,28.07763],[86.56928,28.0916],[86.56427,28.10146],[86.56476,28.10692],[86.57683,28.11282]]]}},{"type":"Feature","properties":{"district":"Sunsari","province":"Province No 1"},"geometry":{"type":"Polygon","coordinates":[[[87.23518,26.87809],[87.2589,26.86557],[87.29902,26.87458],[87.3039,26.86879],[87.31072,26.87145],[87.32183,26.86212],[87.32607,26.85398],[87.33601,26.85501],[87.34998,26.84931],[87.35644,26.83875],[87.34926,26.82518],[87.35226,26.8235],[87.34886,26.81433],[87.32607,26.78729],[87.32643,26.77427],[87.34086,26.7526],[87.34175,26.73625],[87.33748,26.73563],[87.33257,26.72859],[87.32759,26.7147],[87.32197,26.71571],[87.32414,26.71126],[87.31649,26.70533],[87.30647,26.67635],[87.29638,26.6676],[87.29156,26.66965],[87.28748,26.65711],[87.28742,26.65151],[87.29136,26.65017],[87.29779,26.63848],[87.29674,26.63472],[87.30375,26.62921],[87.30331,26.6151],[87.29623,26.60871],[87.29113,26.60103],[87.29192,26.59553],[87.28794,26.59268],[87.29355,26.5755],[87.28938,26.57222],[87.28639,26.55864],[87.28023,26.55873],[87.27492,26.55022],[87.26865,26.54836],[87.26239,26.53929],[87.26334,26.53406],[87.25651,26.53617],[87.25789,26.52896],[87.24847,26.52079],[87.25,26.51534],[87.25304,26.52162],[87.25665,26.51884],[87.2524,26.5111],[87.25502,26.50298],[87.24773,26.49083],[87.24606,26.47542],[87.24107,26.46963],[87.24746,26.46482],[87.24952,26.45335],[87.2467,26.44201],[87.25062,26.43191],[87.24501,26.41807],[87.24759,26.41393],[87.23125,26.41337],[87.22139,26.40287],[87.2134,26.4092],[87.21381,26.4128],[87.18839,26.41393],[87.19151,26.40519],[87.16494,26.40372],[87.1415,26.41461],[87.09397,26.45002],[87.08263,26.5214],[87.07512,26.54164],[87.07424,26.58546],[87.04709,26.58695],[87.04478,26.56801],[87.01773,26.53178],[86.99326,26.52281],[86.98178,26.5248],[86.97754,26.51972],[86.96371,26.52345],[86.96178,26.52001],[86.9492,26.52063],[86.94702,26.51676],[86.93514,26.51649],[86.93086,26.49654],[86.93229,26.48928],[86.90653,26.48796],[86.9133,26.4988],[86.91868,26.50107],[86.9192,26.51208],[86.93573,26.53323],[86.95334,26.53691],[86.96608,26.54425],[86.97632,26.5577],[86.99479,26.57174],[86.98498,26.58597],[86.99185,26.60562],[86.98128,26.62485],[86.98812,26.62903],[86.99356,26.64921],[86.99736,26.65371],[87.00434,26.65532],[87.00871,26.66599],[87.01584,26.67053],[87.01321,26.68368],[87.01704,26.68987],[87.01245,26.71051],[87.01636,26.72186],[87.02083,26.72767],[87.02706,26.72953],[87.02781,26.73696],[87.03545,26.74455],[87.03675,26.75028],[87.04558,26.756],[87.0668,26.7441],[87.07139,26.75015],[87.10112,26.75088],[87.1076,26.75447],[87.12939,26.78578],[87.13823,26.80904],[87.14452,26.81528],[87.14666,26.82246],[87.14458,26.83507],[87.15206,26.84671],[87.15508,26.8689],[87.16056,26.87501],[87.16873,26.87786],[87.18175,26.87684],[87.18786,26.87035],[87.21851,26.863],[87.23518,26.87809]]]}},{"type":"Feature","properties":{"district":"Taplejung","province":"Province No 1"},"geometry":{"type":"Polygon","coordinates":[[[87.83403,27.95239],[87.8496,27.94611],[87.85957,27.94774],[87.86185,27.93644],[87.85661,27.92851],[87.8629,27.9237],[87.86849,27.91055],[87.87931,27.91456],[87.89045,27.90992],[87.90179,27.91093],[87.91045,27.91668],[87.93477,27.91766],[87.94174,27.91058],[87.95831,27.90883],[87.9691,27.89295],[87.98745,27.88571],[88.00502,27.89787],[88.0242,27.89638],[88.03268,27.90566],[88.0566,27.8966],[88.06082,27.88823],[88.06706,27.88609],[88.07462,27.89349],[88.08677,27.89526],[88.09212,27.88719],[88.09361,27.87116],[88.09843,27.86696],[88.11499,27.86821],[88.12907,27.88147],[88.13752,27.88148],[88.14196,27.87745],[88.15139,27.87653],[88.15653,27.8705],[88.16683,27.86817],[88.18097,27.85647],[88.19926,27.85314],[88.20389,27.83722],[88.19718,27.83548],[88.1901,27.8251],[88.17576,27.82024],[88.17615,27.81724],[88.18788,27.81036],[88.18946,27.80118],[88.19992,27.79058],[88.18389,27.77565],[88.18603,27.76604],[88.17937,27.75811],[88.18118,27.74679],[88.17235,27.74137],[88.16105,27.74055],[88.15889,27.7363],[88.15803,27.71718],[88.15008,27.70273],[88.1574,27.69042],[88.15142,27.68377],[88.14724,27.66538],[88.12268,27.64532],[88.11986,27.62954],[88.12211,27.627],[88.11628,27.61036],[88.10823,27.60226],[88.09225,27.59486],[88.08458,27.58474],[88.07781,27.5718],[88.08366,27.56458],[88.07184,27.55557],[88.07114,27.54614],[88.06161,27.53484],[88.0698,27.52606],[88.06402,27.52505],[88.06003,27.51764],[88.06415,27.51185],[88.05745,27.5044],[88.04915,27.50121],[88.04635,27.49572],[88.04656,27.47823],[88.06965,27.45763],[88.06713,27.45351],[88.07502,27.44457],[88.06715,27.43525],[88.05267,27.42671],[88.03693,27.40888],[88.0276,27.389],[88.02013,27.35395],[88.00757,27.33665],[88.00644,27.32879],[87.99354,27.32382],[87.97662,27.30122],[87.97105,27.30036],[87.96197,27.28826],[87.95302,27.28236],[87.94141,27.28028],[87.93547,27.28316],[87.9277,27.28032],[87.91979,27.28577],[87.89698,27.28612],[87.89384,27.28178],[87.89057,27.28373],[87.88681,27.28052],[87.883,27.28386],[87.87221,27.27875],[87.86411,27.27932],[87.85517,27.28558],[87.84227,27.28588],[87.81072,27.27568],[87.79969,27.27661],[87.78354,27.2724],[87.75784,27.2807],[87.74775,27.27751],[87.73436,27.27832],[87.72673,27.28581],[87.71189,27.28617],[87.6988,27.29106],[87.69082,27.28756],[87.68987,27.28306],[87.68452,27.27951],[87.6824,27.27074],[87.65392,27.26785],[87.60927,27.2833],[87.56944,27.28672],[87.55998,27.28498],[87.54565,27.29263],[87.53891,27.29078],[87.51907,27.29639],[87.5169,27.30584],[87.5,27.31364],[87.49506,27.33219],[87.48225,27.343],[87.47691,27.35714],[87.46907,27.36654],[87.46103,27.37134],[87.45923,27.38641],[87.44697,27.40591],[87.45874,27.42562],[87.46362,27.44642],[87.46118,27.47345],[87.47379,27.48638],[87.46902,27.49562],[87.4723,27.49963],[87.47075,27.50718],[87.47889,27.51211],[87.47751,27.52686],[87.48324,27.54299],[87.48976,27.54623],[87.48459,27.55474],[87.48436,27.56687],[87.49023,27.56929],[87.49229,27.57655],[87.50135,27.58095],[87.51533,27.59867],[87.52753,27.59259],[87.53193,27.59465],[87.53027,27.60277],[87.53862,27.62378],[87.53728,27.63172],[87.54758,27.63794],[87.54683,27.64549],[87.54225,27.65072],[87.53483,27.65193],[87.548,27.65924],[87.55191,27.68047],[87.56367,27.6982],[87.57716,27.69285],[87.5774,27.68254],[87.58234,27.67587],[87.59316,27.68115],[87.60304,27.67879],[87.60396,27.6739],[87.61038,27.67503],[87.61895,27.68834],[87.61534,27.69906],[87.61773,27.70426],[87.62522,27.71181],[87.64193,27.70981],[87.64048,27.71847],[87.64668,27.72691],[87.64377,27.73068],[87.6583,27.73936],[87.66627,27.75],[87.65971,27.76139],[87.67419,27.77317],[87.67344,27.78043],[87.67993,27.79019],[87.66803,27.80663],[87.6897,27.81212],[87.7123,27.81114],[87.72663,27.80506],[87.73572,27.80904],[87.73899,27.81326],[87.73653,27.81912],[87.74636,27.83495],[87.756,27.83568],[87.76874,27.85929],[87.78123,27.86566],[87.77799,27.87771],[87.78718,27.89914],[87.80669,27.9087],[87.81615,27.92123],[87.82727,27.91994],[87.82981,27.92897],[87.8279,27.93844],[87.83403,27.95239]]]}},{"type":"Feature","properties":{"district":"Terhathum","province":"Province No 1"},"geometry":{"type":"Polygon","coordinates":[[[87.53814,27.2909],[87.54565,27.29263],[87.55998,27.28498],[87.56944,27.28672],[87.60927,27.2833],[87.65392,27.26785],[87.6824,27.27074],[87.68856,27.26165],[87.7067,27.25321],[87.71828,27.24331],[87.72575,27.24166],[87.7301,27.23538],[87.73594,27.23437],[87.74864,27.22404],[87.75393,27.21729],[87.75409,27.20806],[87.74716,27.19871],[87.72057,27.1873],[87.71359,27.17129],[87.71371,27.15663],[87.70859,27.15018],[87.69763,27.14676],[87.69466,27.14292],[87.67833,27.14213],[87.66572,27.13251],[87.64746,27.13238],[87.64732,27.12638],[87.64013,27.12373],[87.63678,27.11838],[87.62453,27.11278],[87.61491,27.11217],[87.61065,27.10727],[87.60596,27.10759],[87.59159,27.09925],[87.57373,27.07547],[87.57287,27.0694],[87.53963,27.04529],[87.53545,27.03471],[87.54197,27.03344],[87.54442,27.02174],[87.53851,27.01323],[87.52258,27.00225],[87.51402,26.99032],[87.50323,26.98369],[87.48816,26.98392],[87.48509,26.98055],[87.48638,26.97527],[87.47133,26.97629],[87.46616,26.96767],[87.45225,26.97363],[87.44141,26.97075],[87.43892,26.98328],[87.4438,26.99199],[87.44374,27.00581],[87.43304,27.01395],[87.43235,27.03712],[87.42916,27.04597],[87.40361,27.07428],[87.39454,27.1022],[87.39723,27.12307],[87.40918,27.13577],[87.41192,27.14567],[87.40853,27.1556],[87.42245,27.17575],[87.43387,27.17923],[87.45421,27.17933],[87.47263,27.19755],[87.46998,27.2013],[87.47016,27.21862],[87.48029,27.23668],[87.48219,27.24988],[87.49436,27.26861],[87.51919,27.29653],[87.53814,27.2909]]]}},{"type":"Feature","properties":{"district":"Udayapur","province":"Province No 1"},"geometry":{"type":"Polygon","coordinates":[[[86.40222,27.17639],[86.40401,27.17047],[86.41963,27.16524],[86.42269,27.14975],[86.42974,27.14653],[86.43522,27.14881],[86.43994,27.14701],[86.43867,27.14213],[86.43003,27.13746],[86.42886,27.13296],[86.43245,27.13039],[86.44804,27.1323],[86.45131,27.1248],[86.46206,27.11734],[86.46163,27.10566],[86.46773,27.10209],[86.47741,27.10212],[86.48621,27.10931],[86.49475,27.10445],[86.5048,27.11424],[86.51691,27.11391],[86.52322,27.11788],[86.53559,27.13479],[86.54868,27.13715],[86.58367,27.15213],[86.6079,27.1394],[86.64275,27.13273],[86.67123,27.11972],[86.68084,27.10679],[86.69269,27.10199],[86.70042,27.0943],[86.70096,27.08608],[86.71244,27.07423],[86.71269,27.06731],[86.72242,27.06182],[86.72915,27.03914],[86.74133,27.0327],[86.74962,27.02403],[86.75064,27.01194],[86.75595,27.00524],[86.75476,26.98862],[86.75892,26.98545],[86.75735,26.97406],[86.76327,26.97003],[86.76692,26.95719],[86.76377,26.94175],[86.76654,26.93435],[86.76331,26.92383],[86.7709,26.90023],[86.776,26.89659],[86.77408,26.88495],[86.78218,26.88744],[86.78707,26.88052],[86.8015,26.87756],[86.80771,26.87262],[86.83648,26.87458],[86.84094,26.8842],[86.85566,26.88799],[86.86475,26.8948],[86.87023,26.89319],[86.88741,26.89818],[86.91694,26.89543],[86.93384,26.90738],[86.93765,26.90416],[86.95839,26.90426],[86.96988,26.90043],[86.98001,26.90617],[86.98284,26.89556],[86.99412,26.89292],[87.00457,26.88605],[87.00786,26.89153],[87.01655,26.89182],[87.03482,26.90333],[87.04157,26.90106],[87.04409,26.90695],[87.05307,26.90211],[87.06366,26.91053],[87.06824,26.90704],[87.08524,26.91195],[87.095,26.90954],[87.09549,26.91601],[87.11246,26.91762],[87.11812,26.92273],[87.13844,26.92705],[87.15155,26.92524],[87.16976,26.90272],[87.17105,26.8887],[87.16639,26.8757],[87.16056,26.87501],[87.15479,26.86813],[87.15206,26.84671],[87.14458,26.83507],[87.14666,26.82246],[87.14452,26.81528],[87.13823,26.80904],[87.12939,26.78578],[87.10626,26.75325],[87.07139,26.75015],[87.06655,26.74409],[87.04577,26.75594],[87.0413,26.75424],[87.02806,26.73742],[87.02697,26.72941],[87.02083,26.72767],[87.01636,26.72186],[87.01336,26.71132],[87.00989,26.70849],[87.00328,26.70997],[86.99832,26.70268],[86.99377,26.70263],[86.99322,26.69785],[86.98659,26.70365],[86.98523,26.7146],[86.97568,26.72129],[86.96953,26.73533],[86.95127,26.73183],[86.93495,26.74036],[86.92716,26.74978],[86.93026,26.75806],[86.92376,26.76621],[86.91113,26.75892],[86.9136,26.73957],[86.90586,26.7356],[86.90653,26.73172],[86.89163,26.71937],[86.88739,26.71173],[86.87373,26.71278],[86.86899,26.70956],[86.8681,26.70028],[86.86405,26.70141],[86.86094,26.69755],[86.85318,26.69608],[86.85068,26.69095],[86.84863,26.69336],[86.84289,26.69142],[86.83999,26.70948],[86.82634,26.71397],[86.8167,26.70741],[86.81085,26.70857],[86.80871,26.71244],[86.80238,26.7123],[86.78382,26.70132],[86.77822,26.70229],[86.76655,26.69468],[86.76235,26.69503],[86.75556,26.68593],[86.75556,26.69486],[86.74913,26.69658],[86.73937,26.71196],[86.72037,26.70646],[86.70868,26.7068],[86.70516,26.69902],[86.69356,26.68933],[86.68723,26.68773],[86.67286,26.69331],[86.67141,26.70117],[86.66732,26.70412],[86.65901,26.69116],[86.65133,26.68949],[86.64434,26.69784],[86.63619,26.69818],[86.6298,26.68967],[86.6187,26.69475],[86.6131,26.68867],[86.60429,26.69952],[86.58879,26.6961],[86.5836,26.70778],[86.58572,26.71184],[86.57447,26.72199],[86.57632,26.73922],[86.55557,26.74561],[86.57124,26.7677],[86.57511,26.76787],[86.57962,26.7754],[86.58027,26.78408],[86.57391,26.78431],[86.56899,26.78061],[86.56629,26.79073],[86.55376,26.78634],[86.55056,26.78159],[86.54095,26.78274],[86.5387,26.78403],[86.54059,26.78741],[86.53252,26.79085],[86.53809,26.79555],[86.53804,26.79994],[86.543,26.79792],[86.54825,26.80305],[86.54721,26.80595],[86.55586,26.81452],[86.55398,26.82405],[86.55703,26.83031],[86.5539,26.83132],[86.55441,26.83488],[86.54592,26.83617],[86.5396,26.83123],[86.52202,26.83121],[86.52014,26.84293],[86.51492,26.84009],[86.51408,26.84624],[86.50782,26.84788],[86.50715,26.85573],[86.49848,26.85628],[86.49054,26.86905],[86.48233,26.8707],[86.47978,26.88291],[86.48194,26.88821],[86.45951,26.88704],[86.42082,26.906],[86.40584,26.90947],[86.38682,26.90903],[86.38517,26.90204],[86.37918,26.89622],[86.37641,26.88342],[86.36841,26.87221],[86.34317,26.87983],[86.31663,26.8787],[86.31276,26.88242],[86.28989,26.88636],[86.27358,26.88219],[86.24922,26.8635],[86.2298,26.88034],[86.1894,26.89435],[86.18785,26.89965],[86.18034,26.90006],[86.17086,26.91327],[86.15925,26.91709],[86.15858,26.9259],[86.15983,26.92965],[86.16087,26.92565],[86.17342,26.91962],[86.1892,26.90614],[86.20232,26.90519],[86.20604,26.89974],[86.21825,26.8959],[86.22379,26.88826],[86.22639,26.89071],[86.22447,26.89881],[86.22655,26.9035],[86.24415,26.90519],[86.2486,26.91477],[86.25476,26.91123],[86.26036,26.91252],[86.26347,26.92466],[86.2805,26.93411],[86.28583,26.94885],[86.29895,26.95206],[86.3174,26.96311],[86.35608,26.96477],[86.36809,26.98126],[86.36904,27.0],[86.37548,27.00324],[86.37647,27.00702],[86.37436,27.01555],[86.37776,27.02027],[86.37641,27.02298],[86.38175,27.03111],[86.385,27.03115],[86.36936,27.03724],[86.36567,27.05375],[86.35353,27.0613],[86.35324,27.06646],[86.34845,27.06574],[86.34936,27.07021],[86.35324,27.06954],[86.35386,27.07351],[86.35762,27.07497],[86.35598,27.07658],[86.36065,27.0837],[86.3594,27.09386],[86.365,27.09922],[86.35849,27.0998],[86.35728,27.10396],[86.34356,27.10617],[86.33473,27.09956],[86.32545,27.09879],[86.31356,27.10265],[86.3088,27.10857],[86.32858,27.11063],[86.33902,27.12627],[86.3375,27.1338],[86.34032,27.13353],[86.33897,27.13772],[86.3454,27.14702],[86.34734,27.14358],[86.35794,27.14297],[86.36153,27.13905],[86.3659,27.1418],[86.37029,27.14031],[86.37287,27.14669],[86.3766,27.1474],[86.37299,27.15134],[86.38693,27.17587],[86.39224,27.17962],[86.40222,27.17639]]]}},{"type":"Feature","properties":{"district":"Bara","province":"Province No 2"},"geometry":{"type":"Polygon","coordinates":[[[84.98373,27.36192],[85.00142,27.36514],[85.00618,27.35258],[85.01541,27.35512],[85.0237,27.35181],[85.02316,27.35646],[85.02677,27.35842],[85.03416,27.36027],[85.03869,27.35712],[85.05838,27.36539],[85.06369,27.36016],[85.0677,27.36235],[85.06953,27.36013],[85.07303,27.36413],[85.08927,27.36064],[85.09355,27.35631],[85.09711,27.33219],[85.10629,27.31978],[85.11901,27.31763],[85.1231,27.30188],[85.12775,27.30085],[85.12861,27.29263],[85.13897,27.28995],[85.147,27.28269],[85.1475,27.27268],[85.15785,27.2621],[85.16992,27.2599],[85.17317,27.25449],[85.18318,27.25429],[85.17953,27.24935],[85.1947,27.24482],[85.2038,27.25],[85.21063,27.2451],[85.23403,27.2431],[85.2452,27.2484],[85.25375,27.24468],[85.26033,27.23392],[85.26003,27.22892],[85.27324,27.22617],[85.2648,27.22138],[85.26756,27.21307],[85.25362,27.18982],[85.24862,27.15875],[85.23404,27.14514],[85.23347,27.1339],[85.2068,27.11577],[85.19942,27.10719],[85.20468,27.08334],[85.19648,27.07717],[85.20271,27.06547],[85.19943,27.06289],[85.1945,27.06462],[85.19441,27.06026],[85.18537,27.04947],[85.19051,27.04683],[85.19867,27.05023],[85.20022,27.04709],[85.19682,27.04282],[85.2027,27.04177],[85.20278,27.03887],[85.17947,27.03729],[85.18154,27.03312],[85.19359,27.03315],[85.20041,27.02756],[85.19721,27.02147],[85.18499,27.01833],[85.18367,27.01566],[85.18525,27.01224],[85.18959,27.01189],[85.18922,27.00726],[85.17979,27.0029],[85.16582,26.98017],[85.17451,26.97656],[85.17068,26.95421],[85.17784,26.94686],[85.17619,26.94279],[85.1714,26.94439],[85.16656,26.94189],[85.16619,26.938],[85.17511,26.93118],[85.18083,26.93205],[85.18157,26.92897],[85.18035,26.92288],[85.17219,26.9198],[85.17926,26.9068],[85.17802,26.90053],[85.17296,26.89925],[85.17773,26.8933],[85.16655,26.89219],[85.16542,26.8887],[85.17063,26.88915],[85.17523,26.87847],[85.16792,26.87818],[85.17859,26.86893],[85.14223,26.87087],[85.13637,26.86752],[85.11336,26.87218],[85.10171,26.8708],[85.0983,26.86678],[85.08891,26.86711],[85.09156,26.85929],[85.08656,26.85518],[85.08942,26.85261],[85.08048,26.85852],[85.08043,26.85553],[85.06866,26.85371],[85.06616,26.84939],[85.06377,26.85358],[85.06686,26.85657],[85.06491,26.85793],[85.06299,26.85364],[85.06012,26.85581],[85.05962,26.84889],[85.02422,26.8546],[85.03096,26.85903],[85.02881,26.86625],[85.03237,26.86741],[85.03148,26.875],[85.03831,26.87483],[85.03965,26.87781],[85.04389,26.87431],[85.04534,26.87938],[85.05444,26.88099],[85.05203,26.88206],[85.05057,26.88494],[85.05604,26.88446],[85.05739,26.88117],[85.06207,26.8851],[85.06244,26.88667],[85.00608,26.89482],[84.99492,26.90263],[84.99803,26.90636],[85.0044,26.90313],[85.00171,26.91191],[84.96981,26.91599],[84.97406,26.92171],[84.97236,26.92871],[84.9804,26.93561],[84.97701,26.9393],[84.98047,26.94002],[84.96451,26.96022],[84.95553,26.95946],[84.9316,26.96842],[84.91213,26.96771],[84.8978,26.97267],[84.89426,26.97202],[84.89441,26.96927],[84.89084,26.9772],[84.86839,26.9835],[84.86938,26.98863],[84.87626,26.98649],[84.88275,26.98905],[84.88244,26.99165],[84.88877,26.99372],[84.89274,27.00093],[84.91348,27.01793],[84.91224,27.02183],[84.91948,27.03413],[84.90136,27.0331],[84.90432,27.03976],[84.90228,27.04582],[84.91974,27.07229],[84.93347,27.06836],[84.93803,27.07073],[84.93819,27.07442],[84.93093,27.0766],[84.92966,27.08328],[84.92641,27.08355],[84.93052,27.0894],[84.94246,27.09285],[84.94076,27.10369],[84.94389,27.10575],[84.94382,27.11113],[84.95357,27.1187],[84.95723,27.12657],[84.95736,27.13465],[84.949,27.14089],[84.95469,27.15154],[84.95137,27.15663],[84.95282,27.16119],[84.94872,27.15969],[84.9469,27.16372],[84.95542,27.19073],[84.9621,27.19623],[84.96742,27.24406],[84.97539,27.26673],[84.96233,27.29004],[84.96062,27.30667],[84.96487,27.31251],[84.9699,27.31287],[84.97123,27.31969],[84.96619,27.33584],[84.97167,27.356],[84.97959,27.35581],[84.98373,27.36192]]]}},{"type":"Feature","properties":{"district":"Dhanusha","province":"Province No 2"},"geometry":{"type":"Polygon","coordinates":[[[85.90791,27.13353],[85.94045,27.12112],[85.93822,27.10988],[85.94645,27.09176],[85.9533,27.08751],[85.95227,27.0837],[85.95792,27.08392],[85.96433,27.07952],[85.97322,27.05064],[85.99399,27.02452],[86.01462,27.01836],[86.04986,27.02107],[86.0576,27.0179],[86.09151,27.01881],[86.10874,27.01491],[86.14272,26.99897],[86.18993,26.98211],[86.18961,26.97712],[86.19387,26.97824],[86.20096,26.97021],[86.21256,26.96523],[86.22115,26.95396],[86.22899,26.94923],[86.23694,26.94986],[86.24321,26.94005],[86.26028,26.92803],[86.26094,26.91304],[86.25585,26.91104],[86.2486,26.91477],[86.24415,26.90519],[86.22655,26.9035],[86.22447,26.89881],[86.22639,26.89071],[86.22335,26.88816],[86.21825,26.8959],[86.20604,26.89974],[86.20232,26.90519],[86.19117,26.90502],[86.17342,26.91962],[86.16087,26.92565],[86.15946,26.93498],[86.14588,26.92681],[86.13485,26.91465],[86.13666,26.89783],[86.1334,26.89114],[86.1439,26.87043],[86.14218,26.86373],[86.14732,26.85511],[86.15531,26.85165],[86.1575,26.84459],[86.1517,26.83068],[86.15728,26.82059],[86.15474,26.80124],[86.14691,26.7873],[86.15002,26.77051],[86.1623,26.75132],[86.17689,26.74814],[86.18576,26.72221],[86.19531,26.71202],[86.19534,26.69819],[86.20252,26.68444],[86.19885,26.6664],[86.19127,26.66335],[86.18485,26.65452],[86.17243,26.65191],[86.16831,26.63899],[86.15338,26.63745],[86.1575,26.625],[86.1448,26.60472],[86.13837,26.60623],[86.14326,26.61635],[86.14079,26.62863],[86.12172,26.62972],[86.07628,26.64942],[86.07031,26.65757],[86.02932,26.66637],[86.01418,26.65925],[86.01214,26.65361],[85.97821,26.65792],[85.96994,26.65163],[85.9625,26.65105],[85.95564,26.64357],[85.95787,26.63028],[85.94846,26.62088],[85.9503,26.61319],[85.94263,26.61293],[85.94035,26.6159],[85.93505,26.61321],[85.93085,26.6162],[85.92947,26.60934],[85.91622,26.60859],[85.91537,26.60425],[85.9027,26.60007],[85.903,26.59473],[85.894,26.59412],[85.89008,26.58288],[85.8818,26.5835],[85.86083,26.56858],[85.85915,26.57173],[85.85138,26.5686],[85.85063,26.57656],[85.86007,26.58962],[85.85492,26.60394],[85.85704,26.60996],[85.85314,26.61048],[85.8545,26.61491],[85.8572,26.61858],[85.86441,26.61795],[85.86576,26.62761],[85.87156,26.62813],[85.87757,26.63682],[85.88283,26.63561],[85.88519,26.64074],[85.90813,26.65575],[85.90819,26.66413],[85.89931,26.66834],[85.90598,26.6712],[85.90865,26.68109],[85.89727,26.68701],[85.88922,26.69756],[85.89587,26.72076],[85.89072,26.73043],[85.89121,26.73746],[85.88167,26.74584],[85.88215,26.75193],[85.88479,26.75967],[85.89475,26.76221],[85.90005,26.76824],[85.90299,26.78048],[85.91098,26.78504],[85.91307,26.80162],[85.91108,26.80499],[85.91462,26.80608],[85.91348,26.81135],[85.91788,26.81911],[85.91835,26.83694],[85.92213,26.84606],[85.91743,26.86662],[85.91903,26.871],[85.9088,26.8701],[85.89927,26.87322],[85.8974,26.87729],[85.90265,26.88495],[85.90118,26.89248],[85.90751,26.91616],[85.91521,26.92251],[85.91615,26.94227],[85.91957,26.94997],[85.92023,26.95864],[85.90856,26.96061],[85.91599,26.99095],[85.9138,27.00777],[85.92932,27.02868],[85.9253,27.03562],[85.9163,27.03736],[85.91951,27.04267],[85.93433,27.04268],[85.94763,27.06131],[85.9372,27.07656],[85.94095,27.08802],[85.93919,27.09648],[85.92223,27.10562],[85.90318,27.12664],[85.90791,27.13353]]]}},{"type":"Feature","properties":{"district":"Mahottari","province":"Province No 2"},"geometry":{"type":"Polygon","coordinates":[[[85.82955,27.16728],[85.84579,27.15972],[85.84206,27.15228],[85.83695,27.1494],[85.83796,27.14677],[85.85583,27.13773],[85.86478,27.12685],[85.88521,27.14609],[85.90791,27.13353],[85.90315,27.12687],[85.90811,27.11923],[85.92223,27.10562],[85.93949,27.09603],[85.94085,27.08718],[85.9372,27.07656],[85.94763,27.06131],[85.93433,27.04268],[85.91951,27.04267],[85.9163,27.03736],[85.9253,27.03562],[85.92932,27.02868],[85.9138,27.00777],[85.91599,26.99095],[85.90856,26.96061],[85.92023,26.95864],[85.91957,26.94997],[85.91615,26.94227],[85.91521,26.92251],[85.90751,26.91616],[85.90118,26.89248],[85.90265,26.88495],[85.8974,26.87729],[85.89927,26.87322],[85.9088,26.8701],[85.91903,26.871],[85.91743,26.86662],[85.92213,26.84606],[85.91835,26.83694],[85.91788,26.81911],[85.91348,26.81135],[85.91462,26.80608],[85.91108,26.80499],[85.91307,26.80162],[85.91098,26.78504],[85.90299,26.78048],[85.90005,26.76824],[85.89475,26.76221],[85.88479,26.75967],[85.88215,26.75193],[85.88167,26.74584],[85.89121,26.73746],[85.89072,26.73043],[85.89587,26.72076],[85.88922,26.69756],[85.89727,26.68701],[85.90865,26.68109],[85.90598,26.6712],[85.89931,26.66834],[85.90819,26.66413],[85.90776,26.65343],[85.89011,26.64428],[85.88192,26.63503],[85.87757,26.63682],[85.87156,26.62813],[85.86539,26.62727],[85.86441,26.61795],[85.8572,26.61858],[85.85436,26.6146],[85.85323,26.61017],[85.85704,26.60996],[85.85538,26.60424],[85.85299,26.60832],[85.8335,26.611],[85.83269,26.6013],[85.81981,26.60245],[85.80562,26.61462],[85.80369,26.62398],[85.77158,26.62963],[85.75062,26.63864],[85.73645,26.65023],[85.73452,26.65523],[85.73875,26.66365],[85.72773,26.67011],[85.72564,26.68654],[85.73016,26.71751],[85.72828,26.72102],[85.73178,26.72489],[85.73053,26.72944],[85.73371,26.73032],[85.73215,26.73425],[85.73637,26.73715],[85.73101,26.74971],[85.73729,26.77716],[85.73672,26.79558],[85.72298,26.82026],[85.70656,26.83192],[85.68253,26.84297],[85.67848,26.86413],[85.68577,26.87253],[85.69125,26.87215],[85.69022,26.88136],[85.69712,26.88441],[85.70001,26.89631],[85.712,26.90391],[85.70748,26.90541],[85.70952,26.91062],[85.71372,26.9115],[85.70792,26.91973],[85.71391,26.92079],[85.70931,26.92381],[85.71574,26.92513],[85.71362,26.93167],[85.71986,26.93454],[85.72173,26.94668],[85.73292,26.96339],[85.73761,26.9793],[85.73615,26.98641],[85.74138,26.99228],[85.74191,27.00901],[85.74974,27.02655],[85.75002,27.03424],[85.75928,27.04904],[85.76743,27.05359],[85.78318,27.07209],[85.78419,27.08185],[85.79011,27.08891],[85.78885,27.09223],[85.80002,27.09478],[85.79679,27.09977],[85.80115,27.09924],[85.803,27.10594],[85.79846,27.1077],[85.79504,27.1054],[85.79421,27.10775],[85.80002,27.11407],[85.79316,27.11797],[85.79987,27.12309],[85.79472,27.12933],[85.79565,27.13728],[85.80164,27.13915],[85.81251,27.15032],[85.81313,27.15614],[85.81939,27.16225],[85.82955,27.16728]]]}},{"type":"Feature","properties":{"district":"Parsa","province":"Province No 2"},"geometry":{"type":"Polygon","coordinates":[[[84.56741,27.46289],[84.578,27.45371],[84.58692,27.45622],[84.60342,27.45088],[84.60898,27.45405],[84.63043,27.45061],[84.63709,27.44421],[84.64513,27.44264],[84.64982,27.42887],[84.66389,27.43276],[84.66492,27.42947],[84.67286,27.42881],[84.69277,27.43226],[84.7211,27.43099],[84.72824,27.44441],[84.73686,27.444],[84.74162,27.44022],[84.74549,27.4418],[84.75748,27.43545],[84.77246,27.43864],[84.78222,27.43482],[84.79312,27.43748],[84.81142,27.42425],[84.8123,27.41571],[84.82157,27.41922],[84.83588,27.41747],[84.84981,27.40835],[84.85408,27.3983],[84.86628,27.39672],[84.87369,27.39901],[84.8808,27.39605],[84.88404,27.3878],[84.89208,27.38905],[84.89889,27.38524],[84.90346,27.37444],[84.91065,27.37698],[84.92392,27.37039],[84.92836,27.36397],[84.94308,27.3655],[84.94715,27.35996],[84.95585,27.36635],[84.9589,27.35894],[84.96639,27.36342],[84.97167,27.356],[84.96619,27.33584],[84.97123,27.31969],[84.9699,27.31287],[84.96447,27.31212],[84.9598,27.30003],[84.96485,27.2841],[84.97436,27.2713],[84.97513,27.26387],[84.96742,27.24406],[84.9621,27.19623],[84.95542,27.19073],[84.9469,27.16372],[84.94872,27.15969],[84.95282,27.16119],[84.95137,27.15663],[84.95469,27.15154],[84.949,27.14089],[84.95736,27.13465],[84.95723,27.12657],[84.95357,27.1187],[84.94382,27.11113],[84.94389,27.10575],[84.94076,27.10369],[84.94246,27.09285],[84.93052,27.0894],[84.92641,27.08355],[84.92966,27.08328],[84.93093,27.0766],[84.93819,27.07442],[84.93803,27.07073],[84.93347,27.06836],[84.91974,27.07229],[84.90228,27.04582],[84.90432,27.03976],[84.90136,27.0331],[84.91948,27.03413],[84.91224,27.02183],[84.91348,27.01793],[84.89274,27.00093],[84.88877,26.99372],[84.88244,26.99165],[84.88262,26.98895],[84.87626,26.98649],[84.86938,26.98863],[84.86839,26.9835],[84.86119,26.98886],[84.85826,26.98628],[84.85955,26.99041],[84.85706,26.99228],[84.85985,26.99234],[84.85998,26.99744],[84.85228,26.99812],[84.85687,27.00796],[84.82776,27.02066],[84.81564,27.01795],[84.81423,27.02052],[84.8146,27.0156],[84.81122,27.01797],[84.8091,27.01442],[84.81307,27.01359],[84.80893,27.01027],[84.81048,27.00753],[84.80354,27.00413],[84.80243,27.00047],[84.79929,27.00391],[84.79574,26.99555],[84.79309,26.99937],[84.79167,26.9969],[84.78847,26.99826],[84.79096,27.00868],[84.78798,27.01072],[84.78639,27.00777],[84.78481,27.01389],[84.77524,27.01757],[84.76687,27.01271],[84.75892,27.00258],[84.73183,27.01471],[84.72355,27.01407],[84.71622,27.02123],[84.70359,27.02676],[84.64493,27.04621],[84.64539,27.05077],[84.64849,27.05111],[84.64792,27.05836],[84.64513,27.05944],[84.64848,27.07533],[84.65524,27.07744],[84.65517,27.08047],[84.66043,27.07934],[84.65628,27.08169],[84.65732,27.08408],[84.65996,27.08232],[84.66695,27.08614],[84.66539,27.08896],[84.66821,27.08743],[84.6725,27.09071],[84.66695,27.0944],[84.66974,27.09333],[84.67209,27.09791],[84.67681,27.09621],[84.67697,27.10851],[84.67316,27.10698],[84.67206,27.11016],[84.67914,27.11494],[84.67953,27.13312],[84.68573,27.14338],[84.68253,27.15175],[84.68892,27.15828],[84.67909,27.16232],[84.68307,27.16856],[84.67743,27.17067],[84.68586,27.17768],[84.68366,27.17981],[84.68755,27.18059],[84.6814,27.18543],[84.68573,27.19635],[84.6827,27.20043],[84.68945,27.20886],[84.68687,27.21279],[84.69313,27.21475],[84.69173,27.22326],[84.6874,27.22621],[84.65017,27.29764],[84.62452,27.33609],[84.60991,27.33517],[84.56718,27.34732],[84.50587,27.35445],[84.48802,27.35831],[84.48626,27.36352],[84.49006,27.37126],[84.49748,27.37642],[84.50386,27.37632],[84.50622,27.3809],[84.52201,27.38381],[84.53259,27.38078],[84.54181,27.38564],[84.53687,27.40153],[84.54801,27.40357],[84.54838,27.40795],[84.53463,27.41415],[84.54386,27.41923],[84.5505,27.41776],[84.54996,27.42649],[84.55836,27.4421],[84.56038,27.45982],[84.56741,27.46289]]]}},{"type":"Feature","properties":{"district":"Rautahat","province":"Province No 2"},"geometry":{"type":"Polygon","coordinates":[[[85.29526,27.23262],[85.31375,27.23049],[85.34107,27.21929],[85.35099,27.22188],[85.3619,27.2105],[85.37884,27.2118],[85.38741,27.20713],[85.39574,27.21012],[85.40107,27.19647],[85.41153,27.1967],[85.42053,27.18983],[85.42888,27.1928],[85.43882,27.18704],[85.45036,27.18648],[85.45561,27.17743],[85.4548,27.16859],[85.45947,27.16584],[85.46898,27.16588],[85.47484,27.16154],[85.48247,27.16262],[85.49131,27.16561],[85.50299,27.1755],[85.50565,27.17228],[85.50182,27.1674],[85.50617,27.16432],[85.49439,27.16047],[85.49051,27.13857],[85.47606,27.12873],[85.47095,27.11452],[85.4516,27.10069],[85.44508,27.09022],[85.43617,27.0884],[85.43375,27.07915],[85.43607,27.06694],[85.42669,27.06202],[85.4257,27.05228],[85.41772,27.04924],[85.41361,27.03658],[85.40466,27.034],[85.39794,27.01948],[85.39048,27.01386],[85.38821,27.00831],[85.39095,27.00078],[85.39909,26.99377],[85.40398,26.97838],[85.39819,26.96976],[85.4031,26.95431],[85.39981,26.95015],[85.40096,26.94019],[85.38838,26.91898],[85.39776,26.89207],[85.39266,26.88035],[85.3815,26.88023],[85.37227,26.87246],[85.36255,26.87051],[85.34471,26.85891],[85.3457,26.85453],[85.35467,26.84908],[85.35492,26.8409],[85.35148,26.83651],[85.33784,26.83345],[85.32408,26.80405],[85.32817,26.79814],[85.33398,26.79786],[85.34341,26.78651],[85.3396,26.77981],[85.33196,26.77681],[85.34804,26.7751],[85.34796,26.76638],[85.3535,26.76139],[85.33546,26.75999],[85.33418,26.75068],[85.3284,26.74434],[85.3089,26.75191],[85.26253,26.75494],[85.24245,26.76161],[85.214,26.75761],[85.20812,26.76123],[85.19935,26.76965],[85.19394,26.78153],[85.19704,26.78407],[85.19559,26.79029],[85.18883,26.79063],[85.18911,26.79476],[85.18257,26.79547],[85.18466,26.80057],[85.17897,26.80939],[85.17922,26.81486],[85.1934,26.83095],[85.19481,26.86645],[85.19209,26.86981],[85.17859,26.86893],[85.17098,26.8739],[85.16798,26.8791],[85.17527,26.87895],[85.17044,26.88938],[85.16542,26.8887],[85.16655,26.89219],[85.17773,26.8933],[85.17296,26.89925],[85.17802,26.90053],[85.17926,26.9068],[85.17219,26.9198],[85.18035,26.92288],[85.18157,26.92897],[85.18083,26.93205],[85.17511,26.93118],[85.16619,26.938],[85.16656,26.94189],[85.1714,26.94439],[85.17619,26.94279],[85.17784,26.94686],[85.17068,26.95421],[85.17451,26.97656],[85.16588,26.98052],[85.17979,27.0029],[85.18922,27.00726],[85.18959,27.01189],[85.18525,27.01224],[85.18367,27.01566],[85.18499,27.01833],[85.19721,27.02147],[85.20041,27.02756],[85.19359,27.03315],[85.18154,27.03312],[85.17947,27.03729],[85.20122,27.03788],[85.20325,27.04016],[85.19689,27.04263],[85.20022,27.04709],[85.19867,27.05023],[85.19051,27.04683],[85.18537,27.04947],[85.19441,27.06026],[85.1945,27.06462],[85.19943,27.06289],[85.20271,27.06547],[85.19648,27.07717],[85.20468,27.08334],[85.19942,27.10719],[85.2068,27.11577],[85.23347,27.1339],[85.23404,27.14514],[85.24834,27.15822],[85.25362,27.18982],[85.26756,27.21307],[85.26498,27.22163],[85.27297,27.22542],[85.27157,27.22778],[85.27418,27.22899],[85.29526,27.23262]]]}},{"type":"Feature","properties":{"district":"Saptari","province":"Province No 2"},"geometry":{"type":"Polygon","coordinates":[[[86.56657,26.78924],[86.56899,26.78061],[86.57391,26.78431],[86.58027,26.78408],[86.57962,26.7754],[86.55557,26.74561],[86.57632,26.73922],[86.57447,26.72199],[86.58572,26.71184],[86.5836,26.70778],[86.58879,26.6961],[86.60429,26.69952],[86.6131,26.68867],[86.6187,26.69475],[86.6298,26.68967],[86.63619,26.69818],[86.64434,26.69784],[86.65133,26.68949],[86.65901,26.69116],[86.66732,26.70412],[86.67141,26.70117],[86.67286,26.69331],[86.68723,26.68773],[86.69356,26.68933],[86.70516,26.69902],[86.70868,26.7068],[86.72037,26.70646],[86.73937,26.71196],[86.74913,26.69658],[86.75556,26.69486],[86.75556,26.68593],[86.76235,26.69503],[86.76655,26.69468],[86.77822,26.70229],[86.78382,26.70132],[86.80238,26.7123],[86.80871,26.71244],[86.81085,26.70857],[86.8167,26.70741],[86.82634,26.71397],[86.83999,26.70948],[86.84289,26.69142],[86.84863,26.69336],[86.85068,26.69095],[86.85318,26.69608],[86.86094,26.69755],[86.86405,26.70141],[86.8681,26.70028],[86.86899,26.70956],[86.87373,26.71278],[86.88739,26.71173],[86.89163,26.71937],[86.90653,26.73172],[86.90586,26.7356],[86.9136,26.73957],[86.91113,26.75892],[86.92455,26.76602],[86.93026,26.75806],[86.92716,26.74978],[86.93495,26.74036],[86.95127,26.73183],[86.96953,26.73533],[86.97568,26.72129],[86.98523,26.7146],[86.98659,26.70365],[86.99297,26.69785],[86.99377,26.70263],[86.99832,26.70268],[87.00328,26.70997],[87.01245,26.71051],[87.01704,26.68987],[87.01321,26.68368],[87.01584,26.67053],[87.00871,26.66599],[87.00434,26.65532],[86.99736,26.65371],[86.99356,26.64921],[86.98812,26.62903],[86.98128,26.62485],[86.99185,26.60562],[86.98498,26.58597],[86.99479,26.57174],[86.97632,26.5577],[86.96676,26.54471],[86.95334,26.53691],[86.93606,26.53341],[86.92891,26.52622],[86.9192,26.51208],[86.91868,26.50107],[86.9133,26.4988],[86.90653,26.48796],[86.89405,26.48576],[86.89639,26.46174],[86.88697,26.46102],[86.87537,26.45372],[86.86338,26.45723],[86.85847,26.44815],[86.84834,26.4479],[86.84946,26.44203],[86.84533,26.43992],[86.84036,26.44222],[86.83585,26.43869],[86.7687,26.45897],[86.76496,26.45552],[86.76654,26.45089],[86.75595,26.44613],[86.75547,26.44168],[86.74639,26.43463],[86.74951,26.43327],[86.74944,26.42818],[86.73213,26.42212],[86.73281,26.42571],[86.72748,26.42583],[86.72255,26.43454],[86.70222,26.43703],[86.69577,26.45085],[86.64242,26.46304],[86.63956,26.46602],[86.63577,26.4642],[86.63261,26.46832],[86.63015,26.46647],[86.63239,26.46909],[86.62846,26.47073],[86.63185,26.47752],[86.62941,26.47669],[86.623,26.48405],[86.57266,26.49616],[86.56681,26.5007],[86.56376,26.50929],[86.55665,26.51657],[86.5571,26.52361],[86.55408,26.52332],[86.55294,26.52999],[86.54423,26.53815],[86.52624,26.54316],[86.5181,26.53889],[86.50112,26.54161],[86.48831,26.54948],[86.4988,26.56029],[86.49681,26.57838],[86.51533,26.60172],[86.51194,26.60619],[86.51445,26.62301],[86.50816,26.63359],[86.50661,26.65182],[86.50084,26.65725],[86.50102,26.6634],[86.50584,26.66718],[86.51135,26.682],[86.50924,26.6913],[86.51249,26.69801],[86.50841,26.70469],[86.50915,26.71379],[86.50508,26.72353],[86.51314,26.73654],[86.53091,26.74436],[86.53018,26.75092],[86.52254,26.76025],[86.52579,26.76466],[86.52772,26.78506],[86.53367,26.78847],[86.54033,26.78757],[86.53897,26.78367],[86.55007,26.78152],[86.55996,26.78989],[86.56657,26.78924]]]}},{"type":"Feature","properties":{"district":"Sarlahi","province":"Province No 2"},"geometry":{"type":"Polygon","coordinates":[[[85.72595,27.19493],[85.77174,27.18186],[85.79633,27.168],[85.81812,27.16049],[85.81266,27.1553],[85.81251,27.15032],[85.80164,27.13915],[85.79554,27.13698],[85.79472,27.12933],[85.79987,27.12309],[85.79316,27.11797],[85.80002,27.11407],[85.79447,27.10591],[85.79872,27.10769],[85.80325,27.10479],[85.80115,27.09924],[85.79679,27.09977],[85.79984,27.0944],[85.78885,27.09223],[85.79011,27.08891],[85.78419,27.08185],[85.78318,27.07209],[85.76743,27.05359],[85.75928,27.04904],[85.75002,27.03424],[85.74974,27.02655],[85.74191,27.00901],[85.74138,26.99228],[85.73615,26.98641],[85.73761,26.9793],[85.73292,26.96339],[85.72173,26.94668],[85.71986,26.93454],[85.71362,26.93167],[85.71574,26.92513],[85.70931,26.92381],[85.71391,26.92079],[85.70792,26.91973],[85.71372,26.9115],[85.70952,26.91062],[85.70748,26.90541],[85.712,26.90391],[85.70001,26.89631],[85.69712,26.88441],[85.69022,26.88136],[85.69125,26.87215],[85.68577,26.87253],[85.67848,26.86413],[85.68273,26.84318],[85.64463,26.85295],[85.63668,26.87195],[85.62574,26.8733],[85.60919,26.85698],[85.58745,26.84691],[85.58603,26.85787],[85.58044,26.8561],[85.57759,26.86077],[85.56797,26.84067],[85.5599,26.84373],[85.55567,26.83403],[85.54525,26.8381],[85.52206,26.81413],[85.50975,26.81653],[85.50001,26.81177],[85.49811,26.79672],[85.48206,26.80207],[85.47952,26.79192],[85.46647,26.78861],[85.45425,26.781],[85.43483,26.78983],[85.42773,26.78563],[85.42006,26.7901],[85.40996,26.79095],[85.40002,26.77822],[85.38647,26.77388],[85.37748,26.76038],[85.37162,26.75796],[85.36384,26.76281],[85.33675,26.74124],[85.3284,26.74434],[85.33418,26.75068],[85.33546,26.75999],[85.3535,26.76139],[85.34796,26.76638],[85.34804,26.7751],[85.33196,26.77681],[85.3396,26.77981],[85.34341,26.78651],[85.33398,26.79786],[85.32817,26.79814],[85.32408,26.80405],[85.33784,26.83345],[85.35148,26.83651],[85.35492,26.8409],[85.35467,26.84908],[85.3457,26.85453],[85.34471,26.85891],[85.36255,26.87051],[85.37227,26.87246],[85.3815,26.88023],[85.39266,26.88035],[85.39776,26.89207],[85.38838,26.91898],[85.40096,26.94019],[85.39981,26.95015],[85.4031,26.95431],[85.39819,26.96976],[85.40376,26.97763],[85.40359,26.9835],[85.38835,27.00867],[85.40215,27.02549],[85.40466,27.034],[85.41331,27.03619],[85.41772,27.04924],[85.42594,27.0526],[85.42669,27.06202],[85.43607,27.06694],[85.43375,27.07915],[85.43617,27.0884],[85.44508,27.09022],[85.4516,27.10069],[85.46644,27.10981],[85.47399,27.11876],[85.47606,27.12873],[85.49051,27.13857],[85.49327,27.14729],[85.49178,27.1543],[85.50293,27.14334],[85.52304,27.14058],[85.53306,27.14069],[85.53892,27.14855],[85.54822,27.14364],[85.54905,27.14033],[85.554,27.14026],[85.55204,27.14541],[85.55582,27.14649],[85.57119,27.14319],[85.57336,27.13676],[85.58298,27.14364],[85.59696,27.14033],[85.60232,27.14332],[85.60725,27.13931],[85.62508,27.14037],[85.63205,27.13711],[85.63574,27.14104],[85.64906,27.14431],[85.67336,27.16616],[85.684,27.16904],[85.68815,27.1761],[85.70065,27.18575],[85.71915,27.18754],[85.72595,27.19493]]]}},{"type":"Feature","properties":{"district":"Siraha","province":"Province No 2"},"geometry":{"type":"Polygon","coordinates":[[[86.16311,26.91405],[86.17086,26.91327],[86.18034,26.90006],[86.18785,26.89965],[86.1894,26.89435],[86.2298,26.88034],[86.24922,26.8635],[86.27358,26.88219],[86.28989,26.88636],[86.31276,26.88242],[86.31663,26.8787],[86.34317,26.87983],[86.36841,26.87221],[86.37641,26.88342],[86.37944,26.89677],[86.38517,26.90204],[86.38526,26.90817],[86.40616,26.90942],[86.43062,26.90218],[86.4543,26.88839],[86.48194,26.88821],[86.47978,26.88291],[86.48233,26.8707],[86.49054,26.86905],[86.49848,26.85628],[86.50715,26.85573],[86.50782,26.84788],[86.51408,26.84624],[86.51492,26.84009],[86.52014,26.84293],[86.52202,26.83121],[86.5396,26.83123],[86.54592,26.83617],[86.55441,26.83488],[86.5539,26.83132],[86.55703,26.83031],[86.55398,26.82405],[86.55586,26.81452],[86.543,26.79792],[86.53776,26.79962],[86.53809,26.79555],[86.52563,26.77948],[86.52715,26.77128],[86.52254,26.76025],[86.53018,26.75092],[86.53091,26.74436],[86.51314,26.73654],[86.50494,26.72307],[86.51249,26.69801],[86.50924,26.6913],[86.51135,26.682],[86.50584,26.66718],[86.50102,26.6634],[86.50084,26.65725],[86.50661,26.65182],[86.50816,26.63359],[86.51445,26.62301],[86.51194,26.60619],[86.51533,26.60172],[86.49681,26.57838],[86.4988,26.56029],[86.48831,26.54948],[86.45787,26.56778],[86.43282,26.57262],[86.39734,26.58481],[86.39927,26.59322],[86.34327,26.6057],[86.34133,26.60823],[86.34718,26.61643],[86.33565,26.61864],[86.31022,26.61968],[86.29523,26.61295],[86.27798,26.61702],[86.25562,26.61448],[86.25451,26.61676],[86.25013,26.61201],[86.25075,26.60834],[86.24622,26.60797],[86.24555,26.60247],[86.24254,26.60313],[86.23687,26.59763],[86.23677,26.59047],[86.23368,26.59276],[86.21963,26.58812],[86.20772,26.59632],[86.19799,26.59406],[86.1978,26.60773],[86.19254,26.61153],[86.19626,26.61152],[86.1946,26.61438],[86.17615,26.61365],[86.17389,26.61681],[86.14888,26.60842],[86.15762,26.62556],[86.15338,26.63745],[86.16831,26.63899],[86.17243,26.65191],[86.18485,26.65452],[86.19127,26.66335],[86.19885,26.6664],[86.20252,26.68444],[86.19534,26.69819],[86.19531,26.71202],[86.18576,26.72221],[86.17735,26.74737],[86.16491,26.74979],[86.15961,26.75443],[86.15013,26.77018],[86.15035,26.77952],[86.14686,26.78685],[86.15474,26.80124],[86.15728,26.82059],[86.1517,26.83068],[86.1575,26.84459],[86.15531,26.85165],[86.14732,26.85511],[86.14218,26.86373],[86.1439,26.87043],[86.1334,26.89114],[86.13666,26.89783],[86.13485,26.91465],[86.14588,26.92681],[86.15859,26.93502],[86.16117,26.93365],[86.15827,26.91863],[86.16311,26.91405]]]}},{"type":"Feature","properties":{"district":"Bhaktapur","province":"Bagmati Pradesh"},"geometry":{"type":"Polygon","coordinates":[[[85.52228,27.72843],[85.52742,27.72538],[85.52176,27.71827],[85.52357,27.69406],[85.50871,27.69263],[85.50546,27.68928],[85.49394,27.65782],[85.49592,27.65247],[85.48364,27.64213],[85.47946,27.64484],[85.47991,27.64164],[85.46562,27.62527],[85.4627,27.62515],[85.45631,27.63685],[85.43851,27.62304],[85.43041,27.62444],[85.42045,27.61985],[85.40659,27.63225],[85.3957,27.63522],[85.38689,27.64873],[85.37309,27.65339],[85.37152,27.66059],[85.36311,27.66106],[85.36581,27.66475],[85.36328,27.66886],[85.35429,27.66771],[85.35953,27.68252],[85.36353,27.68225],[85.37386,27.69223],[85.37807,27.69077],[85.3778,27.69433],[85.38712,27.69242],[85.38732,27.69625],[85.39194,27.69718],[85.39086,27.70175],[85.3979,27.70078],[85.40931,27.71089],[85.41399,27.71154],[85.41246,27.71695],[85.41726,27.71626],[85.41705,27.71977],[85.42261,27.7198],[85.42373,27.72365],[85.44158,27.72779],[85.45863,27.7196],[85.47095,27.72035],[85.47731,27.7155],[85.52228,27.72843]]]}},{"type":"Feature","properties":{"district":"Chitawan","province":"Bagmati Pradesh"},"geometry":{"type":"Polygon","coordinates":[[[84.62247,27.88031],[84.629,27.87795],[84.62979,27.87186],[84.63597,27.86867],[84.63694,27.86075],[84.65166,27.85925],[84.64914,27.85352],[84.66089,27.85087],[84.66615,27.84036],[84.66312,27.8298],[84.66786,27.82507],[84.66556,27.82341],[84.63502,27.81971],[84.62553,27.81654],[84.62048,27.80904],[84.63722,27.80683],[84.64775,27.79984],[84.64684,27.79364],[84.63931,27.79428],[84.64004,27.78278],[84.64976,27.78399],[84.65184,27.77924],[84.66717,27.78102],[84.67696,27.77837],[84.67076,27.76568],[84.68365,27.75804],[84.67232,27.7378],[84.6768,27.73043],[84.68268,27.73025],[84.69482,27.72103],[84.70226,27.72717],[84.71735,27.72593],[84.72575,27.72949],[84.73077,27.72707],[84.73966,27.73255],[84.75966,27.73544],[84.77227,27.72241],[84.78956,27.71595],[84.79885,27.70849],[84.79295,27.69484],[84.78825,27.69172],[84.7943,27.68655],[84.7856,27.67993],[84.78207,27.6714],[84.77217,27.66784],[84.76972,27.65651],[84.75604,27.65429],[84.75453,27.64959],[84.74619,27.64705],[84.74803,27.65543],[84.73376,27.65568],[84.72961,27.64965],[84.73219,27.64612],[84.72467,27.6465],[84.71981,27.63897],[84.72502,27.62629],[84.73383,27.62396],[84.73377,27.61688],[84.73711,27.61594],[84.74047,27.60336],[84.73526,27.59617],[84.73313,27.58181],[84.71194,27.56175],[84.70533,27.55826],[84.69266,27.5638],[84.68216,27.55132],[84.68547,27.54427],[84.68109,27.52524],[84.68283,27.51307],[84.69337,27.49624],[84.69896,27.47515],[84.69303,27.47265],[84.6953,27.46867],[84.68827,27.46249],[84.69418,27.45923],[84.68751,27.45675],[84.68813,27.45352],[84.6832,27.44828],[84.66993,27.44443],[84.66694,27.42925],[84.66389,27.43276],[84.64892,27.42903],[84.64513,27.44264],[84.63709,27.44421],[84.63043,27.45061],[84.60898,27.45405],[84.60342,27.45088],[84.58692,27.45622],[84.578,27.45371],[84.57523,27.45859],[84.5638,27.46277],[84.55993,27.45861],[84.55818,27.44158],[84.54996,27.42649],[84.5505,27.41776],[84.54386,27.41923],[84.53463,27.41415],[84.54838,27.40795],[84.54801,27.40357],[84.53687,27.40153],[84.54181,27.38564],[84.53259,27.38078],[84.52201,27.38381],[84.50622,27.3809],[84.50386,27.37632],[84.49748,27.37642],[84.48994,27.37115],[84.48602,27.36587],[84.48802,27.35831],[84.47811,27.36225],[84.47298,27.35477],[84.46689,27.35952],[84.44858,27.36352],[84.44332,27.36999],[84.42638,27.37176],[84.39397,27.36796],[84.38974,27.37212],[84.37497,27.37642],[84.35827,27.37323],[84.33471,27.37718],[84.30268,27.39021],[84.29699,27.38421],[84.29397,27.38473],[84.2846,27.39631],[84.27852,27.39543],[84.28028,27.41544],[84.2757,27.42113],[84.27473,27.42861],[84.26078,27.43855],[84.2616,27.44561],[84.25637,27.45187],[84.24624,27.45448],[84.24128,27.45232],[84.2338,27.45609],[84.22304,27.44744],[84.22165,27.4402],[84.21066,27.4424],[84.2099,27.45608],[84.20599,27.45938],[84.21095,27.46516],[84.20793,27.46947],[84.19659,27.47306],[84.19324,27.46904],[84.17367,27.47549],[84.17321,27.4789],[84.16574,27.48362],[84.15101,27.48574],[84.14652,27.49672],[84.15205,27.50073],[84.1532,27.51625],[84.14791,27.51862],[84.12628,27.51087],[84.11963,27.51348],[84.11875,27.51907],[84.11074,27.52155],[84.09995,27.51703],[84.10185,27.51022],[84.09756,27.48939],[84.08613,27.48306],[84.07284,27.48155],[84.06878,27.46945],[84.06062,27.46102],[84.06385,27.45571],[84.05417,27.44255],[84.0338,27.44143],[84.02799,27.43825],[84.02929,27.43344],[84.01788,27.43457],[84.01401,27.43866],[84.00737,27.43949],[84.00732,27.44204],[84.00021,27.44045],[83.99826,27.44597],[83.98608,27.44367],[83.97965,27.43912],[83.97989,27.44226],[83.97472,27.44188],[83.96818,27.4464],[83.94801,27.44096],[83.94427,27.44754],[83.93328,27.44937],[83.94142,27.45492],[83.94667,27.46559],[83.94082,27.49133],[83.9656,27.50363],[83.97018,27.50805],[83.97157,27.51517],[83.96695,27.523],[83.95511,27.52734],[83.94399,27.51553],[83.93328,27.51283],[83.92771,27.51453],[83.9238,27.51832],[83.9209,27.53138],[83.92182,27.54045],[83.92563,27.54387],[83.93383,27.54525],[83.95054,27.53998],[83.95982,27.5482],[83.97248,27.55035],[83.98743,27.5437],[84.00763,27.54457],[84.02037,27.53826],[84.03325,27.53701],[84.04093,27.54033],[84.04611,27.55203],[84.05268,27.55629],[84.06651,27.55115],[84.07674,27.55932],[84.10939,27.55152],[84.1168,27.55309],[84.12149,27.55615],[84.13736,27.58434],[84.17851,27.6189],[84.20878,27.63856],[84.25244,27.65394],[84.26003,27.6509],[84.27234,27.66232],[84.29809,27.66973],[84.3233,27.68462],[84.32816,27.69424],[84.34763,27.7026],[84.36219,27.69809],[84.36732,27.68836],[84.38024,27.68108],[84.42938,27.70317],[84.4334,27.71027],[84.42417,27.74109],[84.43919,27.74261],[84.4527,27.75911],[84.45982,27.75912],[84.47005,27.75175],[84.47414,27.75416],[84.46951,27.76696],[84.46273,27.77349],[84.45122,27.77814],[84.44147,27.77824],[84.43341,27.78665],[84.43556,27.81388],[84.44235,27.81636],[84.44794,27.82294],[84.46707,27.8187],[84.46829,27.82417],[84.51924,27.81592],[84.52411,27.8321],[84.54826,27.83156],[84.55733,27.83558],[84.56094,27.85773],[84.57848,27.86337],[84.5791,27.8707],[84.58269,27.87416],[84.59289,27.8796],[84.61072,27.87139],[84.62247,27.88031]]]}},{"type":"Feature","properties":{"district":"Dhading","province":"Bagmati Pradesh"},"geometry":{"type":"Polygon","coordinates":[[[85.11068,28.34521],[85.12301,28.33557],[85.13089,28.33788],[85.14262,28.33027],[85.16208,28.33172],[85.17952,28.30568],[85.18286,28.28073],[85.18979,28.2662],[85.20066,28.25898],[85.20482,28.25002],[85.19638,28.24418],[85.19541,28.2342],[85.18975,28.2231],[85.19084,28.21929],[85.20346,28.21094],[85.20663,28.20382],[85.20118,28.18467],[85.20229,28.17657],[85.19746,28.16791],[85.17745,28.16308],[85.15844,28.14247],[85.15674,28.13847],[85.1605,28.12944],[85.15188,28.11706],[85.12656,28.10565],[85.12471,28.09103],[85.11714,28.07662],[85.10702,28.07637],[85.08287,28.06676],[85.06447,28.06674],[85.05685,28.05022],[85.03497,28.03175],[85.01486,28.02597],[84.99782,28.02477],[84.99153,28.02849],[84.99267,28.01562],[85.00224,28.00785],[85.00536,28.0],[85.03175,27.99536],[85.03391,27.98932],[85.0308,27.97143],[85.02183,27.96806],[85.0101,27.9505],[85.01067,27.9484],[85.01724,27.95124],[85.01861,27.94391],[85.01096,27.93593],[85.01236,27.92543],[84.99115,27.88548],[84.99705,27.8749],[84.99123,27.85824],[85.00873,27.85027],[85.00808,27.8418],[85.01576,27.83257],[85.02514,27.83277],[85.01909,27.8268],[85.01464,27.80927],[85.0298,27.81609],[85.04013,27.81443],[85.04373,27.81704],[85.04391,27.81206],[85.04932,27.81281],[85.0507,27.80997],[85.04881,27.80141],[85.05479,27.79705],[85.09005,27.78757],[85.10806,27.77407],[85.11721,27.77422],[85.11765,27.76866],[85.12681,27.76048],[85.13315,27.76392],[85.13673,27.76149],[85.14184,27.76564],[85.15089,27.76353],[85.15689,27.76672],[85.17833,27.7671],[85.18091,27.77187],[85.19208,27.76916],[85.19445,27.7729],[85.19585,27.76885],[85.20008,27.76863],[85.20375,27.76914],[85.20448,27.77328],[85.20671,27.76881],[85.2084,27.77357],[85.21026,27.77064],[85.21779,27.77536],[85.22929,27.77241],[85.23217,27.77622],[85.23425,27.77121],[85.23566,27.77436],[85.24536,27.77517],[85.24911,27.77232],[85.25487,27.77543],[85.26526,27.77058],[85.26527,27.76622],[85.2724,27.75941],[85.26942,27.74545],[85.2574,27.74464],[85.25334,27.7487],[85.24891,27.74433],[85.23925,27.74494],[85.23742,27.741],[85.22296,27.73547],[85.21589,27.73688],[85.22379,27.7277],[85.21964,27.72197],[85.20953,27.72252],[85.20846,27.7185],[85.20369,27.71985],[85.19944,27.71609],[85.20323,27.71272],[85.20227,27.70783],[85.19858,27.70894],[85.19681,27.69407],[85.19093,27.68116],[85.17717,27.67979],[85.16419,27.67055],[85.1583,27.6726],[85.152,27.66934],[85.13675,27.6745],[85.13344,27.68077],[85.12248,27.68332],[85.11769,27.69613],[85.10226,27.70872],[85.09101,27.71201],[85.08564,27.7069],[85.07834,27.70886],[85.06796,27.70302],[85.067,27.69661],[85.06334,27.6943],[85.05468,27.69919],[85.04488,27.68996],[85.04252,27.69385],[85.04412,27.70211],[85.04082,27.70554],[85.04083,27.70257],[85.03665,27.70308],[85.03301,27.6975],[85.01355,27.70753],[85.00484,27.70549],[84.99235,27.70762],[84.99118,27.7041],[84.98131,27.70253],[84.97801,27.6945],[84.96088,27.68885],[84.96081,27.6859],[84.9537,27.68323],[84.94681,27.68675],[84.92463,27.68845],[84.92177,27.69392],[84.90946,27.69833],[84.90254,27.694],[84.88987,27.67451],[84.88204,27.66853],[84.86793,27.67958],[84.83103,27.69222],[84.8023,27.67119],[84.79888,27.68405],[84.78825,27.69172],[84.79295,27.69484],[84.79866,27.70898],[84.78956,27.71595],[84.77227,27.72241],[84.75966,27.73544],[84.73966,27.73255],[84.73077,27.72707],[84.72575,27.72949],[84.71735,27.72593],[84.70226,27.72717],[84.69482,27.72103],[84.68268,27.73025],[84.6768,27.73043],[84.67232,27.7378],[84.68365,27.75804],[84.67076,27.76568],[84.67696,27.77837],[84.66717,27.78102],[84.65184,27.77924],[84.64976,27.78399],[84.64004,27.78278],[84.63931,27.79428],[84.64684,27.79364],[84.64775,27.79984],[84.63722,27.80683],[84.62048,27.80904],[84.62387,27.81513],[84.64303,27.82215],[84.66377,27.82249],[84.66786,27.82507],[84.6702,27.8183],[84.6868,27.81029],[84.70958,27.80645],[84.71334,27.80026],[84.72092,27.80351],[84.73302,27.79536],[84.7392,27.79883],[84.74096,27.80383],[84.75602,27.80623],[84.75913,27.81428],[84.76482,27.818],[84.77117,27.81539],[84.77069,27.81146],[84.77526,27.80841],[84.78456,27.81363],[84.7759,27.82396],[84.77814,27.83511],[84.76974,27.84355],[84.76727,27.85907],[84.75821,27.86154],[84.75558,27.87334],[84.74813,27.88001],[84.75142,27.88588],[84.73794,27.89265],[84.7398,27.89681],[84.7354,27.90682],[84.73728,27.91521],[84.73419,27.92561],[84.73861,27.92832],[84.73607,27.93294],[84.74156,27.93636],[84.74806,27.95987],[84.7769,27.97117],[84.77381,27.97713],[84.77908,27.97738],[84.78625,27.98307],[84.79234,27.99777],[84.79909,27.99792],[84.7996,28.00215],[84.80604,28.0002],[84.81352,28.00272],[84.81547,28.00911],[84.81173,28.01664],[84.81576,28.02821],[84.81169,28.03777],[84.82057,28.04748],[84.82312,28.06293],[84.834,28.08935],[84.83946,28.09474],[84.83934,28.10393],[84.84593,28.11611],[84.85689,28.12245],[84.87157,28.12026],[84.89465,28.09975],[84.90263,28.10647],[84.92034,28.1032],[84.92377,28.10638],[84.92238,28.11509],[84.93102,28.12611],[84.9414,28.12554],[84.94499,28.12236],[84.95912,28.12655],[84.96053,28.13586],[84.95641,28.14328],[84.9601,28.14696],[84.95946,28.15534],[84.96788,28.1743],[84.96628,28.17772],[84.97607,28.19007],[84.96447,28.21197],[84.96695,28.21716],[84.97928,28.22652],[84.99382,28.2445],[85.00089,28.24104],[85.00491,28.24787],[85.00397,28.25305],[85.03017,28.2622],[85.04022,28.29169],[85.03494,28.30264],[85.04343,28.31167],[85.04888,28.32567],[85.05522,28.32682],[85.0696,28.33909],[85.08278,28.34569],[85.11068,28.34521]]]}},{"type":"Feature","properties":{"district":"Dolakha","province":"Bagmati Pradesh"},"geometry":{"type":"Polygon","coordinates":[[[86.19956,28.13804],[86.20793,28.13285],[86.22222,28.11142],[86.2249,28.09553],[86.21012,28.0941],[86.20655,28.08378],[86.21933,28.0509],[86.21995,28.04004],[86.2272,28.03283],[86.22245,28.0098],[86.22883,27.98134],[86.23557,27.97396],[86.25137,27.97485],[86.26879,27.98021],[86.29116,27.97814],[86.29895,27.97277],[86.30644,27.95534],[86.30981,27.95601],[86.32116,27.94763],[86.33772,27.96484],[86.34186,27.95333],[86.34002,27.94921],[86.35034,27.93732],[86.36068,27.94116],[86.38371,27.93761],[86.39327,27.92563],[86.40781,27.91645],[86.41315,27.90633],[86.43162,27.9093],[86.44486,27.90546],[86.44814,27.91174],[86.45801,27.91483],[86.46185,27.92206],[86.47229,27.92979],[86.46885,27.94107],[86.47179,27.94594],[86.49589,27.95217],[86.50012,27.95697],[86.51798,27.95636],[86.52457,27.93975],[86.53614,27.94186],[86.55113,27.92861],[86.5571,27.90767],[86.55408,27.89808],[86.55704,27.88527],[86.55344,27.8759],[86.55652,27.85688],[86.54288,27.81738],[86.54489,27.81063],[86.54054,27.80718],[86.51308,27.80614],[86.50094,27.8135],[86.48908,27.80862],[86.48258,27.81129],[86.48133,27.82072],[86.47614,27.82115],[86.47283,27.82589],[86.45836,27.82324],[86.45238,27.83226],[86.44109,27.82809],[86.43168,27.81469],[86.42212,27.81327],[86.41985,27.79396],[86.41313,27.79043],[86.42454,27.78545],[86.41552,27.77464],[86.4164,27.76691],[86.41271,27.76049],[86.41501,27.75117],[86.41293,27.74632],[86.4295,27.73677],[86.42777,27.72266],[86.423,27.71535],[86.41146,27.71873],[86.38398,27.70097],[86.37816,27.69211],[86.35429,27.69369],[86.34163,27.68305],[86.33254,27.66108],[86.31408,27.64576],[86.30878,27.63489],[86.3054,27.61551],[86.29121,27.60314],[86.28385,27.6039],[86.27129,27.59484],[86.26313,27.59802],[86.23811,27.5861],[86.20519,27.58014],[86.19427,27.5717],[86.18675,27.55885],[86.16669,27.54645],[86.15693,27.53585],[86.15317,27.51562],[86.14473,27.50922],[86.14416,27.49548],[86.13177,27.4897],[86.12499,27.47789],[86.11633,27.47384],[86.11721,27.47987],[86.1127,27.48192],[86.10095,27.49814],[86.09587,27.5],[86.08014,27.49656],[86.07635,27.50171],[86.0674,27.50194],[86.06405,27.4966],[86.06224,27.50149],[86.06042,27.49876],[86.05926,27.50164],[86.04684,27.49768],[86.03416,27.50268],[86.00298,27.50209],[86.00161,27.50655],[85.99699,27.50327],[85.99599,27.50774],[85.9894,27.50988],[85.99011,27.51933],[86.00293,27.54095],[86.0,27.54572],[85.99645,27.54529],[85.98463,27.55479],[85.95458,27.58879],[85.93289,27.595],[85.9174,27.60483],[85.91205,27.60394],[85.88672,27.61381],[85.89346,27.62421],[85.91295,27.63682],[85.91188,27.64187],[85.9174,27.64663],[85.92058,27.66326],[85.94148,27.66893],[85.93653,27.68728],[85.94123,27.69321],[85.93867,27.7087],[85.95419,27.72222],[85.95558,27.72923],[85.96329,27.73564],[85.96337,27.74193],[85.97215,27.74068],[85.97958,27.7351],[86.00696,27.74497],[86.03025,27.73914],[86.03264,27.74204],[86.03644,27.75636],[86.02213,27.7722],[86.02844,27.78477],[86.02416,27.7908],[86.02491,27.8005],[86.02211,27.8093],[86.00486,27.82994],[86.01287,27.83927],[86.02728,27.84588],[86.0328,27.86252],[86.04483,27.86757],[86.05091,27.88116],[86.05014,27.88587],[86.07177,27.90542],[86.06886,27.91084],[86.07737,27.91058],[86.10639,27.92461],[86.12634,27.92739],[86.12863,27.93346],[86.12603,27.94135],[86.11775,27.94526],[86.1095,27.95562],[86.11183,27.96125],[86.10594,27.98397],[86.08175,28.02012],[86.09283,28.03295],[86.08987,28.04911],[86.09198,28.05737],[86.09721,28.06163],[86.09,28.07365],[86.08514,28.0907],[86.09449,28.09759],[86.12022,28.09116],[86.13256,28.0999],[86.13472,28.1164],[86.14286,28.11754],[86.14438,28.12585],[86.16265,28.13778],[86.18048,28.14334],[86.17615,28.16727],[86.17967,28.17049],[86.19176,28.17272],[86.19449,28.16018],[86.19968,28.15612],[86.19956,28.13804]]]}},{"type":"Feature","properties":{"district":"Kabhrepalanchok","province":"Bagmati Pradesh"},"geometry":{"type":"Polygon","coordinates":[[[85.55204,27.75573],[85.55638,27.74891],[85.56407,27.74856],[85.5697,27.74453],[85.58256,27.74958],[85.5979,27.7439],[85.60622,27.74854],[85.61293,27.74323],[85.6169,27.73218],[85.64645,27.71805],[85.65594,27.72034],[85.66027,27.714],[85.66811,27.71217],[85.67372,27.70446],[85.68209,27.6999],[85.68335,27.68556],[85.68964,27.68454],[85.68904,27.67828],[85.69663,27.67044],[85.69627,27.66324],[85.70858,27.65204],[85.70831,27.64144],[85.71028,27.65337],[85.7076,27.65612],[85.71188,27.65458],[85.71569,27.66177],[85.72297,27.66595],[85.72521,27.66389],[85.72264,27.66099],[85.72701,27.6621],[85.72803,27.66728],[85.73374,27.6699],[85.73362,27.67447],[85.73703,27.67641],[85.74811,27.67773],[85.75372,27.67293],[85.76899,27.67129],[85.77131,27.66747],[85.78226,27.6684],[85.7943,27.66474],[85.8149,27.66878],[85.82419,27.65538],[85.81821,27.6478],[85.81971,27.64381],[85.82602,27.64172],[85.84456,27.62584],[85.85247,27.62704],[85.85946,27.6324],[85.86932,27.62875],[85.87763,27.61606],[85.88331,27.61429],[85.87653,27.6123],[85.8655,27.59459],[85.85499,27.5912],[85.84883,27.58482],[85.84885,27.57877],[85.82897,27.57563],[85.82557,27.56564],[85.83088,27.54645],[85.82177,27.52534],[85.81816,27.52352],[85.82121,27.51758],[85.81163,27.50975],[85.80744,27.51098],[85.79983,27.5],[85.8042,27.4974],[85.81064,27.4844],[85.80946,27.47932],[85.8163,27.47369],[85.81699,27.46374],[85.81171,27.46203],[85.81158,27.45487],[85.82383,27.45074],[85.80541,27.43842],[85.79311,27.44307],[85.78729,27.43494],[85.78685,27.42213],[85.78129,27.41807],[85.7758,27.39792],[85.76062,27.4003],[85.74627,27.40809],[85.73668,27.40761],[85.72949,27.41175],[85.71671,27.40615],[85.71391,27.397],[85.70283,27.38499],[85.69864,27.37241],[85.69773,27.3636],[85.70667,27.35696],[85.70641,27.3456],[85.69156,27.33679],[85.68141,27.34487],[85.67471,27.34407],[85.67437,27.34089],[85.66328,27.33457],[85.65293,27.33332],[85.64396,27.34229],[85.64574,27.34555],[85.64162,27.34595],[85.64408,27.34953],[85.64158,27.34851],[85.63748,27.35333],[85.63374,27.34733],[85.6252,27.34455],[85.58042,27.34438],[85.57928,27.34139],[85.57299,27.34023],[85.56735,27.3408],[85.56687,27.34448],[85.56232,27.33908],[85.55753,27.34561],[85.55262,27.34313],[85.53548,27.35643],[85.52545,27.34969],[85.51654,27.35006],[85.50612,27.35679],[85.51253,27.3646],[85.50824,27.3641],[85.5039,27.3723],[85.49966,27.37131],[85.49738,27.37579],[85.4895,27.37618],[85.47487,27.36985],[85.47473,27.37255],[85.48122,27.37592],[85.47586,27.37686],[85.47203,27.38821],[85.46501,27.38563],[85.46087,27.39479],[85.45079,27.3874],[85.449,27.39684],[85.4447,27.40218],[85.43491,27.40314],[85.43501,27.40976],[85.42191,27.40243],[85.4195,27.41213],[85.4117,27.41667],[85.41615,27.425],[85.4128,27.43307],[85.41766,27.43484],[85.41352,27.43826],[85.42053,27.44325],[85.41169,27.44366],[85.40895,27.44722],[85.44375,27.47585],[85.44571,27.48019],[85.44126,27.48803],[85.44109,27.49896],[85.44506,27.51571],[85.43921,27.54131],[85.43508,27.53841],[85.42715,27.5403],[85.41808,27.54799],[85.4059,27.54495],[85.40124,27.55412],[85.38962,27.56181],[85.40399,27.57318],[85.40806,27.58698],[85.40479,27.60182],[85.41933,27.60625],[85.41819,27.59726],[85.42354,27.59257],[85.4277,27.59321],[85.43114,27.5969],[85.42821,27.60175],[85.43547,27.60021],[85.43793,27.60804],[85.43197,27.6152],[85.42345,27.61667],[85.42274,27.61992],[85.43041,27.62444],[85.43851,27.62304],[85.45631,27.63685],[85.4627,27.62515],[85.46562,27.62527],[85.47991,27.64164],[85.47946,27.64484],[85.48364,27.64213],[85.4957,27.65215],[85.49394,27.65782],[85.50546,27.68928],[85.50871,27.69263],[85.52357,27.69406],[85.52176,27.71827],[85.52774,27.72601],[85.52565,27.72934],[85.52746,27.7363],[85.54055,27.75451],[85.55204,27.75573]]]}},{"type":"Feature","properties":{"district":"Kathmandu","province":"Bagmati Pradesh"},"geometry":{"type":"Polygon","coordinates":[[[85.45086,27.8174],[85.46997,27.79699],[85.47008,27.78352],[85.47532,27.77777],[85.49075,27.77951],[85.5,27.78617],[85.50538,27.78435],[85.53577,27.79166],[85.55349,27.78076],[85.56186,27.76698],[85.56793,27.76426],[85.56646,27.75483],[85.55348,27.75727],[85.54055,27.75451],[85.52746,27.7363],[85.52742,27.72538],[85.52228,27.72843],[85.51451,27.72763],[85.47731,27.7155],[85.47095,27.72035],[85.45863,27.7196],[85.44158,27.72779],[85.42373,27.72365],[85.42261,27.7198],[85.41705,27.71977],[85.41726,27.71626],[85.41246,27.71695],[85.41399,27.71154],[85.40931,27.71089],[85.3979,27.70078],[85.39086,27.70175],[85.39194,27.69718],[85.38732,27.69625],[85.38712,27.69242],[85.3778,27.69433],[85.37807,27.69077],[85.37386,27.69223],[85.36353,27.68225],[85.35953,27.68252],[85.35429,27.66771],[85.33335,27.67943],[85.32881,27.68591],[85.31042,27.69309],[85.30592,27.69219],[85.30108,27.67758],[85.29392,27.67263],[85.29983,27.66778],[85.29916,27.66051],[85.28963,27.6503],[85.28964,27.64438],[85.2846,27.64365],[85.29531,27.63372],[85.29744,27.62649],[85.29399,27.61913],[85.29586,27.61216],[85.2924,27.61194],[85.29687,27.60494],[85.29407,27.59725],[85.29,27.59776],[85.28721,27.59304],[85.28599,27.59574],[85.28218,27.59517],[85.28398,27.59152],[85.28164,27.58836],[85.2874,27.58571],[85.27947,27.58268],[85.26888,27.57039],[85.26535,27.57056],[85.26167,27.57721],[85.24415,27.57842],[85.24119,27.58733],[85.24523,27.59441],[85.23975,27.60153],[85.2381,27.61933],[85.22412,27.62864],[85.23544,27.64954],[85.23008,27.65438],[85.22372,27.65423],[85.19088,27.68068],[85.19681,27.69407],[85.19858,27.70894],[85.20227,27.70783],[85.20323,27.71272],[85.19944,27.71609],[85.20369,27.71985],[85.20846,27.7185],[85.20953,27.72252],[85.21964,27.72197],[85.22379,27.7277],[85.21576,27.73678],[85.22296,27.73547],[85.23742,27.741],[85.23925,27.74494],[85.24891,27.74433],[85.25334,27.7487],[85.2574,27.74464],[85.26942,27.74545],[85.2718,27.76056],[85.26527,27.76622],[85.26526,27.77058],[85.25382,27.77476],[85.25866,27.78003],[85.26295,27.77846],[85.27059,27.78187],[85.29972,27.81198],[85.30841,27.81028],[85.31243,27.81317],[85.33453,27.81494],[85.34757,27.80848],[85.36397,27.81379],[85.37496,27.80887],[85.3882,27.81213],[85.39403,27.81701],[85.41496,27.80963],[85.43333,27.81297],[85.43846,27.81082],[85.45086,27.8174]]]}},{"type":"Feature","properties":{"district":"Lalitpur","province":"Bagmati Pradesh"},"geometry":{"type":"Polygon","coordinates":[[[85.31042,27.69309],[85.32881,27.68591],[85.33335,27.67943],[85.34997,27.66894],[85.36328,27.66886],[85.36581,27.66475],[85.36311,27.66106],[85.37152,27.66059],[85.37204,27.65427],[85.3868,27.64879],[85.38958,27.64355],[85.39181,27.64478],[85.39866,27.63269],[85.40659,27.63225],[85.42345,27.61667],[85.43197,27.6152],[85.43793,27.60804],[85.43547,27.60021],[85.42821,27.60175],[85.43114,27.5969],[85.42646,27.59276],[85.41753,27.59844],[85.41933,27.60625],[85.40479,27.60182],[85.40806,27.58698],[85.40399,27.57318],[85.38918,27.56278],[85.40124,27.55412],[85.4059,27.54495],[85.41808,27.54799],[85.42715,27.5403],[85.43508,27.53841],[85.43921,27.54131],[85.4428,27.53156],[85.44103,27.52744],[85.44506,27.51571],[85.44111,27.48917],[85.44567,27.4799],[85.4319,27.46439],[85.42332,27.45787],[85.4202,27.45885],[85.40895,27.44722],[85.41169,27.44366],[85.42044,27.44394],[85.41352,27.43826],[85.41745,27.43438],[85.41274,27.43284],[85.41615,27.425],[85.4117,27.41667],[85.42086,27.4094],[85.41641,27.4046],[85.40081,27.40403],[85.39679,27.41096],[85.38653,27.40797],[85.38614,27.41313],[85.37378,27.41912],[85.37102,27.42406],[85.35204,27.43104],[85.34971,27.42828],[85.34274,27.43271],[85.33759,27.43176],[85.33143,27.43798],[85.3181,27.4358],[85.31556,27.44465],[85.3041,27.44606],[85.29715,27.45197],[85.26577,27.45472],[85.26042,27.45871],[85.2594,27.46839],[85.2495,27.47674],[85.24985,27.48294],[85.24664,27.48657],[85.25,27.49633],[85.23945,27.5],[85.23624,27.50469],[85.24365,27.51232],[85.24299,27.51741],[85.25272,27.52118],[85.25339,27.52792],[85.2338,27.53694],[85.24197,27.54772],[85.24921,27.55013],[85.2563,27.56908],[85.26888,27.57039],[85.27947,27.58268],[85.28713,27.58533],[85.28164,27.58836],[85.28398,27.59152],[85.28218,27.59517],[85.28777,27.59337],[85.29,27.59776],[85.29407,27.59725],[85.29673,27.60394],[85.29237,27.61163],[85.29593,27.61237],[85.29531,27.63372],[85.2846,27.64365],[85.28964,27.64438],[85.28963,27.6503],[85.29916,27.66051],[85.29983,27.66778],[85.29392,27.67263],[85.30108,27.67758],[85.30592,27.69219],[85.31042,27.69309]]]}},{"type":"Feature","properties":{"district":"Makawanpur","province":"Bagmati Pradesh"},"geometry":{"type":"Polygon","coordinates":[[[85.09268,27.71167],[85.10226,27.70872],[85.11769,27.69613],[85.12248,27.68332],[85.13344,27.68077],[85.13642,27.67472],[85.14377,27.6711],[85.164,27.67049],[85.17552,27.67916],[85.19075,27.68121],[85.22372,27.65423],[85.23008,27.65438],[85.23539,27.64962],[85.22858,27.64002],[85.22489,27.62594],[85.23367,27.6231],[85.239,27.61696],[85.23975,27.60153],[85.24523,27.59441],[85.24146,27.58966],[85.24199,27.58085],[85.24487,27.5779],[85.26201,27.57707],[85.2653,27.57061],[85.25579,27.56855],[85.24921,27.55013],[85.24197,27.54772],[85.2338,27.53694],[85.25339,27.52792],[85.25272,27.52118],[85.24299,27.51741],[85.24365,27.51232],[85.23624,27.50469],[85.23945,27.5],[85.25,27.49633],[85.24664,27.48657],[85.24985,27.48294],[85.24972,27.47629],[85.2594,27.46839],[85.26103,27.45805],[85.27041,27.45276],[85.29715,27.45197],[85.3041,27.44606],[85.31556,27.44465],[85.3181,27.4358],[85.33143,27.43798],[85.33759,27.43176],[85.34274,27.43271],[85.34971,27.42828],[85.35204,27.43104],[85.37102,27.42406],[85.37378,27.41912],[85.38614,27.41313],[85.38713,27.40775],[85.39705,27.41091],[85.39978,27.40455],[85.40728,27.40531],[85.40819,27.40275],[85.42025,27.40833],[85.42221,27.40236],[85.4347,27.40999],[85.43491,27.40314],[85.4447,27.40218],[85.449,27.39684],[85.45035,27.38762],[85.46127,27.39468],[85.46481,27.38576],[85.47203,27.38821],[85.47586,27.37686],[85.48068,27.37725],[85.47974,27.37369],[85.4744,27.37212],[85.47503,27.36661],[85.46942,27.3579],[85.45016,27.35015],[85.44856,27.33639],[85.42752,27.33236],[85.42042,27.32087],[85.42649,27.30404],[85.43386,27.30051],[85.4328,27.29181],[85.43952,27.28386],[85.45039,27.28426],[85.46222,27.27958],[85.47441,27.26945],[85.48286,27.26791],[85.49099,27.24986],[85.49034,27.22007],[85.50639,27.2214],[85.50372,27.20789],[85.51266,27.19775],[85.5061,27.19375],[85.49066,27.19791],[85.48936,27.19255],[85.49472,27.18683],[85.4904,27.18333],[85.48474,27.18377],[85.48273,27.18028],[85.49219,27.17119],[85.49745,27.17337],[85.49131,27.16561],[85.47484,27.16154],[85.46898,27.16588],[85.4584,27.16628],[85.4548,27.16859],[85.45561,27.17743],[85.45036,27.18648],[85.43882,27.18704],[85.42888,27.1928],[85.42053,27.18983],[85.41153,27.1967],[85.40107,27.19647],[85.39574,27.21012],[85.38741,27.20713],[85.37884,27.2118],[85.3619,27.2105],[85.35099,27.22188],[85.33985,27.21952],[85.30963,27.23154],[85.30628,27.22963],[85.29526,27.23262],[85.26414,27.22636],[85.26003,27.22892],[85.26033,27.23392],[85.25375,27.24468],[85.24468,27.2485],[85.23403,27.2431],[85.21063,27.2451],[85.20468,27.24996],[85.19513,27.2448],[85.18137,27.24816],[85.17953,27.24935],[85.18318,27.25429],[85.17317,27.25449],[85.16992,27.2599],[85.15821,27.26184],[85.1475,27.27268],[85.147,27.28269],[85.13897,27.28995],[85.12861,27.29263],[85.12775,27.30085],[85.1231,27.30188],[85.11937,27.31719],[85.10629,27.31978],[85.09711,27.33219],[85.09355,27.35631],[85.08733,27.36146],[85.07303,27.36413],[85.06953,27.36013],[85.0677,27.36235],[85.06369,27.36016],[85.05838,27.36539],[85.03869,27.35712],[85.03416,27.36027],[85.02677,27.35842],[85.02316,27.35646],[85.0237,27.35181],[85.01541,27.35512],[85.00618,27.35258],[85.00108,27.36531],[84.98373,27.36192],[84.97966,27.35585],[84.97411,27.35486],[84.96778,27.35829],[84.96639,27.36342],[84.95896,27.3589],[84.95598,27.3612],[84.95849,27.36398],[84.95398,27.36673],[84.94715,27.35996],[84.94308,27.3655],[84.92843,27.36395],[84.92392,27.37039],[84.91065,27.37698],[84.90301,27.3747],[84.89889,27.38524],[84.89208,27.38905],[84.88404,27.3878],[84.87891,27.39739],[84.85408,27.3983],[84.85328,27.40413],[84.84258,27.41453],[84.82745,27.41935],[84.8123,27.41571],[84.81142,27.42425],[84.79312,27.43748],[84.78222,27.43482],[84.77246,27.43864],[84.75748,27.43545],[84.74549,27.4418],[84.74162,27.44022],[84.73686,27.444],[84.72824,27.44441],[84.7211,27.43099],[84.70708,27.43275],[84.66694,27.42925],[84.66993,27.44443],[84.6832,27.44828],[84.68813,27.45352],[84.68751,27.45675],[84.69418,27.45923],[84.68827,27.46249],[84.6953,27.46867],[84.69303,27.47265],[84.69896,27.47515],[84.69337,27.49624],[84.68283,27.51307],[84.68109,27.52524],[84.68547,27.54427],[84.68216,27.55132],[84.69266,27.5638],[84.70533,27.55826],[84.71194,27.56175],[84.73313,27.58181],[84.73526,27.59617],[84.74047,27.60336],[84.73711,27.61594],[84.73377,27.61688],[84.73383,27.62396],[84.72515,27.62615],[84.72494,27.63134],[84.71953,27.63719],[84.72393,27.64598],[84.73219,27.64612],[84.72961,27.64965],[84.73376,27.65568],[84.74803,27.65543],[84.74619,27.64705],[84.75453,27.64959],[84.75604,27.65429],[84.76939,27.65633],[84.77217,27.66784],[84.78207,27.6714],[84.7856,27.67993],[84.79437,27.68671],[84.79933,27.68325],[84.8023,27.67119],[84.83157,27.69223],[84.86793,27.67958],[84.88204,27.66853],[84.88987,27.67451],[84.90254,27.694],[84.90946,27.69833],[84.92177,27.69392],[84.92463,27.68845],[84.94681,27.68675],[84.9537,27.68323],[84.96081,27.6859],[84.96088,27.68885],[84.97801,27.6945],[84.98131,27.70253],[84.99118,27.7041],[84.99235,27.70762],[85.0157,27.7071],[85.03301,27.6975],[85.03665,27.70308],[85.04083,27.70257],[85.04082,27.70554],[85.04412,27.70211],[85.04252,27.69385],[85.04488,27.68996],[85.05468,27.69919],[85.06334,27.6943],[85.067,27.69661],[85.06796,27.70302],[85.07834,27.70886],[85.08564,27.7069],[85.09268,27.71167]]]}},{"type":"Feature","properties":{"district":"Nuwakot","province":"Bagmati Pradesh"},"geometry":{"type":"Polygon","coordinates":[[[85.1374,28.08392],[85.15681,28.08823],[85.17274,28.0825],[85.15042,28.06121],[85.13528,28.03795],[85.14597,28.02734],[85.1894,28.01893],[85.18602,28.0094],[85.18842,27.99666],[85.18249,27.98739],[85.18576,27.97302],[85.19075,27.97602],[85.21508,27.9726],[85.22195,27.97537],[85.25468,27.97114],[85.25773,27.97439],[85.25963,27.97107],[85.27842,27.96492],[85.29218,27.98293],[85.30076,27.98262],[85.32002,27.98904],[85.33188,27.98833],[85.3443,28.00972],[85.36117,28.0129],[85.3921,28.03032],[85.39693,28.03748],[85.40573,28.03892],[85.4071,28.05471],[85.41456,28.06181],[85.42208,28.05966],[85.42784,28.06167],[85.43005,28.06691],[85.42799,28.07232],[85.43513,28.08052],[85.44407,28.08236],[85.44658,28.07644],[85.4725,28.06354],[85.4815,28.0551],[85.48631,28.04416],[85.49671,28.03742],[85.49939,28.02014],[85.4951,28.0085],[85.49661,28.00255],[85.48951,27.99229],[85.4942,27.97168],[85.48608,27.97017],[85.48076,27.95917],[85.48477,27.95232],[85.48476,27.93523],[85.48982,27.91959],[85.4819,27.90418],[85.47743,27.88433],[85.47066,27.88149],[85.47246,27.86896],[85.46315,27.86301],[85.46227,27.85803],[85.45353,27.85025],[85.45702,27.84584],[85.44959,27.81497],[85.42298,27.80931],[85.40699,27.81134],[85.39403,27.81701],[85.3882,27.81213],[85.37496,27.80887],[85.36397,27.81379],[85.34757,27.80848],[85.33495,27.81491],[85.31243,27.81317],[85.30841,27.81028],[85.30226,27.81254],[85.29399,27.80874],[85.29316,27.80422],[85.28655,27.80079],[85.26949,27.78103],[85.25866,27.78003],[85.24911,27.77232],[85.24471,27.77518],[85.23546,27.7743],[85.23425,27.77121],[85.23196,27.77626],[85.22929,27.77241],[85.21779,27.77536],[85.21,27.77064],[85.2084,27.77357],[85.20671,27.76881],[85.20448,27.77328],[85.20375,27.76914],[85.20008,27.76863],[85.19585,27.76885],[85.19445,27.7729],[85.19208,27.76916],[85.18091,27.77187],[85.17833,27.7671],[85.15689,27.76672],[85.15089,27.76353],[85.14184,27.76564],[85.13673,27.76149],[85.13315,27.76392],[85.127,27.76043],[85.11765,27.76866],[85.11721,27.77422],[85.10806,27.77407],[85.09005,27.78757],[85.05479,27.79705],[85.04881,27.80141],[85.0507,27.80997],[85.04932,27.81281],[85.04391,27.81206],[85.04373,27.81704],[85.04013,27.81443],[85.0298,27.81609],[85.01464,27.80927],[85.01909,27.8268],[85.02514,27.83277],[85.01576,27.83257],[85.00808,27.8418],[85.00873,27.85027],[84.99136,27.85795],[84.99705,27.8749],[84.99105,27.88518],[85.01236,27.92543],[85.01096,27.93593],[85.01861,27.94391],[85.01724,27.95124],[85.01067,27.9484],[85.01026,27.95096],[85.02183,27.96806],[85.0308,27.97143],[85.03391,27.98932],[85.03175,27.99536],[85.00536,28.0],[85.00224,28.00785],[84.99267,28.01562],[84.99153,28.02849],[84.99782,28.02477],[85.01486,28.02597],[85.03497,28.03175],[85.05685,28.05022],[85.06447,28.06674],[85.08287,28.06676],[85.10702,28.07637],[85.11714,28.07662],[85.12471,28.09103],[85.1374,28.08392]]]}},{"type":"Feature","properties":{"district":"Ramechhap","province":"Bagmati Pradesh"},"geometry":{"type":"Polygon","coordinates":[[[86.46039,27.82284],[86.47283,27.82589],[86.47614,27.82115],[86.48133,27.82072],[86.48258,27.81129],[86.48908,27.80862],[86.50094,27.8135],[86.51308,27.80614],[86.52715,27.80549],[86.54879,27.81119],[86.5695,27.80374],[86.56805,27.79935],[86.57125,27.79085],[86.5664,27.76934],[86.57518,27.75432],[86.5653,27.74907],[86.55337,27.7106],[86.54267,27.70134],[86.53901,27.67833],[86.5408,27.67081],[86.53542,27.66254],[86.52952,27.6599],[86.53124,27.65533],[86.52863,27.65013],[86.51611,27.64792],[86.50958,27.64032],[86.50227,27.62008],[86.4949,27.61346],[86.4865,27.61696],[86.47209,27.61685],[86.43719,27.61],[86.42258,27.5984],[86.41585,27.58652],[86.40089,27.58318],[86.39065,27.57249],[86.37903,27.56813],[86.37162,27.55791],[86.37204,27.54937],[86.36092,27.53949],[86.35733,27.52457],[86.34066,27.51979],[86.32702,27.49945],[86.32177,27.49848],[86.30777,27.48256],[86.29741,27.47867],[86.29444,27.47011],[86.26585,27.45552],[86.2566,27.44068],[86.25891,27.43691],[86.25363,27.43223],[86.25063,27.42032],[86.24428,27.41871],[86.23681,27.40789],[86.2384,27.40383],[86.23008,27.3976],[86.22816,27.38394],[86.22436,27.38179],[86.22708,27.37028],[86.21949,27.35277],[86.22041,27.33672],[86.21802,27.33327],[86.21959,27.32814],[86.22467,27.32697],[86.22134,27.32281],[86.23138,27.31949],[86.23134,27.31533],[86.23985,27.30515],[86.23782,27.29594],[86.24297,27.28847],[86.22609,27.27719],[86.21859,27.26775],[86.21617,27.26861],[86.21349,27.26063],[86.20674,27.25404],[86.20748,27.25009],[86.19375,27.25488],[86.18452,27.25178],[86.16033,27.25242],[86.15306,27.24187],[86.13724,27.25112],[86.13118,27.26373],[86.11505,27.27226],[86.10908,27.26787],[86.09788,27.26745],[86.08006,27.27518],[86.07656,27.29127],[86.05722,27.28801],[86.05001,27.29655],[86.04054,27.29851],[86.03316,27.30899],[86.02383,27.30867],[86.02545,27.31382],[86.02084,27.32006],[86.0,27.33718],[85.98553,27.33573],[85.98533,27.35058],[85.98094,27.35424],[85.97971,27.37029],[85.9725,27.37487],[85.96829,27.38421],[85.95803,27.38899],[85.95434,27.38117],[85.94763,27.38016],[85.93633,27.38878],[85.93589,27.39519],[85.92986,27.39732],[85.92771,27.40402],[85.92022,27.40875],[85.89847,27.416],[85.89371,27.41325],[85.88816,27.41964],[85.88083,27.41641],[85.85453,27.42481],[85.83229,27.43735],[85.82911,27.44154],[85.8312,27.44784],[85.81158,27.45487],[85.81171,27.46203],[85.81699,27.46374],[85.8163,27.47369],[85.80946,27.47932],[85.81064,27.4844],[85.8042,27.4974],[85.79983,27.5],[85.80744,27.51098],[85.81163,27.50975],[85.82121,27.51758],[85.81816,27.52352],[85.82177,27.52534],[85.83088,27.54645],[85.82557,27.56564],[85.82897,27.57563],[85.84885,27.57877],[85.84883,27.58482],[85.85499,27.5912],[85.8655,27.59459],[85.87653,27.6123],[85.88289,27.61438],[85.88541,27.61044],[85.89215,27.61213],[85.90371,27.6092],[85.9115,27.60411],[85.92111,27.60338],[85.93812,27.59286],[85.95458,27.58879],[85.98463,27.55479],[85.99645,27.54529],[86.0,27.54572],[86.00293,27.54095],[85.99011,27.51933],[85.9894,27.50988],[85.99599,27.50774],[85.99699,27.50327],[86.00161,27.50655],[86.00298,27.50209],[86.03416,27.50268],[86.04684,27.49768],[86.05926,27.50164],[86.06042,27.49876],[86.06224,27.50149],[86.06405,27.4966],[86.0674,27.50194],[86.07635,27.50171],[86.08014,27.49656],[86.09587,27.5],[86.10355,27.49562],[86.1127,27.48192],[86.11745,27.47949],[86.11487,27.4744],[86.11853,27.4741],[86.12499,27.47789],[86.13177,27.4897],[86.14426,27.49563],[86.14473,27.50922],[86.15317,27.51562],[86.15469,27.53124],[86.16057,27.54103],[86.18675,27.55885],[86.19427,27.5717],[86.20519,27.58014],[86.23811,27.5861],[86.26313,27.59802],[86.27129,27.59484],[86.28385,27.6039],[86.29121,27.60314],[86.3054,27.61551],[86.30878,27.63489],[86.31408,27.64576],[86.33254,27.66108],[86.34163,27.68305],[86.35429,27.69369],[86.37816,27.69211],[86.38398,27.70097],[86.41146,27.71873],[86.423,27.71535],[86.42777,27.72266],[86.4295,27.73677],[86.41293,27.74632],[86.41501,27.75117],[86.41271,27.76049],[86.4164,27.76691],[86.41552,27.77464],[86.42459,27.78622],[86.41313,27.79043],[86.41985,27.79396],[86.42212,27.81327],[86.43225,27.81507],[86.44109,27.82809],[86.45238,27.83226],[86.46039,27.82284]]]}},{"type":"Feature","properties":{"district":"Rasuwa","province":"Bagmati Pradesh"},"geometry":{"type":"Polygon","coordinates":[[[85.71433,28.38567],[85.72007,28.37537],[85.72664,28.37316],[85.72122,28.36714],[85.72225,28.35927],[85.73458,28.33914],[85.72985,28.32865],[85.73821,28.32343],[85.73956,28.31906],[85.73867,28.2992],[85.73537,28.29108],[85.74526,28.27152],[85.74535,28.25669],[85.75071,28.24889],[85.75118,28.23795],[85.75934,28.22873],[85.76628,28.22714],[85.77637,28.21789],[85.7787,28.20838],[85.78446,28.20827],[85.80255,28.19602],[85.80091,28.18926],[85.78266,28.17792],[85.7811,28.17415],[85.75201,28.17506],[85.73,28.16948],[85.72156,28.17386],[85.7149,28.16938],[85.71466,28.16187],[85.70571,28.1638],[85.69087,28.15585],[85.67959,28.15801],[85.65398,28.15142],[85.65076,28.14607],[85.63988,28.14112],[85.63489,28.13013],[85.6295,28.12906],[85.61725,28.1339],[85.61531,28.15027],[85.60392,28.1579],[85.58626,28.15323],[85.55848,28.1677],[85.53525,28.16725],[85.52913,28.15719],[85.50557,28.15191],[85.49262,28.13849],[85.49762,28.12211],[85.49118,28.11183],[85.49152,28.10556],[85.47574,28.10497],[85.45946,28.09255],[85.4482,28.09026],[85.44407,28.08236],[85.43513,28.08052],[85.43025,28.07564],[85.42784,28.06167],[85.42208,28.05966],[85.41456,28.06181],[85.40735,28.05506],[85.40573,28.03892],[85.39693,28.03748],[85.3921,28.03032],[85.36117,28.0129],[85.3443,28.00972],[85.33188,27.98833],[85.32002,27.98904],[85.30076,27.98262],[85.29218,27.98293],[85.27855,27.96492],[85.25963,27.97107],[85.25773,27.97439],[85.25468,27.97114],[85.22195,27.97537],[85.21508,27.9726],[85.19075,27.97602],[85.18596,27.97289],[85.18249,27.98739],[85.18842,27.99666],[85.18602,28.0094],[85.1894,28.01893],[85.14597,28.02734],[85.13541,28.03768],[85.15042,28.06121],[85.17297,28.08192],[85.15785,28.08816],[85.13801,28.08385],[85.13151,28.08591],[85.12471,28.09103],[85.12635,28.10534],[85.15268,28.11795],[85.1605,28.12944],[85.1571,28.14054],[85.17643,28.16219],[85.18489,28.1668],[85.19771,28.16806],[85.20229,28.17657],[85.20118,28.18467],[85.20664,28.20325],[85.20346,28.21094],[85.19084,28.21929],[85.18975,28.2231],[85.19541,28.2342],[85.19638,28.24418],[85.20482,28.25002],[85.20367,28.25403],[85.18911,28.26731],[85.17945,28.29508],[85.18165,28.30166],[85.16208,28.33172],[85.16907,28.33143],[85.18411,28.32409],[85.2047,28.34047],[85.24371,28.31762],[85.24936,28.30304],[85.25703,28.29427],[85.27273,28.2972],[85.27583,28.29361],[85.27517,28.28759],[85.30583,28.28971],[85.34264,28.30376],[85.35046,28.30151],[85.35053,28.2883],[85.37245,28.28557],[85.37991,28.27838],[85.41431,28.30816],[85.41766,28.32693],[85.43965,28.33459],[85.46028,28.33682],[85.48966,28.33099],[85.50882,28.33381],[85.52834,28.32815],[85.56405,28.30962],[85.57822,28.31015],[85.58307,28.3061],[85.59425,28.30846],[85.6029,28.30415],[85.59893,28.29882],[85.60127,28.27905],[85.61099,28.25667],[85.63774,28.27372],[85.64742,28.28959],[85.66303,28.30276],[85.65607,28.31727],[85.6667,28.33154],[85.66806,28.34783],[85.67851,28.3505],[85.68851,28.34675],[85.68623,28.38227],[85.71433,28.38567]]]}},{"type":"Feature","properties":{"district":"Sindhuli","province":"Bagmati Pradesh"},"geometry":{"type":"Polygon","coordinates":[[[85.82317,27.45054],[85.83146,27.44738],[85.82911,27.44154],[85.83229,27.43735],[85.85453,27.42481],[85.88083,27.41641],[85.88816,27.41964],[85.89371,27.41325],[85.89847,27.416],[85.92022,27.40875],[85.92771,27.40402],[85.92986,27.39732],[85.93589,27.39519],[85.93633,27.38878],[85.94763,27.38016],[85.95434,27.38117],[85.95803,27.38899],[85.96829,27.38421],[85.9725,27.37487],[85.97971,27.37029],[85.98094,27.35424],[85.98533,27.35058],[85.98583,27.33545],[86.0,27.33718],[86.02084,27.32006],[86.02545,27.31382],[86.02383,27.30867],[86.03316,27.30899],[86.04054,27.29851],[86.05001,27.29655],[86.05722,27.28801],[86.07656,27.29127],[86.07851,27.27656],[86.09353,27.26843],[86.10818,27.26764],[86.11473,27.27236],[86.13026,27.26433],[86.13724,27.25112],[86.15068,27.24245],[86.15369,27.24192],[86.15924,27.2522],[86.18452,27.25178],[86.19375,27.25488],[86.23248,27.23711],[86.24203,27.24102],[86.24556,27.24685],[86.25517,27.25002],[86.25982,27.25782],[86.26833,27.26082],[86.26903,27.25333],[86.28368,27.24556],[86.29025,27.24538],[86.2973,27.23812],[86.30848,27.2369],[86.31825,27.23112],[86.34336,27.22871],[86.34552,27.21936],[86.34228,27.21005],[86.34595,27.20255],[86.36045,27.20114],[86.37112,27.19223],[86.3814,27.19297],[86.38659,27.18215],[86.39224,27.17962],[86.37614,27.15867],[86.37284,27.15074],[86.3766,27.1474],[86.37287,27.14669],[86.37029,27.14031],[86.3659,27.1418],[86.36153,27.13905],[86.35794,27.14297],[86.34734,27.14358],[86.3454,27.14702],[86.33897,27.13772],[86.34032,27.13353],[86.3375,27.1338],[86.33902,27.12627],[86.32858,27.11063],[86.3088,27.10857],[86.31356,27.10265],[86.32545,27.09879],[86.33473,27.09956],[86.34356,27.10617],[86.35728,27.10396],[86.35849,27.0998],[86.365,27.09922],[86.3594,27.09386],[86.36065,27.0837],[86.35598,27.07658],[86.35762,27.07497],[86.35386,27.07351],[86.35324,27.06954],[86.34936,27.07021],[86.34845,27.06574],[86.35324,27.06646],[86.35353,27.0613],[86.36567,27.05375],[86.36936,27.03724],[86.385,27.03115],[86.38175,27.03111],[86.37641,27.02298],[86.37776,27.02027],[86.37436,27.01555],[86.37647,27.00702],[86.37548,27.00324],[86.36904,27.0],[86.36809,26.98126],[86.35608,26.96477],[86.3174,26.96311],[86.29895,26.95206],[86.28583,26.94885],[86.28073,26.93438],[86.26543,26.92676],[86.26204,26.9188],[86.25777,26.93211],[86.24376,26.93955],[86.23654,26.95013],[86.22899,26.94923],[86.22115,26.95396],[86.21256,26.96523],[86.20096,26.97021],[86.19387,26.97824],[86.18961,26.97712],[86.18993,26.98211],[86.14272,26.99897],[86.10874,27.01491],[86.09151,27.01881],[86.0576,27.0179],[86.04986,27.02107],[86.01462,27.01836],[85.99399,27.02452],[85.97322,27.05064],[85.96433,27.07952],[85.95792,27.08392],[85.95227,27.0837],[85.9533,27.08751],[85.94645,27.09176],[85.93822,27.10988],[85.94028,27.12125],[85.91643,27.12942],[85.88533,27.14609],[85.86478,27.12685],[85.85583,27.13773],[85.83796,27.14677],[85.83695,27.1494],[85.84586,27.15962],[85.83386,27.16643],[85.82688,27.16795],[85.81817,27.16099],[85.8113,27.16137],[85.77174,27.18186],[85.74548,27.18724],[85.72705,27.19482],[85.71915,27.18754],[85.69718,27.18379],[85.684,27.16904],[85.67336,27.16616],[85.64906,27.14431],[85.63574,27.14104],[85.63205,27.13711],[85.62508,27.14037],[85.60725,27.13931],[85.60232,27.14332],[85.59696,27.14033],[85.58298,27.14364],[85.57336,27.13676],[85.57119,27.14319],[85.55582,27.14649],[85.55204,27.14541],[85.554,27.14026],[85.54905,27.14033],[85.54822,27.14364],[85.53892,27.14855],[85.53036,27.14009],[85.49797,27.14623],[85.49178,27.1543],[85.4968,27.16271],[85.50584,27.1625],[85.50176,27.16773],[85.50564,27.17282],[85.50299,27.1755],[85.49219,27.17119],[85.48997,27.17592],[85.48497,27.17548],[85.48273,27.1805],[85.49472,27.18683],[85.48936,27.19255],[85.49093,27.19823],[85.5061,27.19375],[85.51247,27.19739],[85.50372,27.20789],[85.50639,27.2214],[85.49002,27.22046],[85.49099,27.24986],[85.48235,27.2685],[85.47441,27.26945],[85.46222,27.27958],[85.45039,27.28426],[85.44087,27.28308],[85.43447,27.28859],[85.43386,27.30051],[85.42649,27.30404],[85.42042,27.32087],[85.42685,27.33192],[85.44856,27.33639],[85.45074,27.35077],[85.4672,27.35628],[85.47512,27.37014],[85.4895,27.37618],[85.49738,27.37579],[85.49966,27.37131],[85.50339,27.37259],[85.50693,27.36905],[85.50824,27.3641],[85.51226,27.36523],[85.50601,27.35702],[85.51577,27.35037],[85.52545,27.34969],[85.53548,27.35643],[85.55262,27.34313],[85.55753,27.34561],[85.56133,27.33907],[85.56687,27.34448],[85.56735,27.3408],[85.57299,27.34023],[85.57928,27.34139],[85.58042,27.34438],[85.6252,27.34455],[85.63374,27.34733],[85.63748,27.35333],[85.64158,27.34851],[85.64408,27.34953],[85.64162,27.34595],[85.64574,27.34555],[85.64396,27.34229],[85.65293,27.33332],[85.66328,27.33457],[85.67437,27.34089],[85.67471,27.34407],[85.68141,27.34487],[85.69156,27.33679],[85.70641,27.3456],[85.70667,27.35696],[85.69773,27.3636],[85.69864,27.37241],[85.70283,27.38499],[85.71391,27.397],[85.71671,27.40615],[85.72949,27.41175],[85.73668,27.40761],[85.74627,27.40809],[85.76062,27.4003],[85.7758,27.39792],[85.78129,27.41807],[85.78685,27.42213],[85.78729,27.43494],[85.79311,27.44307],[85.80541,27.43842],[85.82317,27.45054]]]}},{"type":"Feature","properties":{"district":"Sindhupalchok","province":"Bagmati Pradesh"},"geometry":{"type":"Polygon","coordinates":[[[85.81894,28.20237],[85.82039,28.19373],[85.83127,28.18484],[85.85085,28.18395],[85.85364,28.16697],[85.86167,28.16111],[85.86413,28.15108],[85.87428,28.14422],[85.87246,28.12354],[85.88101,28.11718],[85.8912,28.1164],[85.90039,28.10884],[85.90565,28.089],[85.90304,28.07804],[85.89869,28.07407],[85.90324,28.05366],[85.91724,28.04914],[85.93818,28.02393],[85.9562,28.0143],[85.96677,28.00192],[85.97669,28.00084],[85.97948,27.99647],[85.98065,27.98765],[85.96211,27.96733],[85.96017,27.95653],[85.9511,27.94079],[86.00297,27.91108],[86.01611,27.91487],[86.02554,27.90739],[86.042,27.9039],[86.04973,27.90631],[86.0674,27.89924],[86.05865,27.89506],[86.05014,27.88587],[86.05091,27.88116],[86.04483,27.86757],[86.0328,27.86252],[86.02728,27.84588],[86.01287,27.83927],[86.00486,27.82994],[86.02211,27.8093],[86.02491,27.8005],[86.02416,27.7908],[86.02844,27.78477],[86.02213,27.7722],[86.03644,27.75636],[86.03264,27.74204],[86.03025,27.73914],[86.00696,27.74497],[85.97958,27.7351],[85.97215,27.74068],[85.96337,27.74193],[85.96329,27.73564],[85.95558,27.72923],[85.95419,27.72222],[85.93867,27.7087],[85.94123,27.69321],[85.93653,27.68728],[85.94148,27.66893],[85.92058,27.66326],[85.9174,27.64663],[85.91188,27.64187],[85.91295,27.63682],[85.89346,27.62421],[85.88635,27.61022],[85.88248,27.61631],[85.87763,27.61606],[85.86932,27.62875],[85.85946,27.6324],[85.85247,27.62704],[85.84456,27.62584],[85.82602,27.64172],[85.81971,27.64381],[85.81821,27.6478],[85.82419,27.65538],[85.8149,27.66878],[85.7943,27.66474],[85.78226,27.6684],[85.77131,27.66747],[85.76899,27.67129],[85.75372,27.67293],[85.74811,27.67773],[85.73703,27.67641],[85.73362,27.67447],[85.73374,27.6699],[85.72803,27.66728],[85.72701,27.6621],[85.72264,27.66099],[85.72521,27.66389],[85.72297,27.66595],[85.71569,27.66177],[85.71188,27.65458],[85.7076,27.65612],[85.71028,27.65337],[85.7098,27.64728],[85.70876,27.64184],[85.70831,27.64144],[85.70858,27.65204],[85.69627,27.66324],[85.69663,27.67044],[85.68904,27.67828],[85.68964,27.68454],[85.68335,27.68556],[85.68209,27.6999],[85.67372,27.70446],[85.66811,27.71217],[85.66005,27.71415],[85.65721,27.71977],[85.64645,27.71805],[85.61809,27.73149],[85.61293,27.74323],[85.60622,27.74854],[85.5979,27.7439],[85.5841,27.74948],[85.57624,27.74878],[85.57212,27.74454],[85.55638,27.74891],[85.5523,27.75668],[85.56637,27.75471],[85.56793,27.76426],[85.56186,27.76698],[85.55349,27.78076],[85.53577,27.79166],[85.50538,27.78435],[85.5,27.78617],[85.49075,27.77951],[85.47532,27.77777],[85.47008,27.78352],[85.46997,27.79699],[85.46486,27.80407],[85.45522,27.80907],[85.45086,27.8174],[85.45109,27.82934],[85.45702,27.84584],[85.45353,27.85025],[85.46227,27.85803],[85.46315,27.86301],[85.47246,27.86896],[85.47066,27.88149],[85.47743,27.88433],[85.4819,27.90418],[85.48982,27.91959],[85.48476,27.93523],[85.48477,27.95232],[85.48076,27.95917],[85.48608,27.97017],[85.4942,27.97168],[85.48951,27.99229],[85.49661,28.00255],[85.49499,28.00774],[85.49941,28.02921],[85.49671,28.03742],[85.48631,28.04416],[85.48073,28.05611],[85.46462,28.06915],[85.44658,28.07644],[85.44407,28.08236],[85.44761,28.08986],[85.45946,28.09255],[85.47506,28.10465],[85.49152,28.10556],[85.49118,28.11183],[85.49762,28.12211],[85.49262,28.13849],[85.50519,28.15167],[85.52913,28.15719],[85.53525,28.16725],[85.55682,28.16809],[85.58626,28.15323],[85.60392,28.1579],[85.61531,28.15027],[85.61725,28.1339],[85.63373,28.12964],[85.63988,28.14112],[85.65076,28.14607],[85.65491,28.15178],[85.67959,28.15801],[85.69087,28.15585],[85.70571,28.1638],[85.71466,28.16187],[85.7149,28.16938],[85.72156,28.17386],[85.73,28.16948],[85.75201,28.17506],[85.7811,28.17415],[85.78266,28.17792],[85.80091,28.18926],[85.80234,28.1962],[85.81499,28.20304],[85.81894,28.20237]]]}},{"type":"Feature","properties":{"district":"Baglung","province":"Gandaki Pradesh"},"geometry":{"type":"Polygon","coordinates":[[[83.10166,28.63435],[83.10938,28.63209],[83.10555,28.60972],[83.11068,28.58107],[83.10802,28.57221],[83.10251,28.56684],[83.10351,28.54121],[83.12764,28.52766],[83.12814,28.51855],[83.13285,28.51194],[83.13322,28.49601],[83.14838,28.49699],[83.1709,28.49329],[83.20173,28.50148],[83.22144,28.5137],[83.24299,28.50642],[83.25026,28.50054],[83.25982,28.50078],[83.25668,28.49555],[83.26767,28.49202],[83.27591,28.49346],[83.28555,28.47511],[83.29851,28.47004],[83.30247,28.46127],[83.30027,28.45549],[83.29015,28.44538],[83.27463,28.44195],[83.27666,28.42982],[83.28155,28.43302],[83.28998,28.42522],[83.29131,28.41833],[83.29883,28.41561],[83.29275,28.40684],[83.2918,28.3968],[83.28445,28.39275],[83.28868,28.37967],[83.28081,28.36734],[83.28792,28.36842],[83.30359,28.35612],[83.31393,28.35444],[83.32748,28.36484],[83.33526,28.36565],[83.33764,28.37075],[83.36558,28.37055],[83.37977,28.35525],[83.38613,28.35819],[83.39276,28.35543],[83.41335,28.35734],[83.42113,28.35235],[83.42639,28.34101],[83.4409,28.3402],[83.44553,28.32862],[83.48666,28.31994],[83.5,28.32423],[83.51177,28.3166],[83.52909,28.31492],[83.53725,28.30305],[83.54853,28.31344],[83.56124,28.31654],[83.58665,28.30977],[83.59379,28.30129],[83.60435,28.29709],[83.6025,28.28918],[83.60977,28.28482],[83.60723,28.27061],[83.61275,28.26672],[83.61202,28.25893],[83.6181,28.25761],[83.62541,28.25031],[83.63168,28.25036],[83.63265,28.2463],[83.63734,28.24637],[83.65064,28.23741],[83.65943,28.23721],[83.6626,28.23021],[83.67,28.23037],[83.67636,28.21771],[83.67628,28.2136],[83.6712,28.20914],[83.67372,28.20468],[83.66131,28.19854],[83.66038,28.19387],[83.6501,28.1861],[83.6471,28.1775],[83.64154,28.1746],[83.64594,28.16681],[83.63919,28.1608],[83.64021,28.15412],[83.63589,28.15086],[83.63953,28.14711],[83.64115,28.1361],[83.63515,28.13198],[83.6313,28.12198],[83.625,28.12139],[83.60681,28.11041],[83.60309,28.09589],[83.59148,28.08071],[83.58333,28.08115],[83.5827,28.07726],[83.57719,28.08741],[83.5653,28.09197],[83.56696,28.10082],[83.55722,28.10644],[83.55654,28.11657],[83.55025,28.11973],[83.54063,28.12009],[83.53401,28.1164],[83.52736,28.12069],[83.51905,28.1213],[83.51237,28.12683],[83.5075,28.12554],[83.50169,28.11734],[83.48809,28.11312],[83.47614,28.11885],[83.48027,28.12996],[83.47572,28.13215],[83.46462,28.12978],[83.45952,28.1322],[83.44803,28.1249],[83.44076,28.13085],[83.42532,28.12505],[83.42023,28.13696],[83.41562,28.13763],[83.41325,28.14392],[83.39679,28.15575],[83.39213,28.16721],[83.38622,28.16366],[83.37249,28.17636],[83.3719,28.18259],[83.35753,28.19732],[83.33223,28.18889],[83.31851,28.19022],[83.30829,28.19772],[83.3002,28.1928],[83.28005,28.19088],[83.27568,28.18746],[83.27083,28.19709],[83.26122,28.19991],[83.25379,28.21402],[83.23576,28.22169],[83.22785,28.23525],[83.21778,28.24368],[83.21739,28.24828],[83.20789,28.25177],[83.18682,28.27056],[83.16979,28.2578],[83.15749,28.27068],[83.13279,28.24998],[83.12635,28.25763],[83.11152,28.25162],[83.09553,28.25685],[83.09903,28.27701],[83.0943,28.27781],[83.08716,28.28898],[83.08076,28.29135],[83.07139,28.30176],[83.06887,28.31318],[83.0636,28.31751],[83.05323,28.31885],[83.04672,28.32446],[83.03523,28.32162],[83.02054,28.32538],[83.01485,28.33271],[83.00616,28.33254],[82.99596,28.35081],[82.98203,28.35927],[82.96907,28.3575],[82.95669,28.36001],[82.95706,28.37154],[82.94994,28.37855],[82.95236,28.38389],[82.94421,28.3937],[82.94557,28.39829],[82.94004,28.39848],[82.93843,28.40197],[82.91811,28.40259],[82.92115,28.40902],[82.92049,28.41727],[82.91421,28.42726],[82.91626,28.43408],[82.90261,28.44722],[82.88829,28.45232],[82.88062,28.47348],[82.88855,28.47953],[82.9059,28.47533],[82.91371,28.48048],[82.89797,28.49241],[82.89033,28.50649],[82.87929,28.5153],[82.89656,28.5153],[82.91601,28.52746],[82.91331,28.52971],[82.91562,28.55544],[82.91819,28.56431],[82.92276,28.56709],[82.93498,28.56544],[82.97577,28.5422],[82.97932,28.54609],[82.98754,28.56393],[82.98743,28.57073],[82.96424,28.58175],[82.95459,28.59797],[82.95844,28.61037],[82.96903,28.6153],[82.97893,28.62882],[82.98489,28.63066],[83.0,28.62344],[83.02109,28.6216],[83.02672,28.62632],[83.0375,28.62559],[83.04478,28.62984],[83.05949,28.61999],[83.08285,28.62548],[83.08628,28.63072],[83.10166,28.63435]]]}},{"type":"Feature","properties":{"district":"Gorkha","province":"Gandaki Pradesh"},"geometry":{"type":"Polygon","coordinates":[[[84.55913,28.75125],[84.55942,28.74686],[84.56952,28.74139],[84.57385,28.73507],[84.59455,28.73649],[84.60795,28.73333],[84.62852,28.73637],[84.64573,28.72513],[84.64665,28.71984],[84.65293,28.71432],[84.65281,28.7023],[84.66869,28.69413],[84.67053,28.68329],[84.67823,28.67893],[84.6904,28.67871],[84.69863,28.67168],[84.70714,28.67098],[84.69942,28.65338],[84.70395,28.64727],[84.69697,28.63632],[84.71598,28.63286],[84.72738,28.6205],[84.73899,28.61677],[84.74908,28.61819],[84.75751,28.61344],[84.78289,28.60937],[84.85929,28.57047],[84.86927,28.58151],[84.88827,28.58253],[84.8925,28.58857],[84.90137,28.58978],[84.90318,28.59315],[84.90919,28.58804],[84.92189,28.59513],[84.94712,28.59469],[84.9511,28.58005],[84.98563,28.59127],[84.99507,28.59968],[84.98831,28.60498],[84.99106,28.61277],[85.00244,28.62275],[85.01115,28.63696],[85.01935,28.63932],[85.0331,28.65597],[85.04257,28.65787],[85.04342,28.66831],[85.05427,28.66992],[85.05594,28.68029],[85.06083,28.6823],[85.08618,28.67083],[85.11762,28.68642],[85.13465,28.6758],[85.13729,28.66644],[85.14791,28.66086],[85.14739,28.65638],[85.15943,28.64284],[85.18342,28.64433],[85.19074,28.64092],[85.18706,28.63213],[85.20027,28.62657],[85.19122,28.60486],[85.17591,28.59731],[85.18359,28.58732],[85.18378,28.57882],[85.19381,28.56888],[85.18698,28.56124],[85.1912,28.54711],[85.18876,28.53344],[85.16837,28.53194],[85.16835,28.52116],[85.15925,28.50938],[85.15927,28.49777],[85.15514,28.49039],[85.14675,28.48545],[85.12882,28.48769],[85.12074,28.48541],[85.11554,28.47948],[85.11486,28.47121],[85.10175,28.45671],[85.10505,28.44767],[85.11654,28.44303],[85.11491,28.43317],[85.11971,28.41563],[85.11807,28.40866],[85.12887,28.39224],[85.12423,28.38576],[85.12412,28.37252],[85.11743,28.36698],[85.11019,28.34641],[85.08278,28.34569],[85.0696,28.33909],[85.05522,28.32682],[85.04888,28.32567],[85.04343,28.31167],[85.03494,28.30264],[85.04022,28.29169],[85.03017,28.2622],[85.00397,28.25305],[85.00491,28.24787],[85.00089,28.24104],[84.99382,28.2445],[84.97928,28.22652],[84.96695,28.21716],[84.96447,28.21197],[84.97607,28.19007],[84.96628,28.17772],[84.96788,28.1743],[84.95946,28.15534],[84.9601,28.14696],[84.95641,28.14328],[84.96053,28.13586],[84.95912,28.12655],[84.94499,28.12236],[84.9414,28.12554],[84.93102,28.12611],[84.92238,28.11509],[84.92377,28.10638],[84.92034,28.1032],[84.90263,28.10647],[84.89465,28.09975],[84.87157,28.12026],[84.85689,28.12245],[84.84593,28.11611],[84.83934,28.10393],[84.83946,28.09474],[84.834,28.08935],[84.82312,28.06293],[84.82057,28.04748],[84.81169,28.03777],[84.81576,28.02821],[84.81173,28.01664],[84.81547,28.00911],[84.81352,28.00272],[84.80604,28.0002],[84.7996,28.00215],[84.79909,27.99792],[84.79234,27.99777],[84.78625,27.98307],[84.77908,27.97738],[84.77381,27.97713],[84.7769,27.97117],[84.74806,27.95987],[84.74156,27.93636],[84.73607,27.93294],[84.73861,27.92832],[84.73419,27.92561],[84.73728,27.91521],[84.7354,27.90682],[84.7398,27.89681],[84.73794,27.89265],[84.75142,27.88588],[84.74813,27.88001],[84.75558,27.87334],[84.75821,27.86154],[84.76727,27.85907],[84.76974,27.84355],[84.77814,27.83511],[84.7759,27.82396],[84.78457,27.8137],[84.77526,27.80841],[84.77069,27.81146],[84.77117,27.81539],[84.76482,27.818],[84.75913,27.81428],[84.75602,27.80623],[84.74096,27.80383],[84.73404,27.79545],[84.72092,27.80351],[84.713,27.80034],[84.70958,27.80645],[84.68723,27.8101],[84.6702,27.8183],[84.66962,27.82285],[84.66317,27.82896],[84.66615,27.84036],[84.66255,27.84929],[84.64947,27.85316],[84.65114,27.85951],[84.63766,27.86014],[84.63601,27.86859],[84.63014,27.8714],[84.62656,27.87964],[84.62085,27.88003],[84.61591,27.87286],[84.6103,27.87134],[84.5917,27.87937],[84.57953,27.87146],[84.57869,27.86355],[84.56958,27.8587],[84.56094,27.85773],[84.55024,27.86241],[84.55458,27.86965],[84.54674,27.86963],[84.54289,27.8756],[84.54725,27.88043],[84.54271,27.88535],[84.54247,27.89674],[84.54755,27.90468],[84.5398,27.90894],[84.54232,27.91319],[84.54067,27.91724],[84.535,27.91276],[84.52521,27.91509],[84.51933,27.91233],[84.5153,27.91754],[84.51227,27.91345],[84.5036,27.9154],[84.50284,27.91743],[84.5102,27.91952],[84.5087,27.92282],[84.4859,27.92783],[84.48391,27.93213],[84.47555,27.93549],[84.47611,27.93943],[84.46569,27.94353],[84.46049,27.94201],[84.45595,27.94908],[84.45141,27.95006],[84.44693,27.94615],[84.4301,27.9508],[84.42277,27.95843],[84.42463,27.96291],[84.42099,27.96942],[84.42362,27.97845],[84.42994,27.9859],[84.44194,27.98814],[84.44017,27.99287],[84.44527,27.99252],[84.45532,28.00309],[84.45944,28.00369],[84.46169,28.02354],[84.46631,28.02807],[84.46374,28.03842],[84.47035,28.0453],[84.46834,28.05084],[84.4741,28.05126],[84.48039,28.05816],[84.48427,28.05542],[84.48925,28.06197],[84.49026,28.07135],[84.48612,28.07641],[84.48995,28.07652],[84.48809,28.07986],[84.48205,28.08073],[84.48034,28.08891],[84.5,28.08502],[84.51535,28.0876],[84.52128,28.09411],[84.53241,28.09924],[84.54299,28.09954],[84.55324,28.10931],[84.55178,28.11364],[84.55616,28.1161],[84.55427,28.12003],[84.55815,28.12109],[84.55845,28.12454],[84.57632,28.13035],[84.57828,28.13798],[84.58906,28.14279],[84.58762,28.14603],[84.60332,28.15185],[84.61168,28.15957],[84.61415,28.17235],[84.63538,28.18918],[84.64246,28.20493],[84.63511,28.2298],[84.64276,28.2451],[84.64856,28.25],[84.65365,28.26427],[84.64861,28.29292],[84.65713,28.31236],[84.66201,28.31444],[84.66077,28.32307],[84.66554,28.32168],[84.66985,28.32763],[84.67156,28.34207],[84.68265,28.34267],[84.69701,28.3608],[84.67849,28.3763],[84.678,28.38702],[84.66253,28.40893],[84.64919,28.41844],[84.63959,28.439],[84.6237,28.44915],[84.61505,28.44741],[84.60073,28.45189],[84.5944,28.46597],[84.58523,28.47693],[84.56756,28.4855],[84.56718,28.50104],[84.57272,28.5099],[84.56921,28.52344],[84.56218,28.53268],[84.56159,28.55001],[84.54965,28.55447],[84.55396,28.55909],[84.5497,28.56218],[84.55294,28.56984],[84.55126,28.58356],[84.54359,28.59825],[84.54491,28.62716],[84.53843,28.63296],[84.53358,28.64623],[84.52093,28.65174],[84.52435,28.66315],[84.5148,28.67348],[84.51658,28.68508],[84.52247,28.6896],[84.52219,28.69435],[84.50315,28.69869],[84.49141,28.71375],[84.48402,28.71831],[84.49404,28.73463],[84.50444,28.74415],[84.51689,28.74847],[84.52707,28.74209],[84.53587,28.74527],[84.54193,28.74401],[84.55913,28.75125]]]}},{"type":"Feature","properties":{"district":"Kaski","province":"Gandaki Pradesh"},"geometry":{"type":"Polygon","coordinates":[[[83.8766,28.61316],[83.8896,28.60667],[83.92709,28.60541],[83.94111,28.60097],[83.96609,28.60508],[83.98119,28.59618],[83.99166,28.5843],[84.01557,28.58706],[84.03304,28.57247],[84.06194,28.56331],[84.07384,28.54804],[84.08735,28.53834],[84.12659,28.53454],[84.13949,28.53923],[84.14219,28.53313],[84.16458,28.51203],[84.18743,28.506],[84.1912,28.48898],[84.22051,28.48552],[84.2284,28.4806],[84.23552,28.48384],[84.25672,28.47951],[84.26386,28.48185],[84.27621,28.47123],[84.28083,28.47068],[84.27182,28.4606],[84.26845,28.45142],[84.24853,28.44173],[84.24699,28.424],[84.23174,28.41581],[84.22668,28.40218],[84.21713,28.39384],[84.21447,28.38603],[84.21937,28.37791],[84.21977,28.36007],[84.21275,28.35279],[84.2066,28.33745],[84.20763,28.32787],[84.20019,28.32045],[84.19779,28.30489],[84.18971,28.29652],[84.18896,28.29171],[84.19853,28.27781],[84.20767,28.27321],[84.21309,28.26539],[84.21629,28.24407],[84.2132,28.23794],[84.21563,28.23657],[84.21069,28.21578],[84.21249,28.21178],[84.20361,28.1994],[84.19277,28.1959],[84.19644,28.1882],[84.2079,28.18925],[84.21135,28.18345],[84.22088,28.18069],[84.21547,28.17216],[84.22187,28.16488],[84.22309,28.1493],[84.23071,28.14035],[84.22956,28.1365],[84.22101,28.13243],[84.21952,28.12362],[84.22543,28.11799],[84.23139,28.10163],[84.22811,28.0957],[84.22114,28.09971],[84.21345,28.09454],[84.19891,28.09723],[84.19341,28.09448],[84.1847,28.09595],[84.18119,28.10108],[84.16794,28.10077],[84.16054,28.09702],[84.14684,28.10596],[84.11636,28.10588],[84.10724,28.11031],[84.0957,28.10357],[84.08987,28.09482],[84.08105,28.09138],[84.07178,28.07753],[84.0604,28.08805],[84.0498,28.08398],[84.03982,28.09138],[84.04398,28.09474],[84.03257,28.09988],[84.02782,28.09604],[84.02912,28.10527],[84.01446,28.10546],[84.01707,28.11024],[84.01205,28.11031],[84.00095,28.1215],[84.00404,28.13177],[83.99219,28.13454],[83.99259,28.13706],[83.98211,28.1399],[83.98222,28.14321],[83.97061,28.1433],[83.96295,28.1386],[83.96267,28.1409],[83.95761,28.13914],[83.93233,28.14376],[83.9256,28.14949],[83.92457,28.15518],[83.92925,28.16044],[83.92563,28.16831],[83.90744,28.17692],[83.90023,28.18989],[83.89294,28.19442],[83.87951,28.19218],[83.87268,28.19751],[83.85811,28.19385],[83.84881,28.19899],[83.83933,28.21211],[83.82625,28.21416],[83.81882,28.20986],[83.81309,28.21873],[83.80045,28.22837],[83.8246,28.2505],[83.82271,28.25999],[83.80298,28.26048],[83.76768,28.27374],[83.77656,28.28517],[83.76364,28.29277],[83.77652,28.30889],[83.74861,28.32744],[83.73975,28.34304],[83.72816,28.34884],[83.72969,28.35628],[83.72062,28.36812],[83.72519,28.37508],[83.70716,28.38776],[83.70267,28.39839],[83.71488,28.39535],[83.76132,28.39353],[83.75936,28.40538],[83.74737,28.40253],[83.73391,28.42011],[83.73952,28.43303],[83.73857,28.43831],[83.75557,28.45825],[83.75432,28.47187],[83.77461,28.48031],[83.78398,28.49596],[83.80366,28.51532],[83.81564,28.51811],[83.83073,28.53419],[83.82973,28.54176],[83.80918,28.56362],[83.80397,28.5798],[83.81136,28.5896],[83.8214,28.59523],[83.83192,28.59529],[83.85995,28.60917],[83.8766,28.61316]]]}},{"type":"Feature","properties":{"district":"Lamjung","province":"Gandaki Pradesh"},"geometry":{"type":"Polygon","coordinates":[[[84.44397,28.5101],[84.46354,28.50001],[84.47262,28.48345],[84.48157,28.47299],[84.48852,28.47041],[84.49289,28.46144],[84.51118,28.46421],[84.53341,28.47284],[84.55285,28.47132],[84.5703,28.48266],[84.58523,28.47693],[84.5944,28.46597],[84.60073,28.45189],[84.61505,28.44741],[84.6237,28.44915],[84.63959,28.439],[84.64919,28.41844],[84.66253,28.40893],[84.678,28.38702],[84.67849,28.3763],[84.69673,28.36143],[84.68265,28.34267],[84.67156,28.34207],[84.66985,28.32763],[84.66554,28.32168],[84.66077,28.32307],[84.66201,28.31444],[84.65713,28.31236],[84.64861,28.29292],[84.65365,28.26427],[84.64856,28.25],[84.64276,28.2451],[84.63507,28.22957],[84.64219,28.20311],[84.6351,28.18883],[84.61415,28.17235],[84.61153,28.15934],[84.60332,28.15185],[84.58762,28.14603],[84.58906,28.14279],[84.57828,28.13798],[84.57632,28.13035],[84.55845,28.12454],[84.55815,28.12109],[84.55427,28.12003],[84.55616,28.1161],[84.55178,28.11364],[84.55324,28.10931],[84.54432,28.10045],[84.53241,28.09924],[84.52128,28.09411],[84.51535,28.0876],[84.5,28.08502],[84.48034,28.08891],[84.48205,28.08073],[84.48809,28.07986],[84.48995,28.07652],[84.48618,28.07664],[84.49026,28.06652],[84.48419,28.05538],[84.47688,28.06124],[84.47623,28.06762],[84.46928,28.06971],[84.47091,28.07528],[84.45982,28.09069],[84.44529,28.09908],[84.44573,28.10418],[84.42938,28.11109],[84.42414,28.11908],[84.42145,28.11724],[84.39782,28.12955],[84.39102,28.12633],[84.36124,28.12896],[84.3428,28.12177],[84.33161,28.12392],[84.31168,28.10713],[84.30715,28.1082],[84.28342,28.0981],[84.28,28.09283],[84.27138,28.09047],[84.26594,28.09319],[84.25536,28.08477],[84.25007,28.08767],[84.24766,28.08249],[84.24342,28.08342],[84.23397,28.07871],[84.23249,28.08913],[84.22789,28.09498],[84.23139,28.10163],[84.22543,28.11799],[84.21952,28.12362],[84.22101,28.13243],[84.23071,28.13958],[84.22309,28.1493],[84.22187,28.16488],[84.21547,28.17216],[84.22088,28.18069],[84.21135,28.18345],[84.2079,28.18925],[84.19644,28.1882],[84.19277,28.1959],[84.20737,28.20312],[84.21249,28.21178],[84.21069,28.21578],[84.21497,28.22814],[84.21563,28.23657],[84.2132,28.23794],[84.21627,28.24453],[84.21309,28.26539],[84.20767,28.27321],[84.19853,28.27781],[84.18892,28.29134],[84.18971,28.29652],[84.19779,28.30489],[84.20019,28.32045],[84.20763,28.32787],[84.2066,28.33745],[84.21275,28.35279],[84.21977,28.36007],[84.21937,28.37791],[84.21447,28.38603],[84.21614,28.39188],[84.22668,28.40218],[84.23174,28.41581],[84.24699,28.424],[84.24853,28.44173],[84.26845,28.45142],[84.27115,28.45639],[84.28095,28.44691],[84.29033,28.44484],[84.33015,28.45274],[84.37642,28.45379],[84.37357,28.45887],[84.37539,28.46093],[84.40026,28.45643],[84.41794,28.4713],[84.41908,28.49008],[84.42511,28.50312],[84.43464,28.50999],[84.44397,28.5101]]]}},{"type":"Feature","properties":{"district":"Manang","province":"Gandaki Pradesh"},"geometry":{"type":"Polygon","coordinates":[[[84.18922,28.8995],[84.22246,28.89152],[84.22804,28.89391],[84.255,28.89017],[84.2677,28.89768],[84.27423,28.89269],[84.27616,28.88662],[84.2861,28.88259],[84.28995,28.87686],[84.31081,28.86929],[84.31776,28.86971],[84.32576,28.86259],[84.33545,28.86459],[84.34528,28.87287],[84.35916,28.85928],[84.37741,28.86431],[84.41136,28.85326],[84.40983,28.84286],[84.4015,28.83721],[84.40278,28.83015],[84.41058,28.82861],[84.42104,28.83148],[84.42965,28.82347],[84.43748,28.82079],[84.43178,28.81321],[84.43421,28.80135],[84.44752,28.79308],[84.44809,28.78242],[84.43875,28.76925],[84.45407,28.76468],[84.46257,28.7512],[84.48298,28.74658],[84.49404,28.73463],[84.48402,28.71831],[84.49141,28.71375],[84.50315,28.69869],[84.52219,28.69435],[84.52247,28.6896],[84.51658,28.68508],[84.5148,28.67348],[84.52435,28.66315],[84.52093,28.65174],[84.53358,28.64623],[84.53843,28.63296],[84.54491,28.62716],[84.54359,28.59825],[84.55126,28.58356],[84.55294,28.56984],[84.5497,28.56218],[84.55396,28.55909],[84.54965,28.55447],[84.56159,28.55001],[84.56218,28.53268],[84.56921,28.52344],[84.57272,28.5099],[84.56718,28.50104],[84.5692,28.49502],[84.56687,28.48679],[84.5703,28.48266],[84.56621,28.47816],[84.55285,28.47132],[84.53341,28.47284],[84.51118,28.46421],[84.49289,28.46144],[84.48852,28.47041],[84.48157,28.47299],[84.47262,28.48345],[84.46354,28.50001],[84.44692,28.50917],[84.43464,28.50999],[84.42511,28.50312],[84.41932,28.49077],[84.41794,28.4713],[84.40026,28.45643],[84.37539,28.46093],[84.37357,28.45887],[84.37642,28.45379],[84.33015,28.45274],[84.30507,28.44675],[84.2992,28.4485],[84.2932,28.44509],[84.28262,28.44632],[84.27115,28.45639],[84.28083,28.47068],[84.27621,28.47123],[84.26864,28.48019],[84.23552,28.48384],[84.2284,28.4806],[84.22051,28.48552],[84.1912,28.48898],[84.18743,28.506],[84.16458,28.51203],[84.14219,28.53313],[84.13949,28.53923],[84.12659,28.53454],[84.08735,28.53834],[84.07384,28.54804],[84.06194,28.56331],[84.03304,28.57247],[84.01557,28.58706],[83.99166,28.5843],[83.98119,28.59618],[83.96587,28.60515],[83.94111,28.60097],[83.92709,28.60541],[83.8896,28.60667],[83.87366,28.61314],[83.85187,28.65361],[83.81526,28.6817],[83.79133,28.69311],[83.81516,28.71432],[83.82122,28.71403],[83.82444,28.71798],[83.83235,28.71881],[83.8472,28.72689],[83.8662,28.72265],[83.87421,28.72701],[83.88086,28.73768],[83.89326,28.74362],[83.89278,28.75111],[83.89941,28.77042],[83.90963,28.77838],[83.92538,28.77976],[83.94102,28.78836],[83.94431,28.80625],[83.93971,28.81223],[83.94246,28.8201],[83.94038,28.82459],[83.95246,28.83466],[83.96188,28.83379],[83.96971,28.81709],[83.99712,28.81329],[84.00678,28.80167],[84.01691,28.79742],[84.02535,28.80184],[84.02739,28.81008],[84.039,28.81303],[84.04948,28.82243],[84.04799,28.83013],[84.05392,28.8425],[84.06287,28.83899],[84.07425,28.84163],[84.07936,28.84722],[84.08705,28.84949],[84.09119,28.8553],[84.08642,28.86593],[84.09383,28.87334],[84.09212,28.87927],[84.09601,28.8811],[84.09792,28.88727],[84.11751,28.88092],[84.13274,28.88851],[84.14062,28.87924],[84.14849,28.88011],[84.15977,28.87213],[84.17226,28.88158],[84.18059,28.89597],[84.18922,28.8995]]]}},{"type":"Feature","properties":{"district":"Mustang","province":"Gandaki Pradesh"},"geometry":{"type":"Polygon","coordinates":[[[83.96569,29.33104],[83.97796,29.3286],[84.00107,29.31493],[84.00338,29.3107],[84.00163,29.30651],[83.98989,29.30044],[84.00063,29.29482],[84.01272,29.29432],[84.01786,29.28894],[84.02538,29.28914],[84.02852,29.28556],[84.03226,29.29319],[84.04598,29.30076],[84.05518,29.29736],[84.05856,29.2903],[84.06542,29.28973],[84.0709,29.28525],[84.08269,29.28843],[84.08991,29.29454],[84.12227,29.27967],[84.11966,29.27674],[84.12379,29.27029],[84.12079,29.26509],[84.1145,29.26297],[84.117,29.25856],[84.11446,29.24807],[84.11846,29.24412],[84.13013,29.24309],[84.14331,29.23615],[84.15954,29.24168],[84.18149,29.23771],[84.19477,29.24413],[84.20316,29.24002],[84.20508,29.23657],[84.19996,29.22534],[84.20187,29.21388],[84.19045,29.20572],[84.17966,29.20674],[84.16647,29.1948],[84.16895,29.19026],[84.16441,29.1852],[84.17139,29.17208],[84.16807,29.16407],[84.17552,29.14975],[84.17693,29.13081],[84.20309,29.12392],[84.20384,29.10372],[84.19814,29.09905],[84.19794,29.09293],[84.18826,29.08068],[84.19181,29.04688],[84.19857,29.0465],[84.21115,29.0536],[84.2237,29.05341],[84.2381,29.04452],[84.24442,29.0442],[84.25,29.03719],[84.25,29.01259],[84.24487,29.00684],[84.24041,28.98762],[84.24394,28.97605],[84.23361,28.9596],[84.22261,28.91556],[84.22804,28.89391],[84.22246,28.89152],[84.18652,28.9002],[84.17944,28.89477],[84.17226,28.88158],[84.15977,28.87213],[84.14849,28.88011],[84.14062,28.87924],[84.13275,28.88851],[84.11713,28.88067],[84.09791,28.88727],[84.096,28.8811],[84.09212,28.87927],[84.09383,28.87334],[84.08642,28.86593],[84.09119,28.8553],[84.08705,28.84949],[84.07936,28.84722],[84.07425,28.84163],[84.06287,28.83899],[84.05392,28.8425],[84.04799,28.83013],[84.04948,28.82243],[84.039,28.81303],[84.02739,28.81008],[84.02535,28.80184],[84.01677,28.79739],[84.00678,28.80167],[83.99712,28.81329],[83.96971,28.81709],[83.96188,28.83379],[83.95246,28.83466],[83.94038,28.82459],[83.94246,28.8201],[83.93971,28.81223],[83.94431,28.80625],[83.94102,28.78836],[83.92538,28.77976],[83.90963,28.77838],[83.89941,28.77042],[83.89278,28.75111],[83.89326,28.74362],[83.88086,28.73768],[83.87411,28.72693],[83.8662,28.72265],[83.85604,28.72661],[83.8384,28.72397],[83.82122,28.71403],[83.81477,28.71412],[83.79133,28.69311],[83.77896,28.68863],[83.76946,28.68638],[83.74655,28.69005],[83.73814,28.67796],[83.73877,28.67237],[83.72995,28.66686],[83.7321,28.65468],[83.72261,28.6522],[83.70891,28.6401],[83.70759,28.63156],[83.69936,28.61725],[83.68799,28.61355],[83.67881,28.58501],[83.66542,28.56683],[83.65742,28.56459],[83.63983,28.5664],[83.64466,28.57292],[83.62295,28.57585],[83.61499,28.58386],[83.59869,28.58918],[83.59116,28.58971],[83.58173,28.58333],[83.57138,28.59363],[83.57224,28.59922],[83.5661,28.60699],[83.56767,28.60975],[83.56361,28.61968],[83.56671,28.63199],[83.56352,28.64414],[83.54576,28.65472],[83.54273,28.67159],[83.5367,28.68252],[83.52959,28.68831],[83.54174,28.6971],[83.53928,28.71101],[83.55141,28.73616],[83.56074,28.74618],[83.55977,28.75417],[83.55579,28.75689],[83.5576,28.76593],[83.55093,28.77532],[83.51023,28.78804],[83.50648,28.79325],[83.48896,28.79046],[83.48978,28.80366],[83.48213,28.81708],[83.48561,28.83214],[83.48236,28.8377],[83.48368,28.8446],[83.49403,28.84638],[83.5,28.84253],[83.50387,28.84607],[83.50833,28.85689],[83.50806,28.86511],[83.50153,28.87715],[83.52496,28.89788],[83.53066,28.90858],[83.54826,28.92177],[83.55856,28.93365],[83.56071,28.94478],[83.56903,28.94328],[83.57694,28.95384],[83.58212,28.9561],[83.59109,28.98066],[83.60059,28.9857],[83.6066,28.98009],[83.61134,28.9802],[83.61709,28.98764],[83.61903,29.00612],[83.61401,29.01469],[83.61861,29.01885],[83.61462,29.03591],[83.62106,29.04572],[83.62169,29.05965],[83.63308,29.0624],[83.63359,29.06485],[83.6328,29.08097],[83.61817,29.09255],[83.61768,29.09827],[83.62268,29.09776],[83.63093,29.1068],[83.65198,29.10443],[83.65462,29.10917],[83.65351,29.11903],[83.6623,29.12439],[83.68249,29.12341],[83.68139,29.13163],[83.67701,29.13699],[83.67787,29.14892],[83.66494,29.15666],[83.66414,29.1649],[83.66817,29.16966],[83.65946,29.17607],[83.66564,29.18402],[83.66019,29.18742],[83.65796,29.20392],[83.67709,29.20768],[83.6863,29.21306],[83.71335,29.24453],[83.72392,29.24152],[83.74272,29.24541],[83.76417,29.23993],[83.76967,29.24078],[83.77321,29.24677],[83.78016,29.24756],[83.78347,29.24434],[83.79938,29.25001],[83.79927,29.25346],[83.80438,29.25631],[83.7966,29.27736],[83.79944,29.28178],[83.80995,29.28583],[83.813,29.29078],[83.81005,29.29462],[83.81484,29.30201],[83.82522,29.30275],[83.83125,29.29828],[83.83712,29.30085],[83.85018,29.29756],[83.85626,29.30159],[83.8588,29.30982],[83.87261,29.31233],[83.8895,29.32009],[83.90013,29.31878],[83.90688,29.3257],[83.92191,29.32324],[83.92959,29.31843],[83.94885,29.3165],[83.96569,29.33104]],[[84.24274,29.0],[84.24273,28.99997],[84.243,29.0],[84.24274,29.0]]]}},{"type":"Feature","properties":{"district":"Myagdi","province":"Gandaki Pradesh"},"geometry":{"type":"Polygon","coordinates":[[[83.50818,28.79007],[83.55093,28.77532],[83.55817,28.76442],[83.55579,28.75689],[83.55977,28.75417],[83.56074,28.74618],[83.55141,28.73616],[83.53928,28.71101],[83.54174,28.6971],[83.52959,28.68831],[83.5367,28.68252],[83.54273,28.67159],[83.54576,28.65472],[83.56352,28.64414],[83.56671,28.63199],[83.56361,28.61968],[83.56767,28.60975],[83.5661,28.60699],[83.57224,28.59922],[83.57138,28.59363],[83.58173,28.58333],[83.59116,28.58971],[83.59869,28.58918],[83.61499,28.58386],[83.62295,28.57585],[83.64466,28.57292],[83.63983,28.5664],[83.65742,28.56459],[83.66542,28.56683],[83.67881,28.58501],[83.68799,28.61355],[83.69936,28.61725],[83.70759,28.63156],[83.70891,28.6401],[83.72261,28.6522],[83.7321,28.65468],[83.72995,28.66686],[83.73877,28.67237],[83.73814,28.67796],[83.74655,28.69005],[83.76946,28.68638],[83.79133,28.69311],[83.81392,28.68257],[83.85218,28.65328],[83.87339,28.61483],[83.83192,28.59529],[83.8214,28.59523],[83.81136,28.5896],[83.80397,28.5798],[83.80918,28.56362],[83.82973,28.54176],[83.83073,28.53419],[83.81564,28.51811],[83.80366,28.51532],[83.78398,28.49596],[83.77461,28.48031],[83.75432,28.47187],[83.75557,28.45825],[83.73857,28.43831],[83.73952,28.43303],[83.73391,28.42011],[83.74737,28.40253],[83.75936,28.40538],[83.76132,28.39353],[83.69006,28.39867],[83.68022,28.3786],[83.68159,28.37126],[83.66671,28.35002],[83.66016,28.34796],[83.63611,28.36602],[83.62874,28.3807],[83.59943,28.3914],[83.59486,28.39136],[83.58603,28.38064],[83.57168,28.37433],[83.56742,28.35704],[83.57035,28.34093],[83.57509,28.34008],[83.57702,28.33406],[83.59919,28.31517],[83.60286,28.30859],[83.60326,28.29805],[83.59379,28.30129],[83.58726,28.30954],[83.56476,28.31691],[83.54853,28.31344],[83.53725,28.30305],[83.52909,28.31492],[83.51177,28.3166],[83.5,28.32423],[83.48666,28.31994],[83.44553,28.32862],[83.4409,28.3402],[83.42639,28.34101],[83.42113,28.35235],[83.41335,28.35734],[83.39276,28.35543],[83.38613,28.35819],[83.37977,28.35525],[83.36558,28.37055],[83.33764,28.37075],[83.33526,28.36565],[83.32748,28.36484],[83.31418,28.35454],[83.30427,28.35579],[83.28792,28.36842],[83.28081,28.36734],[83.28868,28.37967],[83.28445,28.39275],[83.2918,28.3968],[83.29275,28.40684],[83.29883,28.41561],[83.29131,28.41833],[83.28998,28.42522],[83.28155,28.43302],[83.27666,28.42982],[83.27463,28.44195],[83.29244,28.44666],[83.30247,28.46127],[83.29851,28.47004],[83.2846,28.47612],[83.27591,28.49346],[83.26767,28.49202],[83.25668,28.49555],[83.25982,28.50078],[83.25026,28.50054],[83.24299,28.50642],[83.22144,28.5137],[83.20173,28.50148],[83.1709,28.49329],[83.14838,28.49699],[83.13322,28.49601],[83.13285,28.51194],[83.12814,28.51855],[83.12764,28.52766],[83.10351,28.54121],[83.10251,28.56684],[83.10802,28.57221],[83.11068,28.58107],[83.1098,28.59466],[83.10603,28.60208],[83.10751,28.62756],[83.10938,28.63209],[83.11785,28.63136],[83.11723,28.64343],[83.1264,28.65852],[83.12699,28.66388],[83.12067,28.67244],[83.1248,28.67661],[83.13682,28.67358],[83.14743,28.68063],[83.14524,28.6928],[83.15146,28.69537],[83.15454,28.70105],[83.15194,28.70425],[83.15301,28.71186],[83.1462,28.72541],[83.1481,28.73065],[83.14464,28.73375],[83.14741,28.74703],[83.18846,28.74347],[83.21194,28.73185],[83.23129,28.74276],[83.25,28.73028],[83.27894,28.72185],[83.29994,28.73164],[83.32757,28.73782],[83.36403,28.73405],[83.37636,28.74442],[83.37968,28.75389],[83.39053,28.76297],[83.41246,28.76054],[83.43846,28.76869],[83.44813,28.76882],[83.45832,28.77367],[83.46321,28.77999],[83.48549,28.78276],[83.48895,28.79058],[83.5,28.79032],[83.50506,28.79363],[83.50818,28.79007]]]}},{"type":"Feature","properties":{"district":"Nawalpur","province":"Gandaki Pradesh"},"geometry":{"type":"Polygon","coordinates":[[[84.08015,27.86939],[84.10349,27.86551],[84.09759,27.85932],[84.10181,27.85536],[84.10554,27.85521],[84.11126,27.86161],[84.11603,27.85172],[84.12051,27.85067],[84.12333,27.8538],[84.12208,27.85947],[84.12735,27.85944],[84.13174,27.85454],[84.12405,27.84688],[84.12989,27.84527],[84.14531,27.85015],[84.15788,27.8481],[84.15831,27.83946],[84.1648,27.84142],[84.16466,27.84664],[84.17156,27.84546],[84.17545,27.85221],[84.19294,27.8464],[84.20431,27.85223],[84.20952,27.84918],[84.20812,27.84198],[84.21162,27.83855],[84.21397,27.84042],[84.21222,27.8442],[84.21567,27.84634],[84.22056,27.8458],[84.22757,27.83641],[84.23084,27.84021],[84.22983,27.8455],[84.24229,27.84644],[84.24796,27.84521],[84.2548,27.83823],[84.26798,27.83855],[84.26969,27.83229],[84.27468,27.83625],[84.29373,27.83763],[84.3022,27.82255],[84.30786,27.81865],[84.30304,27.81509],[84.30392,27.80898],[84.30019,27.80626],[84.30222,27.79216],[84.316,27.7852],[84.32045,27.77414],[84.31778,27.76311],[84.32411,27.75906],[84.32727,27.7485],[84.33624,27.74871],[84.3421,27.74377],[84.34602,27.75095],[84.35387,27.74869],[84.36345,27.75393],[84.36883,27.77265],[84.37428,27.77759],[84.38233,27.77885],[84.39382,27.77549],[84.40838,27.76159],[84.42088,27.75751],[84.42211,27.75348],[84.41942,27.75024],[84.42631,27.74591],[84.42346,27.74289],[84.4328,27.70564],[84.38101,27.6811],[84.36732,27.68836],[84.36219,27.69809],[84.35242,27.70261],[84.34584,27.70207],[84.32748,27.69378],[84.32509,27.68633],[84.31609,27.68008],[84.29448,27.66812],[84.27308,27.66275],[84.26003,27.6509],[84.25244,27.65394],[84.20878,27.63856],[84.17851,27.6189],[84.13736,27.58434],[84.12149,27.55615],[84.1168,27.55309],[84.10939,27.55152],[84.07674,27.55932],[84.06651,27.55115],[84.05268,27.55629],[84.04611,27.55203],[84.04093,27.54033],[84.03325,27.53701],[84.02037,27.53826],[84.00763,27.54457],[83.98743,27.5437],[83.97248,27.55035],[83.95982,27.5482],[83.95054,27.53998],[83.93383,27.54525],[83.92651,27.54439],[83.92182,27.54045],[83.92083,27.53283],[83.9238,27.51832],[83.92771,27.51453],[83.93328,27.51283],[83.94399,27.51553],[83.95636,27.52736],[83.96821,27.52179],[83.97109,27.51043],[83.96391,27.50244],[83.94082,27.49133],[83.94667,27.46559],[83.93844,27.45156],[83.91793,27.44206],[83.89761,27.43756],[83.8898,27.44631],[83.89186,27.46146],[83.88574,27.46395],[83.88873,27.47218],[83.88715,27.48092],[83.87678,27.48912],[83.88571,27.49594],[83.89976,27.49858],[83.8892,27.50818],[83.87781,27.51021],[83.88449,27.52768],[83.87254,27.54109],[83.85731,27.5483],[83.85275,27.5588],[83.84926,27.56013],[83.84367,27.55604],[83.84392,27.54905],[83.83817,27.54485],[83.83943,27.5511],[83.83368,27.56547],[83.84357,27.57241],[83.83823,27.58556],[83.8236,27.59248],[83.81017,27.58852],[83.81146,27.5952],[83.80312,27.59596],[83.79198,27.60617],[83.80173,27.61172],[83.79935,27.62008],[83.80727,27.62067],[83.80307,27.62939],[83.81191,27.63526],[83.80859,27.64736],[83.81468,27.6531],[83.81192,27.65528],[83.8139,27.66218],[83.78525,27.66682],[83.77032,27.66641],[83.7648,27.661],[83.76034,27.66723],[83.74683,27.66663],[83.72723,27.67227],[83.71015,27.65894],[83.70537,27.66197],[83.69742,27.6613],[83.70141,27.67623],[83.70665,27.68265],[83.69181,27.69799],[83.69165,27.70757],[83.68483,27.718],[83.67911,27.71842],[83.68427,27.72071],[83.69719,27.71583],[83.71634,27.71546],[83.73063,27.70894],[83.73436,27.71399],[83.75319,27.7208],[83.78438,27.72486],[83.80349,27.72113],[83.8225,27.71044],[83.827,27.71383],[83.83566,27.7138],[83.84834,27.7093],[83.8509,27.71184],[83.84658,27.7161],[83.84389,27.73025],[83.84702,27.73483],[83.87764,27.733],[83.87885,27.73568],[83.8857,27.73485],[83.89082,27.73002],[83.89853,27.72986],[83.90519,27.73048],[83.90658,27.73548],[83.91027,27.73402],[83.9087,27.73133],[83.92624,27.72663],[83.93044,27.73409],[83.95258,27.74732],[83.99202,27.74905],[83.99641,27.7513],[83.99495,27.7613],[84.00162,27.77559],[84.00243,27.78843],[84.01446,27.80103],[84.02221,27.81777],[84.02883,27.82041],[84.0271,27.83506],[84.02235,27.84067],[84.03062,27.85623],[84.04134,27.857],[84.04084,27.85087],[84.04353,27.84974],[84.04512,27.85489],[84.05085,27.85591],[84.05474,27.84869],[84.07042,27.85689],[84.07359,27.86483],[84.08075,27.86349],[84.08015,27.86939]]]}},{"type":"Feature","properties":{"district":"Parbat","province":"Gandaki Pradesh"},"geometry":{"type":"Polygon","coordinates":[[[83.70158,28.39952],[83.70716,28.38776],[83.72519,28.37508],[83.72062,28.36812],[83.72969,28.35628],[83.72816,28.34884],[83.73975,28.34304],[83.74861,28.32744],[83.77652,28.30889],[83.76364,28.29277],[83.77656,28.28517],[83.76768,28.27374],[83.80298,28.26048],[83.8221,28.26048],[83.82485,28.25113],[83.80045,28.22837],[83.81136,28.21982],[83.80566,28.22115],[83.80148,28.20887],[83.78989,28.20268],[83.78532,28.19669],[83.77421,28.19827],[83.76622,28.19188],[83.75832,28.19014],[83.75959,28.1818],[83.7681,28.17046],[83.76249,28.16367],[83.76648,28.15426],[83.76151,28.14601],[83.73284,28.14787],[83.71089,28.13021],[83.70735,28.11834],[83.73209,28.10129],[83.72493,28.09781],[83.71943,28.08992],[83.70567,28.09012],[83.71263,28.08298],[83.71047,28.07588],[83.71475,28.06346],[83.70444,28.05254],[83.69605,28.05222],[83.69371,28.04724],[83.69595,28.04149],[83.69055,28.03811],[83.69327,28.03252],[83.69991,28.03281],[83.69657,28.02781],[83.69114,28.02879],[83.68765,28.02214],[83.67469,28.01838],[83.67317,28.01467],[83.65797,28.01162],[83.63712,28.01745],[83.62939,28.01183],[83.62879,28.00529],[83.61699,28.0117],[83.6087,28.01008],[83.60085,28.01497],[83.59796,28.02095],[83.59318,28.02141],[83.59208,28.02582],[83.58586,28.02625],[83.58046,28.0338],[83.56391,28.03517],[83.56607,28.04051],[83.56119,28.04344],[83.56605,28.0579],[83.56294,28.06404],[83.56998,28.06517],[83.57457,28.07348],[83.58287,28.07742],[83.58333,28.08115],[83.59148,28.08071],[83.60309,28.09589],[83.60681,28.11041],[83.63201,28.12266],[83.63515,28.13198],[83.6413,28.13664],[83.63861,28.14006],[83.63953,28.14711],[83.63589,28.15086],[83.64021,28.15412],[83.63919,28.1608],[83.64594,28.16681],[83.64154,28.1746],[83.6471,28.1775],[83.6501,28.1861],[83.66038,28.19387],[83.66131,28.19854],[83.67325,28.20376],[83.6712,28.20914],[83.67641,28.21383],[83.67625,28.2184],[83.67,28.23037],[83.66217,28.23043],[83.65943,28.23721],[83.65064,28.23741],[83.63734,28.24637],[83.63265,28.2463],[83.63168,28.25036],[83.62541,28.25031],[83.6181,28.25761],[83.61202,28.25893],[83.61275,28.26672],[83.60723,28.27061],[83.60977,28.28482],[83.6025,28.28918],[83.60286,28.30859],[83.59292,28.32156],[83.57702,28.33406],[83.57509,28.34008],[83.57061,28.34033],[83.56745,28.35568],[83.56876,28.36612],[83.57168,28.37433],[83.58603,28.38064],[83.59472,28.39125],[83.59881,28.39158],[83.62874,28.3807],[83.63611,28.36602],[83.65162,28.35636],[83.65194,28.3521],[83.66456,28.34882],[83.68159,28.37126],[83.68022,28.3786],[83.69006,28.39867],[83.70158,28.39952]]]}},{"type":"Feature","properties":{"district":"Syangja","province":"Gandaki Pradesh"},"geometry":{"type":"Polygon","coordinates":[[[83.80566,28.22115],[83.81309,28.21873],[83.81882,28.20986],[83.82625,28.21416],[83.83988,28.21185],[83.84881,28.19899],[83.85811,28.19385],[83.87268,28.19751],[83.87951,28.19218],[83.89294,28.19442],[83.90023,28.18989],[83.90744,28.17692],[83.92563,28.16831],[83.92925,28.16044],[83.92457,28.15518],[83.9256,28.14949],[83.93273,28.14356],[83.95761,28.13914],[83.96267,28.1409],[83.96295,28.1386],[83.97061,28.1433],[83.98187,28.1433],[83.98219,28.13983],[84.00485,28.13064],[84.00095,28.1215],[84.0069,28.1158],[83.99513,28.10877],[83.9971,28.10199],[83.99182,28.09813],[83.9841,28.09913],[83.97531,28.09024],[83.96396,28.08719],[83.96091,28.07966],[83.97151,28.07512],[83.95187,28.06669],[83.94172,28.06825],[83.94322,28.06133],[83.94961,28.05113],[83.95702,28.05042],[83.96575,28.03856],[83.98258,28.03735],[83.99749,28.04685],[83.99948,28.03409],[84.01254,28.02894],[84.01932,28.0306],[84.03404,28.0193],[84.02672,28.0134],[84.00823,28.01372],[84.00455,28.00625],[83.99415,28.006],[83.99336,27.99954],[83.98146,27.9974],[83.98184,27.97263],[83.96909,27.95794],[83.97244,27.94831],[83.97139,27.93716],[83.97642,27.93],[83.97547,27.92258],[83.98025,27.91654],[83.9802,27.91001],[83.97625,27.90249],[83.95608,27.8972],[83.95399,27.88924],[83.94861,27.89423],[83.94305,27.89414],[83.93872,27.88519],[83.94433,27.87581],[83.93909,27.87762],[83.92684,27.86805],[83.91281,27.87252],[83.91585,27.87758],[83.9122,27.88007],[83.89444,27.88593],[83.88306,27.88215],[83.87962,27.88818],[83.86318,27.88215],[83.86044,27.87336],[83.85366,27.8744],[83.85309,27.88109],[83.84726,27.88143],[83.84572,27.87932],[83.84951,27.87241],[83.84757,27.8683],[83.838,27.86963],[83.82297,27.87757],[83.80928,27.87304],[83.79945,27.88229],[83.79065,27.88529],[83.77712,27.90314],[83.76432,27.90978],[83.75823,27.90901],[83.75916,27.90292],[83.74679,27.90777],[83.74458,27.90446],[83.74956,27.90122],[83.74506,27.8999],[83.72518,27.91364],[83.72116,27.92003],[83.71308,27.9164],[83.70037,27.91679],[83.69147,27.92372],[83.68509,27.91622],[83.6816,27.91992],[83.68404,27.92397],[83.6777,27.92731],[83.6679,27.9196],[83.65701,27.9023],[83.65108,27.90216],[83.6468,27.89835],[83.64306,27.90221],[83.63635,27.89916],[83.63351,27.91003],[83.63554,27.91397],[83.62304,27.91747],[83.62818,27.92588],[83.62242,27.9263],[83.61847,27.93041],[83.61282,27.92499],[83.60273,27.9232],[83.59499,27.93101],[83.57665,27.93005],[83.57843,27.93705],[83.57305,27.94285],[83.56765,27.93447],[83.56189,27.93469],[83.55049,27.92793],[83.53995,27.9279],[83.53883,27.93691],[83.53303,27.93899],[83.53265,27.93195],[83.5261,27.92395],[83.51838,27.9372],[83.51073,27.94061],[83.50493,27.93694],[83.51183,27.93277],[83.50794,27.92837],[83.4925,27.92898],[83.48589,27.92253],[83.47027,27.92809],[83.46251,27.93422],[83.45467,27.93252],[83.45093,27.92829],[83.44217,27.93266],[83.44742,27.93916],[83.4455,27.94465],[83.46361,27.95369],[83.46866,27.96404],[83.4852,27.98161],[83.50242,27.97671],[83.51209,27.96776],[83.52387,27.96373],[83.54765,27.97082],[83.55199,27.97662],[83.56075,27.97352],[83.57936,27.97415],[83.58114,27.97918],[83.58724,27.97873],[83.58617,27.9873],[83.59543,27.98926],[83.60535,27.99709],[83.60695,28.01186],[83.61699,28.0117],[83.62913,28.00531],[83.62939,28.01183],[83.63712,28.01745],[83.65797,28.01162],[83.68058,28.01813],[83.68821,28.02261],[83.69114,28.02879],[83.69563,28.0268],[83.69991,28.03281],[83.69327,28.03252],[83.69055,28.03811],[83.69595,28.04149],[83.69371,28.04724],[83.69605,28.05222],[83.70444,28.05254],[83.71475,28.06346],[83.71047,28.07588],[83.71263,28.08298],[83.70567,28.09012],[83.71943,28.08992],[83.72493,28.09781],[83.73209,28.10129],[83.70735,28.11834],[83.71089,28.13021],[83.73284,28.14787],[83.76151,28.14601],[83.76648,28.15426],[83.76249,28.16367],[83.7681,28.17046],[83.75959,28.1818],[83.75832,28.19014],[83.76622,28.19188],[83.77421,28.19827],[83.78532,28.19669],[83.78989,28.20268],[83.80148,28.20887],[83.80566,28.22115]]]}},{"type":"Feature","properties":{"district":"Tanahu","province":"Gandaki Pradesh"},"geometry":{"type":"Polygon","coordinates":[[[84.39725,28.1296],[84.42145,28.11724],[84.42414,28.11908],[84.42938,28.11109],[84.44573,28.10418],[84.44529,28.09908],[84.45441,28.09557],[84.45368,28.09227],[84.45958,28.09093],[84.4626,28.08405],[84.4679,28.08142],[84.47182,28.07194],[84.46914,28.06993],[84.47623,28.06762],[84.47977,28.05798],[84.4741,28.05126],[84.46823,28.05059],[84.47035,28.0453],[84.46374,28.03842],[84.46631,28.02807],[84.46169,28.02354],[84.45934,28.00353],[84.45532,28.00309],[84.44527,27.99252],[84.44017,27.99287],[84.44194,27.98814],[84.42994,27.9859],[84.42299,27.97751],[84.42099,27.96942],[84.42463,27.96291],[84.42307,27.95751],[84.42923,27.95117],[84.44538,27.94651],[84.45141,27.95006],[84.45595,27.94908],[84.46049,27.94201],[84.46569,27.94353],[84.47611,27.93943],[84.47555,27.93549],[84.48391,27.93213],[84.4859,27.92783],[84.5087,27.92282],[84.5102,27.91952],[84.50284,27.91743],[84.5036,27.9154],[84.51227,27.91345],[84.5153,27.91754],[84.51933,27.91233],[84.52521,27.91509],[84.535,27.91276],[84.54067,27.91724],[84.54232,27.91319],[84.5398,27.90894],[84.54755,27.90468],[84.54247,27.89674],[84.54271,27.88535],[84.54725,27.88043],[84.54289,27.8756],[84.54674,27.86963],[84.55446,27.86994],[84.54958,27.86284],[84.56101,27.85821],[84.55733,27.83558],[84.54826,27.83156],[84.52411,27.8321],[84.51924,27.81592],[84.46829,27.82417],[84.46707,27.8187],[84.44794,27.82294],[84.43491,27.81318],[84.43341,27.78665],[84.44147,27.77824],[84.45405,27.77748],[84.46362,27.77278],[84.4727,27.76069],[84.47282,27.75196],[84.45982,27.75912],[84.4527,27.75911],[84.43919,27.74261],[84.42417,27.74109],[84.42631,27.74591],[84.41995,27.74899],[84.42213,27.75416],[84.41965,27.75885],[84.40838,27.76159],[84.39425,27.77531],[84.38061,27.77896],[84.3699,27.77427],[84.36287,27.75337],[84.35387,27.74869],[84.34602,27.75095],[84.3421,27.74377],[84.33538,27.74898],[84.32826,27.74784],[84.32411,27.75906],[84.31778,27.76311],[84.32045,27.77414],[84.316,27.7852],[84.30222,27.79216],[84.30019,27.80626],[84.30392,27.80898],[84.30304,27.81509],[84.30786,27.81865],[84.3022,27.82255],[84.29347,27.83771],[84.27468,27.83625],[84.26969,27.83229],[84.26798,27.83855],[84.2548,27.83823],[84.24796,27.84521],[84.24229,27.84644],[84.22983,27.8455],[84.23084,27.84021],[84.22757,27.83641],[84.22056,27.8458],[84.21567,27.84634],[84.21222,27.8442],[84.21397,27.84042],[84.21162,27.83855],[84.20812,27.84198],[84.20952,27.84918],[84.20431,27.85223],[84.19294,27.8464],[84.17545,27.85221],[84.17156,27.84546],[84.16466,27.84664],[84.1648,27.84142],[84.15831,27.83946],[84.15788,27.8481],[84.14531,27.85015],[84.12682,27.84547],[84.1228,27.84823],[84.13105,27.85272],[84.1288,27.85902],[84.12226,27.85965],[84.12333,27.8538],[84.11889,27.85064],[84.11126,27.86161],[84.10474,27.8548],[84.09779,27.85822],[84.10296,27.86619],[84.08256,27.86965],[84.07959,27.86895],[84.08075,27.86349],[84.07359,27.86483],[84.07042,27.85689],[84.05574,27.8489],[84.05085,27.85591],[84.04512,27.85489],[84.04263,27.84988],[84.04228,27.85653],[84.02953,27.85646],[84.02298,27.86169],[84.01745,27.85849],[84.0243,27.85341],[84.02065,27.85073],[84.00135,27.85488],[83.99672,27.86586],[83.98053,27.8659],[83.97362,27.87243],[83.97018,27.87009],[83.96036,27.87283],[83.95002,27.86941],[83.94051,27.88073],[83.93865,27.88634],[83.94305,27.89414],[83.94861,27.89423],[83.95399,27.88924],[83.95608,27.8972],[83.97625,27.90249],[83.9802,27.91001],[83.98025,27.91654],[83.97547,27.92258],[83.97642,27.93],[83.97139,27.93716],[83.97244,27.94831],[83.96909,27.95794],[83.98184,27.97263],[83.98146,27.9974],[83.99336,27.99954],[83.99415,28.006],[84.00455,28.00625],[84.00823,28.01372],[84.02672,28.0134],[84.03404,28.0193],[84.01932,28.0306],[84.01254,28.02894],[83.99948,28.03409],[83.99749,28.04685],[83.98258,28.03735],[83.96575,28.03856],[83.95702,28.05042],[83.94961,28.05113],[83.94322,28.06133],[83.94172,28.06825],[83.95187,28.06669],[83.97143,28.07502],[83.96114,28.07934],[83.96293,28.08622],[83.97531,28.09024],[83.9841,28.09913],[83.99437,28.09931],[83.99717,28.10222],[83.99513,28.10877],[84.00048,28.11343],[84.00849,28.11563],[84.01205,28.11031],[84.01707,28.11024],[84.01459,28.10537],[84.02912,28.10527],[84.02801,28.09585],[84.03103,28.09971],[84.03464,28.09931],[84.04422,28.09451],[84.03982,28.09138],[84.04928,28.08426],[84.05318,28.08338],[84.05726,28.08845],[84.0604,28.08805],[84.07178,28.07753],[84.08105,28.09138],[84.08987,28.09482],[84.0957,28.10357],[84.10784,28.11034],[84.11636,28.10588],[84.14684,28.10596],[84.16054,28.09702],[84.16794,28.10077],[84.18119,28.10108],[84.185,28.09583],[84.19341,28.09448],[84.19909,28.09723],[84.21165,28.09425],[84.22156,28.09969],[84.22796,28.097],[84.23465,28.07853],[84.24342,28.08342],[84.24789,28.08263],[84.25007,28.08767],[84.25536,28.08477],[84.26594,28.09319],[84.27138,28.09047],[84.28,28.09283],[84.28342,28.0981],[84.30715,28.1082],[84.31168,28.10713],[84.33161,28.12392],[84.3428,28.12177],[84.36124,28.12896],[84.39102,28.12633],[84.39725,28.1296]]]}},{"type":"Feature","properties":{"district":"Arghakhanchi","province":"Province No 5"},"geometry":{"type":"Polygon","coordinates":[[[83.00401,28.11362],[83.03139,28.09895],[83.04171,28.10532],[83.0472,28.10086],[83.05277,28.10668],[83.05085,28.11098],[83.05896,28.10658],[83.07058,28.10933],[83.06851,28.0982],[83.07519,28.09063],[83.0919,28.09717],[83.10072,28.09444],[83.09839,28.08198],[83.10426,28.07705],[83.12735,28.0843],[83.12732,28.06915],[83.13988,28.06191],[83.15234,28.05959],[83.15779,28.06056],[83.17321,28.07883],[83.18589,28.08747],[83.18839,28.08359],[83.19494,28.08275],[83.19718,28.07411],[83.20291,28.07246],[83.20735,28.06666],[83.21247,28.06637],[83.21721,28.05951],[83.22114,28.0589],[83.22243,28.05411],[83.23184,28.04818],[83.23535,28.03806],[83.23553,28.02082],[83.24185,28.00781],[83.246,28.00822],[83.24801,27.99755],[83.25409,27.99514],[83.25451,27.98678],[83.26488,27.98877],[83.28242,27.96741],[83.30294,27.96758],[83.30098,27.95962],[83.30453,27.95467],[83.29487,27.95007],[83.29285,27.94344],[83.28597,27.94222],[83.2806,27.93128],[83.28278,27.92608],[83.28934,27.92448],[83.31011,27.92747],[83.30863,27.91458],[83.29981,27.90913],[83.31306,27.90155],[83.3111,27.88868],[83.32228,27.88253],[83.32274,27.87833],[83.33003,27.87879],[83.33245,27.87498],[83.31947,27.86002],[83.30988,27.85678],[83.3026,27.85962],[83.31212,27.85135],[83.29979,27.84367],[83.29315,27.83498],[83.29178,27.82779],[83.27606,27.82617],[83.25015,27.8317],[83.23301,27.82309],[83.24982,27.80824],[83.25142,27.80422],[83.24737,27.78995],[83.25486,27.78987],[83.26044,27.78483],[83.26002,27.77234],[83.25496,27.76225],[83.24945,27.75871],[83.24832,27.75098],[83.23952,27.75019],[83.22774,27.76303],[83.21285,27.75878],[83.20344,27.75994],[83.18778,27.75388],[83.17999,27.75849],[83.14566,27.76045],[83.12899,27.76877],[83.12357,27.76161],[83.11045,27.77028],[83.10199,27.76908],[83.0954,27.7828],[83.09123,27.78219],[83.09189,27.77108],[83.08859,27.77465],[83.07682,27.76466],[83.06872,27.76432],[83.06814,27.75769],[83.06024,27.76408],[83.0545,27.75652],[83.05187,27.76879],[83.03651,27.78155],[83.03499,27.7931],[83.02445,27.79819],[83.02267,27.80822],[83.01803,27.80988],[83.02167,27.82047],[83.01294,27.81156],[83.00599,27.7982],[82.99842,27.79268],[82.97003,27.79284],[82.96263,27.79543],[82.95493,27.7902],[82.94435,27.79015],[82.93184,27.78416],[82.92722,27.78739],[82.92118,27.78459],[82.91595,27.78904],[82.90896,27.78826],[82.90086,27.79348],[82.89063,27.79126],[82.86794,27.79298],[82.8624,27.79028],[82.84654,27.79327],[82.84257,27.79014],[82.81832,27.79554],[82.80138,27.79382],[82.80074,27.80199],[82.79615,27.80579],[82.78901,27.80311],[82.78945,27.79428],[82.77128,27.81024],[82.76015,27.81186],[82.75779,27.81924],[82.75042,27.8229],[82.75068,27.82788],[82.75775,27.8352],[82.78265,27.84254],[82.79399,27.8559],[82.80929,27.85716],[82.79395,27.86525],[82.81096,27.86793],[82.81195,27.87114],[82.80587,27.87271],[82.80734,27.87887],[82.81487,27.88492],[82.82624,27.9055],[82.83701,27.90645],[82.8503,27.90103],[82.85658,27.90464],[82.86337,27.90361],[82.86461,27.9077],[82.86942,27.90944],[82.87898,27.90099],[82.88262,27.9063],[82.89005,27.9065],[82.89708,27.91398],[82.90242,27.9084],[82.91772,27.90399],[82.92728,27.91284],[82.93051,27.92251],[82.94124,27.92618],[82.94498,27.93087],[82.97071,27.92609],[82.98586,27.92997],[82.99044,27.92527],[82.99411,27.92997],[83.0,27.93241],[83.00457,27.92895],[83.00615,27.93202],[83.0119,27.91991],[83.01627,27.92248],[83.01787,27.92813],[83.015,27.93241],[83.01782,27.93658],[83.01482,27.94168],[83.01974,27.9473],[83.01641,27.94894],[83.01871,27.95633],[83.01013,27.96751],[83.00378,27.96988],[83.0016,27.97759],[82.99136,27.97655],[82.98794,27.98139],[82.97774,27.98413],[82.9785,27.98903],[82.97566,27.99179],[82.97016,27.99333],[82.96621,27.98785],[82.95434,27.99394],[82.95662,27.99771],[82.97065,28.00284],[82.97028,28.006],[82.97551,28.00633],[82.97395,28.0143],[82.97652,28.0146],[82.9786,28.02304],[82.97682,28.03079],[82.97234,28.03824],[82.96281,28.04086],[82.96352,28.04612],[82.96649,28.05283],[82.97706,28.06136],[82.97761,28.06657],[82.98708,28.07367],[82.99525,28.09067],[83.00391,28.0957],[83.00209,28.10829],[83.00401,28.11362]]]}},{"type":"Feature","properties":{"district":"Banke","province":"Province No 5"},"geometry":{"type":"Polygon","coordinates":[[[81.67534,28.33741],[81.70386,28.33436],[81.71308,28.32424],[81.72699,28.31594],[81.74985,28.31234],[81.75559,28.30735],[81.76301,28.30908],[81.76923,28.30064],[81.78819,28.29509],[81.79544,28.27372],[81.7999,28.27351],[81.81027,28.28287],[81.81632,28.27865],[81.84535,28.27188],[81.86647,28.24969],[81.86272,28.23858],[81.87857,28.23904],[81.8847,28.24339],[81.89831,28.23317],[81.91111,28.23212],[81.92338,28.22675],[81.92272,28.22023],[81.92876,28.21568],[81.92851,28.20933],[81.93792,28.20749],[81.94034,28.20163],[81.95377,28.19395],[81.9645,28.19426],[81.96708,28.18435],[81.97974,28.18273],[82.0044,28.1579],[82.01972,28.13432],[82.0183,28.11602],[82.02285,28.09918],[82.04556,28.09519],[82.05136,28.09001],[82.05662,28.09124],[82.07908,28.07934],[82.08707,28.07688],[82.09069,28.07928],[82.10834,28.07297],[82.16125,28.04671],[82.17602,28.04583],[82.18238,28.03548],[82.19196,28.03237],[82.19577,28.0251],[82.19116,28.01237],[82.19251,28.00292],[82.1878,27.99492],[82.19517,27.97336],[82.19164,27.96947],[82.19416,27.95316],[82.17856,27.9516],[82.15491,27.96115],[82.14894,27.9619],[82.14342,27.95856],[82.13536,27.96208],[82.12139,27.94864],[82.11597,27.94952],[82.11585,27.95274],[82.10189,27.9489],[82.09694,27.95522],[82.08988,27.9498],[82.0716,27.95247],[82.06567,27.94076],[82.07003,27.93673],[82.07071,27.93098],[82.06696,27.9256],[82.07006,27.92407],[82.06455,27.92159],[81.99306,27.92909],[81.9701,27.92883],[81.93998,27.89362],[81.93992,27.8878],[81.92728,27.87567],[81.92803,27.85965],[81.90144,27.8537],[81.88683,27.85715],[81.87545,27.86929],[81.83458,27.89795],[81.823,27.90334],[81.80675,27.90326],[81.70017,27.98809],[81.6453,27.99371],[81.62617,28.00127],[81.61891,28.0103],[81.58847,28.02468],[81.54911,28.0491],[81.50671,28.06876],[81.50575,28.07568],[81.51603,28.07431],[81.52656,28.08415],[81.51236,28.09079],[81.51357,28.09611],[81.50521,28.10426],[81.5128,28.10756],[81.50297,28.1174],[81.50764,28.12237],[81.50045,28.12655],[81.5062,28.12791],[81.50059,28.14487],[81.50809,28.1521],[81.51383,28.14849],[81.51675,28.15598],[81.52418,28.15713],[81.52385,28.16093],[81.51872,28.16153],[81.52444,28.16799],[81.52056,28.17165],[81.52569,28.17378],[81.52029,28.17546],[81.52,28.17884],[81.53098,28.18256],[81.52984,28.19485],[81.5425,28.20358],[81.56336,28.20717],[81.56391,28.21765],[81.56576,28.21347],[81.57406,28.21752],[81.58032,28.22354],[81.57736,28.22812],[81.58468,28.22785],[81.58454,28.23367],[81.59123,28.24017],[81.59181,28.23497],[81.59593,28.23813],[81.59858,28.23434],[81.60826,28.23582],[81.61228,28.23961],[81.61433,28.24866],[81.62261,28.24896],[81.62492,28.25477],[81.64262,28.26234],[81.645,28.26685],[81.64897,28.2661],[81.64606,28.27436],[81.64833,28.27703],[81.64245,28.2795],[81.64784,28.28241],[81.6552,28.29368],[81.66391,28.28723],[81.67857,28.32224],[81.68229,28.32359],[81.68026,28.31365],[81.68631,28.3243],[81.69136,28.32569],[81.6932,28.32739],[81.68635,28.32581],[81.68666,28.33222],[81.67775,28.33263],[81.67534,28.33741]]]}},{"type":"Feature","properties":{"district":"Bardiya","province":"Province No 5"},"geometry":{"type":"Polygon","coordinates":[[[81.28707,28.6732],[81.30252,28.67369],[81.30383,28.67049],[81.30913,28.67291],[81.32285,28.66751],[81.31804,28.65227],[81.31197,28.65101],[81.31809,28.63667],[81.34727,28.62463],[81.36634,28.62343],[81.38109,28.61221],[81.40273,28.60676],[81.40327,28.60193],[81.41164,28.59553],[81.41857,28.59546],[81.42639,28.58768],[81.42351,28.58125],[81.42621,28.57755],[81.43249,28.57723],[81.43511,28.56348],[81.43974,28.55944],[81.45493,28.55216],[81.46721,28.55369],[81.47086,28.54833],[81.47409,28.54847],[81.47786,28.53968],[81.48789,28.53904],[81.49295,28.5323],[81.49911,28.53345],[81.50787,28.52818],[81.51397,28.52413],[81.51797,28.51345],[81.53196,28.50925],[81.5379,28.50398],[81.54116,28.5],[81.54052,28.49456],[81.55911,28.49488],[81.57436,28.48324],[81.57628,28.47841],[81.60184,28.46287],[81.60966,28.45351],[81.61394,28.45423],[81.62806,28.44436],[81.63337,28.43623],[81.64478,28.43018],[81.66023,28.41531],[81.67157,28.41322],[81.67608,28.4175],[81.69,28.41047],[81.69727,28.39944],[81.71843,28.384],[81.72622,28.383],[81.73404,28.3775],[81.75404,28.37423],[81.75947,28.36992],[81.7685,28.37003],[81.75344,28.34357],[81.75351,28.33209],[81.7453,28.31891],[81.74687,28.31314],[81.71947,28.31957],[81.70386,28.33436],[81.67542,28.33754],[81.67775,28.33263],[81.68666,28.33222],[81.68635,28.32581],[81.6932,28.32739],[81.68631,28.3243],[81.68026,28.31365],[81.68229,28.32359],[81.67857,28.32224],[81.66391,28.28723],[81.6552,28.29368],[81.64784,28.28241],[81.64245,28.2795],[81.64833,28.27703],[81.64606,28.27436],[81.64897,28.2661],[81.645,28.26685],[81.64262,28.26234],[81.62492,28.25477],[81.62261,28.24896],[81.61433,28.24866],[81.61228,28.23961],[81.60826,28.23582],[81.59858,28.23434],[81.59593,28.23813],[81.59181,28.23497],[81.59123,28.24017],[81.58454,28.23367],[81.58468,28.22785],[81.57736,28.22812],[81.58032,28.22354],[81.57406,28.21752],[81.56576,28.21347],[81.56391,28.21765],[81.56336,28.20717],[81.5425,28.20358],[81.53003,28.19508],[81.53098,28.18256],[81.52,28.17884],[81.52029,28.17546],[81.52569,28.17378],[81.52056,28.17165],[81.52444,28.16799],[81.51872,28.16153],[81.52385,28.16093],[81.52418,28.15713],[81.51675,28.15598],[81.51383,28.14849],[81.50809,28.1521],[81.50059,28.14487],[81.5062,28.12791],[81.50045,28.12655],[81.50764,28.12237],[81.50297,28.1174],[81.5128,28.10756],[81.50521,28.10426],[81.51357,28.09611],[81.51236,28.09079],[81.52656,28.08415],[81.51603,28.07431],[81.50575,28.07568],[81.50671,28.06876],[81.48021,28.08244],[81.48158,28.11],[81.48585,28.11815],[81.45174,28.14079],[81.44829,28.1608],[81.42758,28.17083],[81.4166,28.17417],[81.39172,28.17368],[81.37649,28.17686],[81.36869,28.16526],[81.3702,28.16089],[81.37891,28.15862],[81.38016,28.15541],[81.37308,28.14229],[81.33623,28.1401],[81.31981,28.13346],[81.31722,28.13688],[81.32014,28.14514],[81.32969,28.14819],[81.32195,28.16016],[81.31242,28.15548],[81.31152,28.1606],[81.30359,28.16599],[81.30623,28.16842],[81.32303,28.16874],[81.32653,28.17495],[81.32014,28.18229],[81.32237,28.19717],[81.30138,28.21976],[81.28787,28.22844],[81.2345,28.2889],[81.23634,28.32457],[81.21517,28.3582],[81.08158,28.38487],[81.06908,28.39438],[81.06803,28.401],[81.0609,28.40788],[81.0673,28.4224],[81.08756,28.43829],[81.09313,28.45771],[81.11071,28.46135],[81.11654,28.47245],[81.14901,28.49811],[81.15493,28.50188],[81.16188,28.50134],[81.16982,28.5241],[81.19969,28.553],[81.22605,28.57079],[81.25067,28.59434],[81.26135,28.61202],[81.27052,28.61775],[81.27281,28.63012],[81.28928,28.64792],[81.28707,28.6732]]]}},{"type":"Feature","properties":{"district":"Dang","province":"Province No 5"},"geometry":{"type":"Polygon","coordinates":[[[82.10302,28.25889],[82.11018,28.25815],[82.11955,28.25141],[82.12782,28.25423],[82.13466,28.2514],[82.14566,28.23699],[82.16267,28.24164],[82.17129,28.25143],[82.19186,28.24823],[82.20054,28.24279],[82.21966,28.24952],[82.23503,28.23982],[82.24585,28.23778],[82.25786,28.23958],[82.26017,28.24352],[82.27734,28.24835],[82.30226,28.24582],[82.30411,28.2325],[82.31204,28.23151],[82.3143,28.22325],[82.33943,28.22339],[82.34795,28.21623],[82.34903,28.20852],[82.3568,28.20541],[82.36901,28.1897],[82.37996,28.1844],[82.3947,28.18913],[82.39875,28.1826],[82.39659,28.17132],[82.41086,28.16081],[82.46624,28.14149],[82.47478,28.13998],[82.48118,28.14421],[82.48649,28.13035],[82.49308,28.13595],[82.4974,28.13488],[82.5059,28.14975],[82.52123,28.14719],[82.518,28.13909],[82.54102,28.13175],[82.55914,28.13609],[82.5638,28.13348],[82.56094,28.13073],[82.56915,28.11532],[82.57951,28.10978],[82.58425,28.11032],[82.59032,28.10306],[82.59691,28.1013],[82.59941,28.09259],[82.61253,28.09146],[82.62682,28.07472],[82.62718,28.06973],[82.64174,28.06883],[82.65829,28.05989],[82.6717,28.05831],[82.6871,28.051],[82.70652,28.05306],[82.72064,28.04714],[82.71075,28.03627],[82.70476,28.03539],[82.69917,28.02942],[82.69831,28.01394],[82.70728,28.00576],[82.72336,28.00187],[82.73384,27.99257],[82.7433,27.99001],[82.74843,27.97448],[82.76463,27.97673],[82.76151,27.9693],[82.76799,27.96792],[82.76813,27.96265],[82.7534,27.94361],[82.75837,27.94517],[82.76636,27.94112],[82.77763,27.92575],[82.77126,27.92127],[82.77624,27.8935],[82.78106,27.89741],[82.78441,27.8914],[82.789,27.89218],[82.79068,27.88826],[82.79255,27.89106],[82.793,27.88078],[82.79962,27.88179],[82.80185,27.87819],[82.80716,27.87757],[82.80633,27.87217],[82.81208,27.8709],[82.80956,27.86719],[82.79395,27.86525],[82.80903,27.85692],[82.79399,27.8559],[82.78265,27.84254],[82.75775,27.8352],[82.75068,27.82788],[82.75042,27.8229],[82.75779,27.81924],[82.76015,27.81186],[82.77128,27.81024],[82.78902,27.79443],[82.78972,27.80409],[82.79615,27.80579],[82.7997,27.80319],[82.80017,27.79449],[82.8077,27.79238],[82.80594,27.77716],[82.78543,27.76915],[82.78382,27.7773],[82.73712,27.77591],[82.73323,27.77464],[82.73317,27.76684],[82.72752,27.76415],[82.72489,27.75834],[82.71127,27.75973],[82.69806,27.7565],[82.7038,27.74969],[82.70278,27.74529],[82.70816,27.73544],[82.71028,27.72434],[82.70711,27.71639],[82.70391,27.71618],[82.7012,27.7218],[82.69071,27.71479],[82.67361,27.71407],[82.66845,27.71548],[82.66616,27.72191],[82.65718,27.71313],[82.64046,27.70894],[82.62977,27.71134],[82.62079,27.70208],[82.60698,27.70578],[82.59562,27.69676],[82.58687,27.69843],[82.54308,27.68555],[82.51818,27.69025],[82.49199,27.68106],[82.48384,27.68264],[82.47515,27.67633],[82.45131,27.67845],[82.40355,27.70272],[82.38427,27.72017],[82.36909,27.7425],[82.3385,27.75466],[82.30581,27.77246],[82.25468,27.80999],[82.23239,27.82064],[82.21017,27.84298],[82.1559,27.86606],[82.15191,27.85778],[82.12525,27.86489],[82.11611,27.87742],[82.09329,27.89453],[82.07293,27.92247],[82.06707,27.92514],[82.07075,27.93142],[82.06567,27.94076],[82.06926,27.95056],[82.07903,27.9526],[82.08988,27.9498],[82.09694,27.95522],[82.10189,27.9489],[82.11585,27.95274],[82.11597,27.94952],[82.12139,27.94864],[82.13536,27.96208],[82.14342,27.95856],[82.14894,27.9619],[82.15491,27.96115],[82.17856,27.9516],[82.194,27.95296],[82.19164,27.96947],[82.19517,27.97336],[82.1878,27.99492],[82.19251,28.00292],[82.19116,28.01237],[82.19501,28.01796],[82.19544,28.02612],[82.19196,28.03237],[82.18304,28.03482],[82.17478,28.04659],[82.16125,28.04671],[82.10834,28.07297],[82.09069,28.07928],[82.08707,28.07688],[82.07908,28.07934],[82.05662,28.09124],[82.05136,28.09001],[82.04556,28.09519],[82.02285,28.09918],[82.0183,28.11602],[82.02037,28.13202],[82.00943,28.15094],[82.01386,28.15406],[82.0129,28.16053],[82.01682,28.16392],[82.01464,28.16987],[82.02004,28.18169],[82.03106,28.18757],[82.03104,28.19374],[82.02494,28.20109],[82.03276,28.21396],[82.0387,28.21495],[82.04404,28.23006],[82.05511,28.24161],[82.0704,28.23688],[82.08311,28.24845],[82.09354,28.24919],[82.09581,28.25493],[82.10302,28.25889]]]}},{"type":"Feature","properties":{"district":"Gulmi","province":"Province No 5"},"geometry":{"type":"Polygon","coordinates":[[[83.16962,28.25795],[83.18699,28.27049],[83.20789,28.25177],[83.21739,28.24828],[83.21778,28.24368],[83.22785,28.23525],[83.23576,28.22169],[83.25379,28.21402],[83.26122,28.19991],[83.27083,28.19709],[83.27588,28.18738],[83.28005,28.19088],[83.3002,28.1928],[83.30829,28.19772],[83.31851,28.19022],[83.33223,28.18889],[83.35753,28.19732],[83.3719,28.18259],[83.37249,28.17636],[83.38622,28.16366],[83.39213,28.16721],[83.39679,28.15575],[83.41325,28.14392],[83.41562,28.13763],[83.42023,28.13696],[83.42532,28.12505],[83.44076,28.13085],[83.44803,28.1249],[83.45952,28.1322],[83.46462,28.12978],[83.47572,28.13215],[83.48027,28.12996],[83.47614,28.11885],[83.48448,28.11707],[83.48779,28.11318],[83.50169,28.11734],[83.5075,28.12554],[83.51237,28.12683],[83.51905,28.1213],[83.52736,28.12069],[83.53401,28.1164],[83.54632,28.12071],[83.55599,28.11723],[83.55722,28.10644],[83.56707,28.10059],[83.56467,28.09263],[83.57719,28.08741],[83.5827,28.07736],[83.57457,28.07348],[83.56947,28.06478],[83.56299,28.06415],[83.56605,28.0579],[83.56119,28.04344],[83.56607,28.04051],[83.56358,28.03557],[83.57247,28.03253],[83.58046,28.0338],[83.58632,28.02587],[83.5918,28.02595],[83.59318,28.02141],[83.59842,28.02054],[83.60085,28.01497],[83.60695,28.01186],[83.60535,27.99709],[83.59543,27.98926],[83.58617,27.9873],[83.58724,27.97873],[83.58114,27.97918],[83.57963,27.97422],[83.56075,27.97352],[83.55199,27.97662],[83.54826,27.97118],[83.53617,27.96826],[83.53305,27.96458],[83.52878,27.96629],[83.52387,27.96373],[83.51321,27.9673],[83.50242,27.97671],[83.4852,27.98161],[83.46866,27.96404],[83.46361,27.95369],[83.4455,27.94465],[83.44742,27.93916],[83.44271,27.93527],[83.43598,27.93538],[83.43516,27.93915],[83.43049,27.93977],[83.42092,27.93054],[83.40151,27.93463],[83.39469,27.94784],[83.38414,27.95543],[83.37876,27.9558],[83.37947,27.95871],[83.36293,27.95148],[83.35671,27.9541],[83.34739,27.94972],[83.34462,27.93984],[83.34871,27.93651],[83.34822,27.93111],[83.34631,27.92638],[83.33949,27.9225],[83.32725,27.92062],[83.3082,27.92814],[83.29342,27.92443],[83.28278,27.92608],[83.28061,27.93294],[83.28548,27.94162],[83.29285,27.94344],[83.29487,27.95007],[83.30453,27.95467],[83.30098,27.95962],[83.30294,27.96758],[83.28242,27.96741],[83.26488,27.98877],[83.25451,27.98678],[83.25409,27.99514],[83.24801,27.99755],[83.246,28.00822],[83.24185,28.00781],[83.23553,28.02082],[83.23535,28.03806],[83.23184,28.04818],[83.22243,28.05411],[83.22114,28.0589],[83.21721,28.05951],[83.21247,28.06637],[83.20735,28.06666],[83.20291,28.07246],[83.19718,28.07411],[83.19494,28.08275],[83.18839,28.08359],[83.18511,28.08743],[83.17321,28.07883],[83.15779,28.06056],[83.1404,28.06179],[83.12627,28.07064],[83.12906,28.0768],[83.12735,28.0843],[83.10426,28.07705],[83.09839,28.08198],[83.1013,28.09406],[83.0919,28.09717],[83.07519,28.09063],[83.06851,28.0982],[83.06848,28.10516],[83.07224,28.10818],[83.06573,28.10985],[83.05896,28.10658],[83.05299,28.11144],[83.05587,28.11491],[83.05523,28.12091],[83.06108,28.12666],[83.05148,28.14052],[83.05714,28.14061],[83.05886,28.14513],[83.0557,28.14963],[83.03888,28.15755],[83.04417,28.16853],[83.03696,28.16802],[83.03144,28.17474],[83.03513,28.17544],[83.03811,28.18561],[83.03634,28.20358],[83.03902,28.20311],[83.02966,28.21942],[83.02908,28.236],[83.02396,28.23495],[83.03177,28.24087],[83.05351,28.24351],[83.07271,28.23899],[83.07977,28.23353],[83.09553,28.25685],[83.11152,28.25162],[83.12635,28.25763],[83.13279,28.24998],[83.15749,28.27068],[83.16962,28.25795]]]}},{"type":"Feature","properties":{"district":"Kapilbastu","province":"Province No 5"},"geometry":{"type":"Polygon","coordinates":[[[83.01857,27.80938],[83.02267,27.80822],[83.02445,27.79819],[83.03499,27.7931],[83.03651,27.78155],[83.05187,27.76879],[83.0545,27.75652],[83.06024,27.76408],[83.06814,27.75769],[83.06872,27.76432],[83.07682,27.76466],[83.08859,27.77465],[83.09189,27.77108],[83.09123,27.78219],[83.0954,27.7828],[83.10199,27.76908],[83.11045,27.77028],[83.12357,27.76161],[83.12899,27.76877],[83.14566,27.76045],[83.17999,27.75849],[83.18778,27.75388],[83.20397,27.76005],[83.21442,27.75899],[83.2128,27.75347],[83.21985,27.7362],[83.21747,27.72691],[83.22468,27.71534],[83.2237,27.7038],[83.22911,27.6991],[83.22819,27.69395],[83.23124,27.69489],[83.22745,27.67214],[83.22993,27.66704],[83.22555,27.66139],[83.22631,27.6474],[83.22261,27.64548],[83.23251,27.62522],[83.23368,27.60924],[83.22353,27.59583],[83.22144,27.58642],[83.21637,27.58501],[83.21358,27.57535],[83.20785,27.57062],[83.21126,27.56886],[83.21082,27.56411],[83.20626,27.55965],[83.21422,27.54927],[83.21758,27.54996],[83.21874,27.54116],[83.22338,27.53444],[83.22659,27.53467],[83.22585,27.52776],[83.23273,27.52163],[83.23361,27.51811],[83.23122,27.51828],[83.23502,27.51399],[83.23137,27.50805],[83.23345,27.50597],[83.22865,27.50525],[83.23198,27.50095],[83.2281,27.49689],[83.22931,27.49453],[83.22316,27.49131],[83.22496,27.4857],[83.22092,27.47963],[83.22394,27.4792],[83.22271,27.47325],[83.22667,27.47186],[83.22537,27.46862],[83.22937,27.46882],[83.22446,27.45448],[83.21986,27.45313],[83.21891,27.44368],[83.22224,27.43764],[83.23151,27.43485],[83.23332,27.43058],[83.22744,27.42831],[83.22376,27.41825],[83.21904,27.41768],[83.21252,27.42414],[83.18988,27.45424],[83.1665,27.45746],[83.03614,27.44869],[82.9562,27.46776],[82.94674,27.47687],[82.94155,27.49116],[82.93142,27.501],[82.87234,27.49843],[82.83442,27.50188],[82.8039,27.49635],[82.78728,27.50002],[82.73714,27.50276],[82.73874,27.51787],[82.74507,27.51654],[82.74402,27.52096],[82.74905,27.5194],[82.75143,27.52265],[82.74712,27.52879],[82.74919,27.53139],[82.74648,27.52963],[82.74703,27.53208],[82.744,27.53193],[82.74653,27.5342],[82.74249,27.53683],[82.74512,27.54133],[82.74387,27.54614],[82.73976,27.54644],[82.74296,27.5498],[82.74013,27.55188],[82.74905,27.55488],[82.74553,27.56074],[82.75326,27.56509],[82.7497,27.57179],[82.75779,27.58758],[82.74688,27.59515],[82.74736,27.60013],[82.73686,27.60947],[82.73502,27.61878],[82.73865,27.62154],[82.73274,27.62385],[82.73864,27.62595],[82.73559,27.62839],[82.74016,27.63181],[82.73698,27.6354],[82.73954,27.6374],[82.73824,27.64296],[82.73535,27.64251],[82.73502,27.64624],[82.73007,27.64542],[82.73335,27.64885],[82.72754,27.65823],[82.72234,27.65715],[82.72229,27.66149],[82.7137,27.66491],[82.71782,27.6679],[82.71517,27.67075],[82.71794,27.67237],[82.71681,27.68126],[82.72025,27.68727],[82.70785,27.70269],[82.71029,27.72451],[82.70278,27.74529],[82.7038,27.74969],[82.69806,27.7565],[82.71127,27.75973],[82.72489,27.75834],[82.72752,27.76415],[82.73317,27.76684],[82.73323,27.77464],[82.73712,27.77591],[82.78382,27.7773],[82.78543,27.76915],[82.78771,27.77202],[82.79997,27.7737],[82.8071,27.78032],[82.80623,27.79484],[82.81832,27.79554],[82.84257,27.79014],[82.84654,27.79327],[82.8624,27.79028],[82.86794,27.79298],[82.89063,27.79126],[82.90086,27.79348],[82.90896,27.78826],[82.91595,27.78904],[82.92118,27.78459],[82.92722,27.78739],[82.93184,27.78416],[82.94435,27.79015],[82.95493,27.7902],[82.96263,27.79543],[82.97003,27.79284],[82.99842,27.79268],[83.00599,27.7982],[83.01294,27.81156],[83.02167,27.82047],[83.01857,27.80938]]]}},{"type":"Feature","properties":{"district":"Palpa","province":"Province No 5"},"geometry":{"type":"Polygon","coordinates":[[[83.3803,27.95774],[83.37876,27.9558],[83.38414,27.95543],[83.39469,27.94784],[83.40127,27.93474],[83.412,27.93083],[83.42137,27.93065],[83.42885,27.93928],[83.43369,27.93966],[83.43585,27.93544],[83.44271,27.93527],[83.44217,27.93266],[83.45011,27.92847],[83.46251,27.93422],[83.47027,27.92809],[83.48589,27.92253],[83.4925,27.92898],[83.50819,27.92855],[83.51183,27.93277],[83.50493,27.93694],[83.50868,27.94032],[83.51814,27.93744],[83.52499,27.92978],[83.52576,27.92392],[83.53265,27.93195],[83.53303,27.93899],[83.53883,27.93691],[83.53995,27.9279],[83.55049,27.92793],[83.56189,27.93469],[83.56765,27.93447],[83.57305,27.94285],[83.57843,27.93705],[83.57665,27.93005],[83.59499,27.93101],[83.60273,27.9232],[83.61282,27.92499],[83.61847,27.93041],[83.62242,27.9263],[83.62818,27.92588],[83.62304,27.91747],[83.63554,27.91397],[83.63351,27.91003],[83.63635,27.89916],[83.64306,27.90221],[83.6468,27.89835],[83.65108,27.90216],[83.65701,27.9023],[83.6679,27.9196],[83.6777,27.92731],[83.68404,27.92397],[83.6816,27.91992],[83.68509,27.91622],[83.69147,27.92372],[83.70037,27.91679],[83.71308,27.9164],[83.72098,27.92006],[83.72518,27.91364],[83.7448,27.90001],[83.74956,27.90122],[83.74458,27.90446],[83.74679,27.90777],[83.75916,27.90292],[83.75823,27.90901],[83.76432,27.90978],[83.77712,27.90314],[83.78987,27.88602],[83.79945,27.88229],[83.80841,27.8733],[83.81811,27.87397],[83.82297,27.87757],[83.84303,27.8681],[83.84909,27.87018],[83.84726,27.88143],[83.85309,27.88109],[83.85366,27.8744],[83.86044,27.87336],[83.86318,27.88215],[83.87962,27.88818],[83.88306,27.88215],[83.89444,27.88593],[83.9122,27.88007],[83.91585,27.87758],[83.91281,27.87252],[83.92684,27.86805],[83.94089,27.87787],[83.95086,27.86921],[83.96036,27.87283],[83.97018,27.87009],[83.97362,27.87243],[83.98053,27.8659],[83.99672,27.86586],[84.00244,27.85452],[84.02343,27.85103],[84.02373,27.85447],[84.01744,27.85793],[84.02217,27.86173],[84.03062,27.85623],[84.02235,27.84067],[84.0271,27.83506],[84.02883,27.82041],[84.02221,27.81777],[84.01446,27.80103],[84.00243,27.78843],[84.00162,27.77559],[83.99495,27.7613],[83.99608,27.75093],[83.98799,27.74786],[83.95258,27.74732],[83.93044,27.73409],[83.92624,27.72663],[83.9087,27.73133],[83.91027,27.73402],[83.90658,27.73548],[83.90519,27.73048],[83.89853,27.72986],[83.89082,27.73002],[83.8857,27.73485],[83.87885,27.73568],[83.87764,27.733],[83.84702,27.73483],[83.84389,27.73025],[83.84658,27.7161],[83.8509,27.71184],[83.84834,27.7093],[83.83566,27.7138],[83.827,27.71383],[83.8225,27.71044],[83.80349,27.72113],[83.78438,27.72486],[83.75319,27.7208],[83.73436,27.71399],[83.73063,27.70894],[83.71659,27.7154],[83.68063,27.71989],[83.67913,27.71832],[83.68483,27.718],[83.69116,27.70894],[83.69198,27.69774],[83.70665,27.68265],[83.70141,27.67623],[83.69732,27.66193],[83.69462,27.66533],[83.69152,27.66279],[83.68533,27.66382],[83.66404,27.67929],[83.65523,27.69089],[83.63284,27.69354],[83.62362,27.68812],[83.61081,27.70184],[83.59999,27.70566],[83.58003,27.7051],[83.5692,27.71282],[83.54951,27.71659],[83.53324,27.72584],[83.52052,27.72563],[83.51549,27.72902],[83.50881,27.72495],[83.50138,27.72932],[83.49448,27.72563],[83.48938,27.73034],[83.47764,27.7213],[83.45701,27.72796],[83.44606,27.72369],[83.44056,27.73199],[83.43549,27.73225],[83.43408,27.7392],[83.41835,27.74172],[83.4078,27.7346],[83.39076,27.74867],[83.38566,27.74269],[83.37788,27.74309],[83.37305,27.73489],[83.36445,27.7421],[83.35953,27.75206],[83.34813,27.74975],[83.34581,27.7568],[83.33066,27.76729],[83.32566,27.76265],[83.32127,27.76464],[83.31585,27.76232],[83.30506,27.76799],[83.29852,27.76054],[83.288,27.75676],[83.26202,27.75677],[83.25783,27.76693],[83.2603,27.78519],[83.25486,27.78987],[83.24737,27.78995],[83.25142,27.80422],[83.24982,27.80824],[83.23301,27.82309],[83.25015,27.8317],[83.27606,27.82617],[83.29227,27.82811],[83.29509,27.83822],[83.31212,27.85135],[83.3026,27.85962],[83.30988,27.85678],[83.31947,27.86002],[83.33245,27.87498],[83.33003,27.87879],[83.32274,27.87833],[83.32228,27.88253],[83.31099,27.8888],[83.31306,27.90155],[83.29948,27.91063],[83.3085,27.9144],[83.31096,27.92596],[83.32725,27.92062],[83.34019,27.92277],[83.34822,27.93111],[83.34871,27.93651],[83.34462,27.93984],[83.34739,27.94972],[83.35663,27.95408],[83.36293,27.95148],[83.37352,27.95766],[83.3803,27.95774]]]}},{"type":"Feature","properties":{"district":"Parasi","province":"Province No 5"},"geometry":{"type":"Polygon","coordinates":[[[83.63427,27.6923],[83.65523,27.69089],[83.66404,27.67929],[83.68533,27.66382],[83.69496,27.66527],[83.69742,27.6613],[83.70537,27.66197],[83.70807,27.65866],[83.71727,27.66252],[83.72723,27.67227],[83.74683,27.66663],[83.76034,27.66723],[83.7648,27.661],[83.77032,27.66641],[83.78525,27.66682],[83.8139,27.66218],[83.81192,27.65528],[83.81468,27.6531],[83.80859,27.64736],[83.81191,27.63526],[83.80307,27.62939],[83.80727,27.62067],[83.79935,27.62008],[83.80201,27.61232],[83.79261,27.60487],[83.80312,27.59596],[83.81146,27.5952],[83.81017,27.58852],[83.82317,27.59252],[83.83798,27.58582],[83.84357,27.57241],[83.83368,27.56547],[83.83943,27.5511],[83.83817,27.54485],[83.84392,27.54905],[83.84538,27.55797],[83.85275,27.5588],[83.85731,27.5483],[83.87254,27.54109],[83.88449,27.52768],[83.87796,27.50999],[83.8892,27.50818],[83.89976,27.49858],[83.88571,27.49594],[83.87678,27.48912],[83.88715,27.48092],[83.88873,27.47218],[83.88574,27.46395],[83.89186,27.46146],[83.8898,27.44631],[83.89761,27.43756],[83.88043,27.43365],[83.86941,27.42702],[83.87762,27.40571],[83.8749,27.39216],[83.9078,27.38839],[83.90635,27.37753],[83.89419,27.36752],[83.88989,27.35817],[83.86467,27.34647],[83.83205,27.3701],[83.6167,27.46938],[83.61331,27.47552],[83.61285,27.48967],[83.59511,27.50157],[83.59841,27.50399],[83.59647,27.51093],[83.60104,27.51153],[83.59881,27.51286],[83.60033,27.51916],[83.5932,27.5206],[83.59237,27.52623],[83.59583,27.52758],[83.5887,27.5319],[83.59331,27.53329],[83.59204,27.54157],[83.59829,27.54653],[83.59221,27.55059],[83.59788,27.57257],[83.59226,27.57562],[83.59073,27.57315],[83.58261,27.5747],[83.58467,27.58828],[83.57549,27.60156],[83.5738,27.61022],[83.57657,27.61762],[83.58327,27.61636],[83.58388,27.61937],[83.59018,27.62105],[83.58879,27.62567],[83.59507,27.62637],[83.59417,27.63046],[83.59974,27.63038],[83.59724,27.63408],[83.60292,27.63569],[83.59978,27.63885],[83.60471,27.64788],[83.61149,27.64941],[83.62109,27.65927],[83.63196,27.66457],[83.63151,27.67115],[83.6358,27.67785],[83.63427,27.6923]]]}},{"type":"Feature","properties":{"district":"Pyuthan","province":"Province No 5"},"geometry":{"type":"Polygon","coordinates":[[[82.94261,28.36169],[82.96907,28.3575],[82.98203,28.35927],[82.99596,28.35081],[83.00616,28.33254],[83.01485,28.33271],[83.02099,28.32526],[83.03577,28.32156],[83.04619,28.32456],[83.05323,28.31885],[83.0636,28.31751],[83.0708,28.3112],[83.07139,28.30176],[83.09938,28.27572],[83.09634,28.25831],[83.07977,28.23353],[83.07271,28.23899],[83.05351,28.24351],[83.03177,28.24087],[83.02385,28.23472],[83.02908,28.236],[83.02966,28.21942],[83.03902,28.20311],[83.03634,28.20358],[83.03811,28.18561],[83.03513,28.17544],[83.03144,28.17474],[83.03696,28.16802],[83.04417,28.16853],[83.03888,28.15755],[83.0557,28.14963],[83.05886,28.14513],[83.05714,28.14061],[83.05148,28.14052],[83.06108,28.12666],[83.05502,28.1205],[83.05505,28.11347],[83.05024,28.11069],[83.05243,28.10602],[83.04703,28.10076],[83.04171,28.10532],[83.03011,28.09909],[83.00401,28.11362],[83.00391,28.0957],[82.99525,28.09067],[82.98708,28.07367],[82.97761,28.06657],[82.97706,28.06136],[82.96649,28.05283],[82.96352,28.04612],[82.96281,28.04086],[82.97234,28.03824],[82.97672,28.03106],[82.97826,28.01965],[82.97395,28.0143],[82.97543,28.00619],[82.97028,28.006],[82.97065,28.00284],[82.95662,27.99771],[82.95446,27.99351],[82.96621,27.98785],[82.97016,27.99333],[82.97566,27.99179],[82.9785,27.98903],[82.97774,27.98413],[82.98794,27.98139],[82.99136,27.97655],[83.0016,27.97759],[83.00378,27.96988],[83.01013,27.96751],[83.01871,27.95633],[83.01641,27.94894],[83.01974,27.9473],[83.01479,27.94127],[83.01782,27.93658],[83.015,27.93241],[83.01787,27.92813],[83.01665,27.92335],[83.0119,27.91991],[83.00615,27.93202],[83.00457,27.92895],[83.0,27.93241],[82.99411,27.92997],[82.99044,27.92527],[82.98586,27.92997],[82.97071,27.92609],[82.94498,27.93087],[82.94124,27.92618],[82.93051,27.92251],[82.92771,27.91347],[82.91867,27.90426],[82.90242,27.9084],[82.89708,27.91398],[82.89005,27.9065],[82.88262,27.9063],[82.87898,27.90099],[82.86942,27.90944],[82.86461,27.9077],[82.86337,27.90361],[82.85658,27.90464],[82.8503,27.90103],[82.83701,27.90645],[82.82667,27.90565],[82.81487,27.88492],[82.80716,27.87757],[82.80185,27.87819],[82.79927,27.88192],[82.79353,27.88045],[82.79277,27.89091],[82.79068,27.88826],[82.789,27.89218],[82.78441,27.8914],[82.78106,27.89741],[82.77624,27.8935],[82.77126,27.92127],[82.77747,27.92601],[82.76636,27.94112],[82.75837,27.94517],[82.7534,27.94361],[82.76813,27.96265],[82.76799,27.96792],[82.76151,27.9693],[82.76463,27.97673],[82.74843,27.97448],[82.7433,27.99001],[82.73384,27.99257],[82.72336,28.00187],[82.70728,28.00576],[82.69776,28.01507],[82.69917,28.02942],[82.70476,28.03539],[82.71075,28.03627],[82.72064,28.04714],[82.70652,28.05306],[82.6871,28.051],[82.6717,28.05831],[82.65829,28.05989],[82.64174,28.06883],[82.62681,28.06998],[82.62682,28.07472],[82.61253,28.09146],[82.60234,28.09356],[82.60869,28.10287],[82.6093,28.1193],[82.6062,28.13069],[82.59037,28.13988],[82.59187,28.14685],[82.60894,28.15187],[82.61544,28.16987],[82.62705,28.17842],[82.64079,28.18064],[82.65983,28.19062],[82.66711,28.1887],[82.68416,28.19261],[82.68592,28.18574],[82.69219,28.19916],[82.69832,28.20351],[82.69815,28.2114],[82.7071,28.20745],[82.71424,28.2096],[82.73495,28.20732],[82.73711,28.20093],[82.74281,28.20009],[82.74796,28.19624],[82.74747,28.19258],[82.75448,28.19028],[82.76034,28.17969],[82.78854,28.17771],[82.79502,28.18846],[82.81632,28.18736],[82.82741,28.19956],[82.8267,28.20543],[82.81894,28.21436],[82.83132,28.2199],[82.84078,28.23094],[82.85141,28.23165],[82.85401,28.23482],[82.85051,28.25567],[82.86302,28.2575],[82.8857,28.27125],[82.89083,28.27744],[82.8897,28.2931],[82.90158,28.29898],[82.90618,28.31099],[82.9222,28.32132],[82.92929,28.34849],[82.94261,28.36169]]]}},{"type":"Feature","properties":{"district":"Rolpa","province":"Province No 5"},"geometry":{"type":"Polygon","coordinates":[[[82.53728,28.55368],[82.53726,28.54222],[82.54281,28.53811],[82.54687,28.52549],[82.56659,28.52161],[82.57849,28.51394],[82.59011,28.51434],[82.59975,28.50676],[82.61554,28.51078],[82.64311,28.4946],[82.65948,28.49278],[82.6618,28.4988],[82.66945,28.50195],[82.67422,28.51019],[82.68347,28.51726],[82.6883,28.51476],[82.68399,28.51962],[82.68903,28.5237],[82.69642,28.52],[82.69193,28.51194],[82.70518,28.50899],[82.72048,28.52197],[82.73932,28.5264],[82.7447,28.5245],[82.74436,28.51255],[82.75463,28.50515],[82.75936,28.50597],[82.76915,28.50067],[82.79263,28.50047],[82.81156,28.49286],[82.81446,28.4886],[82.82801,28.48396],[82.83488,28.4781],[82.86964,28.47926],[82.88125,28.47621],[82.88829,28.45232],[82.90261,28.44722],[82.91626,28.43408],[82.91421,28.42726],[82.92049,28.41727],[82.92115,28.40902],[82.91789,28.40287],[82.93843,28.40197],[82.94004,28.39848],[82.94557,28.39829],[82.94421,28.3937],[82.95236,28.38389],[82.94994,28.37855],[82.95692,28.37192],[82.95862,28.36528],[82.95663,28.35999],[82.94261,28.36169],[82.92929,28.34849],[82.9222,28.32132],[82.90618,28.31099],[82.90158,28.29898],[82.8897,28.2931],[82.89083,28.27744],[82.8857,28.27125],[82.86302,28.2575],[82.85051,28.25567],[82.85428,28.23538],[82.85141,28.23165],[82.84078,28.23094],[82.83132,28.2199],[82.81894,28.21436],[82.8267,28.20543],[82.82741,28.19956],[82.8172,28.18794],[82.79502,28.18846],[82.78854,28.17771],[82.76034,28.17969],[82.75448,28.19028],[82.74747,28.19258],[82.74796,28.19624],[82.74281,28.20009],[82.73711,28.20093],[82.73495,28.20732],[82.71424,28.2096],[82.7071,28.20745],[82.69815,28.2114],[82.69832,28.20351],[82.69219,28.19916],[82.68592,28.18574],[82.68416,28.19261],[82.66711,28.1887],[82.65983,28.19062],[82.64079,28.18064],[82.62705,28.17842],[82.61544,28.16987],[82.60894,28.15187],[82.59209,28.14731],[82.59037,28.13988],[82.6062,28.13069],[82.6093,28.1193],[82.60863,28.10268],[82.5999,28.09257],[82.59691,28.1013],[82.59032,28.10306],[82.58425,28.11032],[82.57951,28.10978],[82.56915,28.11532],[82.56094,28.13073],[82.5638,28.13348],[82.55976,28.13586],[82.54102,28.13175],[82.518,28.13909],[82.52123,28.14719],[82.5059,28.14975],[82.4974,28.13488],[82.49308,28.13595],[82.48649,28.13035],[82.48118,28.14421],[82.47414,28.13992],[82.43904,28.14892],[82.39869,28.16875],[82.40328,28.17623],[82.40111,28.18002],[82.40541,28.18486],[82.40245,28.19225],[82.40872,28.22055],[82.42077,28.22965],[82.42952,28.22991],[82.42875,28.23886],[82.4392,28.2465],[82.42965,28.25203],[82.41518,28.25372],[82.40548,28.26206],[82.39713,28.2828],[82.38548,28.29153],[82.37817,28.30452],[82.37796,28.315],[82.36537,28.3194],[82.36923,28.32981],[82.36606,28.33003],[82.36506,28.34071],[82.38119,28.35162],[82.37797,28.35838],[82.3847,28.36456],[82.38546,28.37269],[82.36546,28.38819],[82.36746,28.40305],[82.35509,28.4103],[82.35225,28.42176],[82.37849,28.43023],[82.3757,28.44819],[82.38544,28.45592],[82.3975,28.46032],[82.39795,28.46832],[82.40229,28.4697],[82.40752,28.47808],[82.40763,28.48647],[82.41356,28.49254],[82.40939,28.5036],[82.41893,28.5176],[82.42006,28.52863],[82.43135,28.52447],[82.43547,28.52621],[82.46419,28.521],[82.49306,28.5381],[82.49601,28.54347],[82.49364,28.55186],[82.49607,28.55355],[82.51092,28.55111],[82.53005,28.55831],[82.53728,28.55368]]]}},{"type":"Feature","properties":{"district":"Rukum East","province":"Province No 5"},"geometry":{"type":"Polygon","coordinates":[[[82.67263,28.85226],[82.6976,28.86462],[82.70661,28.85455],[82.71404,28.85144],[82.72566,28.84967],[82.72834,28.84625],[82.74371,28.84575],[82.76776,28.80849],[82.78369,28.82417],[82.80129,28.82058],[82.81906,28.83123],[82.83763,28.83155],[82.84572,28.8264],[82.85654,28.83212],[82.86953,28.83415],[82.89863,28.82461],[82.90696,28.83224],[82.93216,28.82697],[82.94917,28.82892],[82.95861,28.82086],[82.96783,28.82025],[82.97781,28.80333],[82.98312,28.80056],[82.99934,28.8038],[83.0143,28.79886],[83.02432,28.79065],[83.03806,28.79267],[83.04769,28.7864],[83.06715,28.78377],[83.07035,28.77986],[83.08124,28.78606],[83.08374,28.77939],[83.10018,28.76652],[83.10459,28.75336],[83.11563,28.74348],[83.13435,28.74792],[83.14741,28.74703],[83.14464,28.73375],[83.1481,28.73065],[83.1462,28.72541],[83.15301,28.71186],[83.15194,28.70425],[83.15454,28.70113],[83.14434,28.69017],[83.14844,28.68168],[83.13682,28.67358],[83.12201,28.67509],[83.12043,28.67058],[83.12699,28.66388],[83.1264,28.65852],[83.11723,28.64343],[83.11676,28.63071],[83.09833,28.63502],[83.08628,28.63072],[83.08285,28.62548],[83.05949,28.61999],[83.04478,28.62984],[83.0375,28.62559],[83.02672,28.62632],[83.02109,28.6216],[83.0,28.62344],[82.98489,28.63066],[82.97651,28.62677],[82.96903,28.6153],[82.95844,28.61037],[82.95459,28.59797],[82.96424,28.58175],[82.98743,28.57073],[82.98754,28.56393],[82.97932,28.54609],[82.97577,28.5422],[82.93498,28.56544],[82.92276,28.56709],[82.91819,28.56431],[82.91562,28.55544],[82.91331,28.52971],[82.91601,28.52746],[82.89656,28.5153],[82.87929,28.5153],[82.89033,28.50649],[82.89797,28.49241],[82.91353,28.48076],[82.90847,28.47562],[82.88872,28.47953],[82.8805,28.47614],[82.86964,28.47926],[82.83447,28.47821],[82.82801,28.48396],[82.81446,28.4886],[82.81156,28.49286],[82.79263,28.50047],[82.76915,28.50067],[82.75936,28.50597],[82.75463,28.50515],[82.74436,28.51255],[82.7447,28.5245],[82.73932,28.5264],[82.72048,28.52197],[82.70518,28.50899],[82.69193,28.51194],[82.69642,28.52],[82.68903,28.5237],[82.68399,28.51962],[82.6883,28.51476],[82.68347,28.51726],[82.67422,28.51019],[82.66945,28.50195],[82.6618,28.4988],[82.65922,28.49266],[82.64278,28.49471],[82.61554,28.51078],[82.59975,28.50676],[82.59011,28.51434],[82.57849,28.51394],[82.56659,28.52161],[82.54649,28.52578],[82.54281,28.53811],[82.53726,28.54222],[82.53738,28.55352],[82.53095,28.55812],[82.53689,28.57036],[82.54609,28.57291],[82.55532,28.58151],[82.56876,28.57767],[82.57702,28.57951],[82.58289,28.5871],[82.58236,28.6126],[82.57965,28.61442],[82.57064,28.60958],[82.5621,28.61033],[82.54768,28.61833],[82.55339,28.62511],[82.54952,28.62705],[82.54178,28.62063],[82.51025,28.62765],[82.4877,28.64052],[82.49294,28.6517],[82.49182,28.65919],[82.50172,28.66234],[82.50329,28.66763],[82.5075,28.66193],[82.52114,28.66056],[82.54111,28.64685],[82.55656,28.64392],[82.58085,28.66457],[82.58861,28.66378],[82.60145,28.66958],[82.60256,28.68475],[82.61781,28.68967],[82.61435,28.69575],[82.61715,28.71019],[82.60719,28.71554],[82.60332,28.74279],[82.59751,28.74373],[82.58996,28.73984],[82.56793,28.7438],[82.56905,28.75682],[82.56561,28.75858],[82.56661,28.76475],[82.56383,28.76787],[82.56866,28.76746],[82.56896,28.77057],[82.58889,28.78205],[82.59161,28.79023],[82.59814,28.7919],[82.61518,28.80728],[82.62165,28.80897],[82.61559,28.82647],[82.62797,28.8391],[82.62664,28.84672],[82.63184,28.8533],[82.63868,28.85513],[82.64497,28.86638],[82.65051,28.86912],[82.658,28.86657],[82.66038,28.86001],[82.67263,28.85226]]]}},{"type":"Feature","properties":{"district":"Rupandehi","province":"Province No 5"},"geometry":{"type":"Polygon","coordinates":[[[83.31551,27.76235],[83.32127,27.76464],[83.32566,27.76265],[83.32972,27.76724],[83.3369,27.7651],[83.34695,27.75557],[83.34813,27.74975],[83.35953,27.75206],[83.36445,27.7421],[83.37305,27.73489],[83.37788,27.74309],[83.38566,27.74269],[83.39076,27.74867],[83.4078,27.7346],[83.41835,27.74172],[83.43408,27.7392],[83.43549,27.73225],[83.44056,27.73199],[83.44606,27.72369],[83.45701,27.72796],[83.47764,27.7213],[83.48938,27.73034],[83.49493,27.7256],[83.50138,27.72932],[83.50984,27.72499],[83.51584,27.72897],[83.52052,27.72563],[83.53324,27.72584],[83.54951,27.71659],[83.5692,27.71282],[83.58003,27.7051],[83.60474,27.70434],[83.61263,27.70039],[83.62329,27.68824],[83.63335,27.69358],[83.63592,27.68813],[83.63196,27.66457],[83.62109,27.65927],[83.61149,27.64941],[83.60471,27.64788],[83.59978,27.63885],[83.60292,27.63569],[83.59724,27.63408],[83.59974,27.63038],[83.59417,27.63046],[83.59507,27.62637],[83.58879,27.62567],[83.59018,27.62105],[83.58388,27.61937],[83.58327,27.61636],[83.57657,27.61762],[83.5738,27.61022],[83.57549,27.60156],[83.58467,27.58828],[83.58261,27.5747],[83.59073,27.57315],[83.59226,27.57562],[83.59788,27.57257],[83.59221,27.55059],[83.59829,27.54653],[83.59204,27.54157],[83.59331,27.53329],[83.5887,27.5319],[83.59583,27.52758],[83.59237,27.52623],[83.5932,27.5206],[83.60033,27.51916],[83.59881,27.51286],[83.60104,27.51153],[83.59647,27.51093],[83.59841,27.50399],[83.59511,27.50157],[83.61285,27.48967],[83.61331,27.47552],[83.6167,27.46938],[83.39085,27.47947],[83.39441,27.47626],[83.39066,27.4705],[83.39761,27.46949],[83.40003,27.46538],[83.40459,27.46616],[83.40184,27.46342],[83.40398,27.45745],[83.39807,27.44649],[83.38597,27.44219],[83.38842,27.43913],[83.38628,27.436],[83.39527,27.42451],[83.40313,27.42075],[83.40181,27.41893],[83.40761,27.41862],[83.41164,27.41246],[83.40845,27.41171],[83.40448,27.40072],[83.38686,27.39018],[83.39015,27.37569],[83.38488,27.37077],[83.37682,27.36977],[83.37439,27.36475],[83.3758,27.35711],[83.37173,27.35797],[83.35999,27.35057],[83.36124,27.34306],[83.35318,27.34242],[83.35447,27.3398],[83.34608,27.33803],[83.33959,27.33261],[83.31996,27.33714],[83.31753,27.33265],[83.31958,27.32996],[83.29364,27.33481],[83.27481,27.35246],[83.26764,27.36536],[83.2743,27.38343],[83.24212,27.40636],[83.21904,27.41768],[83.22376,27.41825],[83.22744,27.42831],[83.23332,27.43058],[83.23151,27.43485],[83.22224,27.43764],[83.21885,27.44429],[83.21986,27.45313],[83.22446,27.45448],[83.22937,27.46882],[83.22537,27.46862],[83.22667,27.47186],[83.22271,27.47325],[83.22394,27.4792],[83.22092,27.4795],[83.22496,27.4857],[83.22316,27.49131],[83.23015,27.49553],[83.2281,27.49689],[83.23195,27.50123],[83.22865,27.50525],[83.23345,27.50597],[83.23137,27.50805],[83.23502,27.51399],[83.23122,27.51828],[83.23361,27.51811],[83.23273,27.52163],[83.22585,27.52776],[83.22659,27.53467],[83.22338,27.53444],[83.21874,27.54116],[83.21758,27.54996],[83.21422,27.54927],[83.20626,27.55965],[83.21082,27.56411],[83.21126,27.56886],[83.20785,27.57062],[83.21358,27.57535],[83.21637,27.58501],[83.22144,27.58642],[83.22353,27.59583],[83.23368,27.60924],[83.23251,27.62522],[83.22261,27.64548],[83.22631,27.6474],[83.22555,27.66139],[83.22993,27.66704],[83.22745,27.67214],[83.23124,27.69489],[83.22819,27.69395],[83.22911,27.6991],[83.2237,27.7038],[83.22468,27.71534],[83.21747,27.72691],[83.21985,27.7362],[83.2128,27.75347],[83.21433,27.75914],[83.22785,27.76299],[83.23952,27.75019],[83.24845,27.75109],[83.24945,27.75871],[83.25783,27.76693],[83.2618,27.75699],[83.26673,27.75598],[83.288,27.75676],[83.29852,27.76054],[83.30506,27.76799],[83.31551,27.76235]]]}},{"type":"Feature","properties":{"district":"Dailekh","province":"Karnali Pradesh"},"geometry":{"type":"Polygon","coordinates":[[[81.58101,29.13589],[81.58397,29.12395],[81.58035,29.10845],[81.56953,29.09557],[81.56359,29.06638],[81.56552,29.0536],[81.56887,29.05179],[81.60061,29.04537],[81.61517,29.03342],[81.6324,29.0466],[81.65288,29.04],[81.69236,29.04966],[81.70411,29.03194],[81.71715,29.02781],[81.71771,29.02001],[81.732,29.02168],[81.75308,29.01018],[81.77309,29.01919],[81.79682,29.01353],[81.79493,29.00509],[81.80392,29.00118],[81.82085,28.98461],[81.84344,28.98121],[81.85006,28.97222],[81.8744,28.97116],[81.88991,28.9841],[81.90237,28.982],[81.91129,28.98664],[81.92156,28.97762],[81.92299,28.94136],[81.92868,28.93619],[81.92636,28.92477],[81.89576,28.90065],[81.89108,28.88968],[81.89153,28.87418],[81.88192,28.86457],[81.88018,28.84896],[81.89116,28.81133],[81.91415,28.77997],[81.88564,28.76174],[81.88164,28.74668],[81.84991,28.73786],[81.83811,28.74061],[81.8262,28.73255],[81.81652,28.71899],[81.81322,28.69893],[81.80903,28.69424],[81.81234,28.67957],[81.79953,28.66807],[81.79401,28.65533],[81.78415,28.65179],[81.7857,28.63726],[81.783,28.63464],[81.77753,28.63329],[81.75132,28.64625],[81.74297,28.64459],[81.73393,28.64887],[81.72923,28.65522],[81.71386,28.65641],[81.70341,28.66096],[81.69322,28.67344],[81.67705,28.67904],[81.64103,28.67633],[81.63186,28.69193],[81.61805,28.68979],[81.60301,28.7071],[81.58739,28.70748],[81.5644,28.72357],[81.56059,28.72921],[81.56161,28.7359],[81.55165,28.73878],[81.54827,28.74899],[81.58071,28.7559],[81.58381,28.76478],[81.58165,28.77997],[81.55866,28.79748],[81.55361,28.81577],[81.53964,28.83633],[81.53369,28.85602],[81.5239,28.86987],[81.51692,28.87436],[81.51075,28.88973],[81.50223,28.88943],[81.49342,28.89413],[81.46829,28.92883],[81.45766,28.93102],[81.45306,28.93891],[81.44639,28.94036],[81.44571,28.95846],[81.43273,28.95843],[81.42432,28.96904],[81.4269,28.98019],[81.41688,28.99434],[81.41201,28.99653],[81.42079,29.00424],[81.41667,29.01377],[81.41956,29.02129],[81.42729,29.02293],[81.43448,29.03745],[81.44142,29.04022],[81.4459,29.05373],[81.46857,29.06702],[81.47115,29.07806],[81.50236,29.0911],[81.51246,29.09108],[81.52529,29.1042],[81.53849,29.10669],[81.55314,29.11962],[81.56973,29.12671],[81.58101,29.13589]]]}},{"type":"Feature","properties":{"district":"Dolpa","province":"Karnali Pradesh"},"geometry":{"type":"Polygon","coordinates":[[[82.91855,29.70614],[82.92874,29.70062],[82.93745,29.70546],[82.95003,29.69203],[82.94293,29.67411],[82.94882,29.67323],[82.94931,29.66892],[82.9581,29.66238],[82.98702,29.66844],[82.99365,29.66336],[83.00253,29.66457],[83.01059,29.67255],[83.01607,29.66042],[83.02305,29.65773],[83.02305,29.65067],[83.03547,29.6542],[83.04044,29.64793],[83.04537,29.63083],[83.06746,29.62606],[83.0674,29.61653],[83.07136,29.60991],[83.0877,29.60274],[83.09431,29.6054],[83.09217,29.61198],[83.10313,29.6143],[83.10742,29.61838],[83.11851,29.61641],[83.11885,29.62476],[83.12236,29.62857],[83.13354,29.61787],[83.14405,29.62483],[83.15208,29.62382],[83.16716,29.61596],[83.16109,29.59638],[83.18202,29.59297],[83.19044,29.59745],[83.18972,29.60827],[83.19885,29.61112],[83.20088,29.60623],[83.22015,29.60547],[83.21652,29.58926],[83.23405,29.57784],[83.26322,29.57758],[83.26351,29.57364],[83.27148,29.56828],[83.27995,29.56893],[83.28604,29.56286],[83.28417,29.55755],[83.27599,29.55445],[83.2574,29.55676],[83.26086,29.55103],[83.25625,29.54462],[83.25792,29.53925],[83.26588,29.53294],[83.27081,29.5221],[83.26948,29.50742],[83.27362,29.50782],[83.28413,29.4987],[83.29551,29.50437],[83.30437,29.49968],[83.3178,29.50892],[83.34652,29.49477],[83.34933,29.49224],[83.34972,29.47854],[83.34411,29.47501],[83.34441,29.46581],[83.35361,29.45881],[83.35585,29.45138],[83.36826,29.45002],[83.36516,29.4462],[83.36647,29.43972],[83.37277,29.43434],[83.37347,29.42852],[83.38319,29.42315],[83.41637,29.42081],[83.41803,29.41037],[83.42827,29.4024],[83.42251,29.39743],[83.42473,29.38464],[83.41387,29.38027],[83.41753,29.37602],[83.41524,29.36686],[83.41943,29.36359],[83.41719,29.35901],[83.42555,29.35628],[83.43074,29.34977],[83.44107,29.34949],[83.44702,29.3402],[83.44449,29.33568],[83.4486,29.32907],[83.44144,29.31688],[83.44038,29.30865],[83.4463,29.30645],[83.44574,29.29976],[83.45347,29.2975],[83.45278,29.29353],[83.45794,29.29059],[83.45695,29.28651],[83.46204,29.28612],[83.46729,29.27452],[83.47361,29.27416],[83.48085,29.281],[83.48929,29.28013],[83.48935,29.27614],[83.49553,29.27377],[83.49362,29.26479],[83.5048,29.25946],[83.50625,29.25554],[83.51688,29.25579],[83.52159,29.24503],[83.51984,29.24055],[83.52486,29.23823],[83.51721,29.22798],[83.52007,29.22702],[83.52173,29.21764],[83.53252,29.21334],[83.53299,29.20824],[83.54118,29.20265],[83.55445,29.20009],[83.56527,29.20603],[83.57413,29.20248],[83.57136,29.19342],[83.57813,29.18737],[83.57813,29.18015],[83.59224,29.17414],[83.61228,29.18072],[83.61679,29.1713],[83.62488,29.16827],[83.63545,29.15841],[83.64374,29.16117],[83.64603,29.16699],[83.65946,29.17607],[83.66798,29.16998],[83.66414,29.1649],[83.66494,29.15666],[83.67787,29.14892],[83.67701,29.13699],[83.6814,29.13163],[83.68249,29.12341],[83.66231,29.12439],[83.65351,29.11903],[83.65462,29.10917],[83.65198,29.10443],[83.63094,29.1068],[83.62268,29.09776],[83.61768,29.09827],[83.61817,29.09255],[83.6328,29.08097],[83.63358,29.06485],[83.63308,29.0624],[83.62169,29.05965],[83.62106,29.04572],[83.61462,29.03591],[83.61861,29.01885],[83.61401,29.01469],[83.61903,29.00612],[83.61709,28.98764],[83.61134,28.9802],[83.6066,28.98009],[83.60123,28.98558],[83.59413,28.98359],[83.58371,28.96489],[83.58212,28.9561],[83.57694,28.95384],[83.56903,28.94328],[83.56071,28.94478],[83.55856,28.93365],[83.54826,28.92177],[83.53066,28.90858],[83.52496,28.89788],[83.50153,28.87715],[83.50806,28.86511],[83.50833,28.85689],[83.50387,28.84607],[83.5,28.84253],[83.49403,28.84638],[83.48368,28.8446],[83.48236,28.8377],[83.48561,28.83214],[83.48213,28.81708],[83.48716,28.81214],[83.49007,28.80199],[83.48549,28.78276],[83.46321,28.77999],[83.45832,28.77367],[83.44813,28.76882],[83.43846,28.76869],[83.41246,28.76054],[83.39053,28.76297],[83.37968,28.75389],[83.37636,28.74442],[83.36403,28.73405],[83.32757,28.73782],[83.29994,28.73164],[83.27894,28.72185],[83.25,28.73028],[83.23129,28.74276],[83.21194,28.73185],[83.18858,28.74345],[83.15764,28.74754],[83.13435,28.74792],[83.11563,28.74348],[83.10459,28.75336],[83.10018,28.76652],[83.08374,28.77939],[83.08124,28.78606],[83.07035,28.77986],[83.06715,28.78377],[83.04769,28.7864],[83.03806,28.79267],[83.02432,28.79065],[83.0143,28.79886],[82.99934,28.8038],[82.98289,28.80063],[82.97781,28.80333],[82.96783,28.82025],[82.95861,28.82086],[82.94917,28.82892],[82.93216,28.82697],[82.90683,28.83224],[82.89805,28.82462],[82.86953,28.83415],[82.85654,28.83212],[82.84572,28.8264],[82.83763,28.83155],[82.81906,28.83123],[82.80129,28.82058],[82.78369,28.82417],[82.76776,28.80849],[82.74986,28.83262],[82.7445,28.84519],[82.73804,28.8479],[82.72834,28.84625],[82.72566,28.84967],[82.71404,28.85144],[82.70661,28.85455],[82.6976,28.86462],[82.70171,28.88268],[82.69942,28.88755],[82.69287,28.88824],[82.70219,28.901],[82.70167,28.90836],[82.68842,28.91716],[82.68666,28.9252],[82.67273,28.94538],[82.66817,28.9633],[82.64243,28.96277],[82.61683,28.9782],[82.60135,28.98245],[82.59542,28.98083],[82.57369,28.99742],[82.52617,29.01436],[82.51962,29.01234],[82.50843,29.01575],[82.48689,29.01483],[82.48126,29.00626],[82.46974,29.00271],[82.46747,28.99614],[82.45881,28.98973],[82.4515,28.9923],[82.44165,28.99031],[82.43027,28.99914],[82.41808,29.00322],[82.39923,29.00437],[82.39407,29.01768],[82.4002,29.02701],[82.4009,29.03777],[82.40559,29.04056],[82.40735,29.04629],[82.40549,29.07276],[82.42007,29.11078],[82.41998,29.11947],[82.41554,29.12331],[82.41899,29.12738],[82.41897,29.13616],[82.43621,29.13911],[82.4351,29.14614],[82.44851,29.15775],[82.46273,29.15683],[82.47417,29.16368],[82.51637,29.1563],[82.53295,29.16378],[82.55691,29.16552],[82.56278,29.1709],[82.57298,29.17164],[82.58041,29.17991],[82.58412,29.19058],[82.56421,29.20323],[82.55604,29.20458],[82.54763,29.21217],[82.54503,29.22679],[82.53605,29.23658],[82.54215,29.24381],[82.53286,29.25],[82.5539,29.2657],[82.55242,29.27977],[82.55883,29.28698],[82.58245,29.29543],[82.59265,29.30304],[82.59232,29.32668],[82.58374,29.33621],[82.57678,29.33756],[82.57245,29.34576],[82.57383,29.35671],[82.57003,29.3654],[82.56285,29.36754],[82.55004,29.38027],[82.56039,29.41144],[82.58268,29.41613],[82.58815,29.42255],[82.62518,29.42458],[82.62881,29.41357],[82.62586,29.3982],[82.63745,29.3931],[82.644,29.38531],[82.66114,29.39536],[82.66285,29.40183],[82.67507,29.40242],[82.68918,29.41255],[82.68768,29.41838],[82.69219,29.42517],[82.7165,29.4314],[82.7213,29.44106],[82.71914,29.44485],[82.72723,29.44888],[82.72831,29.45552],[82.73726,29.46785],[82.72546,29.47928],[82.7305,29.49044],[82.72831,29.50016],[82.73375,29.50765],[82.75,29.50742],[82.77594,29.51617],[82.78352,29.51433],[82.78843,29.51869],[82.78698,29.5256],[82.79802,29.53757],[82.80517,29.55146],[82.81032,29.55645],[82.81556,29.55574],[82.82117,29.55942],[82.8096,29.58655],[82.81145,29.59289],[82.79817,29.6139],[82.79626,29.63153],[82.80034,29.63947],[82.80722,29.63837],[82.81741,29.6466],[82.82494,29.64588],[82.82899,29.64906],[82.82909,29.6898],[82.84061,29.69178],[82.86266,29.68456],[82.87882,29.69197],[82.88817,29.69274],[82.89187,29.70105],[82.91028,29.70039],[82.91855,29.70614]]]}},{"type":"Feature","properties":{"district":"Humla","province":"Karnali Pradesh"},"geometry":{"type":"Polygon","coordinates":[[[81.61974,30.44595],[81.63593,30.44512],[81.67414,30.42765],[81.69665,30.42385],[81.71619,30.41184],[81.72866,30.41136],[81.73352,30.39833],[81.75295,30.38882],[81.76402,30.38913],[81.77588,30.38439],[81.79257,30.38903],[81.81083,30.3873],[81.82822,30.3751],[81.84239,30.37664],[81.85173,30.37317],[81.85572,30.37939],[81.86954,30.37736],[81.87991,30.36953],[81.88401,30.36083],[81.89056,30.36083],[81.91634,30.35002],[81.94135,30.34759],[81.94689,30.34995],[81.94789,30.3571],[81.95119,30.35898],[81.96406,30.35082],[81.964,30.3462],[81.95852,30.34128],[81.97094,30.33795],[81.97667,30.32987],[81.98425,30.3294],[81.99028,30.32083],[82.0,30.32071],[82.00723,30.32905],[82.01402,30.32921],[82.01301,30.34187],[82.01816,30.34419],[82.02344,30.34443],[82.03284,30.33757],[82.04308,30.34098],[82.05787,30.33262],[82.05846,30.34014],[82.0672,30.34731],[82.06779,30.35539],[82.07565,30.35885],[82.08728,30.35918],[82.09383,30.35131],[82.11121,30.34626],[82.11387,30.33218],[82.12058,30.32684],[82.12297,30.32191],[82.11977,30.31964],[82.13017,30.3022],[82.11828,30.29425],[82.11826,30.28612],[82.1113,30.27722],[82.11809,30.27232],[82.12002,30.25886],[82.10926,30.25511],[82.10695,30.24433],[82.10028,30.23924],[82.11126,30.22603],[82.1295,30.22553],[82.13519,30.21933],[82.13408,30.20759],[82.14147,30.20263],[82.141,30.19893],[82.16063,30.18931],[82.18636,30.19084],[82.18908,30.18505],[82.18579,30.18014],[82.18839,30.17294],[82.18333,30.16563],[82.18394,30.16089],[82.19535,30.15982],[82.20744,30.15365],[82.19945,30.14266],[82.20073,30.13629],[82.18885,30.13379],[82.18106,30.12919],[82.17849,30.12197],[82.1727,30.122],[82.17347,30.11765],[82.18115,30.11723],[82.18844,30.11096],[82.18132,30.10239],[82.18364,30.09629],[82.17898,30.08896],[82.17095,30.08649],[82.16776,30.08144],[82.17357,30.06546],[82.19036,30.06978],[82.2127,30.0661],[82.22197,30.06829],[82.23312,30.06488],[82.23577,30.06978],[82.24861,30.07522],[82.25358,30.07249],[82.25455,30.06809],[82.26743,30.06221],[82.28321,30.06117],[82.28714,30.04726],[82.30041,30.03791],[82.31759,30.04035],[82.32187,30.04952],[82.33602,30.04692],[82.34552,30.03683],[82.34669,30.02889],[82.36141,30.02165],[82.36491,30.01045],[82.3746,30.01565],[82.37976,30.01119],[82.37786,30.02643],[82.38406,30.02714],[82.38912,30.02045],[82.39741,30.02401],[82.40444,30.01458],[82.40838,30.0153],[82.41085,30.01076],[82.42286,30.00404],[82.4256,29.99582],[82.43406,29.98902],[82.4405,29.9887],[82.45821,29.97692],[82.46513,29.98207],[82.47808,29.97365],[82.47904,29.96902],[82.47579,29.96527],[82.49955,29.94736],[82.4979,29.93945],[82.49017,29.92914],[82.47261,29.91957],[82.47622,29.90666],[82.47162,29.90444],[82.46978,29.89886],[82.45729,29.89723],[82.44953,29.88868],[82.46124,29.8815],[82.46352,29.86369],[82.45064,29.86022],[82.44219,29.86266],[82.43694,29.86077],[82.43769,29.84526],[82.43179,29.83519],[82.43738,29.83206],[82.44177,29.82419],[82.44034,29.81555],[82.42844,29.81167],[82.42458,29.80711],[82.40794,29.81096],[82.40284,29.80535],[82.40555,29.80246],[82.40595,29.78713],[82.41066,29.78566],[82.4147,29.77824],[82.41338,29.77111],[82.39943,29.76121],[82.41092,29.73596],[82.41617,29.73212],[82.41285,29.72711],[82.41488,29.71774],[82.41287,29.71401],[82.3921,29.69584],[82.38078,29.697],[82.37344,29.70302],[82.36305,29.70277],[82.35481,29.70701],[82.35143,29.713],[82.34147,29.71586],[82.32575,29.71061],[82.31504,29.71227],[82.29944,29.69714],[82.2839,29.69231],[82.27007,29.69663],[82.26338,29.70285],[82.24786,29.69769],[82.23364,29.70051],[82.23325,29.68378],[82.23769,29.68038],[82.23438,29.67454],[82.23895,29.6682],[82.23623,29.66273],[82.22104,29.66361],[82.21672,29.6553],[82.20359,29.66014],[82.19444,29.65319],[82.18614,29.65828],[82.17143,29.65391],[82.15806,29.65824],[82.15145,29.65496],[82.14448,29.64581],[82.10464,29.6348],[82.11556,29.6529],[82.10264,29.66569],[82.10411,29.67316],[82.09997,29.68069],[82.10313,29.68628],[82.09481,29.68988],[82.09456,29.6994],[82.08375,29.70522],[82.08233,29.71306],[82.07507,29.71334],[82.06875,29.7219],[82.06988,29.72471],[82.06311,29.72834],[82.0622,29.7462],[82.04714,29.75096],[82.03735,29.74914],[82.03025,29.74028],[82.01724,29.73577],[82.00794,29.72718],[82.00643,29.71991],[82.00016,29.71528],[81.99469,29.70422],[81.94866,29.67515],[81.93988,29.67268],[81.93246,29.67763],[81.92366,29.67357],[81.92234,29.66485],[81.91954,29.66376],[81.9116,29.66317],[81.9004,29.66857],[81.8916,29.66746],[81.88564,29.65948],[81.88512,29.65348],[81.87862,29.64904],[81.87434,29.63505],[81.86865,29.63317],[81.85481,29.6194],[81.84526,29.62199],[81.8263,29.61994],[81.79193,29.62739],[81.77887,29.6174],[81.77558,29.6058],[81.75228,29.60489],[81.73787,29.60691],[81.72975,29.61496],[81.72249,29.61641],[81.72175,29.62114],[81.7176,29.62084],[81.7115,29.62712],[81.71131,29.63232],[81.70465,29.63718],[81.70443,29.64195],[81.70119,29.64206],[81.7054,29.64467],[81.70541,29.6454],[81.70213,29.64747],[81.70395,29.6555],[81.69925,29.68086],[81.7105,29.70025],[81.71583,29.7223],[81.72883,29.73412],[81.7286,29.74795],[81.73465,29.75918],[81.73199,29.76921],[81.73795,29.7769],[81.7416,29.79249],[81.76633,29.80182],[81.77547,29.79814],[81.78217,29.80705],[81.78101,29.81438],[81.7852,29.83051],[81.7826,29.83928],[81.79603,29.84884],[81.79336,29.8538],[81.79708,29.8604],[81.79903,29.8788],[81.79546,29.89554],[81.80056,29.89669],[81.80104,29.90169],[81.79049,29.90963],[81.78445,29.90856],[81.78179,29.91107],[81.77118,29.90953],[81.76361,29.91239],[81.7568,29.90855],[81.74402,29.9073],[81.73519,29.90794],[81.72836,29.91235],[81.71781,29.90943],[81.71259,29.91431],[81.71146,29.92688],[81.69929,29.9315],[81.69974,29.94149],[81.68959,29.94909],[81.66695,29.9403],[81.65487,29.94287],[81.64743,29.94817],[81.62841,29.93838],[81.62044,29.93851],[81.61469,29.94324],[81.60442,29.93017],[81.59282,29.93067],[81.58669,29.93686],[81.57201,29.93347],[81.55116,29.92317],[81.5367,29.92759],[81.51867,29.92279],[81.51378,29.91615],[81.51872,29.90434],[81.50577,29.89288],[81.49451,29.88717],[81.48163,29.89206],[81.47246,29.88983],[81.4582,29.90119],[81.46446,29.92097],[81.46081,29.93184],[81.45656,29.93476],[81.46038,29.94264],[81.45465,29.94904],[81.47046,29.96371],[81.47183,29.97512],[81.46246,29.98583],[81.46493,29.99557],[81.45629,30.00244],[81.43202,30.0076],[81.4031,30.02284],[81.40132,30.01812],[81.38569,30.0136],[81.38371,30.00723],[81.35881,30.01057],[81.34822,30.0188],[81.32042,30.02561],[81.31637,30.03272],[81.30861,30.03106],[81.2928,30.035],[81.28642,30.03756],[81.28312,30.04349],[81.27372,30.04528],[81.27636,30.05907],[81.29131,30.07436],[81.28773,30.07847],[81.29096,30.0948],[81.28697,30.10516],[81.29226,30.11255],[81.25801,30.14657],[81.25985,30.15133],[81.30619,30.15965],[81.30663,30.16429],[81.31853,30.152],[81.3339,30.15325],[81.33587,30.16044],[81.3524,30.17808],[81.37201,30.18663],[81.37632,30.19674],[81.39822,30.20903],[81.39876,30.21862],[81.39206,30.23372],[81.3982,30.24249],[81.39378,30.25057],[81.41019,30.2611],[81.41838,30.2817],[81.41702,30.28417],[81.40137,30.2816],[81.40534,30.28519],[81.40369,30.29313],[81.4121,30.29507],[81.42506,30.30514],[81.41651,30.31646],[81.40716,30.31616],[81.39818,30.32346],[81.4076,30.33668],[81.40433,30.34412],[81.40782,30.35321],[81.40115,30.3577],[81.40157,30.3647],[81.39706,30.36799],[81.40086,30.37122],[81.42189,30.37062],[81.43113,30.38345],[81.42247,30.38543],[81.42199,30.38902],[81.41371,30.39365],[81.40247,30.39627],[81.40983,30.42112],[81.42947,30.42197],[81.43574,30.41286],[81.44041,30.41874],[81.44681,30.41596],[81.45776,30.40657],[81.46951,30.40333],[81.478,30.38869],[81.49126,30.38132],[81.50865,30.38073],[81.53689,30.37136],[81.55363,30.36987],[81.55745,30.37407],[81.55162,30.38105],[81.55259,30.4027],[81.55519,30.40669],[81.56127,30.40748],[81.55967,30.41953],[81.56263,30.42808],[81.56656,30.42988],[81.57608,30.4267],[81.59109,30.41684],[81.60862,30.41222],[81.62376,30.42443],[81.61974,30.44595]]]}},{"type":"Feature","properties":{"district":"Jajarkot","province":"Karnali Pradesh"},"geometry":{"type":"Polygon","coordinates":[[[82.28588,29.1221],[82.28752,29.11585],[82.30326,29.11971],[82.3238,29.11002],[82.35433,29.11647],[82.41372,29.09549],[82.40549,29.07276],[82.40735,29.04629],[82.40559,29.04056],[82.4009,29.03777],[82.4002,29.02701],[82.39407,29.01768],[82.40069,29.00283],[82.41455,29.00413],[82.43027,28.99914],[82.44073,28.99054],[82.4515,28.9923],[82.45966,28.98983],[82.46747,28.99614],[82.46974,29.00271],[82.48126,29.00626],[82.48689,29.01483],[82.50843,29.01575],[82.53746,29.01128],[82.54879,29.00432],[82.57369,28.99742],[82.58209,28.99036],[82.57675,28.99196],[82.56913,28.98755],[82.55392,28.98768],[82.54393,28.98113],[82.51517,28.94987],[82.518,28.93054],[82.5063,28.92123],[82.50938,28.89483],[82.49871,28.87861],[82.47312,28.86818],[82.46828,28.86888],[82.46399,28.87488],[82.45744,28.87338],[82.44523,28.86531],[82.43268,28.85126],[82.4189,28.84929],[82.41376,28.84474],[82.40219,28.84184],[82.37741,28.82194],[82.36607,28.79569],[82.35951,28.79187],[82.3512,28.79282],[82.3471,28.78634],[82.33772,28.78405],[82.30892,28.78757],[82.29616,28.78496],[82.29548,28.77696],[82.2853,28.76212],[82.29167,28.75676],[82.28579,28.74889],[82.292,28.73809],[82.28496,28.73223],[82.29093,28.72674],[82.28639,28.7147],[82.27782,28.706],[82.28246,28.69893],[82.28186,28.6942],[82.27497,28.69281],[82.26315,28.70269],[82.26189,28.70775],[82.24927,28.71231],[82.24034,28.70905],[82.23442,28.70228],[82.23066,28.68834],[82.21845,28.6869],[82.211,28.67589],[82.205,28.68258],[82.19898,28.68319],[82.20067,28.67885],[82.1964,28.6687],[82.20003,28.66381],[82.19587,28.6559],[82.19393,28.63901],[82.18836,28.63797],[82.19318,28.63162],[82.1921,28.62821],[82.17054,28.61166],[82.14464,28.61578],[82.14643,28.62446],[82.14012,28.62647],[82.13069,28.6215],[82.12131,28.6232],[82.11045,28.61917],[82.10233,28.62148],[82.08415,28.61806],[82.07155,28.62999],[82.05624,28.63472],[82.06071,28.64136],[82.05826,28.64456],[82.0486,28.642],[82.04519,28.63645],[82.03782,28.63789],[82.04223,28.64181],[82.03258,28.64476],[82.01017,28.64515],[81.97746,28.6384],[81.95928,28.64064],[81.94942,28.63604],[81.93876,28.64106],[81.88805,28.64297],[81.87957,28.64832],[81.88123,28.65578],[81.86983,28.66394],[81.86771,28.67954],[81.86081,28.69327],[81.84687,28.71034],[81.82186,28.72399],[81.8262,28.73255],[81.838,28.74057],[81.84991,28.73786],[81.88164,28.74668],[81.88564,28.76174],[81.91415,28.77997],[81.89116,28.81133],[81.88018,28.84896],[81.88192,28.86457],[81.89153,28.87418],[81.89108,28.88968],[81.89576,28.90065],[81.92636,28.92477],[81.92868,28.93619],[81.92299,28.94136],[81.92156,28.97762],[81.93224,28.98204],[81.96011,28.98555],[81.96295,28.99087],[81.98623,29.00278],[81.9878,29.01257],[82.0024,29.01565],[82.00962,29.03061],[82.04113,29.01187],[82.04627,29.00339],[82.04351,28.99926],[82.04635,28.99507],[82.04482,28.98924],[82.05163,28.98068],[82.08021,28.9693],[82.09719,28.97434],[82.10212,28.98435],[82.12487,28.99451],[82.11939,29.00695],[82.12057,29.01442],[82.12731,29.0155],[82.14043,29.03172],[82.14854,29.0325],[82.15147,29.04157],[82.14969,29.04812],[82.15272,29.05278],[82.15852,29.05383],[82.1688,29.06496],[82.16933,29.06926],[82.18249,29.06178],[82.20033,29.07328],[82.20536,29.08053],[82.20291,29.08892],[82.21338,29.08704],[82.22569,29.09379],[82.22738,29.10464],[82.23391,29.10496],[82.23851,29.10122],[82.25597,29.10986],[82.26455,29.1071],[82.2716,29.11391],[82.26707,29.11504],[82.26639,29.12141],[82.28006,29.12744],[82.28588,29.1221]]]}},{"type":"Feature","properties":{"district":"Jumla","province":"Karnali Pradesh"},"geometry":{"type":"Polygon","coordinates":[[[82.33059,29.50782],[82.33274,29.50481],[82.34173,29.5042],[82.34767,29.49396],[82.36549,29.49038],[82.37248,29.49125],[82.3882,29.50157],[82.41245,29.46386],[82.41312,29.45125],[82.41984,29.44766],[82.42856,29.44921],[82.43435,29.44333],[82.45013,29.4502],[82.45471,29.46447],[82.47346,29.4749],[82.48288,29.48559],[82.48765,29.48566],[82.49235,29.49175],[82.49782,29.49357],[82.5,29.49147],[82.50356,29.48362],[82.50226,29.47509],[82.50756,29.47055],[82.50223,29.4577],[82.50427,29.44561],[82.51279,29.43499],[82.51489,29.42066],[82.54368,29.42072],[82.56039,29.41144],[82.55004,29.38027],[82.56285,29.36754],[82.57003,29.3654],[82.57383,29.35671],[82.57245,29.34576],[82.57678,29.33756],[82.58374,29.33621],[82.59239,29.32651],[82.59265,29.30304],[82.58245,29.29543],[82.55883,29.28698],[82.55242,29.27977],[82.5539,29.2657],[82.53286,29.25],[82.54215,29.24381],[82.53605,29.23658],[82.54503,29.22679],[82.54763,29.21217],[82.55604,29.20458],[82.56421,29.20323],[82.58412,29.19058],[82.58041,29.17991],[82.57298,29.17164],[82.56278,29.1709],[82.55691,29.16552],[82.53295,29.16378],[82.51637,29.1563],[82.47417,29.16368],[82.46273,29.15683],[82.44824,29.15763],[82.4351,29.14614],[82.43621,29.13911],[82.41897,29.13616],[82.41899,29.12738],[82.41554,29.12331],[82.41998,29.11947],[82.42007,29.11078],[82.41691,29.10589],[82.41754,29.09943],[82.41372,29.09549],[82.35433,29.11647],[82.32504,29.10998],[82.30326,29.11971],[82.28752,29.11585],[82.28562,29.12338],[82.28006,29.12744],[82.26639,29.12141],[82.26707,29.11504],[82.2716,29.11391],[82.26455,29.1071],[82.25597,29.10986],[82.23851,29.10122],[82.23067,29.10565],[82.22707,29.10437],[82.22656,29.09565],[82.22168,29.09015],[82.21338,29.08704],[82.20291,29.08892],[82.20536,29.08053],[82.20033,29.07328],[82.18249,29.06178],[82.16933,29.06926],[82.1688,29.06496],[82.15852,29.05383],[82.15272,29.05278],[82.14969,29.04812],[82.15147,29.04157],[82.14854,29.0325],[82.14043,29.03172],[82.12731,29.0155],[82.12057,29.01442],[82.11939,29.00695],[82.12487,28.99451],[82.10212,28.98435],[82.09719,28.97434],[82.08021,28.9693],[82.05163,28.98068],[82.04482,28.98924],[82.04635,28.99507],[82.04351,28.99926],[82.04627,29.00339],[82.04113,29.01187],[82.01855,29.02335],[82.01314,29.03039],[82.01916,29.05161],[82.01528,29.05543],[82.01861,29.06095],[82.01398,29.07204],[82.01993,29.07647],[82.01893,29.09197],[82.0,29.10276],[81.9827,29.10767],[81.9596,29.12796],[81.94974,29.1292],[81.952,29.14204],[81.9459,29.1494],[81.93798,29.15019],[81.93661,29.15378],[81.92829,29.15725],[81.90549,29.15718],[81.89649,29.17277],[81.90265,29.18518],[81.91005,29.188],[81.91256,29.20057],[81.91067,29.20571],[81.90317,29.2138],[81.89614,29.21387],[81.87733,29.22708],[81.87056,29.22571],[81.86093,29.24093],[81.85174,29.24447],[81.8481,29.2587],[81.84968,29.26633],[81.85551,29.26682],[81.86147,29.27317],[81.88118,29.27278],[81.88436,29.28548],[81.89902,29.2976],[81.90068,29.30099],[81.89771,29.30759],[81.9063,29.31434],[81.90923,29.32191],[81.91659,29.32244],[81.93213,29.33285],[81.93165,29.34565],[81.92699,29.35332],[81.92954,29.36638],[81.92622,29.38459],[81.9322,29.39474],[81.92926,29.40264],[81.93218,29.41496],[81.9306,29.43334],[81.94004,29.44378],[81.96619,29.4458],[81.97593,29.46234],[81.9812,29.46516],[81.98096,29.47296],[81.9995,29.47078],[82.008,29.47295],[82.01613,29.46148],[82.02193,29.46853],[82.03067,29.46943],[82.043,29.48279],[82.04993,29.48411],[82.05889,29.47925],[82.07004,29.48389],[82.07873,29.48375],[82.09225,29.47629],[82.09519,29.46438],[82.10385,29.45865],[82.11267,29.46517],[82.13281,29.46985],[82.13576,29.46315],[82.14445,29.45707],[82.14747,29.44706],[82.14128,29.4381],[82.1455,29.42915],[82.15461,29.4269],[82.16293,29.41697],[82.17728,29.41538],[82.18596,29.4061],[82.19629,29.4111],[82.20241,29.40886],[82.21199,29.41079],[82.21562,29.40687],[82.22414,29.41902],[82.22397,29.42845],[82.24156,29.43883],[82.24929,29.43335],[82.26866,29.44497],[82.27214,29.44198],[82.29623,29.44279],[82.30082,29.45006],[82.29826,29.45626],[82.30323,29.4612],[82.301,29.47049],[82.3081,29.47868],[82.30349,29.48191],[82.30243,29.49402],[82.30654,29.49433],[82.31198,29.5039],[82.33059,29.50782]]]}},{"type":"Feature","properties":{"district":"Kalikot","province":"Karnali Pradesh"},"geometry":{"type":"Polygon","coordinates":[[[81.84338,29.46155],[81.86893,29.46052],[81.87498,29.45124],[81.88664,29.4434],[81.89943,29.44647],[81.92341,29.4444],[81.93275,29.43733],[81.92926,29.40264],[81.9322,29.39474],[81.92622,29.38459],[81.92954,29.36638],[81.92699,29.35332],[81.93165,29.34565],[81.93213,29.33285],[81.91659,29.32244],[81.90923,29.32191],[81.9063,29.31434],[81.89771,29.30759],[81.90068,29.30099],[81.89902,29.2976],[81.88436,29.28548],[81.88118,29.27278],[81.86147,29.27317],[81.85551,29.26682],[81.84968,29.26633],[81.8481,29.2587],[81.85174,29.24447],[81.86093,29.24093],[81.87056,29.22571],[81.87733,29.22708],[81.89614,29.21387],[81.90317,29.2138],[81.91067,29.20571],[81.91256,29.20057],[81.91005,29.188],[81.90265,29.18518],[81.89649,29.17277],[81.90549,29.15718],[81.92829,29.15725],[81.93661,29.15378],[81.93798,29.15019],[81.9459,29.1494],[81.952,29.14204],[81.94974,29.1292],[81.9596,29.12796],[81.9827,29.10767],[82.0,29.10276],[82.01893,29.09197],[82.01993,29.07647],[82.01398,29.07204],[82.01861,29.06095],[82.01528,29.05543],[82.01916,29.05161],[82.0135,29.02954],[82.00914,29.03041],[82.00221,29.01549],[81.9878,29.01257],[81.98623,29.00278],[81.96295,28.99087],[81.9598,28.98537],[81.93224,28.98204],[81.92183,28.97757],[81.91181,28.98665],[81.90237,28.982],[81.8906,28.98427],[81.87614,28.97159],[81.86662,28.97092],[81.85006,28.97222],[81.84344,28.98121],[81.82085,28.98461],[81.80392,29.00118],[81.79493,29.00509],[81.79682,29.01353],[81.79298,29.01245],[81.78471,29.01756],[81.7686,29.01831],[81.75308,29.01018],[81.732,29.02168],[81.71771,29.02001],[81.71715,29.02781],[81.70411,29.03194],[81.69236,29.04966],[81.65288,29.04],[81.6324,29.0466],[81.61517,29.03342],[81.60061,29.04537],[81.59113,29.04885],[81.58307,29.04709],[81.56552,29.0536],[81.56359,29.06638],[81.56779,29.08927],[81.57057,29.09725],[81.58035,29.10845],[81.58397,29.12395],[81.58256,29.13552],[81.56973,29.12671],[81.55539,29.12827],[81.53662,29.13716],[81.5351,29.14651],[81.52644,29.15269],[81.50086,29.15169],[81.49702,29.16881],[81.48909,29.17295],[81.49253,29.18497],[81.48387,29.20054],[81.4888,29.22691],[81.50139,29.23881],[81.49698,29.2448],[81.49652,29.25711],[81.49298,29.26164],[81.4794,29.26395],[81.46983,29.27185],[81.48563,29.27956],[81.49253,29.29058],[81.50177,29.29727],[81.50973,29.31457],[81.51698,29.31202],[81.52566,29.31508],[81.53068,29.32605],[81.54915,29.3382],[81.55216,29.3495],[81.56023,29.35787],[81.56283,29.35143],[81.5688,29.3478],[81.57467,29.35381],[81.57495,29.36073],[81.58357,29.36478],[81.60168,29.36559],[81.61546,29.37075],[81.63652,29.36437],[81.64093,29.35568],[81.64588,29.3543],[81.64374,29.33441],[81.64954,29.32141],[81.67032,29.31701],[81.68009,29.32143],[81.69271,29.32054],[81.70499,29.33056],[81.73173,29.33518],[81.74146,29.33393],[81.75412,29.35177],[81.75148,29.36652],[81.7629,29.38656],[81.76833,29.3857],[81.77064,29.3922],[81.79115,29.38899],[81.79227,29.396],[81.79973,29.40704],[81.80085,29.42912],[81.80725,29.43932],[81.80498,29.44734],[81.80709,29.4526],[81.82993,29.45785],[81.83451,29.45647],[81.84338,29.46155]]]}},{"type":"Feature","properties":{"district":"Mugu","province":"Karnali Pradesh"},"geometry":{"type":"Polygon","coordinates":[[[82.56502,29.95522],[82.56867,29.93237],[82.5816,29.9216],[82.58671,29.9213],[82.60433,29.88906],[82.62161,29.87929],[82.63966,29.87486],[82.64444,29.87014],[82.64246,29.86293],[82.6334,29.85676],[82.63367,29.84962],[82.62375,29.84733],[82.62088,29.84202],[82.62292,29.83729],[82.64165,29.83387],[82.66259,29.8423],[82.678,29.8433],[82.68636,29.84716],[82.68841,29.85209],[82.69915,29.85535],[82.71254,29.83882],[82.72411,29.83877],[82.72856,29.83531],[82.73249,29.82138],[82.73909,29.81353],[82.73107,29.80863],[82.73007,29.80294],[82.71221,29.79278],[82.70272,29.79482],[82.69606,29.79117],[82.69803,29.78163],[82.68845,29.77347],[82.69203,29.76312],[82.69967,29.76166],[82.71302,29.76894],[82.72096,29.76613],[82.72577,29.77052],[82.7467,29.76948],[82.75416,29.76557],[82.76052,29.7601],[82.76342,29.74749],[82.7687,29.74245],[82.76822,29.73378],[82.76489,29.73117],[82.79959,29.71903],[82.81986,29.72113],[82.82335,29.71381],[82.81693,29.70559],[82.81765,29.70231],[82.82909,29.6898],[82.82899,29.64906],[82.82494,29.64588],[82.81741,29.6466],[82.80722,29.63837],[82.80034,29.63947],[82.79626,29.63153],[82.79817,29.6139],[82.81145,29.59289],[82.8096,29.58655],[82.82117,29.55942],[82.81556,29.55574],[82.81032,29.55645],[82.80517,29.55146],[82.79802,29.53757],[82.78698,29.5256],[82.78843,29.51869],[82.78352,29.51433],[82.77594,29.51617],[82.75,29.50742],[82.73382,29.50773],[82.72831,29.50016],[82.7305,29.49044],[82.72546,29.47928],[82.73726,29.46785],[82.72831,29.45552],[82.72723,29.44888],[82.71914,29.44485],[82.7213,29.44106],[82.71678,29.43166],[82.69219,29.42517],[82.68768,29.41838],[82.68918,29.41255],[82.67507,29.40242],[82.66285,29.40183],[82.66114,29.39536],[82.65433,29.39081],[82.6438,29.38531],[82.63745,29.3931],[82.6261,29.39783],[82.62881,29.41357],[82.62818,29.42176],[82.62501,29.42464],[82.58815,29.42255],[82.58268,29.41613],[82.56087,29.41137],[82.54368,29.42072],[82.51502,29.42048],[82.51267,29.43526],[82.50427,29.44561],[82.50223,29.4577],[82.50754,29.47071],[82.50226,29.47509],[82.50356,29.48362],[82.49782,29.49357],[82.45471,29.46447],[82.4499,29.45001],[82.43435,29.44333],[82.42856,29.44921],[82.41984,29.44766],[82.41312,29.45125],[82.41245,29.46386],[82.39844,29.4833],[82.39343,29.49692],[82.38783,29.50178],[82.37248,29.49125],[82.36549,29.49038],[82.34767,29.49396],[82.34173,29.5042],[82.33274,29.50481],[82.33049,29.50805],[82.31881,29.5066],[82.31178,29.50373],[82.30642,29.49421],[82.30243,29.49402],[82.30349,29.48191],[82.3081,29.47868],[82.301,29.47049],[82.30323,29.4612],[82.29826,29.45626],[82.30082,29.45006],[82.29582,29.44246],[82.27214,29.44198],[82.26866,29.44497],[82.24929,29.43335],[82.24156,29.43883],[82.22397,29.42845],[82.22414,29.41902],[82.21562,29.40687],[82.21199,29.41079],[82.20241,29.40886],[82.19629,29.4111],[82.18596,29.4061],[82.17895,29.41444],[82.16293,29.41697],[82.15461,29.4269],[82.1455,29.42915],[82.14128,29.4381],[82.14747,29.44706],[82.14445,29.45707],[82.13576,29.46315],[82.13281,29.46985],[82.11267,29.46517],[82.10385,29.45865],[82.09519,29.46438],[82.09225,29.47629],[82.08364,29.48295],[82.07004,29.48389],[82.05889,29.47925],[82.04993,29.48411],[82.043,29.48279],[82.03067,29.46943],[82.02193,29.46853],[82.01613,29.46148],[82.008,29.47295],[81.9995,29.47078],[81.98096,29.47296],[81.9812,29.46516],[81.97593,29.46234],[81.96619,29.4458],[81.94004,29.44378],[81.93275,29.43733],[81.92341,29.4444],[81.89943,29.44647],[81.88664,29.4434],[81.87498,29.45124],[81.8686,29.46063],[81.86084,29.45868],[81.84338,29.46155],[81.83451,29.45647],[81.80949,29.45395],[81.80572,29.47512],[81.78986,29.50001],[81.7643,29.50533],[81.77101,29.50935],[81.78243,29.50915],[81.7791,29.51732],[81.78754,29.52837],[81.7947,29.53057],[81.7922,29.54052],[81.80067,29.55822],[81.80035,29.57656],[81.79151,29.59009],[81.79228,29.59573],[81.77973,29.59974],[81.77558,29.6058],[81.77887,29.6174],[81.7845,29.61983],[81.78663,29.62479],[81.79293,29.62735],[81.80198,29.62317],[81.81813,29.62336],[81.8263,29.61994],[81.84526,29.62199],[81.85481,29.6194],[81.86865,29.63317],[81.87434,29.63505],[81.87862,29.64904],[81.88512,29.65348],[81.88564,29.65948],[81.8916,29.66746],[81.9004,29.66857],[81.9116,29.66317],[81.91954,29.66376],[81.92234,29.66485],[81.92366,29.67357],[81.93246,29.67763],[81.93988,29.67268],[81.94866,29.67515],[81.99469,29.70422],[82.00016,29.71528],[82.00643,29.71991],[82.00794,29.72718],[82.01724,29.73577],[82.03025,29.74028],[82.03735,29.74914],[82.04819,29.75098],[82.0622,29.7462],[82.06311,29.72834],[82.06988,29.72471],[82.06875,29.7219],[82.07507,29.71334],[82.08233,29.71306],[82.08375,29.70522],[82.09456,29.6994],[82.09481,29.68988],[82.10313,29.68628],[82.09997,29.68069],[82.10411,29.67316],[82.10264,29.66569],[82.11556,29.6529],[82.10464,29.6348],[82.14448,29.64581],[82.15145,29.65496],[82.15806,29.65824],[82.17143,29.65391],[82.18614,29.65828],[82.19444,29.65319],[82.20359,29.66014],[82.21672,29.6553],[82.22104,29.66361],[82.23623,29.66273],[82.23895,29.6682],[82.23438,29.67454],[82.23769,29.68038],[82.23325,29.68378],[82.23364,29.70051],[82.24786,29.69769],[82.26338,29.70285],[82.27007,29.69663],[82.2839,29.69231],[82.29944,29.69714],[82.31504,29.71227],[82.32575,29.71061],[82.34147,29.71586],[82.35143,29.713],[82.35481,29.70701],[82.36341,29.70264],[82.36864,29.704],[82.38078,29.697],[82.39464,29.69661],[82.41298,29.71415],[82.41285,29.72711],[82.41619,29.73201],[82.41092,29.73596],[82.39943,29.76121],[82.41338,29.77111],[82.41469,29.77777],[82.41066,29.78566],[82.40595,29.78713],[82.40555,29.80246],[82.40284,29.80535],[82.40794,29.81096],[82.42458,29.80711],[82.42844,29.81167],[82.4363,29.81214],[82.44056,29.81589],[82.44177,29.82419],[82.43738,29.83206],[82.43179,29.83519],[82.43769,29.84526],[82.43694,29.86077],[82.45701,29.86094],[82.46452,29.86534],[82.46124,29.8815],[82.44953,29.88868],[82.45729,29.89723],[82.46978,29.89886],[82.47162,29.90444],[82.47622,29.90666],[82.4732,29.92032],[82.48944,29.92845],[82.4979,29.93945],[82.49955,29.94736],[82.51607,29.95218],[82.53122,29.971],[82.56502,29.95522]]]}},{"type":"Feature","properties":{"district":"Rukum West","province":"Karnali Pradesh"},"geometry":{"type":"Polygon","coordinates":[[[82.57675,28.99196],[82.59056,28.98677],[82.59542,28.98083],[82.60135,28.98245],[82.61683,28.9782],[82.64243,28.96277],[82.66817,28.9633],[82.67319,28.94452],[82.68666,28.9252],[82.68842,28.91716],[82.70103,28.90947],[82.70222,28.90179],[82.69287,28.88824],[82.69942,28.88755],[82.70171,28.88268],[82.6976,28.86462],[82.67373,28.85205],[82.66038,28.86001],[82.658,28.86657],[82.65051,28.86912],[82.64497,28.86638],[82.63868,28.85513],[82.63184,28.8533],[82.62664,28.84672],[82.62797,28.8391],[82.61559,28.82647],[82.62165,28.80897],[82.61518,28.80728],[82.59814,28.7919],[82.59161,28.79023],[82.58889,28.78205],[82.56896,28.77057],[82.56866,28.76746],[82.56383,28.76787],[82.56661,28.76475],[82.56561,28.75858],[82.56905,28.75682],[82.56793,28.7438],[82.58996,28.73984],[82.59751,28.74373],[82.60332,28.74279],[82.60719,28.71554],[82.61715,28.71019],[82.61435,28.69575],[82.61781,28.68967],[82.60256,28.68475],[82.60145,28.66958],[82.58861,28.66378],[82.58085,28.66457],[82.55656,28.64392],[82.54111,28.64685],[82.52114,28.66056],[82.5075,28.66193],[82.50329,28.66763],[82.50172,28.66234],[82.49182,28.65919],[82.49294,28.6517],[82.4877,28.64052],[82.51025,28.62765],[82.54178,28.62063],[82.54952,28.62705],[82.55339,28.62511],[82.54768,28.61833],[82.5621,28.61033],[82.58185,28.61317],[82.58289,28.5871],[82.57702,28.57951],[82.56876,28.57767],[82.55551,28.58159],[82.54609,28.57291],[82.53689,28.57036],[82.53095,28.55812],[82.52347,28.55395],[82.51092,28.55111],[82.49422,28.55259],[82.49486,28.53995],[82.46483,28.52115],[82.43547,28.52621],[82.43109,28.52452],[82.40339,28.53546],[82.39455,28.52648],[82.38292,28.53281],[82.38003,28.54084],[82.38395,28.54629],[82.37788,28.55182],[82.37943,28.55948],[82.37687,28.56634],[82.36714,28.57387],[82.35501,28.5766],[82.34227,28.58926],[82.31414,28.5943],[82.30926,28.59275],[82.30719,28.59679],[82.30141,28.59751],[82.29433,28.59323],[82.28452,28.59678],[82.27446,28.59278],[82.25156,28.60045],[82.23921,28.6096],[82.22299,28.60708],[82.20393,28.62237],[82.18658,28.623],[82.19315,28.63105],[82.18836,28.63797],[82.19393,28.63901],[82.19587,28.6559],[82.20003,28.66381],[82.1964,28.6687],[82.20067,28.67885],[82.19898,28.68319],[82.205,28.68258],[82.211,28.67589],[82.21845,28.6869],[82.23066,28.68834],[82.23442,28.70228],[82.24034,28.70905],[82.24927,28.71231],[82.26189,28.70775],[82.26315,28.70269],[82.27497,28.69281],[82.28186,28.6942],[82.28246,28.69893],[82.27782,28.706],[82.28639,28.7147],[82.29093,28.72674],[82.28496,28.73223],[82.292,28.73809],[82.28579,28.74889],[82.29167,28.75676],[82.2853,28.76212],[82.29548,28.77696],[82.29616,28.78496],[82.30892,28.78757],[82.33772,28.78405],[82.3471,28.78634],[82.3512,28.79282],[82.35951,28.79187],[82.36607,28.79569],[82.37741,28.82194],[82.40219,28.84184],[82.41376,28.84474],[82.4189,28.84929],[82.43268,28.85126],[82.44523,28.86531],[82.45744,28.87338],[82.46399,28.87488],[82.46828,28.86888],[82.47312,28.86818],[82.49871,28.87861],[82.50938,28.89483],[82.5063,28.92123],[82.518,28.93054],[82.51517,28.94987],[82.54393,28.98113],[82.55392,28.98768],[82.56913,28.98755],[82.57675,28.99196]]]}},{"type":"Feature","properties":{"district":"Salyan","province":"Karnali Pradesh"},"geometry":{"type":"Polygon","coordinates":[[[82.05598,28.63655],[82.07413,28.6284],[82.08415,28.61806],[82.10233,28.62148],[82.11045,28.61917],[82.12131,28.6232],[82.13069,28.6215],[82.14012,28.62647],[82.14643,28.62446],[82.14464,28.61578],[82.16899,28.61124],[82.18658,28.623],[82.19579,28.62335],[82.20393,28.62237],[82.22299,28.60708],[82.23921,28.6096],[82.25156,28.60045],[82.27438,28.5928],[82.28452,28.59678],[82.29433,28.59323],[82.30141,28.59751],[82.30719,28.59679],[82.30926,28.59275],[82.31414,28.5943],[82.34168,28.58951],[82.35501,28.5766],[82.36714,28.57387],[82.37687,28.56634],[82.37943,28.55948],[82.37788,28.55182],[82.38395,28.54629],[82.38003,28.54084],[82.38541,28.52959],[82.39475,28.52646],[82.40339,28.53546],[82.40883,28.53154],[82.41915,28.53036],[82.41893,28.5176],[82.40939,28.5036],[82.41356,28.49254],[82.40773,28.4867],[82.40752,28.47808],[82.40254,28.46999],[82.39795,28.46832],[82.39831,28.46148],[82.3757,28.44819],[82.37811,28.42984],[82.35223,28.42165],[82.35509,28.4103],[82.36746,28.40305],[82.36546,28.38819],[82.38546,28.37269],[82.3847,28.36456],[82.37797,28.35838],[82.38119,28.35162],[82.36506,28.34071],[82.36606,28.33003],[82.36923,28.32981],[82.36537,28.3194],[82.37796,28.315],[82.37817,28.30452],[82.38548,28.29153],[82.39713,28.2828],[82.40548,28.26206],[82.41518,28.25372],[82.42965,28.25203],[82.4392,28.2465],[82.42875,28.23886],[82.42952,28.22991],[82.42077,28.22965],[82.40872,28.22055],[82.40245,28.19225],[82.40541,28.18486],[82.40111,28.18002],[82.40328,28.17623],[82.40012,28.16969],[82.39583,28.1733],[82.39875,28.1826],[82.3947,28.18913],[82.37996,28.1844],[82.36901,28.1897],[82.3568,28.20541],[82.34903,28.20852],[82.34795,28.21623],[82.33943,28.22339],[82.3143,28.22325],[82.31204,28.23151],[82.30411,28.2325],[82.30226,28.24582],[82.27734,28.24835],[82.26017,28.24352],[82.25786,28.23958],[82.24585,28.23778],[82.23503,28.23982],[82.21966,28.24952],[82.20054,28.24279],[82.19186,28.24823],[82.17129,28.25143],[82.16267,28.24164],[82.14566,28.23699],[82.13466,28.2514],[82.12782,28.25423],[82.11955,28.25141],[82.11018,28.25815],[82.10265,28.25888],[82.09581,28.25493],[82.09354,28.24919],[82.08311,28.24845],[82.07049,28.23692],[82.05614,28.24198],[82.04404,28.23006],[82.0387,28.21495],[82.03276,28.21396],[82.02494,28.20109],[82.03104,28.19374],[82.03106,28.18757],[82.02004,28.18169],[82.01464,28.16987],[82.01682,28.16392],[82.0129,28.16053],[82.01386,28.15406],[82.00943,28.15094],[81.97974,28.18273],[81.96708,28.18435],[81.9645,28.19426],[81.95377,28.19395],[81.94034,28.20163],[81.93792,28.20749],[81.92851,28.20933],[81.92876,28.21568],[81.92272,28.22023],[81.92338,28.22675],[81.91111,28.23212],[81.89831,28.23317],[81.8847,28.24339],[81.87857,28.23904],[81.86272,28.23858],[81.86647,28.24969],[81.84535,28.27188],[81.81632,28.27865],[81.81027,28.28287],[81.7999,28.27351],[81.79544,28.27372],[81.78895,28.29456],[81.77523,28.29738],[81.76301,28.30908],[81.75559,28.30735],[81.74687,28.31314],[81.7453,28.31891],[81.75351,28.33209],[81.75344,28.34357],[81.77109,28.37437],[81.77027,28.38421],[81.78105,28.39057],[81.79309,28.3891],[81.79922,28.39186],[81.80551,28.38764],[81.81264,28.38931],[81.82151,28.38053],[81.83959,28.38101],[81.84428,28.37448],[81.85692,28.37291],[81.868,28.36439],[81.88675,28.36099],[81.89362,28.35525],[81.90402,28.35489],[81.90922,28.34903],[81.93261,28.33778],[81.93884,28.33715],[81.94129,28.34147],[81.94797,28.3419],[81.96218,28.35281],[81.97074,28.35181],[81.98321,28.36298],[81.97744,28.37507],[81.97849,28.38587],[81.99167,28.39525],[81.97591,28.40445],[81.97382,28.41568],[81.96372,28.42481],[81.96222,28.43151],[81.9669,28.43556],[81.96789,28.44494],[81.96301,28.44711],[81.96372,28.45035],[81.98188,28.445],[81.98762,28.44662],[81.98871,28.45002],[81.98522,28.45429],[81.99204,28.4614],[82.01223,28.46791],[82.01087,28.47851],[82.02705,28.499],[82.02276,28.51266],[82.02941,28.51669],[82.02019,28.52764],[82.01924,28.54428],[82.01038,28.55202],[82.00592,28.56247],[81.99592,28.56985],[81.99755,28.57527],[82.00464,28.57819],[82.00268,28.58712],[82.01334,28.59546],[82.00587,28.61313],[82.02733,28.61375],[82.0288,28.61686],[82.02357,28.62709],[82.03053,28.6405],[82.0459,28.63655],[82.0486,28.642],[82.05826,28.64456],[82.06071,28.64136],[82.05598,28.63655]]]}},{"type":"Feature","properties":{"district":"Surkhet","province":"Karnali Pradesh"},"geometry":{"type":"Polygon","coordinates":[[[81.06255,28.97164],[81.10066,28.9638],[81.1186,28.96449],[81.13427,28.94873],[81.14393,28.94533],[81.14855,28.93816],[81.1705,28.92137],[81.18613,28.91481],[81.19625,28.91614],[81.20593,28.90802],[81.23836,28.9059],[81.24296,28.91391],[81.24742,28.91507],[81.25345,28.91364],[81.26303,28.90293],[81.26786,28.90259],[81.27414,28.90736],[81.27751,28.91618],[81.28525,28.92155],[81.30378,28.92567],[81.31162,28.92001],[81.31804,28.92015],[81.32593,28.90801],[81.33834,28.90689],[81.34067,28.89562],[81.34938,28.89011],[81.37616,28.89276],[81.3892,28.89985],[81.39614,28.90843],[81.41635,28.91412],[81.42632,28.90927],[81.43354,28.91058],[81.44239,28.90032],[81.46563,28.89434],[81.46871,28.88732],[81.46399,28.87507],[81.46915,28.86184],[81.46503,28.85271],[81.4923,28.84088],[81.5,28.82118],[81.51186,28.80923],[81.52432,28.8029],[81.51724,28.78035],[81.52959,28.77447],[81.53683,28.76123],[81.52179,28.74944],[81.54827,28.74899],[81.55098,28.73944],[81.56107,28.73668],[81.5612,28.72816],[81.57471,28.71823],[81.57698,28.7124],[81.58739,28.70748],[81.60301,28.7071],[81.61805,28.68979],[81.63162,28.69207],[81.64103,28.67633],[81.67705,28.67904],[81.69322,28.67344],[81.70341,28.66096],[81.71649,28.65541],[81.72923,28.65522],[81.74087,28.64544],[81.75282,28.64586],[81.77964,28.6335],[81.7857,28.63726],[81.78415,28.65179],[81.79401,28.65533],[81.79953,28.66807],[81.81234,28.67957],[81.80903,28.69424],[81.81322,28.69893],[81.81652,28.71899],[81.82186,28.72399],[81.84687,28.71034],[81.86081,28.69327],[81.86771,28.67954],[81.86983,28.66394],[81.87905,28.65873],[81.88126,28.65568],[81.8793,28.64879],[81.88736,28.64312],[81.93876,28.64106],[81.94942,28.63604],[81.95928,28.64064],[81.97746,28.6384],[82.01017,28.64515],[82.04223,28.64181],[82.03782,28.63789],[82.03169,28.64073],[82.02914,28.63899],[82.02357,28.62709],[82.0288,28.61686],[82.02661,28.61302],[82.01478,28.61529],[82.00602,28.6134],[82.01334,28.59546],[82.00268,28.58712],[82.00464,28.57819],[81.99755,28.57527],[81.99592,28.56985],[82.00592,28.56247],[82.01038,28.55202],[82.01985,28.5431],[82.02019,28.52764],[82.02944,28.51741],[82.02237,28.5115],[82.02705,28.499],[82.01087,28.47851],[82.01223,28.46791],[81.99268,28.46184],[81.98556,28.45488],[81.98805,28.44681],[81.97385,28.4465],[81.96589,28.45135],[81.96334,28.44891],[81.96789,28.44494],[81.9669,28.43556],[81.96222,28.43151],[81.96372,28.42481],[81.97382,28.41568],[81.97591,28.40445],[81.99167,28.39525],[81.97849,28.38587],[81.97744,28.37507],[81.98321,28.36298],[81.97132,28.35214],[81.96218,28.35281],[81.94797,28.3419],[81.94129,28.34147],[81.93884,28.33715],[81.92933,28.3386],[81.92292,28.34423],[81.90922,28.34903],[81.90402,28.35489],[81.89362,28.35525],[81.88675,28.36099],[81.868,28.36439],[81.85692,28.37291],[81.84487,28.37422],[81.83959,28.38101],[81.82132,28.3806],[81.81205,28.3896],[81.80551,28.38764],[81.79612,28.39219],[81.79309,28.3891],[81.78061,28.39041],[81.77027,28.38421],[81.77109,28.37437],[81.7685,28.37003],[81.75947,28.36992],[81.75404,28.37423],[81.73387,28.37757],[81.70433,28.39318],[81.68939,28.41086],[81.67556,28.41758],[81.67189,28.41327],[81.66023,28.41531],[81.64478,28.43018],[81.63337,28.43623],[81.62806,28.44436],[81.61394,28.45423],[81.60966,28.45351],[81.60184,28.46287],[81.57628,28.47841],[81.57436,28.48324],[81.55911,28.49488],[81.54052,28.49456],[81.54116,28.5],[81.5379,28.50398],[81.53196,28.50925],[81.51797,28.51345],[81.51367,28.52442],[81.49911,28.53345],[81.49295,28.5323],[81.48789,28.53904],[81.47786,28.53968],[81.47409,28.54847],[81.47086,28.54833],[81.46787,28.55336],[81.44711,28.55419],[81.43539,28.56301],[81.43249,28.57723],[81.42621,28.57755],[81.42351,28.58125],[81.42639,28.58768],[81.41857,28.59546],[81.41164,28.59553],[81.40327,28.60193],[81.40273,28.60676],[81.38109,28.61221],[81.36634,28.62343],[81.34727,28.62463],[81.31809,28.63667],[81.31197,28.65101],[81.31804,28.65227],[81.32285,28.66751],[81.30913,28.67291],[81.30383,28.67049],[81.302,28.67382],[81.28707,28.6732],[81.28292,28.69503],[81.26835,28.70388],[81.27499,28.71764],[81.27418,28.72698],[81.25785,28.72988],[81.26283,28.74577],[81.24897,28.76083],[81.25248,28.76998],[81.24949,28.77959],[81.23439,28.78595],[81.22764,28.79506],[81.22966,28.79887],[81.24081,28.80297],[81.24384,28.81075],[81.23164,28.8167],[81.23136,28.82594],[81.23554,28.82959],[81.23373,28.83183],[81.20789,28.85034],[81.21016,28.85749],[81.20826,28.862],[81.20409,28.86361],[81.20072,28.86109],[81.20109,28.84649],[81.19693,28.83296],[81.20841,28.82516],[81.20877,28.82034],[81.20514,28.81666],[81.18351,28.82498],[81.17585,28.83491],[81.16709,28.83479],[81.15846,28.82858],[81.15471,28.83032],[81.15944,28.84432],[81.15091,28.85263],[81.1451,28.87301],[81.13866,28.87217],[81.13078,28.86515],[81.12772,28.85157],[81.1097,28.84847],[81.10415,28.84473],[81.09087,28.86279],[81.07459,28.8648],[81.074,28.87672],[81.0605,28.87339],[81.05322,28.87682],[81.04094,28.89007],[81.02287,28.91977],[80.98274,28.9387],[81.00354,28.9566],[81.02253,28.95281],[81.03024,28.96317],[81.04353,28.96996],[81.04987,28.97794],[81.06255,28.97164]]]}},{"type":"Feature","properties":{"district":"Achham","province":"Sudurpashchim Pradesh"},"geometry":{"type":"Polygon","coordinates":[[[81.17295,29.38647],[81.1788,29.38495],[81.20249,29.36517],[81.22457,29.36218],[81.23715,29.35684],[81.23862,29.35311],[81.24375,29.35421],[81.25075,29.35071],[81.26036,29.33804],[81.25998,29.33056],[81.25494,29.32806],[81.25547,29.32569],[81.26981,29.30577],[81.26982,29.30179],[81.28102,29.30835],[81.29682,29.31033],[81.30443,29.32225],[81.3058,29.32027],[81.31097,29.32509],[81.31875,29.32309],[81.32411,29.31398],[81.33153,29.31434],[81.33421,29.30458],[81.34233,29.30171],[81.34536,29.2917],[81.35022,29.29083],[81.35604,29.28405],[81.3683,29.28453],[81.38451,29.29667],[81.3838,29.30269],[81.38958,29.29999],[81.39855,29.28447],[81.40694,29.28414],[81.41856,29.2768],[81.43056,29.28624],[81.44476,29.28738],[81.45958,29.27989],[81.4794,29.26395],[81.48883,29.26334],[81.4961,29.25792],[81.49658,29.24602],[81.50139,29.23881],[81.4888,29.22691],[81.48387,29.20054],[81.49253,29.18497],[81.48909,29.17295],[81.49702,29.16881],[81.49871,29.15477],[81.50086,29.15169],[81.52644,29.15269],[81.5351,29.14651],[81.53707,29.13683],[81.55419,29.12851],[81.56733,29.12609],[81.55314,29.11962],[81.53849,29.10669],[81.52529,29.1042],[81.51167,29.09067],[81.50236,29.0911],[81.47115,29.07806],[81.46857,29.06702],[81.4459,29.05373],[81.44142,29.04022],[81.43448,29.03745],[81.42729,29.02293],[81.41956,29.02129],[81.41667,29.01377],[81.42079,29.00424],[81.4119,28.9969],[81.41688,28.99434],[81.4269,28.98019],[81.42578,28.96631],[81.43455,28.95702],[81.44571,28.95846],[81.44639,28.94036],[81.45306,28.93891],[81.45766,28.93102],[81.46829,28.92883],[81.49342,28.89413],[81.50223,28.88943],[81.51075,28.88973],[81.51692,28.87436],[81.5239,28.86987],[81.53369,28.85602],[81.53964,28.83633],[81.55361,28.81577],[81.55866,28.79748],[81.58165,28.77997],[81.58381,28.76478],[81.58003,28.75543],[81.54421,28.7484],[81.52223,28.74897],[81.53683,28.76123],[81.52959,28.77447],[81.51724,28.78035],[81.52413,28.80324],[81.51186,28.80923],[81.5,28.82118],[81.4923,28.84088],[81.46503,28.85271],[81.46915,28.86184],[81.46399,28.87507],[81.46871,28.88732],[81.4667,28.89358],[81.44239,28.90032],[81.43354,28.91058],[81.42632,28.90927],[81.41592,28.91408],[81.40529,28.90896],[81.39614,28.90843],[81.3892,28.89985],[81.37659,28.89293],[81.35698,28.88969],[81.34408,28.89261],[81.33891,28.89991],[81.33834,28.90689],[81.32593,28.90801],[81.31804,28.92015],[81.31162,28.92001],[81.30378,28.92567],[81.28525,28.92155],[81.27751,28.91618],[81.27414,28.90736],[81.26786,28.90259],[81.26303,28.90293],[81.25345,28.91364],[81.24742,28.91507],[81.24296,28.91391],[81.23836,28.9059],[81.20593,28.90802],[81.19625,28.91614],[81.18613,28.91481],[81.17096,28.92109],[81.14926,28.93752],[81.14393,28.94533],[81.13427,28.94873],[81.12244,28.96254],[81.10554,28.96559],[81.10371,28.97019],[81.10744,28.97346],[81.10711,28.9778],[81.12048,28.97408],[81.13355,28.98082],[81.13744,28.98876],[81.147,28.99339],[81.15187,29.00603],[81.146,29.0188],[81.14661,29.03472],[81.13829,29.04182],[81.13313,29.05931],[81.12309,29.06529],[81.12126,29.07221],[81.12737,29.07496],[81.1303,29.08121],[81.11163,29.08478],[81.11081,29.09786],[81.10368,29.10071],[81.07581,29.12677],[81.07365,29.13402],[81.06714,29.13514],[81.06771,29.14509],[81.05755,29.14899],[81.06024,29.15897],[81.05113,29.16246],[81.05104,29.17009],[81.045,29.17539],[81.0472,29.18435],[81.03799,29.18928],[81.03172,29.18622],[81.02853,29.18896],[81.02843,29.19529],[81.04055,29.19957],[81.06602,29.19829],[81.08041,29.20784],[81.08816,29.20893],[81.09244,29.21497],[81.10328,29.21525],[81.11519,29.22749],[81.11461,29.23963],[81.09903,29.2482],[81.10173,29.26131],[81.12241,29.29932],[81.1374,29.30483],[81.13797,29.32218],[81.14553,29.34936],[81.14994,29.35958],[81.15626,29.3626],[81.15514,29.38197],[81.17295,29.38647]]]}},{"type":"Feature","properties":{"district":"Baitadi","province":"Sudurpashchim Pradesh"},"geometry":{"type":"Polygon","coordinates":[[[80.75572,29.70797],[80.76631,29.70169],[80.78161,29.70217],[80.7977,29.68831],[80.79387,29.67801],[80.78457,29.68025],[80.78231,29.67831],[80.7804,29.66552],[80.77284,29.66878],[80.76472,29.66196],[80.76365,29.64748],[80.77323,29.64232],[80.78603,29.64546],[80.79256,29.64138],[80.78262,29.63347],[80.78945,29.61331],[80.78831,29.60267],[80.77946,29.58683],[80.77825,29.57604],[80.78184,29.57154],[80.77734,29.56664],[80.77833,29.55999],[80.77298,29.55185],[80.7579,29.55653],[80.75,29.55326],[80.74775,29.54207],[80.75,29.53065],[80.78233,29.52325],[80.79002,29.50677],[80.79702,29.50771],[80.80638,29.51522],[80.81174,29.51338],[80.81874,29.5157],[80.82553,29.50954],[80.8243,29.50081],[80.84715,29.48898],[80.85809,29.46906],[80.87715,29.46415],[80.88566,29.44674],[80.88493,29.44271],[80.90095,29.44423],[80.90996,29.44143],[80.87697,29.41244],[80.8637,29.41437],[80.86281,29.41069],[80.85377,29.40759],[80.86184,29.39645],[80.86012,29.38756],[80.85336,29.37732],[80.84685,29.37546],[80.83695,29.38121],[80.82846,29.37133],[80.81635,29.36481],[80.78765,29.36629],[80.78668,29.37289],[80.78024,29.37942],[80.76402,29.38578],[80.76911,29.39987],[80.74311,29.40171],[80.72304,29.40951],[80.72029,29.41863],[80.70861,29.41455],[80.70429,29.41959],[80.69702,29.41944],[80.68378,29.42511],[80.67044,29.41872],[80.6795,29.41057],[80.68026,29.40132],[80.65952,29.39231],[80.65221,29.38253],[80.64679,29.38641],[80.62819,29.38822],[80.6179,29.39651],[80.58351,29.39634],[80.578,29.41182],[80.55387,29.41853],[80.54954,29.41191],[80.54963,29.39871],[80.53375,29.39199],[80.50956,29.39421],[80.50423,29.39885],[80.49152,29.39437],[80.4815,29.3857],[80.45952,29.39606],[80.4537,29.3924],[80.4492,29.39439],[80.44285,29.38612],[80.43959,29.3933],[80.43282,29.3925],[80.42586,29.37914],[80.42148,29.37895],[80.41724,29.37349],[80.42099,29.36847],[80.41611,29.35601],[80.41193,29.35977],[80.40419,29.35598],[80.40358,29.36067],[80.38805,29.35591],[80.38752,29.34893],[80.38183,29.35418],[80.37927,29.34899],[80.37555,29.3505],[80.37357,29.34733],[80.36973,29.34995],[80.36743,29.34045],[80.37369,29.33801],[80.36426,29.3327],[80.36435,29.32707],[80.35454,29.33392],[80.35229,29.32785],[80.34544,29.32708],[80.3356,29.3198],[80.33704,29.31339],[80.32812,29.30851],[80.31869,29.31335],[80.31131,29.32208],[80.29862,29.32377],[80.29287,29.33015],[80.29221,29.3367],[80.28115,29.34763],[80.2808,29.35981],[80.27297,29.36371],[80.27299,29.37366],[80.28061,29.37854],[80.27462,29.38618],[80.27694,29.39221],[80.24333,29.41159],[80.24764,29.41609],[80.24567,29.42346],[80.24905,29.43239],[80.24487,29.44445],[80.25732,29.44805],[80.25982,29.45179],[80.26859,29.44853],[80.27597,29.44952],[80.27086,29.45503],[80.2779,29.45854],[80.28217,29.4576],[80.28217,29.45091],[80.30419,29.45309],[80.28848,29.47716],[80.29472,29.47888],[80.30077,29.49058],[80.30619,29.486],[80.31475,29.48451],[80.31555,29.49905],[80.3304,29.50533],[80.33402,29.51291],[80.34256,29.50993],[80.34704,29.51366],[80.3515,29.51924],[80.35021,29.52413],[80.35969,29.53252],[80.35026,29.54047],[80.34353,29.54032],[80.34736,29.5486],[80.34439,29.55291],[80.36573,29.55661],[80.36534,29.56407],[80.38053,29.56132],[80.38081,29.57148],[80.38998,29.57204],[80.39315,29.58161],[80.40945,29.59488],[80.41057,29.605],[80.41951,29.60685],[80.41942,29.61403],[80.4289,29.61222],[80.43076,29.61813],[80.43852,29.62023],[80.44396,29.61659],[80.45185,29.62537],[80.4605,29.62619],[80.46874,29.62044],[80.49857,29.62466],[80.50807,29.64475],[80.53893,29.66371],[80.5555,29.67137],[80.56065,29.67082],[80.57056,29.67863],[80.57526,29.68749],[80.60303,29.69175],[80.60826,29.68663],[80.62566,29.68681],[80.63517,29.69057],[80.65316,29.68116],[80.67603,29.68724],[80.69078,29.70521],[80.70268,29.70477],[80.70999,29.69925],[80.75572,29.70797]]]}},{"type":"Feature","properties":{"district":"Bajhang","province":"Sudurpashchim Pradesh"},"geometry":{"type":"Polygon","coordinates":[[[81.09178,30.05421],[81.10826,30.04451],[81.1125,30.03567],[81.1199,30.03425],[81.12564,30.02029],[81.13509,30.01606],[81.14581,30.01628],[81.15109,30.01159],[81.16545,30.01054],[81.17943,30.01512],[81.1862,30.01091],[81.1967,30.02291],[81.20903,30.02077],[81.21921,30.00732],[81.23367,30.00776],[81.2417,30.01258],[81.24689,30.0111],[81.2554,30.01971],[81.25501,30.02365],[81.23917,30.03185],[81.27372,30.04528],[81.28312,30.04349],[81.28642,30.03756],[81.2928,30.035],[81.30861,30.03106],[81.31637,30.03272],[81.32042,30.02561],[81.34822,30.0188],[81.35881,30.01057],[81.38371,30.00723],[81.38569,30.0136],[81.40132,30.01812],[81.4031,30.02284],[81.43202,30.0076],[81.45839,30.0014],[81.46493,29.99557],[81.46249,29.9857],[81.47197,29.97316],[81.4687,29.96075],[81.45453,29.95117],[81.46038,29.94264],[81.45656,29.93476],[81.46081,29.93184],[81.46446,29.92097],[81.4582,29.90119],[81.47246,29.88983],[81.48163,29.89206],[81.49451,29.88717],[81.50738,29.89441],[81.51511,29.88686],[81.53486,29.88353],[81.54823,29.87302],[81.55924,29.85601],[81.56677,29.85156],[81.56023,29.80991],[81.54973,29.801],[81.54845,29.79464],[81.56239,29.77061],[81.55597,29.76311],[81.55353,29.75343],[81.5427,29.7474],[81.51541,29.75351],[81.51235,29.75],[81.51,29.73892],[81.52622,29.71055],[81.51636,29.70082],[81.52029,29.69161],[81.51677,29.68772],[81.51763,29.67942],[81.4823,29.66172],[81.46799,29.65903],[81.44817,29.64722],[81.44284,29.64956],[81.42924,29.64397],[81.42242,29.63463],[81.42369,29.62933],[81.41983,29.62398],[81.42059,29.59782],[81.40385,29.58466],[81.40014,29.57683],[81.39938,29.57112],[81.40422,29.56657],[81.40172,29.55839],[81.37325,29.54999],[81.36404,29.53806],[81.35289,29.52998],[81.34046,29.50502],[81.32819,29.49488],[81.31649,29.49153],[81.31875,29.48335],[81.29266,29.47482],[81.29566,29.46884],[81.30469,29.46777],[81.30493,29.46336],[81.30943,29.46035],[81.30459,29.45136],[81.28271,29.44242],[81.28008,29.43759],[81.26388,29.43382],[81.25222,29.42179],[81.25674,29.41655],[81.25358,29.41329],[81.22776,29.41164],[81.20376,29.3957],[81.19492,29.40178],[81.18851,29.39782],[81.18578,29.39976],[81.18606,29.40663],[81.17239,29.41159],[81.16543,29.39471],[81.14814,29.39415],[81.14571,29.3909],[81.13337,29.40431],[81.12719,29.40275],[81.12634,29.39837],[81.12096,29.3957],[81.09739,29.4078],[81.08764,29.40706],[81.08285,29.41008],[81.07839,29.40628],[81.06429,29.40541],[81.04947,29.41328],[81.03529,29.41178],[81.02435,29.42186],[81.01048,29.42],[80.98858,29.40513],[80.97268,29.40026],[80.95574,29.40133],[80.94119,29.39751],[80.93314,29.41076],[80.9339,29.41746],[80.92795,29.42578],[80.91793,29.4314],[80.91379,29.44539],[80.90996,29.44143],[80.90095,29.44423],[80.88527,29.44246],[80.87715,29.46415],[80.85809,29.46906],[80.84715,29.48898],[80.8243,29.50081],[80.82553,29.50954],[80.81874,29.5157],[80.81174,29.51338],[80.80638,29.51522],[80.79702,29.50771],[80.79002,29.50677],[80.78233,29.52325],[80.75,29.53065],[80.74775,29.54207],[80.75,29.55326],[80.7579,29.55653],[80.77298,29.55185],[80.77833,29.55999],[80.77734,29.56664],[80.78184,29.57154],[80.77825,29.57604],[80.77946,29.58683],[80.78831,29.60267],[80.78945,29.61331],[80.78262,29.63347],[80.79256,29.64138],[80.78603,29.64546],[80.77323,29.64232],[80.76365,29.64748],[80.76472,29.66196],[80.77284,29.66878],[80.7804,29.66552],[80.78231,29.67831],[80.78457,29.68025],[80.79387,29.67801],[80.7977,29.68831],[80.81292,29.68408],[80.81824,29.68714],[80.82678,29.68657],[80.83145,29.69152],[80.84211,29.68741],[80.84719,29.69341],[80.86001,29.69599],[80.86639,29.70635],[80.89189,29.71389],[80.90866,29.72468],[80.92132,29.72476],[80.9416,29.73545],[80.9477,29.73552],[80.95976,29.72653],[80.97693,29.72191],[80.98985,29.74115],[81.00589,29.74063],[81.01153,29.74594],[81.01983,29.74556],[81.02219,29.74835],[81.0263,29.74361],[81.03341,29.74237],[81.03991,29.75267],[81.05835,29.75758],[81.06433,29.76815],[81.06187,29.77235],[81.06541,29.77554],[81.06395,29.7935],[81.0695,29.79584],[81.07107,29.80321],[81.07158,29.82841],[81.05717,29.82981],[81.04177,29.84067],[81.03987,29.84644],[81.04221,29.86006],[81.03842,29.86462],[81.04251,29.88171],[81.03206,29.89545],[81.02942,29.90641],[81.00471,29.92328],[81.00232,29.92819],[81.004,29.93616],[81.02331,29.95866],[81.01932,29.96613],[81.02224,29.97402],[81.0167,29.98073],[81.02766,29.98753],[81.04,30.00831],[81.03984,30.01511],[81.05527,30.02412],[81.07034,30.04354],[81.09178,30.05421]]]}},{"type":"Feature","properties":{"district":"Bajura","province":"Sudurpashchim Pradesh"},"geometry":{"type":"Polygon","coordinates":[[[81.6999,29.94108],[81.69929,29.9315],[81.71146,29.92688],[81.71259,29.91431],[81.71781,29.90943],[81.72836,29.91235],[81.73519,29.90794],[81.74402,29.9073],[81.7568,29.90855],[81.76361,29.91239],[81.77118,29.90953],[81.78179,29.91107],[81.78445,29.90856],[81.79049,29.90963],[81.80135,29.90064],[81.80056,29.89669],[81.79546,29.89554],[81.79903,29.8788],[81.79708,29.8604],[81.79336,29.8538],[81.79603,29.84884],[81.7826,29.83928],[81.7852,29.83051],[81.78101,29.81438],[81.78217,29.80705],[81.77547,29.79814],[81.76633,29.80182],[81.74143,29.79223],[81.73795,29.7769],[81.73199,29.76921],[81.73465,29.75918],[81.7286,29.74795],[81.72883,29.73412],[81.71583,29.7223],[81.7105,29.70025],[81.69887,29.67831],[81.70395,29.6555],[81.70213,29.64747],[81.70541,29.6454],[81.70119,29.64206],[81.70443,29.64195],[81.70465,29.63718],[81.71131,29.63232],[81.7115,29.62712],[81.7176,29.62084],[81.72175,29.62114],[81.72249,29.61641],[81.72975,29.61496],[81.73873,29.60657],[81.77558,29.6058],[81.77973,29.59974],[81.7915,29.59665],[81.79169,29.58967],[81.80035,29.57656],[81.79938,29.55213],[81.7922,29.54052],[81.7947,29.53057],[81.78754,29.52837],[81.7791,29.51732],[81.78243,29.50915],[81.77101,29.50935],[81.7643,29.50533],[81.78986,29.50001],[81.80887,29.46613],[81.80964,29.45391],[81.80498,29.44734],[81.80725,29.43932],[81.80085,29.42912],[81.79973,29.40704],[81.79227,29.396],[81.79115,29.38899],[81.77064,29.3922],[81.76833,29.3857],[81.7629,29.38656],[81.75148,29.36652],[81.75412,29.35177],[81.74205,29.33425],[81.70499,29.33056],[81.69271,29.32054],[81.68009,29.32143],[81.67184,29.31686],[81.64954,29.32141],[81.64374,29.33441],[81.64548,29.35548],[81.64134,29.35533],[81.64006,29.36149],[81.62738,29.36882],[81.61546,29.37075],[81.61023,29.36724],[81.57807,29.36282],[81.57495,29.36073],[81.57278,29.35041],[81.5688,29.3478],[81.56283,29.35143],[81.56023,29.35787],[81.55216,29.3495],[81.54915,29.3382],[81.53068,29.32605],[81.52566,29.31508],[81.51698,29.31202],[81.50973,29.31457],[81.50177,29.29727],[81.49253,29.29058],[81.48563,29.27956],[81.46983,29.27185],[81.44476,29.28738],[81.43056,29.28624],[81.41856,29.2768],[81.40694,29.28414],[81.39766,29.28511],[81.38958,29.29999],[81.3838,29.30269],[81.38451,29.29667],[81.3683,29.28453],[81.35604,29.28405],[81.35022,29.29083],[81.34536,29.2917],[81.34233,29.30171],[81.33421,29.30458],[81.33153,29.31434],[81.32411,29.31398],[81.31875,29.32309],[81.31097,29.32509],[81.3058,29.32027],[81.30443,29.32225],[81.29682,29.31033],[81.28102,29.30835],[81.26982,29.30179],[81.26981,29.30577],[81.25547,29.32569],[81.25494,29.32806],[81.25998,29.33056],[81.26036,29.33804],[81.25075,29.35071],[81.24375,29.35421],[81.23862,29.35311],[81.23715,29.35684],[81.22457,29.36218],[81.20249,29.36517],[81.1788,29.38495],[81.17173,29.38663],[81.19483,29.40178],[81.20376,29.3957],[81.22776,29.41164],[81.25358,29.41329],[81.25674,29.41655],[81.25222,29.42179],[81.26388,29.43382],[81.28008,29.43759],[81.28271,29.44242],[81.30459,29.45136],[81.30943,29.46035],[81.30493,29.46336],[81.30469,29.46777],[81.29566,29.46884],[81.29266,29.47482],[81.31875,29.48335],[81.31649,29.49153],[81.32819,29.49488],[81.34046,29.50502],[81.35289,29.52998],[81.36404,29.53806],[81.37325,29.54999],[81.40172,29.55839],[81.40422,29.56657],[81.39938,29.57112],[81.40014,29.57683],[81.40385,29.58466],[81.42059,29.59782],[81.41983,29.62398],[81.42369,29.62933],[81.42242,29.63463],[81.42924,29.64397],[81.44284,29.64956],[81.44817,29.64722],[81.46799,29.65903],[81.4823,29.66172],[81.51763,29.67942],[81.51677,29.68772],[81.52029,29.69161],[81.51636,29.70082],[81.52622,29.71055],[81.51349,29.73058],[81.51008,29.7428],[81.51508,29.7535],[81.5416,29.74709],[81.55423,29.75426],[81.55597,29.76311],[81.56238,29.77067],[81.54845,29.79464],[81.54973,29.801],[81.56023,29.80991],[81.5668,29.85142],[81.55918,29.85607],[81.54348,29.87793],[81.52934,29.88573],[81.51511,29.88686],[81.50738,29.89441],[81.51886,29.90479],[81.51387,29.91667],[81.51877,29.92282],[81.5367,29.92759],[81.55116,29.92317],[81.57201,29.93347],[81.58669,29.93686],[81.59282,29.93067],[81.60442,29.93017],[81.61469,29.94324],[81.62044,29.93851],[81.62841,29.93838],[81.64662,29.94812],[81.66695,29.9403],[81.68916,29.94928],[81.6999,29.94108]]]}},{"type":"Feature","properties":{"district":"Dadeldhura","province":"Sudurpashchim Pradesh"},"geometry":{"type":"Polygon","coordinates":[[[80.68278,29.42513],[80.70429,29.41959],[80.70861,29.41455],[80.72029,29.41863],[80.72304,29.40951],[80.74311,29.40171],[80.76942,29.39965],[80.76437,29.39223],[80.76402,29.38578],[80.78024,29.37942],[80.78748,29.37063],[80.78747,29.36639],[80.77633,29.36499],[80.77189,29.35739],[80.76459,29.36354],[80.764,29.35139],[80.7591,29.34686],[80.76429,29.33711],[80.76084,29.3323],[80.762,29.32862],[80.77804,29.31549],[80.77346,29.31204],[80.77419,29.3018],[80.76787,29.30184],[80.75801,29.30884],[80.74929,29.30248],[80.74004,29.30267],[80.7359,29.29863],[80.73765,29.29698],[80.7343,29.292],[80.74043,29.29083],[80.74745,29.28456],[80.74549,29.27479],[80.75235,29.2738],[80.75844,29.26755],[80.74992,29.25452],[80.73738,29.24746],[80.7408,29.24515],[80.72552,29.23617],[80.70849,29.23135],[80.70948,29.2252],[80.70359,29.21676],[80.70841,29.21172],[80.70599,29.19214],[80.70165,29.19464],[80.69664,29.18784],[80.68045,29.19145],[80.67217,29.18285],[80.64747,29.1781],[80.63103,29.17633],[80.61844,29.17993],[80.60709,29.17028],[80.6,29.17012],[80.59402,29.16321],[80.59288,29.15704],[80.59556,29.15404],[80.59285,29.14789],[80.56831,29.14447],[80.56646,29.13543],[80.57385,29.13016],[80.56828,29.11887],[80.54095,29.10756],[80.52819,29.10575],[80.53313,29.08959],[80.56387,29.07267],[80.55927,29.05865],[80.54634,29.04935],[80.54856,29.03845],[80.53589,29.0297],[80.53716,29.01394],[80.52052,29.00439],[80.52067,28.99923],[80.50276,28.99323],[80.48705,28.99824],[80.48139,28.99387],[80.47363,28.99651],[80.47992,29.01764],[80.47059,29.01873],[80.46981,29.02982],[80.46256,29.03151],[80.46073,29.03753],[80.42196,29.02643],[80.41675,29.03274],[80.41196,29.03199],[80.39415,29.04033],[80.3884,29.04741],[80.37968,29.04334],[80.36213,29.04792],[80.35732,29.04444],[80.35596,29.0497],[80.35032,29.0539],[80.32658,29.05132],[80.31435,29.05823],[80.29521,29.05697],[80.28477,29.05277],[80.28378,29.04857],[80.27942,29.04985],[80.27418,29.04581],[80.26661,29.05217],[80.25674,29.0529],[80.23044,29.0452],[80.22405,29.05099],[80.22386,29.05676],[80.21324,29.05721],[80.21278,29.0673],[80.20575,29.07191],[80.20609,29.07463],[80.19313,29.08586],[80.18755,29.08717],[80.18693,29.10775],[80.1901,29.11244],[80.18605,29.13726],[80.20512,29.12932],[80.21139,29.12182],[80.23497,29.11845],[80.2505,29.12895],[80.25577,29.13794],[80.27449,29.14349],[80.26004,29.16576],[80.26232,29.17465],[80.25961,29.18733],[80.24245,29.20331],[80.24886,29.21999],[80.25438,29.22144],[80.25867,29.21787],[80.2625,29.2067],[80.27668,29.20705],[80.28892,29.19517],[80.29528,29.19761],[80.2991,29.206],[80.29571,29.21116],[80.29774,29.22138],[80.29244,29.23187],[80.30204,29.2421],[80.30086,29.26054],[80.30569,29.27281],[80.30598,29.28527],[80.31964,29.30163],[80.31869,29.31335],[80.32705,29.30841],[80.3358,29.31221],[80.3349,29.31907],[80.34544,29.32708],[80.35229,29.32785],[80.35523,29.33422],[80.36435,29.32707],[80.36426,29.3327],[80.37369,29.33801],[80.36743,29.34045],[80.36973,29.34995],[80.37357,29.34733],[80.37555,29.3505],[80.37927,29.34899],[80.38183,29.35418],[80.38752,29.34893],[80.38805,29.35591],[80.40358,29.36067],[80.40419,29.35598],[80.41193,29.35977],[80.41611,29.35601],[80.42099,29.36847],[80.41724,29.37349],[80.42148,29.37895],[80.42586,29.37914],[80.43282,29.3925],[80.43959,29.3933],[80.44285,29.38612],[80.4492,29.39439],[80.4537,29.3924],[80.45952,29.39606],[80.4815,29.3857],[80.49152,29.39437],[80.50423,29.39885],[80.50956,29.39421],[80.53375,29.39199],[80.54963,29.39871],[80.54954,29.41191],[80.55387,29.41853],[80.578,29.41182],[80.58351,29.39634],[80.6179,29.39651],[80.62819,29.38822],[80.64679,29.38641],[80.65221,29.38253],[80.65952,29.39231],[80.68026,29.40132],[80.6795,29.41057],[80.67061,29.41893],[80.68278,29.42513]]]}},{"type":"Feature","properties":{"district":"Darchula","province":"Sudurpashchim Pradesh"},"geometry":{"type":"Polygon","coordinates":[[[80.56727,30.45942],[80.60866,30.46716],[80.61535,30.45493],[80.62679,30.45831],[80.63969,30.44642],[80.66072,30.43861],[80.67909,30.42557],[80.67919,30.41953],[80.68837,30.41644],[80.69209,30.4102],[80.70193,30.40907],[80.71053,30.41321],[80.7196,30.40875],[80.72953,30.39843],[80.73619,30.39667],[80.75154,30.38195],[80.75279,30.37561],[80.76715,30.36896],[80.78139,30.35191],[80.78863,30.35002],[80.78758,30.34161],[80.80375,30.32995],[80.80555,30.32012],[80.82119,30.31883],[80.82834,30.31107],[80.83567,30.30964],[80.84918,30.31415],[80.86603,30.3103],[80.87478,30.30306],[80.87584,30.29862],[80.8873,30.29628],[80.90977,30.30065],[80.91017,30.29297],[80.91739,30.28459],[80.92914,30.28019],[80.93374,30.27504],[80.92795,30.2701],[80.92844,30.26579],[80.93769,30.25952],[80.95102,30.26663],[80.98469,30.26873],[81.00082,30.26222],[81.02428,30.24614],[81.0358,30.23431],[81.03058,30.23302],[81.02754,30.22693],[81.03115,30.22575],[81.03105,30.2196],[81.04158,30.21553],[81.04741,30.20759],[81.03605,30.20164],[81.03532,30.19698],[81.04422,30.19363],[81.04562,30.18062],[81.05345,30.17898],[81.0587,30.16992],[81.06332,30.16782],[81.06584,30.15881],[81.07912,30.15491],[81.08489,30.14822],[81.08457,30.13578],[81.08001,30.12468],[81.08626,30.1169],[81.08296,30.10055],[81.10005,30.10004],[81.11047,30.08618],[81.10896,30.07784],[81.10256,30.07483],[81.10064,30.0647],[81.09264,30.05424],[81.07034,30.04354],[81.05527,30.02412],[81.03984,30.01511],[81.04,30.00831],[81.02766,29.98753],[81.0167,29.98073],[81.02224,29.97402],[81.01932,29.96613],[81.02331,29.95866],[81.004,29.93616],[81.00232,29.92819],[81.00471,29.92328],[81.02942,29.90641],[81.03206,29.89545],[81.04251,29.88171],[81.03842,29.86462],[81.04221,29.86006],[81.03987,29.84644],[81.04177,29.84067],[81.05717,29.82981],[81.07158,29.82841],[81.06955,29.79594],[81.06395,29.7935],[81.06541,29.77554],[81.06187,29.77235],[81.06433,29.76815],[81.05835,29.75758],[81.03991,29.75267],[81.03341,29.74237],[81.0263,29.74361],[81.02219,29.74835],[81.01983,29.74556],[81.01153,29.74594],[81.00589,29.74063],[80.98985,29.74115],[80.97693,29.72191],[80.95976,29.72653],[80.9477,29.73552],[80.9416,29.73545],[80.92132,29.72476],[80.90866,29.72468],[80.89189,29.71389],[80.86639,29.70635],[80.86001,29.69599],[80.84719,29.69341],[80.8414,29.68722],[80.83145,29.69152],[80.82678,29.68657],[80.81824,29.68714],[80.81292,29.68408],[80.79552,29.68858],[80.78161,29.70217],[80.76631,29.70169],[80.75629,29.70797],[80.71036,29.69925],[80.70268,29.70477],[80.69078,29.70521],[80.67603,29.68724],[80.65316,29.68116],[80.63517,29.69057],[80.62566,29.68681],[80.60826,29.68663],[80.60303,29.69175],[80.57526,29.68749],[80.57056,29.67863],[80.56065,29.67082],[80.5555,29.67137],[80.53893,29.66371],[80.50807,29.64475],[80.49857,29.62466],[80.46874,29.62044],[80.4605,29.62619],[80.4515,29.62531],[80.4454,29.61724],[80.43887,29.62022],[80.43089,29.61823],[80.42933,29.61238],[80.41954,29.61413],[80.41902,29.60625],[80.41057,29.605],[80.40742,29.61283],[80.41022,29.62142],[80.42284,29.63018],[80.42194,29.63913],[80.41574,29.64434],[80.41798,29.6518],[80.41177,29.6537],[80.40776,29.65987],[80.39982,29.65885],[80.40067,29.66239],[80.39258,29.66416],[80.39179,29.67107],[80.38639,29.67409],[80.38695,29.68508],[80.38209,29.68855],[80.38158,29.70103],[80.37373,29.71531],[80.37721,29.71985],[80.36811,29.724],[80.36785,29.72992],[80.37138,29.73443],[80.36583,29.74014],[80.36974,29.75065],[80.38749,29.75042],[80.38687,29.75854],[80.39925,29.75929],[80.39807,29.7651],[80.40884,29.78401],[80.4086,29.79445],[80.41484,29.79185],[80.41768,29.79571],[80.43064,29.79811],[80.43708,29.80608],[80.44588,29.79913],[80.46566,29.80228],[80.48128,29.7957],[80.49507,29.79554],[80.49443,29.80205],[80.502,29.80871],[80.49912,29.81158],[80.50899,29.82311],[80.52348,29.82705],[80.53291,29.83822],[80.53756,29.83867],[80.54063,29.84716],[80.55443,29.85041],[80.55326,29.85652],[80.56331,29.86641],[80.55862,29.87062],[80.56765,29.87922],[80.57437,29.89527],[80.57143,29.90902],[80.57598,29.92348],[80.59712,29.95306],[80.60566,29.95889],[80.63156,29.96516],[80.65034,29.95593],[80.67967,29.95891],[80.69177,29.97418],[80.71406,29.99019],[80.7211,30.00018],[80.73982,29.99953],[80.74941,30.00658],[80.75927,30.02391],[80.75744,30.03962],[80.76295,30.04952],[80.78119,30.05668],[80.79158,30.07312],[80.80754,30.08967],[80.82348,30.09982],[80.8318,30.09717],[80.84246,30.09943],[80.84764,30.10471],[80.84359,30.11044],[80.84604,30.11555],[80.87576,30.12625],[80.88043,30.13209],[80.87266,30.15327],[80.87318,30.16069],[80.8687,30.16662],[80.82915,30.20803],[80.82098,30.22395],[80.81379,30.22605],[80.79675,30.23909],[80.78316,30.26167],[80.76881,30.27769],[80.76346,30.2789],[80.7621,30.29542],[80.75765,30.30619],[80.73813,30.30838],[80.73476,30.31711],[80.71686,30.32908],[80.70249,30.33443],[80.68695,30.33279],[80.6687,30.34295],[80.66123,30.35356],[80.65594,30.37886],[80.64045,30.38873],[80.63446,30.40427],[80.62877,30.40918],[80.63041,30.41705],[80.62487,30.42147],[80.624,30.43155],[80.61343,30.44418],[80.59458,30.44767],[80.5697,30.44124],[80.55427,30.42663],[80.55,30.43144],[80.54962,30.44334],[80.56168,30.45006],[80.56727,30.45942]]]}},{"type":"Feature","properties":{"district":"Doti","province":"Sudurpashchim Pradesh"},"geometry":{"type":"Polygon","coordinates":[[[80.92795,29.42578],[80.93727,29.40115],[80.94119,29.39751],[80.95574,29.40133],[80.97268,29.40026],[80.98858,29.40513],[81.01048,29.42],[81.02435,29.42186],[81.03529,29.41178],[81.04947,29.41328],[81.06429,29.40541],[81.07839,29.40628],[81.08285,29.41008],[81.08764,29.40706],[81.09739,29.4078],[81.12096,29.3957],[81.12634,29.39837],[81.12719,29.40275],[81.13337,29.40431],[81.14571,29.3909],[81.14814,29.39415],[81.16543,29.39471],[81.17239,29.41159],[81.18776,29.40487],[81.18578,29.39976],[81.18828,29.39764],[81.17015,29.38578],[81.15514,29.38197],[81.15626,29.3626],[81.14994,29.35958],[81.14553,29.34936],[81.13797,29.32218],[81.1374,29.30483],[81.12241,29.29932],[81.10173,29.26131],[81.09903,29.2482],[81.11461,29.23963],[81.11519,29.22749],[81.10328,29.21525],[81.09244,29.21497],[81.08816,29.20893],[81.08041,29.20784],[81.06602,29.19829],[81.04055,29.19957],[81.02843,29.19529],[81.02853,29.18896],[81.03172,29.18622],[81.03799,29.18928],[81.0472,29.18435],[81.045,29.17539],[81.05104,29.17009],[81.05113,29.16246],[81.06024,29.15897],[81.05755,29.14899],[81.06771,29.14509],[81.06714,29.13514],[81.07365,29.13402],[81.07581,29.12677],[81.10368,29.10071],[81.11081,29.09786],[81.11163,29.08478],[81.1303,29.08121],[81.12737,29.07496],[81.12126,29.07221],[81.12309,29.06529],[81.13313,29.05931],[81.13829,29.04182],[81.14638,29.03533],[81.146,29.0188],[81.15187,29.00603],[81.14533,28.99074],[81.13776,28.98904],[81.13376,28.981],[81.1199,28.974],[81.10711,28.9778],[81.10744,28.97346],[81.10371,28.97019],[81.10554,28.96559],[81.10234,28.96375],[81.06608,28.97035],[81.05051,28.97816],[81.04353,28.96996],[81.03024,28.96317],[81.02253,28.95281],[81.00354,28.9566],[80.98274,28.9387],[80.96978,28.94129],[80.95499,28.93576],[80.92979,28.94342],[80.92312,28.94154],[80.91315,28.93092],[80.90756,28.94068],[80.90317,28.93653],[80.89891,28.94251],[80.90039,28.93568],[80.89659,28.93434],[80.89187,28.9397],[80.88488,28.94054],[80.88278,28.94575],[80.88714,28.95994],[80.88463,28.96613],[80.86793,28.9688],[80.86411,28.97536],[80.85733,28.97758],[80.83857,28.95571],[80.84156,28.95023],[80.83343,28.94029],[80.83383,28.93662],[80.82234,28.93065],[80.81818,28.93186],[80.81746,28.93903],[80.81273,28.938],[80.81202,28.94274],[80.80711,28.94486],[80.81142,28.95497],[80.80548,28.9595],[80.80814,28.96684],[80.80478,28.97228],[80.78425,28.98502],[80.77226,28.98503],[80.76287,28.98886],[80.76527,29.0],[80.76325,29.00276],[80.7544,29.00263],[80.73983,29.01079],[80.72605,29.01082],[80.72259,29.00715],[80.7183,29.0102],[80.7053,29.00953],[80.69395,29.01473],[80.67973,29.01541],[80.67605,29.02069],[80.67228,29.01808],[80.65825,29.02207],[80.63592,29.03593],[80.61867,29.05869],[80.61324,29.05761],[80.60833,29.04846],[80.59846,29.04813],[80.59507,29.05448],[80.58942,29.05342],[80.58565,29.05921],[80.58088,29.05758],[80.5739,29.06446],[80.5675,29.06224],[80.56066,29.07604],[80.53313,29.08959],[80.52819,29.10575],[80.54095,29.10756],[80.56828,29.11887],[80.57385,29.13016],[80.56646,29.13543],[80.56762,29.14356],[80.57793,29.14771],[80.59285,29.14789],[80.59556,29.15404],[80.59288,29.15704],[80.59384,29.16299],[80.6,29.17012],[80.60709,29.17028],[80.62123,29.18102],[80.63103,29.17633],[80.64747,29.1781],[80.67217,29.18285],[80.68045,29.19145],[80.69664,29.18784],[80.70165,29.19464],[80.70617,29.19233],[80.70841,29.21172],[80.70359,29.21676],[80.70948,29.2252],[80.70849,29.23135],[80.72552,29.23617],[80.7408,29.24515],[80.73738,29.24746],[80.74992,29.25452],[80.75844,29.26755],[80.75235,29.2738],[80.74549,29.27479],[80.74745,29.28456],[80.74043,29.29083],[80.7343,29.292],[80.73765,29.29698],[80.7359,29.29863],[80.74004,29.30267],[80.74929,29.30248],[80.75801,29.30884],[80.76787,29.30184],[80.77419,29.3018],[80.77346,29.31204],[80.77804,29.31549],[80.76407,29.32616],[80.76084,29.3323],[80.76447,29.33583],[80.759,29.34631],[80.764,29.35139],[80.76459,29.36354],[80.77168,29.35736],[80.77633,29.36499],[80.81635,29.36481],[80.82846,29.37133],[80.83695,29.38121],[80.84685,29.37546],[80.8524,29.37665],[80.86012,29.38756],[80.86184,29.39645],[80.85377,29.40759],[80.86281,29.41069],[80.8637,29.41437],[80.87697,29.41244],[80.88619,29.42177],[80.8934,29.42455],[80.90341,29.43683],[80.90909,29.43856],[80.91001,29.44404],[80.91345,29.44569],[80.91793,29.4314],[80.92795,29.42578]]]}},{"type":"Feature","properties":{"district":"Kailali","province":"Sudurpashchim Pradesh"},"geometry":{"type":"Polygon","coordinates":[[[80.56767,29.06214],[80.57425,29.06438],[80.58088,29.05758],[80.58565,29.05921],[80.58942,29.05342],[80.59477,29.05469],[80.60014,29.04771],[80.60886,29.04878],[80.61324,29.05761],[80.61833,29.05885],[80.64111,29.03155],[80.66546,29.01974],[80.67261,29.01806],[80.67605,29.02069],[80.67973,29.01541],[80.69395,29.01473],[80.7053,29.00953],[80.71849,29.01017],[80.7224,29.00715],[80.72605,29.01082],[80.74016,29.01074],[80.7544,29.00263],[80.76325,29.00276],[80.76527,29.0],[80.76287,28.98886],[80.77226,28.98503],[80.78425,28.98502],[80.80478,28.97228],[80.80814,28.96684],[80.80548,28.9595],[80.81142,28.95497],[80.80711,28.94486],[80.81202,28.94274],[80.81273,28.938],[80.81746,28.93903],[80.81847,28.93148],[80.82874,28.93203],[80.83383,28.93662],[80.83343,28.94029],[80.84148,28.94992],[80.83876,28.95602],[80.85226,28.97463],[80.86053,28.97705],[80.86793,28.9688],[80.88463,28.96613],[80.88708,28.95775],[80.88292,28.94397],[80.8962,28.93435],[80.90039,28.93568],[80.89917,28.94257],[80.90317,28.93653],[80.90815,28.94037],[80.91315,28.93092],[80.92655,28.94289],[80.93807,28.94252],[80.95577,28.9357],[80.97069,28.9413],[81.00923,28.92746],[81.02329,28.91937],[81.04094,28.89007],[81.05322,28.87682],[81.0605,28.87339],[81.074,28.87672],[81.07459,28.8648],[81.09087,28.86279],[81.10415,28.84473],[81.1097,28.84847],[81.12772,28.85157],[81.13078,28.86515],[81.13866,28.87217],[81.14458,28.87312],[81.15091,28.85263],[81.15939,28.8445],[81.15442,28.83183],[81.15664,28.82902],[81.16709,28.83479],[81.17585,28.83491],[81.18351,28.82498],[81.20679,28.81744],[81.20841,28.82516],[81.19693,28.83296],[81.20109,28.84649],[81.20049,28.86017],[81.20409,28.86361],[81.20987,28.85966],[81.20699,28.85285],[81.21028,28.8471],[81.22605,28.8388],[81.23543,28.82982],[81.23136,28.82594],[81.23137,28.81727],[81.24398,28.80978],[81.24081,28.80297],[81.22966,28.79887],[81.22764,28.79506],[81.23439,28.78595],[81.24949,28.77959],[81.25248,28.76998],[81.24897,28.76083],[81.26283,28.74577],[81.25785,28.72988],[81.27456,28.72613],[81.27489,28.71723],[81.26824,28.70411],[81.28314,28.69451],[81.28928,28.64792],[81.27281,28.63012],[81.27052,28.61775],[81.26135,28.61202],[81.25037,28.59403],[81.22605,28.57079],[81.19969,28.553],[81.16982,28.5241],[81.16188,28.50134],[81.15493,28.50188],[81.14901,28.49811],[81.11654,28.47245],[81.11071,28.46135],[81.09234,28.45684],[81.08756,28.43829],[81.07029,28.42573],[81.06126,28.40982],[81.06881,28.3995],[81.06908,28.39438],[81.04769,28.40993],[81.03657,28.4133],[81.03407,28.39868],[81.02276,28.41027],[81.01849,28.4157],[81.03552,28.42786],[81.03133,28.43849],[81.02095,28.43162],[81.01474,28.43816],[81.01921,28.45157],[81.00145,28.45394],[80.99092,28.44158],[80.97959,28.44243],[80.98084,28.43428],[80.96705,28.43767],[80.96982,28.44282],[80.96659,28.44466],[80.98158,28.45519],[80.96879,28.45693],[80.96582,28.44952],[80.95348,28.44747],[80.95333,28.45553],[80.93401,28.45853],[80.94698,28.46606],[80.94428,28.46838],[80.93412,28.46299],[80.93232,28.45755],[80.91932,28.45968],[80.9213,28.46369],[80.91621,28.46775],[80.91737,28.45758],[80.90744,28.46572],[80.90315,28.48563],[80.9087,28.48962],[80.91034,28.49751],[80.90149,28.50044],[80.89783,28.50559],[80.87756,28.5097],[80.86329,28.50408],[80.86727,28.4895],[80.85701,28.49705],[80.84608,28.49541],[80.84526,28.49966],[80.83171,28.51168],[80.81718,28.5206],[80.79071,28.52431],[80.78625,28.52922],[80.79124,28.54331],[80.77124,28.54965],[80.76968,28.56556],[80.74011,28.57416],[80.74046,28.56582],[80.72622,28.57475],[80.71632,28.56783],[80.69197,28.58702],[80.69741,28.60332],[80.67908,28.60429],[80.68125,28.62041],[80.67245,28.62829],[80.6693,28.64184],[80.65292,28.63387],[80.6432,28.64322],[80.63496,28.63727],[80.61326,28.63925],[80.60793,28.65232],[80.5914,28.64769],[80.59928,28.65591],[80.58187,28.66123],[80.59209,28.67968],[80.54438,28.69635],[80.54584,28.70054],[80.54228,28.70294],[80.54384,28.7069],[80.54036,28.71596],[80.54997,28.71153],[80.55209,28.71965],[80.56116,28.7226],[80.55242,28.73365],[80.53985,28.73864],[80.55172,28.74395],[80.55848,28.75322],[80.54662,28.75181],[80.53747,28.76782],[80.53877,28.77117],[80.55026,28.77204],[80.55192,28.77778],[80.5402,28.79022],[80.54041,28.79592],[80.53283,28.79656],[80.52783,28.80595],[80.51272,28.81506],[80.51965,28.8196],[80.51593,28.82333],[80.52,28.83184],[80.51694,28.83504],[80.51353,28.83128],[80.50935,28.83236],[80.50688,28.83769],[80.50959,28.83942],[80.50516,28.84088],[80.5047,28.84761],[80.49816,28.85481],[80.50415,28.86389],[80.50259,28.87047],[80.50714,28.87891],[80.50535,28.88768],[80.50949,28.89678],[80.50539,28.90246],[80.50481,28.9116],[80.51234,28.92134],[80.50664,28.9254],[80.48959,28.92434],[80.48331,28.93677],[80.46982,28.93877],[80.48246,28.95755],[80.49004,28.97745],[80.49164,28.98469],[80.48546,28.99427],[80.48692,28.99784],[80.50231,28.99321],[80.52067,28.99923],[80.52052,29.00439],[80.53716,29.01394],[80.53589,29.0297],[80.54856,29.03845],[80.5467,29.04996],[80.55891,29.05819],[80.56281,29.06809],[80.56767,29.06214]]]}},{"type":"Feature","properties":{"district":"Kanchanpur","province":"Sudurpashchim Pradesh"},"geometry":{"type":"Polygon","coordinates":[[[80.18844,29.12724],[80.18755,29.08717],[80.19313,29.08586],[80.21273,29.06739],[80.21324,29.05721],[80.22487,29.05594],[80.22405,29.05099],[80.22933,29.04552],[80.25674,29.0529],[80.26661,29.05217],[80.27418,29.04581],[80.27942,29.04985],[80.28378,29.04857],[80.28477,29.05277],[80.29521,29.05697],[80.31435,29.05823],[80.32658,29.05132],[80.35032,29.0539],[80.35596,29.0497],[80.35732,29.04444],[80.36213,29.04792],[80.37968,29.04334],[80.3884,29.04741],[80.39415,29.04033],[80.41196,29.03199],[80.41675,29.03274],[80.42196,29.02643],[80.4613,29.03743],[80.46256,29.03151],[80.46981,29.02982],[80.47059,29.01873],[80.47977,29.018],[80.47346,28.99677],[80.48139,28.99387],[80.48324,28.99676],[80.48735,28.99817],[80.48546,28.99427],[80.49155,28.98293],[80.48246,28.95755],[80.46982,28.93858],[80.48331,28.93677],[80.48959,28.92434],[80.50664,28.9254],[80.51234,28.92134],[80.50481,28.9116],[80.50539,28.90246],[80.50949,28.89678],[80.50535,28.88768],[80.50714,28.87891],[80.50259,28.87047],[80.50415,28.86389],[80.49816,28.85481],[80.5047,28.84761],[80.50516,28.84088],[80.50959,28.83942],[80.50688,28.83769],[80.50935,28.83236],[80.51353,28.83128],[80.51694,28.83504],[80.52,28.83184],[80.51593,28.82333],[80.51965,28.8196],[80.51272,28.81506],[80.52783,28.80595],[80.53283,28.79656],[80.54041,28.79592],[80.5402,28.79022],[80.55174,28.77832],[80.55026,28.77204],[80.53784,28.77042],[80.54271,28.75625],[80.54989,28.75047],[80.55855,28.75376],[80.55172,28.74395],[80.53985,28.73864],[80.55242,28.73365],[80.56116,28.72281],[80.55209,28.71965],[80.55092,28.71185],[80.54194,28.7165],[80.53996,28.71463],[80.54384,28.7069],[80.54228,28.70294],[80.54584,28.70054],[80.54438,28.69635],[80.55589,28.69069],[80.54153,28.69059],[80.50783,28.67095],[80.50521,28.66517],[80.52329,28.57685],[80.5324,28.57221],[80.52446,28.55276],[80.51931,28.55176],[80.50812,28.56801],[80.50147,28.56965],[80.48279,28.58531],[80.47024,28.58297],[80.47334,28.59052],[80.46198,28.61374],[80.46601,28.61489],[80.4533,28.62858],[80.44428,28.62844],[80.43936,28.63528],[80.4201,28.63898],[80.37804,28.62828],[80.37299,28.62907],[80.36926,28.63519],[80.36242,28.63547],[80.35888,28.64063],[80.36206,28.64533],[80.32759,28.6663],[80.32293,28.68123],[80.3236,28.69138],[80.31897,28.69979],[80.3006,28.70638],[80.29534,28.71128],[80.27926,28.70993],[80.25789,28.72934],[80.26469,28.73425],[80.26676,28.74349],[80.25315,28.75734],[80.24315,28.75611],[80.23517,28.75925],[80.21774,28.75534],[80.17262,28.78232],[80.14014,28.81382],[80.11979,28.82876],[80.07665,28.82433],[80.06641,28.83732],[80.06015,28.91638],[80.09773,28.97526],[80.10192,28.98643],[80.11961,28.98165],[80.12848,29.006],[80.13727,29.00725],[80.13795,29.00956],[80.12625,29.01303],[80.13303,29.03037],[80.12812,29.03169],[80.13816,29.05886],[80.13017,29.06104],[80.14605,29.10298],[80.1656,29.11695],[80.16946,29.12573],[80.17978,29.12851],[80.18514,29.13707],[80.18844,29.12724]]]}}]}